{"loop": "S:t Ibb", "hole": 7, "slug": "stibb_7", "delta_h": 7.3, "length_m": 195, "line": [[0.0, 0.0, -0.0], [94.0, 7.3, 170.4]], "trees": [], "hulls": [], "glb": "stibb_7.glb", "v": 2, "ll2xz": [12.7042918, 55.9139435, 62487.69, 3694.11, 2074.65, -111262.53], "profile": [[0, 0.0], [10, 0.2], [20, 0.5], [30, 0.8], [40, 0.9], [50, 1.0], [60, 1.0], [70, 1.1], [80, 1.1], [90, 1.3], [100, 1.8], [110, 2.3], [120, 3.0], [130, 4.1], [140, 4.9], [150, 5.4], [160, 5.8], [170, 6.3], [180, 6.7], [190, 7.2], [195, 7.3]], "tees": {}, "pin": [94.0, 7.3, 170.4], "green_center": [94.0, 7.3, 170.4]}