{"loop": "S:t Ibb", "hole": 5, "slug": "stibb_5", "delta_h": 7.2, "length_m": 334, "line": [[0.0, 0.0, -0.0], [-19.3, 7.2, 333.4]], "trees": [], "hulls": [], "glb": "stibb_5.glb", "v": 2, "ll2xz": [12.703076, 55.914027, 62487.53, 3696.07, 2075.75, -111262.5], "profile": [[0, 0.0], [10, 0.4], [20, 0.8], [30, 1.1], [40, 1.4], [50, 1.7], [60, 2.0], [70, 2.2], [80, 2.4], [90, 2.6], [100, 2.7], [110, 2.9], [120, 3.2], [130, 3.4], [140, 3.7], [150, 3.9], [160, 4.1], [170, 4.3], [180, 4.6], [190, 4.8], [200, 5.0], [210, 5.1], [220, 5.2], [230, 5.1], [240, 5.2], [250, 5.3], [260, 5.4], [270, 5.6], [280, 5.7], [290, 5.8], [300, 6.1], [310, 6.4], [320, 6.9], [330, 7.1], [334, 7.2]], "tees": {}, "pin": [-19.3, 7.2, 333.4], "green_center": [-19.3, 7.3, 334.9]}