{"loop": "S:t Ibb", "hole": 3, "slug": "stibb_3", "delta_h": 5.0, "length_m": 303, "line": [[0.0, 0.0, -0.0], [-58.7, 2.3, 171.4], [-44.1, 5.0, 292.4]], "trees": [], "hulls": [], "glb": "stibb_3.glb", "v": 2, "ll2xz": [12.7026628, 55.9139255, 62487.69, 3696.73, 2076.13, -111262.49], "profile": [[0, 0.0], [10, 0.2], [20, 0.4], [30, 0.5], [40, 0.8], [50, 0.9], [60, 1.1], [70, 1.3], [80, 1.4], [90, 1.6], [100, 1.7], [110, 1.8], [120, 1.9], [130, 1.9], [140, 2.1], [150, 2.1], [160, 2.2], [170, 2.3], [180, 2.3], [190, 2.5], [200, 2.7], [210, 2.9], [220, 3.1], [230, 3.2], [240, 3.5], [250, 3.8], [260, 4.0], [270, 4.2], [280, 4.4], [290, 4.7], [300, 4.9], [303, 5.0]], "tees": {}, "pin": [-44.1, 5.0, 292.4], "green_center": [-44.1, 5.0, 292.4]}