{"loop": "S:t Ibb", "hole": 4, "slug": "stibb_4", "delta_h": -6.4, "length_m": 341, "line": [[0.0, 0.0, -0.0], [77.2, -6.4, -332.1]], "trees": [], "hulls": [], "glb": "stibb_4.glb", "v": 2, "ll2xz": [12.702024, 55.911173, 62492.11, 3697.64, 2076.78, -111262.43], "profile": [[0, 0.0], [10, -0.3], [20, -0.5], [30, -0.8], [40, -0.8], [50, -1.0], [60, -1.1], [70, -1.3], [80, -1.4], [90, -1.5], [100, -1.5], [110, -1.5], [120, -1.6], [130, -1.8], [140, -2.0], [150, -2.1], [160, -2.4], [170, -2.5], [180, -2.6], [190, -2.8], [200, -2.9], [210, -3.0], [220, -3.1], [230, -3.3], [240, -3.5], [250, -3.7], [260, -3.9], [270, -4.2], [280, -4.4], [290, -4.7], [300, -5.0], [310, -5.3], [320, -5.8], [330, -6.2], [340, -6.4], [341, -6.4]], "tees": {}, "pin": [77.2, -6.4, -332.1], "green_center": [76.6, -6.4, -333.4]}