{"loop": "S:t Ibb", "hole": 9, "slug": "stibb_9", "delta_h": -8.8, "length_m": 213, "line": [[0.0, 0.0, -0.0], [-122.7, -5.3, -49.1], [-203.9, -8.8, -49.0]], "trees": [], "hulls": [], "glb": "stibb_9.glb", "v": 2, "ll2xz": [12.707665, 55.9155575, 62485.14, 3688.75, 2071.56, -111262.66], "profile": [[0, 0.0], [10, -0.3], [20, -0.0], [30, -0.4], [40, -0.8], [50, -1.1], [60, -1.5], [70, -2.1], [80, -2.5], [90, -3.0], [100, -3.5], [110, -4.0], [120, -4.5], [130, -5.1], [140, -5.7], [150, -6.3], [160, -6.9], [170, -7.3], [180, -7.9], [190, -8.4], [200, -8.7], [210, -8.8], [213, -8.8]], "tees": {}, "pin": [-203.9, -8.8, -49.0], "green_center": [-203.9, -8.8, -49.0]}