{"loop": "S:t Ibb", "hole": 1, "slug": "stibb_1", "delta_h": 5.7, "length_m": 222, "line": [[0.0, 0.0, -0.0], [179.6, 5.7, -131.0]], "trees": [], "hulls": [], "glb": "stibb_1.glb", "v": 2, "ll2xz": [12.704197, 55.914357, 62487.02, 3694.28, 2074.73, -111262.54], "profile": [[0, 0.0], [10, 0.2], [20, 0.6], [30, 0.7], [40, 0.5], [50, 0.9], [60, 1.4], [70, 1.6], [80, 1.8], [90, 2.1], [100, 2.4], [110, 2.7], [120, 3.0], [130, 3.4], [140, 3.8], [150, 4.2], [160, 4.5], [170, 4.9], [180, 5.2], [190, 5.3], [200, 5.4], [210, 5.5], [220, 5.7], [222, 5.7]], "tees": {}, "pin": [179.6, 5.7, -131.0], "green_center": [180.4, 5.7, -130.2]}