{"loop": "S:t Ibb", "hole": 5, "slug": "stibb_5", "delta_h": 6.7, "length_m": 310, "line": [[0.0, 0.0, -0.0], [-4.0, 3.2, 195.8], [-54.4, 6.7, 298.3]], "trees": [], "hulls": [], "glb": "stibb_5.glb", "v": 2, "ll2xz": [12.7036843, 55.9137008, 62488.07, 3695.08, 2075.21, -111262.51], "profile": [[0, 0.0], [10, 0.2], [20, 0.4], [30, 0.4], [40, 0.3], [50, -0.9], [60, -1.0], [70, 0.6], [80, 1.1], [90, 1.5], [100, 2.0], [110, 2.4], [120, 2.4], [130, 2.5], [140, 2.9], [150, 3.3], [160, 3.3], [170, 3.3], [180, 3.2], [190, 3.2], [200, 3.3], [210, 3.6], [220, 3.9], [230, 4.2], [240, 4.4], [250, 4.6], [260, 4.9], [270, 5.2], [280, 5.6], [290, 6.0], [300, 6.5], [310, 6.7], [310, 6.7]], "tees": {}, "pin": [-54.4, 6.7, 298.3], "green_center": [-54.4, 6.7, 298.3]}