{"loop": "S:t Ibb", "hole": 8, "slug": "stibb_8", "delta_h": 2.0, "length_m": 424, "line": [[0.0, 0.0, -0.0], [-12.1, -2.2, -219.1], [105.0, 2.1, -286.8], [141.4, 2.0, -346.0]], "trees": [], "hulls": [], "glb": "stibb_8.glb", "v": 2, "ll2xz": [12.705643, 55.9120595, 62490.74, 3691.85, 2073.49, -111262.54], "profile": [[0, 0.0], [10, 0.0], [20, -0.1], [30, -0.0], [40, 0.1], [50, 0.2], [60, 0.1], [70, 0.0], [80, -0.1], [90, -0.3], [100, -0.6], [110, -1.2], [120, -1.7], [130, -1.9], [140, -2.2], [150, -2.2], [160, -2.1], [170, -2.1], [180, -2.0], [190, -1.9], [200, -2.0], [210, -2.0], [220, -2.2], [230, -1.6], [240, -1.1], [250, -0.8], [260, -0.5], [270, -0.0], [280, 0.4], [290, 0.7], [300, 1.0], [310, 1.4], [320, 1.7], [330, 1.9], [340, 2.0], [350, 2.1], [360, 2.1], [370, 2.0], [380, 2.0], [390, 1.9], [400, 1.9], [410, 1.9], [420, 2.0], [424, 2.0]], "tees": {}, "pin": [141.4, 2.0, -346.0], "green_center": [141.4, 2.0, -346.0]}