{"loop": "S:t Ibb", "hole": 8, "slug": "stibb_8", "delta_h": 2.1, "length_m": 405, "line": [[0.0, 0.0, -0.0], [128.7, 2.1, -383.7]], "trees": [], "hulls": [], "glb": "stibb_8.glb", "v": 2, "ll2xz": [12.705746, 55.911717, 62491.3, 3691.67, 2073.4, -111262.54], "profile": [[0, 0.0], [10, 0.1], [20, 0.3], [30, 0.5], [40, 1.0], [50, 1.2], [60, 1.6], [70, 2.3], [80, 2.6], [90, 1.6], [100, -0.8], [110, -3.0], [120, -4.6], [130, -6.2], [140, -8.1], [150, -8.6], [160, -8.8], [170, -8.9], [180, -9.1], [190, -9.7], [200, -10.3], [210, -10.7], [220, -11.1], [230, -11.4], [240, -11.1], [250, -11.9], [260, -11.3], [270, -11.9], [280, -6.0], [290, -4.5], [300, -3.4], [310, -0.5], [320, 2.8], [330, 2.6], [340, 2.5], [350, 2.4], [360, 2.3], [370, 2.2], [380, 2.1], [390, 2.0], [400, 2.1], [405, 2.1]], "tees": {}, "pin": [128.7, 2.1, -383.7], "green_center": [128.7, 2.1, -383.7]}