{"loop": "S:t Ibb", "hole": 6, "slug": "stibb_6", "delta_h": -4.0, "length_m": 132, "line": [[0.0, 0.0, -0.0], [44.2, -4.0, -124.5]], "trees": [], "hulls": [], "glb": "stibb_6.glb", "v": 2, "ll2xz": [12.703533, 55.912065, 62490.7, 3695.25, 2075.39, -111262.48], "profile": [[0, 0.0], [10, -0.1], [20, -0.1], [30, -0.3], [40, -0.7], [50, -1.3], [60, -1.5], [70, -1.8], [80, -2.1], [90, -2.5], [100, -2.9], [110, -3.8], [120, -5.3], [130, -4.0], [132, -4.0]], "tees": {}, "pin": [44.2, -4.0, -124.5], "green_center": [45.3, -4.0, -125.1]}