{"loop": "S:t Ibb", "hole": 3, "slug": "stibb_3", "delta_h": 4.3, "length_m": 344, "line": [[0.0, 0.0, -0.0], [-163.7, 4.3, 302.8]], "trees": [], "hulls": [], "glb": "stibb_3.glb", "v": 2, "ll2xz": [12.704523, 55.914062, 62487.5, 3693.74, 2074.44, -111262.54], "profile": [[0, 0.0], [10, -0.1], [20, -0.2], [30, -0.3], [40, -0.4], [50, -0.5], [60, -1.1], [70, -1.1], [80, -0.9], [90, -1.0], [100, -2.3], [110, -2.4], [120, -0.2], [130, 0.5], [140, 1.1], [150, 1.6], [160, 2.1], [170, 2.6], [180, 2.8], [190, 3.0], [200, 3.2], [210, 3.4], [220, 3.5], [230, 3.6], [240, 3.7], [250, 3.8], [260, 3.8], [270, 3.8], [280, 3.8], [290, 3.8], [300, 3.9], [310, 4.0], [320, 4.1], [330, 4.1], [340, 4.3], [344, 4.3]], "tees": {}, "pin": [-163.7, 4.3, 302.8], "green_center": [-162.0, 4.3, 303.4]}