{"loop": "S:t Ibb", "hole": 9, "slug": "stibb_9", "delta_h": -8.6, "length_m": 210, "line": [[0.0, 0.0, -0.0], [-203.7, -8.6, -49.9]], "trees": [], "hulls": [], "glb": "stibb_9.glb", "v": 2, "ll2xz": [12.70768, 55.91556, 62485.14, 3688.73, 2071.54, -111262.66], "profile": [[0, 0.0], [10, -0.1], [20, 0.1], [30, -0.2], [40, -0.7], [50, -0.9], [60, -1.3], [70, -1.8], [80, -2.2], [90, -2.7], [100, -3.2], [110, -3.8], [120, -4.4], [130, -4.9], [140, -5.5], [150, -6.2], [160, -6.7], [170, -7.3], [180, -7.8], [190, -8.3], [200, -8.5], [210, -8.6]], "tees": {}, "pin": [-203.7, -8.6, -49.9], "green_center": [-204.8, -8.6, -48.8]}