{"loop": "S:t Ibb", "hole": 4, "slug": "stibb_4", "delta_h": -6.7, "length_m": 339, "line": [[0.0, 0.0, -0.0], [40.8, -3.2, -199.0], [48.0, -6.7, -335.0]], "trees": [], "hulls": [], "glb": "stibb_4.glb", "v": 2, "ll2xz": [12.7025023, 55.911159, 62492.14, 3696.87, 2076.35, -111262.44], "profile": [[0, 0.0], [10, -0.1], [20, -0.4], [30, -0.5], [40, -0.6], [50, -0.8], [60, -1.0], [70, -1.1], [80, -1.1], [90, -1.2], [100, -1.2], [110, -1.2], [120, -1.3], [130, -1.6], [140, -1.8], [150, -2.0], [160, -2.2], [170, -2.4], [180, -2.6], [190, -2.9], [200, -3.1], [210, -3.3], [220, -3.5], [230, -3.7], [240, -3.9], [250, -4.1], [260, -4.3], [270, -4.5], [280, -4.8], [290, -5.1], [300, -5.5], [310, -5.8], [320, -6.2], [330, -6.6], [339, -6.7]], "tees": {}, "pin": [48.0, -6.7, -335.0], "green_center": [48.0, -6.7, -335.0]}