{"loop": "S:t Ibb", "hole": 2, "slug": "stibb_2", "delta_h": -4.3, "length_m": 178, "line": [[0.0, 0.0, -0.0], [-132.1, -4.3, 119.6]], "trees": [], "hulls": [], "glb": "stibb_2.glb", "v": 2, "ll2xz": [12.706876, 55.915519, 62485.19, 3690.02, 2072.27, -111262.63], "profile": [[0, 0.0], [10, -0.0], [20, -0.1], [30, -0.2], [40, -0.3], [50, -0.6], [60, -0.9], [70, -1.3], [80, -1.6], [90, -1.9], [100, -2.2], [110, -2.6], [120, -2.8], [130, -3.1], [140, -3.3], [150, -3.6], [160, -3.8], [170, -4.1], [178, -4.3]], "tees": {}, "pin": [-132.1, -4.3, 119.6], "green_center": [-130.5, -4.3, 118.3]}