{"loop": "S:t Ibb", "hole": 7, "slug": "stibb_7", "delta_h": 6.7, "length_m": 190, "line": [[0.0, 0.0, -0.0], [145.6, 6.7, 122.5]], "trees": [], "hulls": [], "glb": "stibb_7.glb", "v": 2, "ll2xz": [12.703489, 55.913498, 62488.39, 3695.38, 2075.39, -111262.5], "profile": [[0, 0.0], [10, -0.2], [20, -0.5], [30, -1.0], [40, -1.4], [50, -1.1], [60, -1.0], [70, -0.9], [80, -0.9], [90, -0.2], [100, 0.6], [110, 1.1], [120, 1.8], [130, 2.7], [140, 3.7], [150, 4.3], [160, 4.9], [170, 5.6], [180, 6.3], [190, 6.7], [190, 6.7]], "tees": {}, "pin": [145.6, 6.7, 122.5], "green_center": [145.8, 6.7, 122.5]}