{"loop": "S:t Ibb", "hole": 6, "slug": "stibb_6", "delta_h": -2.1, "length_m": 120, "line": [[0.0, 0.0, -0.0], [3.7, -1.8, -88.2], [-1.4, -2.1, -119.4]], "trees": [], "hulls": [], "glb": "stibb_6.glb", "v": 2, "ll2xz": [12.7043144, 55.9121294, 62490.61, 3693.99, 2074.69, -111262.51], "profile": [[0, 0.0], [10, 0.0], [20, -0.4], [30, -0.7], [40, -0.9], [50, -0.9], [60, -1.0], [70, -1.3], [80, -1.6], [90, -1.8], [100, -2.2], [110, -2.1], [120, -2.1]], "tees": {}, "pin": [-1.4, -2.1, -119.4], "green_center": [-1.4, -2.1, -119.4]}