{"loop": "S:t Ibb", "hole": 2, "slug": "stibb_2", "delta_h": -5.9, "length_m": 164, "line": [[0.0, 0.0, -0.0], [-140.4, -5.9, 84.3]], "trees": [], "hulls": [], "glb": "stibb_2.glb", "v": 2, "ll2xz": [12.7070518, 55.9152161, 62485.68, 3689.72, 2072.12, -111262.63], "profile": [[0, 0.0], [10, -0.3], [20, -0.8], [30, -1.1], [40, -1.2], [50, -1.5], [60, -1.8], [70, -2.1], [80, -2.6], [90, -3.1], [100, -3.6], [110, -4.0], [120, -4.4], [130, -4.7], [140, -5.1], [150, -5.5], [160, -5.8], [164, -5.9]], "tees": {}, "pin": [-140.4, -5.9, 84.3], "green_center": [-140.4, -5.9, 84.3]}