{"loop": "S:t Ibb", "hole": 1, "slug": "stibb_1", "delta_h": 7.3, "length_m": 214, "line": [[0.0, 0.0, -0.0], [79.5, 1.5, -19.1], [209.1, 7.3, -45.3]], "trees": [], "hulls": [], "glb": "stibb_1.glb", "v": 2, "ll2xz": [12.7036934, 55.915111, 62485.8, 3695.12, 2075.16, -111262.54], "profile": [[0, 0.0], [10, -0.1], [20, -0.1], [30, 0.0], [40, 0.3], [50, 0.5], [60, 0.7], [70, 1.1], [80, 1.4], [90, 1.8], [100, 2.2], [110, 2.6], [120, 3.1], [130, 3.7], [140, 4.4], [150, 5.0], [160, 5.6], [170, 6.0], [180, 6.4], [190, 6.7], [200, 6.9], [210, 7.2], [214, 7.3]], "tees": {}, "pin": [209.1, 7.3, -45.3], "green_center": [209.1, 7.3, -45.3]}