{"type": "FeatureCollection", "attribution": "© Lantmäteriet, Markhöjdmodell Grid 1m (CC BY 4.0)", "features": [{"type": "Feature", "geometry": {"type": "LineString", "coordinates": [[12.6519047, 56.4371505], [12.651898, 56.4371564]]}, "properties": {"t": "fall", "g": 1, "loop": null, "hole": 1, "slope_pct": 1.29, "bearing": 328.2}}, {"type": "Feature", "geometry": {"type": "LineString", "coordinates": [[12.6518091, 56.4371218], [12.6517874, 56.4371307]]}, "properties": {"t": "fall", "g": 1, "loop": null, "hole": 1, "slope_pct": 2.77, "bearing": 306.7}}, {"type": "Feature", "geometry": {"type": "LineString", "coordinates": [[12.6518577, 56.4371227], [12.6518359, 56.4371371]]}, "properties": {"t": "fall", "g": 1, "loop": null, "hole": 1, "slope_pct": 3.49, "bearing": 320.2}}, {"type": "Feature", "geometry": {"type": "LineString", "coordinates": [[12.6519063, 56.4371236], [12.6519021, 56.4371428]]}, "properties": {"t": "fall", "g": 1, "loop": null, "hole": 1, "slope_pct": 3.58, "bearing": 353.0}}, {"type": "Feature", "geometry": {"type": "LineString", "coordinates": [[12.6519549, 56.4371245], [12.6519984, 56.4371367]]}, "properties": {"t": "fall", "g": 1, "loop": null, "hole": 1, "slope_pct": 6.71, "bearing": 63.0}}, {"type": "Feature", "geometry": {"type": "LineString", "coordinates": [[12.6518108, 56.4370948], [12.6517756, 56.4371066]]}, "properties": {"t": "fall", "g": 1, "loop": null, "hole": 1, "slope_pct": 4.22, "bearing": 301.2}}, {"type": "Feature", "geometry": {"type": "LineString", "coordinates": [[12.6518594, 56.4370957], [12.6518361, 56.4371071]]}, "properties": {"t": "fall", "g": 1, "loop": null, "hole": 1, "slope_pct": 3.19, "bearing": 311.4}}, {"type": "Feature", "geometry": {"type": "LineString", "coordinates": [[12.651908, 56.4370967], [12.6518943, 56.4371084]]}, "properties": {"t": "fall", "g": 1, "loop": null, "hole": 1, "slope_pct": 2.6, "bearing": 327.1}}, {"type": "Feature", "geometry": {"type": "LineString", "coordinates": [[12.6519566, 56.4370976], [12.6519728, 56.437123]]}, "properties": {"t": "fall", "g": 1, "loop": null, "hole": 1, "slope_pct": 5.97, "bearing": 19.4}}, {"type": "Feature", "geometry": {"type": "LineString", "coordinates": [[12.6520052, 56.4370985], [12.6520041, 56.4371254]]}, "properties": {"t": "fall", "g": 1, "loop": null, "hole": 1, "slope_pct": 15.31, "bearing": 358.7}}, {"type": "Feature", "geometry": {"type": "LineString", "coordinates": [[12.6518124, 56.4370679], [12.6517688, 56.4370799]]}, "properties": {"t": "fall", "g": 1, "loop": null, "hole": 1, "slope_pct": 5.43, "bearing": 296.5}}, {"type": "Feature", "geometry": {"type": "LineString", "coordinates": [[12.651861, 56.4370688], [12.6518388, 56.4370808]]}, "properties": {"t": "fall", "g": 1, "loop": null, "hole": 1, "slope_pct": 3.19, "bearing": 314.3}}, {"type": "Feature", "geometry": {"type": "LineString", "coordinates": [[12.6519097, 56.4370697], [12.6518927, 56.4370832]]}, "properties": {"t": "fall", "g": 1, "loop": null, "hole": 1, "slope_pct": 3.05, "bearing": 325.2}}, {"type": "Feature", "geometry": {"type": "LineString", "coordinates": [[12.6519583, 56.4370707], [12.6519383, 56.4370861]]}, "properties": {"t": "fall", "g": 1, "loop": null, "hole": 1, "slope_pct": 3.52, "bearing": 324.4}}, {"type": "Feature", "geometry": {"type": "LineString", "coordinates": [[12.6520069, 56.4370716], [12.6519655, 56.4370858]]}, "properties": {"t": "fall", "g": 1, "loop": null, "hole": 1, "slope_pct": 5.59, "bearing": 301.8}}, {"type": "Feature", "geometry": {"type": "LineString", "coordinates": [[12.6518141, 56.437041], [12.6518018, 56.437067]]}, "properties": {"t": "fall", "g": 1, "loop": null, "hole": 1, "slope_pct": 5.28, "bearing": 345.4}}, {"type": "Feature", "geometry": {"type": "LineString", "coordinates": [[12.6518627, 56.4370419], [12.6518422, 56.4370539]]}, "properties": {"t": "fall", "g": 1, "loop": null, "hole": 1, "slope_pct": 3.07, "bearing": 316.8}}, {"type": "Feature", "geometry": {"type": "LineString", "coordinates": [[12.6519113, 56.4370428], [12.6518896, 56.4370532]]}, "properties": {"t": "fall", "g": 1, "loop": null, "hole": 1, "slope_pct": 2.95, "bearing": 311.0}}, {"type": "Feature", "geometry": {"type": "LineString", "coordinates": [[12.6519599, 56.4370437], [12.6519423, 56.4370549]]}, "properties": {"t": "fall", "g": 1, "loop": null, "hole": 1, "slope_pct": 2.75, "bearing": 319.0}}, {"type": "Feature", "geometry": {"type": "LineString", "coordinates": [[12.6520085, 56.4370446], [12.6519878, 56.4370495]]}, "properties": {"t": "fall", "g": 1, "loop": null, "hole": 1, "slope_pct": 2.3, "bearing": 292.8}}, {"type": "Feature", "geometry": {"type": "LineString", "coordinates": [[12.6520572, 56.4370456], [12.6521043, 56.4370524]]}, "properties": {"t": "fall", "g": 1, "loop": null, "hole": 1, "slope_pct": 10.52, "bearing": 75.3}}, {"type": "Feature", "geometry": {"type": "LineString", "coordinates": [[12.6518158, 56.437014], [12.6518343, 56.4370263]]}, "properties": {"t": "fall", "g": 1, "loop": null, "hole": 1, "slope_pct": 2.96, "bearing": 40.0}}, {"type": "Feature", "geometry": {"type": "LineString", "coordinates": [[12.6518644, 56.4370149], [12.6518552, 56.4370268]]}, "properties": {"t": "fall", "g": 1, "loop": null, "hole": 1, "slope_pct": 2.39, "bearing": 336.8}}, {"type": "Feature", "geometry": {"type": "LineString", "coordinates": [[12.651913, 56.4370159], [12.6518958, 56.4370229]]}, "properties": {"t": "fall", "g": 1, "loop": null, "hole": 1, "slope_pct": 2.19, "bearing": 306.6}}, {"type": "Feature", "geometry": {"type": "LineString", "coordinates": [[12.6519616, 56.4370168], [12.6519447, 56.437021]]}, "properties": {"t": "fall", "g": 1, "loop": null, "hole": 1, "slope_pct": 1.89, "bearing": 294.1}}, {"type": "Feature", "geometry": {"type": "LineString", "coordinates": [[12.6520102, 56.4370177], [12.6519934, 56.4370247]]}, "properties": {"t": "fall", "g": 1, "loop": null, "hole": 1, "slope_pct": 2.16, "bearing": 306.9}}, {"type": "Feature", "geometry": {"type": "LineString", "coordinates": [[12.6520588, 56.4370186], [12.6520592, 56.437045]]}, "properties": {"t": "fall", "g": 1, "loop": null, "hole": 1, "slope_pct": 4.89, "bearing": 0.4}}, {"type": "Feature", "geometry": {"type": "LineString", "coordinates": [[12.6521074, 56.4370196], [12.6520834, 56.437043]]}, "properties": {"t": "fall", "g": 1, "loop": null, "hole": 1, "slope_pct": 14.04, "bearing": 330.4}}, {"type": "Feature", "geometry": {"type": "LineString", "coordinates": [[12.6518174, 56.4369871], [12.6517847, 56.4369756]]}, "properties": {"t": "fall", "g": 1, "loop": null, "hole": 1, "slope_pct": 3.98, "bearing": 237.5}}, {"type": "Feature", "geometry": {"type": "LineString", "coordinates": [[12.651866, 56.436988], [12.651856, 56.4369994]]}, "properties": {"t": "fall", "g": 1, "loop": null, "hole": 1, "slope_pct": 2.34, "bearing": 333.9}}, {"type": "Feature", "geometry": {"type": "LineString", "coordinates": [[12.6519146, 56.4369889], [12.6519016, 56.4370014]]}, "properties": {"t": "fall", "g": 1, "loop": null, "hole": 1, "slope_pct": 2.67, "bearing": 330.0}}, {"type": "Feature", "geometry": {"type": "LineString", "coordinates": [[12.6519633, 56.4369899], [12.6519485, 56.4370006]]}, "properties": {"t": "fall", "g": 1, "loop": null, "hole": 1, "slope_pct": 2.5, "bearing": 322.7}}, {"type": "Feature", "geometry": {"type": "LineString", "coordinates": [[12.6520119, 56.4369908], [12.6519891, 56.4370001]]}, "properties": {"t": "fall", "g": 1, "loop": null, "hole": 1, "slope_pct": 2.9, "bearing": 306.4}}, {"type": "Feature", "geometry": {"type": "LineString", "coordinates": [[12.6520605, 56.4369917], [12.6520236, 56.437003]]}, "properties": {"t": "fall", "g": 1, "loop": null, "hole": 1, "slope_pct": 4.32, "bearing": 298.9}}, {"type": "Feature", "geometry": {"type": "LineString", "coordinates": [[12.6521091, 56.4369926], [12.6520753, 56.4369924]]}, "properties": {"t": "fall", "g": 1, "loop": null, "hole": 1, "slope_pct": 3.46, "bearing": 269.3}}, {"type": "Feature", "geometry": {"type": "LineString", "coordinates": [[12.6521577, 56.4369935], [12.652171, 56.4369676]]}, "properties": {"t": "fall", "g": 1, "loop": null, "hole": 1, "slope_pct": 6.03, "bearing": 164.2}}, {"type": "Feature", "geometry": {"type": "LineString", "coordinates": [[12.6522063, 56.4369945], [12.652245, 56.4369781]]}, "properties": {"t": "fall", "g": 1, "loop": null, "hole": 1, "slope_pct": 8.57, "bearing": 127.4}}, {"type": "Feature", "geometry": {"type": "LineString", "coordinates": [[12.6518677, 56.4369611], [12.6518547, 56.4369713]]}, "properties": {"t": "fall", "g": 1, "loop": null, "hole": 1, "slope_pct": 2.32, "bearing": 324.7}}, {"type": "Feature", "geometry": {"type": "LineString", "coordinates": [[12.6519163, 56.436962], [12.651903, 56.4369694]]}, "properties": {"t": "fall", "g": 1, "loop": null, "hole": 1, "slope_pct": 1.93, "bearing": 315.3}}, {"type": "Feature", "geometry": {"type": "LineString", "coordinates": [[12.6519649, 56.4369629], [12.6519527, 56.4369722]]}, "properties": {"t": "fall", "g": 1, "loop": null, "hole": 1, "slope_pct": 2.13, "bearing": 324.0}}, {"type": "Feature", "geometry": {"type": "LineString", "coordinates": [[12.6520135, 56.4369638], [12.6519967, 56.4369714]]}, "properties": {"t": "fall", "g": 1, "loop": null, "hole": 1, "slope_pct": 2.22, "bearing": 309.0}}, {"type": "Feature", "geometry": {"type": "LineString", "coordinates": [[12.6520621, 56.4369648], [12.6520372, 56.4369648]]}, "properties": {"t": "fall", "g": 1, "loop": null, "hole": 1, "slope_pct": 2.55, "bearing": 269.9}}, {"type": "Feature", "geometry": {"type": "LineString", "coordinates": [[12.6521107, 56.4369657], [12.6520975, 56.4369624]]}, "properties": {"t": "fall", "g": 1, "loop": null, "hole": 1, "slope_pct": 1.49, "bearing": 245.6}}, {"type": "Feature", "geometry": {"type": "LineString", "coordinates": [[12.6521594, 56.4369666], [12.6521723, 56.4369707]]}, "properties": {"t": "fall", "g": 1, "loop": null, "hole": 1, "slope_pct": 1.52, "bearing": 60.2}}, {"type": "Feature", "geometry": {"type": "LineString", "coordinates": [[12.652208, 56.4369675], [12.6522269, 56.4369866]]}, "properties": {"t": "fall", "g": 1, "loop": null, "hole": 1, "slope_pct": 4.03, "bearing": 28.8}}, {"type": "Feature", "geometry": {"type": "LineString", "coordinates": [[12.6518694, 56.4369342], [12.6518729, 56.4369486]]}, "properties": {"t": "fall", "g": 1, "loop": null, "hole": 1, "slope_pct": 2.71, "bearing": 7.6}}, {"type": "Feature", "geometry": {"type": "LineString", "coordinates": [[12.651918, 56.4369351], [12.6519073, 56.4369437]]}, "properties": {"t": "fall", "g": 1, "loop": null, "hole": 1, "slope_pct": 1.94, "bearing": 325.7}}, {"type": "Feature", "geometry": {"type": "LineString", "coordinates": [[12.6519666, 56.436936], [12.6519491, 56.4369457]]}, "properties": {"t": "fall", "g": 1, "loop": null, "hole": 1, "slope_pct": 2.54, "bearing": 315.1}}, {"type": "Feature", "geometry": {"type": "LineString", "coordinates": [[12.6520152, 56.4369369], [12.652002, 56.4369485]]}, "properties": {"t": "fall", "g": 1, "loop": null, "hole": 1, "slope_pct": 2.54, "bearing": 327.8}}, {"type": "Feature", "geometry": {"type": "LineString", "coordinates": [[12.6520638, 56.4369378], [12.6520478, 56.4369493]]}, "properties": {"t": "fall", "g": 1, "loop": null, "hole": 1, "slope_pct": 2.69, "bearing": 322.5}}, {"type": "Feature", "geometry": {"type": "LineString", "coordinates": [[12.6521124, 56.4369388], [12.6520962, 56.4369492]]}, "properties": {"t": "fall", "g": 1, "loop": null, "hole": 1, "slope_pct": 2.56, "bearing": 319.4}}, {"type": "Feature", "geometry": {"type": "LineString", "coordinates": [[12.652161, 56.4369397], [12.6521601, 56.4369499]]}, "properties": {"t": "fall", "g": 1, "loop": null, "hole": 1, "slope_pct": 1.89, "bearing": 357.0}}, {"type": "Feature", "geometry": {"type": "LineString", "coordinates": [[12.6522096, 56.4369406], [12.6522142, 56.4369545]]}, "properties": {"t": "fall", "g": 1, "loop": null, "hole": 1, "slope_pct": 2.62, "bearing": 10.3}}, {"type": "Feature", "geometry": {"type": "LineString", "coordinates": [[12.6519682, 56.4369091], [12.6519539, 56.436921]]}, "properties": {"t": "fall", "g": 1, "loop": null, "hole": 1, "slope_pct": 2.65, "bearing": 326.5}}, {"type": "Feature", "geometry": {"type": "LineString", "coordinates": [[12.6520168, 56.43691], [12.6519964, 56.4369228]]}, "properties": {"t": "fall", "g": 1, "loop": null, "hole": 1, "slope_pct": 3.17, "bearing": 318.4}}, {"type": "Feature", "geometry": {"type": "LineString", "coordinates": [[12.6520655, 56.4369109], [12.6520458, 56.4369271]]}, "properties": {"t": "fall", "g": 1, "loop": null, "hole": 1, "slope_pct": 3.62, "bearing": 326.1}}, {"type": "Feature", "geometry": {"type": "LineString", "coordinates": [[12.6521141, 56.4369118], [12.6521046, 56.4369255]]}, "properties": {"t": "fall", "g": 1, "loop": null, "hole": 1, "slope_pct": 2.71, "bearing": 339.1}}, {"type": "Feature", "geometry": {"type": "LineString", "coordinates": [[12.6521627, 56.4369127], [12.6521601, 56.436925]]}, "properties": {"t": "fall", "g": 1, "loop": null, "hole": 1, "slope_pct": 2.29, "bearing": 353.3}}, {"type": "Feature", "geometry": {"type": "LineString", "coordinates": [[12.6520671, 56.436884], [12.6520552, 56.4368939]]}, "properties": {"t": "fall", "g": 1, "loop": null, "hole": 1, "slope_pct": 2.2, "bearing": 326.4}}, {"type": "Feature", "geometry": {"type": "Point", "coordinates": [12.6519826, 56.4370062]}, "properties": {"t": "aim", "g": 1, "loop": null, "hole": 1, "aim_bearing": 334.9, "slope_median": 2.75, "slope_max": 15.31, "n_cells": 59}}, {"type": "Feature", "geometry": {"type": "LineString", "coordinates": [[12.6465409, 56.4388913], [12.6465514, 56.4388649]]}, "properties": {"t": "fall", "g": 2, "loop": null, "hole": 2, "slope_pct": 9.2, "bearing": 167.6}}, {"type": "Feature", "geometry": {"type": "LineString", "coordinates": [[12.6465895, 56.4388922], [12.6465838, 56.4388654]]}, "properties": {"t": "fall", "g": 2, "loop": null, "hole": 2, "slope_pct": 8.73, "bearing": 186.7}}, {"type": "Feature", "geometry": {"type": "LineString", "coordinates": [[12.6466381, 56.4388931], [12.6466781, 56.4388777]]}, "properties": {"t": "fall", "g": 2, "loop": null, "hole": 2, "slope_pct": 11.43, "bearing": 124.9}}, {"type": "Feature", "geometry": {"type": "LineString", "coordinates": [[12.6466867, 56.438894], [12.6467336, 56.4389015]]}, "properties": {"t": "fall", "g": 2, "loop": null, "hole": 2, "slope_pct": 19.1, "bearing": 73.9}}, {"type": "Feature", "geometry": {"type": "LineString", "coordinates": [[12.6464939, 56.4388634], [12.6465423, 56.4388601]]}, "properties": {"t": "fall", "g": 2, "loop": null, "hole": 2, "slope_pct": 8.42, "bearing": 97.1}}, {"type": "Feature", "geometry": {"type": "LineString", "coordinates": [[12.6465426, 56.4388643], [12.6465615, 56.4388664]]}, "properties": {"t": "fall", "g": 2, "loop": null, "hole": 2, "slope_pct": 1.98, "bearing": 78.9}}, {"type": "Feature", "geometry": {"type": "LineString", "coordinates": [[12.6465912, 56.4388653], [12.646597, 56.4388589]]}, "properties": {"t": "fall", "g": 2, "loop": null, "hole": 2, "slope_pct": 1.32, "bearing": 152.9}}, {"type": "Feature", "geometry": {"type": "LineString", "coordinates": [[12.6466398, 56.4388662], [12.6466848, 56.4388558]]}, "properties": {"t": "fall", "g": 2, "loop": null, "hole": 2, "slope_pct": 5.51, "bearing": 112.6}}, {"type": "Feature", "geometry": {"type": "LineString", "coordinates": [[12.6466884, 56.4388671], [12.6467156, 56.4388895]]}, "properties": {"t": "fall", "g": 2, "loop": null, "hole": 2, "slope_pct": 6.6, "bearing": 33.9}}, {"type": "Feature", "geometry": {"type": "LineString", "coordinates": [[12.646737, 56.438868], [12.6467435, 56.4388947]]}, "properties": {"t": "fall", "g": 2, "loop": null, "hole": 2, "slope_pct": 13.81, "bearing": 7.6}}, {"type": "Feature", "geometry": {"type": "LineString", "coordinates": [[12.646447, 56.4388356], [12.6464864, 56.4388197]]}, "properties": {"t": "fall", "g": 2, "loop": null, "hole": 2, "slope_pct": 13.77, "bearing": 126.1}}, {"type": "Feature", "geometry": {"type": "LineString", "coordinates": [[12.6464956, 56.4388365], [12.6465399, 56.4388388]]}, "properties": {"t": "fall", "g": 2, "loop": null, "hole": 2, "slope_pct": 4.56, "bearing": 84.7}}, {"type": "Feature", "geometry": {"type": "LineString", "coordinates": [[12.6465442, 56.4388374], [12.6465658, 56.4388544]]}, "properties": {"t": "fall", "g": 2, "loop": null, "hole": 2, "slope_pct": 3.86, "bearing": 35.0}}, {"type": "Feature", "geometry": {"type": "LineString", "coordinates": [[12.6465928, 56.4388383], [12.6466184, 56.4388512]]}, "properties": {"t": "fall", "g": 2, "loop": null, "hole": 2, "slope_pct": 3.55, "bearing": 47.7}}, {"type": "Feature", "geometry": {"type": "LineString", "coordinates": [[12.6466415, 56.4388392], [12.6466611, 56.4388529]]}, "properties": {"t": "fall", "g": 2, "loop": null, "hole": 2, "slope_pct": 3.24, "bearing": 38.4}}, {"type": "Feature", "geometry": {"type": "LineString", "coordinates": [[12.6466901, 56.4388402], [12.6466884, 56.4388608]]}, "properties": {"t": "fall", "g": 2, "loop": null, "hole": 2, "slope_pct": 3.84, "bearing": 357.4}}, {"type": "Feature", "geometry": {"type": "LineString", "coordinates": [[12.6467387, 56.4388411], [12.6467283, 56.4388635]]}, "properties": {"t": "fall", "g": 2, "loop": null, "hole": 2, "slope_pct": 4.29, "bearing": 345.7}}, {"type": "Feature", "geometry": {"type": "LineString", "coordinates": [[12.6467873, 56.438842], [12.6467848, 56.4388689]]}, "properties": {"t": "fall", "g": 2, "loop": null, "hole": 2, "slope_pct": 5.7, "bearing": 357.0}}, {"type": "Feature", "geometry": {"type": "LineString", "coordinates": [[12.6464487, 56.4388086], [12.6464627, 56.4387828]]}, "properties": {"t": "fall", "g": 2, "loop": null, "hole": 2, "slope_pct": 5.9, "bearing": 163.3}}, {"type": "Feature", "geometry": {"type": "LineString", "coordinates": [[12.6464973, 56.4388095], [12.6464972, 56.4388025]]}, "properties": {"t": "fall", "g": 2, "loop": null, "hole": 2, "slope_pct": 1.3, "bearing": 180.3}}, {"type": "Feature", "geometry": {"type": "LineString", "coordinates": [[12.6465945, 56.4388114], [12.6466265, 56.4388255]]}, "properties": {"t": "fall", "g": 2, "loop": null, "hole": 2, "slope_pct": 4.2, "bearing": 51.5}}, {"type": "Feature", "geometry": {"type": "LineString", "coordinates": [[12.6466431, 56.4388123], [12.6466586, 56.4388244]]}, "properties": {"t": "fall", "g": 2, "loop": null, "hole": 2, "slope_pct": 2.75, "bearing": 35.3}}, {"type": "Feature", "geometry": {"type": "LineString", "coordinates": [[12.6466917, 56.4388132], [12.6466927, 56.4388259]]}, "properties": {"t": "fall", "g": 2, "loop": null, "hole": 2, "slope_pct": 2.34, "bearing": 2.4}}, {"type": "Feature", "geometry": {"type": "LineString", "coordinates": [[12.6467403, 56.4388142], [12.646726, 56.4388267]]}, "properties": {"t": "fall", "g": 2, "loop": null, "hole": 2, "slope_pct": 2.75, "bearing": 327.8}}, {"type": "Feature", "geometry": {"type": "LineString", "coordinates": [[12.646789, 56.4388151], [12.6467705, 56.4388254]]}, "properties": {"t": "fall", "g": 2, "loop": null, "hole": 2, "slope_pct": 2.7, "bearing": 315.4}}, {"type": "Feature", "geometry": {"type": "LineString", "coordinates": [[12.6464503, 56.4387817], [12.6464451, 56.4387812]]}, "properties": {"t": "fall", "g": 2, "loop": null, "hole": 2, "slope_pct": 0.54, "bearing": 260.4}}, {"type": "Feature", "geometry": {"type": "LineString", "coordinates": [[12.6465476, 56.4387835], [12.646544, 56.4387816]]}, "properties": {"t": "fall", "g": 2, "loop": null, "hole": 2, "slope_pct": 0.51, "bearing": 225.7}}, {"type": "Feature", "geometry": {"type": "LineString", "coordinates": [[12.6465962, 56.4387845], [12.6466136, 56.4387791]]}, "properties": {"t": "fall", "g": 2, "loop": null, "hole": 2, "slope_pct": 2.05, "bearing": 119.1}}, {"type": "Feature", "geometry": {"type": "LineString", "coordinates": [[12.6466448, 56.4387854], [12.6466511, 56.4387945]]}, "properties": {"t": "fall", "g": 2, "loop": null, "hole": 2, "slope_pct": 1.82, "bearing": 20.9}}, {"type": "Feature", "geometry": {"type": "LineString", "coordinates": [[12.6466934, 56.4387863], [12.6466887, 56.4387999]]}, "properties": {"t": "fall", "g": 2, "loop": null, "hole": 2, "slope_pct": 2.57, "bearing": 349.3}}, {"type": "Feature", "geometry": {"type": "LineString", "coordinates": [[12.646742, 56.4387872], [12.6467304, 56.4388026]]}, "properties": {"t": "fall", "g": 2, "loop": null, "hole": 2, "slope_pct": 3.1, "bearing": 337.4}}, {"type": "Feature", "geometry": {"type": "LineString", "coordinates": [[12.6467906, 56.4387881], [12.6467781, 56.4388007]]}, "properties": {"t": "fall", "g": 2, "loop": null, "hole": 2, "slope_pct": 2.66, "bearing": 331.1}}, {"type": "Feature", "geometry": {"type": "LineString", "coordinates": [[12.646452, 56.4387548], [12.646445, 56.4387524]]}, "properties": {"t": "fall", "g": 2, "loop": null, "hole": 2, "slope_pct": 0.85, "bearing": 238.1}}, {"type": "Feature", "geometry": {"type": "LineString", "coordinates": [[12.6465978, 56.4387575], [12.646599, 56.4387634]]}, "properties": {"t": "fall", "g": 2, "loop": null, "hole": 2, "slope_pct": 1.1, "bearing": 6.4}}, {"type": "Feature", "geometry": {"type": "LineString", "coordinates": [[12.6466464, 56.4387585], [12.6466398, 56.438772]]}, "properties": {"t": "fall", "g": 2, "loop": null, "hole": 2, "slope_pct": 2.61, "bearing": 344.8}}, {"type": "Feature", "geometry": {"type": "LineString", "coordinates": [[12.6466951, 56.4387594], [12.6466865, 56.4387752]]}, "properties": {"t": "fall", "g": 2, "loop": null, "hole": 2, "slope_pct": 3.06, "bearing": 343.4}}, {"type": "Feature", "geometry": {"type": "LineString", "coordinates": [[12.6467437, 56.4387603], [12.6467329, 56.438776]]}, "properties": {"t": "fall", "g": 2, "loop": null, "hole": 2, "slope_pct": 3.12, "bearing": 339.3}}, {"type": "Feature", "geometry": {"type": "LineString", "coordinates": [[12.6467923, 56.4387612], [12.6467874, 56.4387755]]}, "properties": {"t": "fall", "g": 2, "loop": null, "hole": 2, "slope_pct": 2.69, "bearing": 349.2}}, {"type": "Feature", "geometry": {"type": "LineString", "coordinates": [[12.6465509, 56.4387297], [12.6465454, 56.4387353]]}, "properties": {"t": "fall", "g": 2, "loop": null, "hole": 2, "slope_pct": 1.19, "bearing": 331.6}}, {"type": "Feature", "geometry": {"type": "LineString", "coordinates": [[12.6465995, 56.4387306], [12.646589, 56.4387436]]}, "properties": {"t": "fall", "g": 2, "loop": null, "hole": 2, "slope_pct": 2.64, "bearing": 335.8}}, {"type": "Feature", "geometry": {"type": "LineString", "coordinates": [[12.6466481, 56.4387315], [12.6466349, 56.438747]]}, "properties": {"t": "fall", "g": 2, "loop": null, "hole": 2, "slope_pct": 3.17, "bearing": 334.6}}, {"type": "Feature", "geometry": {"type": "LineString", "coordinates": [[12.6466967, 56.4387324], [12.6466872, 56.4387515]]}, "properties": {"t": "fall", "g": 2, "loop": null, "hole": 2, "slope_pct": 3.67, "bearing": 344.6}}, {"type": "Feature", "geometry": {"type": "LineString", "coordinates": [[12.6467453, 56.4387334], [12.6467406, 56.438749]]}, "properties": {"t": "fall", "g": 2, "loop": null, "hole": 2, "slope_pct": 2.94, "bearing": 350.5}}, {"type": "Feature", "geometry": {"type": "LineString", "coordinates": [[12.646794, 56.4387343], [12.6467934, 56.4387448]]}, "properties": {"t": "fall", "g": 2, "loop": null, "hole": 2, "slope_pct": 1.96, "bearing": 358.3}}, {"type": "Feature", "geometry": {"type": "Point", "coordinates": [12.6466296, 56.4388092]}, "properties": {"t": "aim", "g": 2, "loop": null, "hole": 2, "aim_bearing": 52.3, "slope_median": 2.85, "slope_max": 19.1, "n_cells": 48}}, {"type": "Feature", "geometry": {"type": "LineString", "coordinates": [[12.6423134, 56.4393053], [12.6423054, 56.4393319]]}, "properties": {"t": "fall", "g": 3, "loop": null, "hole": 3, "slope_pct": 12.81, "bearing": 350.5}}, {"type": "Feature", "geometry": {"type": "LineString", "coordinates": [[12.642362, 56.4393062], [12.6423517, 56.4393326]]}, "properties": {"t": "fall", "g": 3, "loop": null, "hole": 3, "slope_pct": 12.18, "bearing": 347.9}}, {"type": "Feature", "geometry": {"type": "LineString", "coordinates": [[12.6424106, 56.4393071], [12.6423929, 56.4393322]]}, "properties": {"t": "fall", "g": 3, "loop": null, "hole": 3, "slope_pct": 11.05, "bearing": 338.8}}, {"type": "Feature", "geometry": {"type": "LineString", "coordinates": [[12.6424592, 56.4393081], [12.6424723, 56.439334]]}, "properties": {"t": "fall", "g": 3, "loop": null, "hole": 3, "slope_pct": 9.57, "bearing": 15.5}}, {"type": "Feature", "geometry": {"type": "LineString", "coordinates": [[12.6425078, 56.439309], [12.6425216, 56.4393348]]}, "properties": {"t": "fall", "g": 3, "loop": null, "hole": 3, "slope_pct": 9.57, "bearing": 16.5}}, {"type": "Feature", "geometry": {"type": "LineString", "coordinates": [[12.6425564, 56.4393099], [12.642574, 56.439335]]}, "properties": {"t": "fall", "g": 3, "loop": null, "hole": 3, "slope_pct": 11.67, "bearing": 21.1}}, {"type": "Feature", "geometry": {"type": "LineString", "coordinates": [[12.6422664, 56.4392774], [12.6422413, 56.4393005]]}, "properties": {"t": "fall", "g": 3, "loop": null, "hole": 3, "slope_pct": 8.33, "bearing": 329.0}}, {"type": "Feature", "geometry": {"type": "LineString", "coordinates": [[12.642315, 56.4392784], [12.6423046, 56.4393047]]}, "properties": {"t": "fall", "g": 3, "loop": null, "hole": 3, "slope_pct": 5.29, "bearing": 347.6}}, {"type": "Feature", "geometry": {"type": "LineString", "coordinates": [[12.6423636, 56.4392793], [12.6423576, 56.4393002]]}, "properties": {"t": "fall", "g": 3, "loop": null, "hole": 3, "slope_pct": 3.94, "bearing": 350.9}}, {"type": "Feature", "geometry": {"type": "LineString", "coordinates": [[12.6424123, 56.4392802], [12.6423987, 56.4392908]]}, "properties": {"t": "fall", "g": 3, "loop": null, "hole": 3, "slope_pct": 2.41, "bearing": 324.9}}, {"type": "Feature", "geometry": {"type": "LineString", "coordinates": [[12.6424609, 56.4392811], [12.6424745, 56.4392957]]}, "properties": {"t": "fall", "g": 3, "loop": null, "hole": 3, "slope_pct": 3.04, "bearing": 27.3}}, {"type": "Feature", "geometry": {"type": "LineString", "coordinates": [[12.6425095, 56.439282], [12.6425288, 56.4393037]]}, "properties": {"t": "fall", "g": 3, "loop": null, "hole": 3, "slope_pct": 4.49, "bearing": 26.2}}, {"type": "Feature", "geometry": {"type": "LineString", "coordinates": [[12.6425581, 56.439283], [12.6425798, 56.4393071]]}, "properties": {"t": "fall", "g": 3, "loop": null, "hole": 3, "slope_pct": 5.7, "bearing": 26.5}}, {"type": "Feature", "geometry": {"type": "LineString", "coordinates": [[12.6426067, 56.4392839], [12.6426307, 56.4393074]]}, "properties": {"t": "fall", "g": 3, "loop": null, "hole": 3, "slope_pct": 8.83, "bearing": 29.4}}, {"type": "Feature", "geometry": {"type": "LineString", "coordinates": [[12.6422681, 56.4392505], [12.6422518, 56.439263]]}, "properties": {"t": "fall", "g": 3, "loop": null, "hole": 3, "slope_pct": 2.86, "bearing": 324.1}}, {"type": "Feature", "geometry": {"type": "LineString", "coordinates": [[12.6423167, 56.4392514], [12.6423277, 56.4392513]]}, "properties": {"t": "fall", "g": 3, "loop": null, "hole": 3, "slope_pct": 1.13, "bearing": 91.5}}, {"type": "Feature", "geometry": {"type": "LineString", "coordinates": [[12.6423653, 56.4392523], [12.642358, 56.4392499]]}, "properties": {"t": "fall", "g": 3, "loop": null, "hole": 3, "slope_pct": 0.88, "bearing": 238.8}}, {"type": "Feature", "geometry": {"type": "LineString", "coordinates": [[12.6424139, 56.4392533], [12.642403, 56.4392516]]}, "properties": {"t": "fall", "g": 3, "loop": null, "hole": 3, "slope_pct": 1.16, "bearing": 254.8}}, {"type": "Feature", "geometry": {"type": "LineString", "coordinates": [[12.6425112, 56.4392551], [12.6425181, 56.4392587]]}, "properties": {"t": "fall", "g": 3, "loop": null, "hole": 3, "slope_pct": 0.97, "bearing": 46.9}}, {"type": "Feature", "geometry": {"type": "LineString", "coordinates": [[12.6425598, 56.439256], [12.6425685, 56.4392695]]}, "properties": {"t": "fall", "g": 3, "loop": null, "hole": 3, "slope_pct": 2.65, "bearing": 19.9}}, {"type": "Feature", "geometry": {"type": "LineString", "coordinates": [[12.6426084, 56.439257], [12.6426205, 56.4392804]]}, "properties": {"t": "fall", "g": 3, "loop": null, "hole": 3, "slope_pct": 4.53, "bearing": 15.9}}, {"type": "Feature", "geometry": {"type": "LineString", "coordinates": [[12.6422698, 56.4392236], [12.6422738, 56.4392252]]}, "properties": {"t": "fall", "g": 3, "loop": null, "hole": 3, "slope_pct": 0.51, "bearing": 54.7}}, {"type": "Feature", "geometry": {"type": "LineString", "coordinates": [[12.6423184, 56.4392245], [12.6423377, 56.4392241]]}, "properties": {"t": "fall", "g": 3, "loop": null, "hole": 3, "slope_pct": 1.99, "bearing": 92.1}}, {"type": "Feature", "geometry": {"type": "LineString", "coordinates": [[12.642367, 56.4392254], [12.6423599, 56.4392257]]}, "properties": {"t": "fall", "g": 3, "loop": null, "hole": 3, "slope_pct": 0.73, "bearing": 274.5}}, {"type": "Feature", "geometry": {"type": "LineString", "coordinates": [[12.6424156, 56.4392263], [12.6424065, 56.4392237]]}, "properties": {"t": "fall", "g": 3, "loop": null, "hole": 3, "slope_pct": 1.05, "bearing": 242.6}}, {"type": "Feature", "geometry": {"type": "LineString", "coordinates": [[12.6425614, 56.4392291], [12.6425575, 56.439233]]}, "properties": {"t": "fall", "g": 3, "loop": null, "hole": 3, "slope_pct": 0.82, "bearing": 330.9}}, {"type": "Feature", "geometry": {"type": "LineString", "coordinates": [[12.6426101, 56.43923], [12.6426113, 56.4392363]]}, "properties": {"t": "fall", "g": 3, "loop": null, "hole": 3, "slope_pct": 1.17, "bearing": 6.6}}, {"type": "Feature", "geometry": {"type": "LineString", "coordinates": [[12.6422714, 56.4391966], [12.6422889, 56.4391983]]}, "properties": {"t": "fall", "g": 3, "loop": null, "hole": 3, "slope_pct": 1.82, "bearing": 80.3}}, {"type": "Feature", "geometry": {"type": "LineString", "coordinates": [[12.64232, 56.4391976], [12.6423355, 56.4391964]]}, "properties": {"t": "fall", "g": 3, "loop": null, "hole": 3, "slope_pct": 1.6, "bearing": 98.0}}, {"type": "Feature", "geometry": {"type": "LineString", "coordinates": [[12.6423686, 56.4391985], [12.6423599, 56.4392]]}, "properties": {"t": "fall", "g": 3, "loop": null, "hole": 3, "slope_pct": 0.94, "bearing": 287.9}}, {"type": "Feature", "geometry": {"type": "LineString", "coordinates": [[12.6424173, 56.4391994], [12.6424134, 56.4392012]]}, "properties": {"t": "fall", "g": 3, "loop": null, "hole": 3, "slope_pct": 0.52, "bearing": 310.6}}, {"type": "Feature", "geometry": {"type": "LineString", "coordinates": [[12.6424659, 56.4392003], [12.6424608, 56.4392013]]}, "properties": {"t": "fall", "g": 3, "loop": null, "hole": 3, "slope_pct": 0.55, "bearing": 289.2}}, {"type": "Feature", "geometry": {"type": "LineString", "coordinates": [[12.6425145, 56.4392013], [12.6425086, 56.439204]]}, "properties": {"t": "fall", "g": 3, "loop": null, "hole": 3, "slope_pct": 0.79, "bearing": 309.6}}, {"type": "Feature", "geometry": {"type": "LineString", "coordinates": [[12.6425631, 56.4392022], [12.6425525, 56.4392078]]}, "properties": {"t": "fall", "g": 3, "loop": null, "hole": 3, "slope_pct": 1.5, "bearing": 313.8}}, {"type": "Feature", "geometry": {"type": "LineString", "coordinates": [[12.6426117, 56.4392031], [12.6426112, 56.4392132]]}, "properties": {"t": "fall", "g": 3, "loop": null, "hole": 3, "slope_pct": 1.86, "bearing": 358.4}}, {"type": "Feature", "geometry": {"type": "LineString", "coordinates": [[12.6426603, 56.439204], [12.6426454, 56.4392099]]}, "properties": {"t": "fall", "g": 3, "loop": null, "hole": 3, "slope_pct": 1.88, "bearing": 305.5}}, {"type": "Feature", "geometry": {"type": "LineString", "coordinates": [[12.6423703, 56.4391716], [12.6423521, 56.4391684]]}, "properties": {"t": "fall", "g": 3, "loop": null, "hole": 3, "slope_pct": 1.96, "bearing": 252.4}}, {"type": "Feature", "geometry": {"type": "LineString", "coordinates": [[12.6424675, 56.4391734], [12.6424593, 56.439176]]}, "properties": {"t": "fall", "g": 3, "loop": null, "hole": 3, "slope_pct": 0.98, "bearing": 299.7}}, {"type": "Feature", "geometry": {"type": "LineString", "coordinates": [[12.6425162, 56.4391743], [12.6425052, 56.4391797]]}, "properties": {"t": "fall", "g": 3, "loop": null, "hole": 3, "slope_pct": 1.51, "bearing": 311.4}}, {"type": "Feature", "geometry": {"type": "LineString", "coordinates": [[12.6425648, 56.4391753], [12.642551, 56.4391821]]}, "properties": {"t": "fall", "g": 3, "loop": null, "hole": 3, "slope_pct": 1.9, "bearing": 312.0}}, {"type": "Feature", "geometry": {"type": "LineString", "coordinates": [[12.6426134, 56.4391762], [12.6426054, 56.4391844]]}, "properties": {"t": "fall", "g": 3, "loop": null, "hole": 3, "slope_pct": 1.73, "bearing": 331.6}}, {"type": "Feature", "geometry": {"type": "LineString", "coordinates": [[12.6425178, 56.4391474], [12.6425024, 56.4391551]]}, "properties": {"t": "fall", "g": 3, "loop": null, "hole": 3, "slope_pct": 2.13, "bearing": 312.1}}, {"type": "Feature", "geometry": {"type": "LineString", "coordinates": [[12.6425664, 56.4391483], [12.642556, 56.4391564]]}, "properties": {"t": "fall", "g": 3, "loop": null, "hole": 3, "slope_pct": 1.84, "bearing": 324.6}}, {"type": "Feature", "geometry": {"type": "Point", "coordinates": [12.6424536, 56.4392354]}, "properties": {"t": "aim", "g": 3, "loop": null, "hole": 3, "aim_bearing": 357.3, "slope_median": 1.84, "slope_max": 12.81, "n_cells": 47}}, {"type": "Feature", "geometry": {"type": "LineString", "coordinates": [[12.6481836, 56.4375114], [12.6481627, 56.4375358]]}, "properties": {"t": "fall", "g": 4, "loop": null, "hole": 4, "slope_pct": 12.75, "bearing": 334.6}}, {"type": "Feature", "geometry": {"type": "LineString", "coordinates": [[12.6481853, 56.4374845], [12.6481696, 56.43751]]}, "properties": {"t": "fall", "g": 4, "loop": null, "hole": 4, "slope_pct": 11.83, "bearing": 341.2}}, {"type": "Feature", "geometry": {"type": "LineString", "coordinates": [[12.6481869, 56.4374576], [12.6481757, 56.4374838]]}, "properties": {"t": "fall", "g": 4, "loop": null, "hole": 4, "slope_pct": 6.89, "bearing": 346.7}}, {"type": "Feature", "geometry": {"type": "LineString", "coordinates": [[12.6481886, 56.4374306], [12.6481835, 56.437443]]}, "properties": {"t": "fall", "g": 4, "loop": null, "hole": 4, "slope_pct": 2.35, "bearing": 347.1}}, {"type": "Feature", "geometry": {"type": "Point", "coordinates": [12.6481736, 56.4374554]}, "properties": {"t": "aim", "g": 4, "loop": null, "hole": 4, "aim_bearing": 340.2, "slope_median": 9.36, "slope_max": 12.75, "n_cells": 4}}, {"type": "Feature", "geometry": {"type": "LineString", "coordinates": [[12.6478107, 56.4369831], [12.6478096, 56.437009]]}, "properties": {"t": "fall", "g": 5, "loop": null, "hole": 5, "slope_pct": 4.82, "bearing": 358.6}}, {"type": "Feature", "geometry": {"type": "LineString", "coordinates": [[12.6478593, 56.436984], [12.6478764, 56.4370092]]}, "properties": {"t": "fall", "g": 5, "loop": null, "hole": 5, "slope_pct": 12.33, "bearing": 20.6}}, {"type": "Feature", "geometry": {"type": "LineString", "coordinates": [[12.6479079, 56.4369849], [12.6478896, 56.4370099]]}, "properties": {"t": "fall", "g": 5, "loop": null, "hole": 5, "slope_pct": 14.68, "bearing": 338.0}}, {"type": "Feature", "geometry": {"type": "LineString", "coordinates": [[12.6479565, 56.4369859], [12.6479152, 56.4370002]]}, "properties": {"t": "fall", "g": 5, "loop": null, "hole": 5, "slope_pct": 12.94, "bearing": 302.1}}, {"type": "Feature", "geometry": {"type": "LineString", "coordinates": [[12.6480051, 56.4369868], [12.6479565, 56.4369845]]}, "properties": {"t": "fall", "g": 5, "loop": null, "hole": 5, "slope_pct": 11.48, "bearing": 265.2}}, {"type": "Feature", "geometry": {"type": "LineString", "coordinates": [[12.6480537, 56.4369877], [12.6480085, 56.4369776]]}, "properties": {"t": "fall", "g": 5, "loop": null, "hole": 5, "slope_pct": 8.7, "bearing": 248.0}}, {"type": "Feature", "geometry": {"type": "LineString", "coordinates": [[12.6481023, 56.4369886], [12.6481403, 56.4369717]]}, "properties": {"t": "fall", "g": 5, "loop": null, "hole": 5, "slope_pct": 5.66, "bearing": 128.9}}, {"type": "Feature", "geometry": {"type": "LineString", "coordinates": [[12.6481509, 56.4369895], [12.6481967, 56.4369988]]}, "properties": {"t": "fall", "g": 5, "loop": null, "hole": 5, "slope_pct": 5.99, "bearing": 70.0}}, {"type": "Feature", "geometry": {"type": "LineString", "coordinates": [[12.6481996, 56.4369905], [12.6481945, 56.4370173]]}, "properties": {"t": "fall", "g": 5, "loop": null, "hole": 5, "slope_pct": 6.73, "bearing": 354.0}}, {"type": "Feature", "geometry": {"type": "LineString", "coordinates": [[12.6477637, 56.4369552], [12.6477376, 56.4369761]]}, "properties": {"t": "fall", "g": 5, "loop": null, "hole": 5, "slope_pct": 4.71, "bearing": 325.3}}, {"type": "Feature", "geometry": {"type": "LineString", "coordinates": [[12.6478123, 56.4369562], [12.6477909, 56.4369732]]}, "properties": {"t": "fall", "g": 5, "loop": null, "hole": 5, "slope_pct": 3.85, "bearing": 325.2}}, {"type": "Feature", "geometry": {"type": "LineString", "coordinates": [[12.6478609, 56.4369571], [12.6478423, 56.436982]]}, "properties": {"t": "fall", "g": 5, "loop": null, "hole": 5, "slope_pct": 5.81, "bearing": 337.5}}, {"type": "Feature", "geometry": {"type": "LineString", "coordinates": [[12.6479096, 56.436958], [12.6478905, 56.4369828]]}, "properties": {"t": "fall", "g": 5, "loop": null, "hole": 5, "slope_pct": 6.8, "bearing": 337.0}}, {"type": "Feature", "geometry": {"type": "LineString", "coordinates": [[12.6479582, 56.4369589], [12.6479308, 56.4369769]]}, "properties": {"t": "fall", "g": 5, "loop": null, "hole": 5, "slope_pct": 4.37, "bearing": 319.9}}, {"type": "Feature", "geometry": {"type": "LineString", "coordinates": [[12.6480068, 56.4369598], [12.6479592, 56.4369541]]}, "properties": {"t": "fall", "g": 5, "loop": null, "hole": 5, "slope_pct": 6.68, "bearing": 257.6}}, {"type": "Feature", "geometry": {"type": "LineString", "coordinates": [[12.6480554, 56.4369608], [12.6480181, 56.4369434]]}, "properties": {"t": "fall", "g": 5, "loop": null, "hole": 5, "slope_pct": 8.3, "bearing": 229.9}}, {"type": "Feature", "geometry": {"type": "LineString", "coordinates": [[12.648104, 56.4369617], [12.6481109, 56.4369465]]}, "properties": {"t": "fall", "g": 5, "loop": null, "hole": 5, "slope_pct": 2.91, "bearing": 166.0}}, {"type": "Feature", "geometry": {"type": "LineString", "coordinates": [[12.6481526, 56.4369626], [12.6481554, 56.4369649]]}, "properties": {"t": "fall", "g": 5, "loop": null, "hole": 5, "slope_pct": 0.52, "bearing": 33.7}}, {"type": "Feature", "geometry": {"type": "LineString", "coordinates": [[12.6482012, 56.4369635], [12.6481908, 56.436976]]}, "properties": {"t": "fall", "g": 5, "loop": null, "hole": 5, "slope_pct": 2.55, "bearing": 335.2}}, {"type": "Feature", "geometry": {"type": "LineString", "coordinates": [[12.647814, 56.4369292], [12.6477902, 56.4369513]]}, "properties": {"t": "fall", "g": 5, "loop": null, "hole": 5, "slope_pct": 4.77, "bearing": 329.2}}, {"type": "Feature", "geometry": {"type": "LineString", "coordinates": [[12.6478626, 56.4369301], [12.6478386, 56.4369491]]}, "properties": {"t": "fall", "g": 5, "loop": null, "hole": 5, "slope_pct": 4.28, "bearing": 325.0}}, {"type": "Feature", "geometry": {"type": "LineString", "coordinates": [[12.6479112, 56.4369311], [12.6478942, 56.4369446]]}, "properties": {"t": "fall", "g": 5, "loop": null, "hole": 5, "slope_pct": 3.05, "bearing": 325.2}}, {"type": "Feature", "geometry": {"type": "LineString", "coordinates": [[12.6479598, 56.436932], [12.6479416, 56.4369449]]}, "properties": {"t": "fall", "g": 5, "loop": null, "hole": 5, "slope_pct": 3.04, "bearing": 322.1}}, {"type": "Feature", "geometry": {"type": "LineString", "coordinates": [[12.6480084, 56.4369329], [12.6479862, 56.436944]]}, "properties": {"t": "fall", "g": 5, "loop": null, "hole": 5, "slope_pct": 3.07, "bearing": 312.2}}, {"type": "Feature", "geometry": {"type": "LineString", "coordinates": [[12.6480571, 56.4369338], [12.6480085, 56.4369313]]}, "properties": {"t": "fall", "g": 5, "loop": null, "hole": 5, "slope_pct": 5.23, "bearing": 264.6}}, {"type": "Feature", "geometry": {"type": "LineString", "coordinates": [[12.6481057, 56.4369348], [12.6480849, 56.4369327]]}, "properties": {"t": "fall", "g": 5, "loop": null, "hole": 5, "slope_pct": 2.16, "bearing": 260.0}}, {"type": "Feature", "geometry": {"type": "LineString", "coordinates": [[12.6481543, 56.4369357], [12.6481412, 56.4369394]]}, "properties": {"t": "fall", "g": 5, "loop": null, "hole": 5, "slope_pct": 1.51, "bearing": 297.6}}, {"type": "Feature", "geometry": {"type": "LineString", "coordinates": [[12.6482029, 56.4369366], [12.648192, 56.4369417]]}, "properties": {"t": "fall", "g": 5, "loop": null, "hole": 5, "slope_pct": 1.46, "bearing": 310.2}}, {"type": "Feature", "geometry": {"type": "LineString", "coordinates": [[12.6478157, 56.4369023], [12.6477837, 56.4369197]]}, "properties": {"t": "fall", "g": 5, "loop": null, "hole": 5, "slope_pct": 4.6, "bearing": 314.6}}, {"type": "Feature", "geometry": {"type": "LineString", "coordinates": [[12.6478643, 56.4369032], [12.6478488, 56.4369224]]}, "properties": {"t": "fall", "g": 5, "loop": null, "hole": 5, "slope_pct": 3.9, "bearing": 336.1}}, {"type": "Feature", "geometry": {"type": "LineString", "coordinates": [[12.6479129, 56.4369041], [12.6479007, 56.4369218]]}, "properties": {"t": "fall", "g": 5, "loop": null, "hole": 5, "slope_pct": 3.52, "bearing": 339.1}}, {"type": "Feature", "geometry": {"type": "LineString", "coordinates": [[12.6479615, 56.4369051], [12.647944, 56.4369202]]}, "properties": {"t": "fall", "g": 5, "loop": null, "hole": 5, "slope_pct": 3.33, "bearing": 327.5}}, {"type": "Feature", "geometry": {"type": "LineString", "coordinates": [[12.6480101, 56.436906], [12.6479899, 56.4369207]]}, "properties": {"t": "fall", "g": 5, "loop": null, "hole": 5, "slope_pct": 3.43, "bearing": 322.8}}, {"type": "Feature", "geometry": {"type": "LineString", "coordinates": [[12.6480587, 56.4369069], [12.6480231, 56.4369222]]}, "properties": {"t": "fall", "g": 5, "loop": null, "hole": 5, "slope_pct": 4.63, "bearing": 307.9}}, {"type": "Feature", "geometry": {"type": "LineString", "coordinates": [[12.6481073, 56.4369078], [12.6480875, 56.4369145]]}, "properties": {"t": "fall", "g": 5, "loop": null, "hole": 5, "slope_pct": 2.38, "bearing": 301.6}}, {"type": "Feature", "geometry": {"type": "LineString", "coordinates": [[12.6481559, 56.4369087], [12.6481397, 56.4369159]]}, "properties": {"t": "fall", "g": 5, "loop": null, "hole": 5, "slope_pct": 2.13, "bearing": 308.5}}, {"type": "Feature", "geometry": {"type": "LineString", "coordinates": [[12.6482045, 56.4369097], [12.6481935, 56.4369165]]}, "properties": {"t": "fall", "g": 5, "loop": null, "hole": 5, "slope_pct": 1.7, "bearing": 318.0}}, {"type": "Feature", "geometry": {"type": "LineString", "coordinates": [[12.6478659, 56.4368763], [12.6478455, 56.4368906]]}, "properties": {"t": "fall", "g": 5, "loop": null, "hole": 5, "slope_pct": 3.39, "bearing": 321.7}}, {"type": "Feature", "geometry": {"type": "LineString", "coordinates": [[12.6479145, 56.4368772], [12.6479008, 56.4368968]]}, "properties": {"t": "fall", "g": 5, "loop": null, "hole": 5, "slope_pct": 3.9, "bearing": 338.8}}, {"type": "Feature", "geometry": {"type": "LineString", "coordinates": [[12.6479632, 56.4368781], [12.6479501, 56.4368991]]}, "properties": {"t": "fall", "g": 5, "loop": null, "hole": 5, "slope_pct": 4.12, "bearing": 341.0}}, {"type": "Feature", "geometry": {"type": "LineString", "coordinates": [[12.6480118, 56.4368791], [12.6479941, 56.4368964]]}, "properties": {"t": "fall", "g": 5, "loop": null, "hole": 5, "slope_pct": 3.69, "bearing": 330.6}}, {"type": "Feature", "geometry": {"type": "Point", "coordinates": [12.6479886, 56.4369393]}, "properties": {"t": "aim", "g": 5, "loop": null, "hole": 5, "aim_bearing": 318.0, "slope_median": 4.12, "slope_max": 14.68, "n_cells": 41}}, {"type": "Feature", "geometry": {"type": "LineString", "coordinates": [[12.6407198, 56.4375315], [12.6407096, 56.4375463]]}, "properties": {"t": "fall", "g": 6, "loop": null, "hole": 6, "slope_pct": 2.95, "bearing": 339.2}}, {"type": "Feature", "geometry": {"type": "LineString", "coordinates": [[12.6407684, 56.4375324], [12.6408136, 56.4375425]]}, "properties": {"t": "fall", "g": 6, "loop": null, "hole": 6, "slope_pct": 10.68, "bearing": 67.9}}, {"type": "Feature", "geometry": {"type": "LineString", "coordinates": [[12.640817, 56.4375333], [12.6408473, 56.4375544]]}, "properties": {"t": "fall", "g": 6, "loop": null, "hole": 6, "slope_pct": 7.99, "bearing": 38.3}}, {"type": "Feature", "geometry": {"type": "LineString", "coordinates": [[12.6408656, 56.4375342], [12.6408622, 56.4375611]]}, "properties": {"t": "fall", "g": 6, "loop": null, "hole": 6, "slope_pct": 5.04, "bearing": 356.0}}, {"type": "Feature", "geometry": {"type": "LineString", "coordinates": [[12.6409143, 56.4375352], [12.6409056, 56.4375591]]}, "properties": {"t": "fall", "g": 6, "loop": null, "hole": 6, "slope_pct": 4.52, "bearing": 348.7}}, {"type": "Feature", "geometry": {"type": "LineString", "coordinates": [[12.6409629, 56.4375361], [12.640922, 56.4375508]]}, "properties": {"t": "fall", "g": 6, "loop": null, "hole": 6, "slope_pct": 6.29, "bearing": 303.1}}, {"type": "Feature", "geometry": {"type": "LineString", "coordinates": [[12.6407215, 56.4375045], [12.640718, 56.4374953]]}, "properties": {"t": "fall", "g": 6, "loop": null, "hole": 6, "slope_pct": 1.75, "bearing": 191.8}}, {"type": "Feature", "geometry": {"type": "LineString", "coordinates": [[12.6407701, 56.4375055], [12.6408099, 56.4375171]]}, "properties": {"t": "fall", "g": 6, "loop": null, "hole": 6, "slope_pct": 4.62, "bearing": 62.2}}, {"type": "Feature", "geometry": {"type": "LineString", "coordinates": [[12.6408187, 56.4375064], [12.640855, 56.4375244]]}, "properties": {"t": "fall", "g": 6, "loop": null, "hole": 6, "slope_pct": 5.87, "bearing": 48.1}}, {"type": "Feature", "geometry": {"type": "LineString", "coordinates": [[12.6408673, 56.4375073], [12.6408694, 56.4375287]]}, "properties": {"t": "fall", "g": 6, "loop": null, "hole": 6, "slope_pct": 3.98, "bearing": 3.0}}, {"type": "Feature", "geometry": {"type": "LineString", "coordinates": [[12.6409159, 56.4375082], [12.6409048, 56.4375315]]}, "properties": {"t": "fall", "g": 6, "loop": null, "hole": 6, "slope_pct": 4.46, "bearing": 345.2}}, {"type": "Feature", "geometry": {"type": "LineString", "coordinates": [[12.6409645, 56.4375091], [12.6409419, 56.437533]]}, "properties": {"t": "fall", "g": 6, "loop": null, "hole": 6, "slope_pct": 5.04, "bearing": 332.4}}, {"type": "Feature", "geometry": {"type": "LineString", "coordinates": [[12.6410131, 56.4375101], [12.6409668, 56.4375073]]}, "properties": {"t": "fall", "g": 6, "loop": null, "hole": 6, "slope_pct": 4.78, "bearing": 263.9}}, {"type": "Feature", "geometry": {"type": "LineString", "coordinates": [[12.6407231, 56.4374776], [12.6407312, 56.4374811]]}, "properties": {"t": "fall", "g": 6, "loop": null, "hole": 6, "slope_pct": 1.05, "bearing": 51.6}}, {"type": "Feature", "geometry": {"type": "LineString", "coordinates": [[12.6407718, 56.4374785], [12.640797, 56.437479]]}, "properties": {"t": "fall", "g": 6, "loop": null, "hole": 6, "slope_pct": 2.59, "bearing": 88.0}}, {"type": "Feature", "geometry": {"type": "LineString", "coordinates": [[12.6408204, 56.4374794], [12.6408542, 56.4374848]]}, "properties": {"t": "fall", "g": 6, "loop": null, "hole": 6, "slope_pct": 3.61, "bearing": 74.1}}, {"type": "Feature", "geometry": {"type": "LineString", "coordinates": [[12.640869, 56.4374804], [12.6408761, 56.4374884]]}, "properties": {"t": "fall", "g": 6, "loop": null, "hole": 6, "slope_pct": 1.66, "bearing": 26.2}}, {"type": "Feature", "geometry": {"type": "LineString", "coordinates": [[12.6409176, 56.4374813], [12.6408996, 56.4374873]]}, "properties": {"t": "fall", "g": 6, "loop": null, "hole": 6, "slope_pct": 2.15, "bearing": 300.9}}, {"type": "Feature", "geometry": {"type": "LineString", "coordinates": [[12.6409662, 56.4374822], [12.6409421, 56.4374912]]}, "properties": {"t": "fall", "g": 6, "loop": null, "hole": 6, "slope_pct": 2.98, "bearing": 304.1}}, {"type": "Feature", "geometry": {"type": "LineString", "coordinates": [[12.6410148, 56.4374831], [12.6409969, 56.4374925]]}, "properties": {"t": "fall", "g": 6, "loop": null, "hole": 6, "slope_pct": 2.53, "bearing": 313.2}}, {"type": "Feature", "geometry": {"type": "LineString", "coordinates": [[12.6410634, 56.4374841], [12.6410695, 56.4375033]]}, "properties": {"t": "fall", "g": 6, "loop": null, "hole": 6, "slope_pct": 3.63, "bearing": 10.0}}, {"type": "Feature", "geometry": {"type": "LineString", "coordinates": [[12.6406762, 56.4374497], [12.6407049, 56.4374669]]}, "properties": {"t": "fall", "g": 6, "loop": null, "hole": 6, "slope_pct": 4.33, "bearing": 42.8}}, {"type": "Feature", "geometry": {"type": "LineString", "coordinates": [[12.6407248, 56.4374507], [12.6407449, 56.4374521]]}, "properties": {"t": "fall", "g": 6, "loop": null, "hole": 6, "slope_pct": 2.07, "bearing": 82.5}}, {"type": "Feature", "geometry": {"type": "LineString", "coordinates": [[12.6407734, 56.4374516], [12.6407978, 56.4374491]]}, "properties": {"t": "fall", "g": 6, "loop": null, "hole": 6, "slope_pct": 2.54, "bearing": 100.5}}, {"type": "Feature", "geometry": {"type": "LineString", "coordinates": [[12.640822, 56.4374525], [12.6408395, 56.4374554]]}, "properties": {"t": "fall", "g": 6, "loop": null, "hole": 6, "slope_pct": 1.87, "bearing": 73.3}}, {"type": "Feature", "geometry": {"type": "LineString", "coordinates": [[12.6408707, 56.4374534], [12.64088, 56.4374633]]}, "properties": {"t": "fall", "g": 6, "loop": null, "hole": 6, "slope_pct": 2.07, "bearing": 27.5}}, {"type": "Feature", "geometry": {"type": "LineString", "coordinates": [[12.6409193, 56.4374544], [12.6409046, 56.4374622]]}, "properties": {"t": "fall", "g": 6, "loop": null, "hole": 6, "slope_pct": 2.09, "bearing": 314.0}}, {"type": "Feature", "geometry": {"type": "LineString", "coordinates": [[12.6409679, 56.4374553], [12.6409453, 56.4374589]]}, "properties": {"t": "fall", "g": 6, "loop": null, "hole": 6, "slope_pct": 2.41, "bearing": 285.9}}, {"type": "Feature", "geometry": {"type": "LineString", "coordinates": [[12.6410165, 56.4374562], [12.6409945, 56.4374586]]}, "properties": {"t": "fall", "g": 6, "loop": null, "hole": 6, "slope_pct": 2.3, "bearing": 281.2}}, {"type": "Feature", "geometry": {"type": "LineString", "coordinates": [[12.6406293, 56.4374219], [12.6405953, 56.4374025]]}, "properties": {"t": "fall", "g": 6, "loop": null, "hole": 6, "slope_pct": 7.02, "bearing": 224.1}}, {"type": "Feature", "geometry": {"type": "LineString", "coordinates": [[12.6406779, 56.4374228], [12.6406919, 56.4374103]]}, "properties": {"t": "fall", "g": 6, "loop": null, "hole": 6, "slope_pct": 2.73, "bearing": 148.2}}, {"type": "Feature", "geometry": {"type": "LineString", "coordinates": [[12.6407265, 56.4374237], [12.6407527, 56.4374248]]}, "properties": {"t": "fall", "g": 6, "loop": null, "hole": 6, "slope_pct": 2.7, "bearing": 85.8}}, {"type": "Feature", "geometry": {"type": "LineString", "coordinates": [[12.6407751, 56.4374247], [12.6407973, 56.4374291]]}, "properties": {"t": "fall", "g": 6, "loop": null, "hole": 6, "slope_pct": 2.42, "bearing": 70.0}}, {"type": "Feature", "geometry": {"type": "LineString", "coordinates": [[12.6408237, 56.4374256], [12.6408263, 56.4374349]]}, "properties": {"t": "fall", "g": 6, "loop": null, "hole": 6, "slope_pct": 1.74, "bearing": 8.8}}, {"type": "Feature", "geometry": {"type": "LineString", "coordinates": [[12.6408723, 56.4374265], [12.6408814, 56.4374397]]}, "properties": {"t": "fall", "g": 6, "loop": null, "hole": 6, "slope_pct": 2.62, "bearing": 20.8}}, {"type": "Feature", "geometry": {"type": "LineString", "coordinates": [[12.6409209, 56.4374274], [12.6409061, 56.4374394]]}, "properties": {"t": "fall", "g": 6, "loop": null, "hole": 6, "slope_pct": 2.7, "bearing": 325.6}}, {"type": "Feature", "geometry": {"type": "LineString", "coordinates": [[12.6409695, 56.4374284], [12.6409598, 56.4374373]]}, "properties": {"t": "fall", "g": 6, "loop": null, "hole": 6, "slope_pct": 1.93, "bearing": 328.9}}, {"type": "Feature", "geometry": {"type": "LineString", "coordinates": [[12.6410182, 56.4374293], [12.6409897, 56.4374375]]}, "properties": {"t": "fall", "g": 6, "loop": null, "hole": 6, "slope_pct": 3.29, "bearing": 297.6}}, {"type": "Feature", "geometry": {"type": "LineString", "coordinates": [[12.6406795, 56.4373959], [12.6406861, 56.4373892]]}, "properties": {"t": "fall", "g": 6, "loop": null, "hole": 6, "slope_pct": 1.42, "bearing": 151.7}}, {"type": "Feature", "geometry": {"type": "LineString", "coordinates": [[12.6407282, 56.4373968], [12.6407379, 56.437389]]}, "properties": {"t": "fall", "g": 6, "loop": null, "hole": 6, "slope_pct": 1.76, "bearing": 145.3}}, {"type": "Feature", "geometry": {"type": "LineString", "coordinates": [[12.6407768, 56.4373977], [12.6407868, 56.4373979]]}, "properties": {"t": "fall", "g": 6, "loop": null, "hole": 6, "slope_pct": 1.03, "bearing": 88.1}}, {"type": "Feature", "geometry": {"type": "LineString", "coordinates": [[12.6408254, 56.4373987], [12.6408158, 56.4374073]]}, "properties": {"t": "fall", "g": 6, "loop": null, "hole": 6, "slope_pct": 1.89, "bearing": 328.5}}, {"type": "Feature", "geometry": {"type": "LineString", "coordinates": [[12.640874, 56.4373996], [12.6408836, 56.4374123]]}, "properties": {"t": "fall", "g": 6, "loop": null, "hole": 6, "slope_pct": 2.55, "bearing": 22.8}}, {"type": "Feature", "geometry": {"type": "LineString", "coordinates": [[12.6409226, 56.4374005], [12.6409182, 56.4374075]]}, "properties": {"t": "fall", "g": 6, "loop": null, "hole": 6, "slope_pct": 1.38, "bearing": 340.8}}, {"type": "Feature", "geometry": {"type": "LineString", "coordinates": [[12.6409712, 56.4374014], [12.6409563, 56.4374088]]}, "properties": {"t": "fall", "g": 6, "loop": null, "hole": 6, "slope_pct": 2.05, "bearing": 311.7}}, {"type": "Feature", "geometry": {"type": "LineString", "coordinates": [[12.6406812, 56.437369], [12.6406897, 56.4373646]]}, "properties": {"t": "fall", "g": 6, "loop": null, "hole": 6, "slope_pct": 1.19, "bearing": 132.7}}, {"type": "Feature", "geometry": {"type": "LineString", "coordinates": [[12.6407298, 56.4373699], [12.6407371, 56.4373691]]}, "properties": {"t": "fall", "g": 6, "loop": null, "hole": 6, "slope_pct": 0.76, "bearing": 100.7}}, {"type": "Feature", "geometry": {"type": "LineString", "coordinates": [[12.640827, 56.4373717], [12.6408134, 56.4373744]]}, "properties": {"t": "fall", "g": 6, "loop": null, "hole": 6, "slope_pct": 1.48, "bearing": 289.6}}, {"type": "Feature", "geometry": {"type": "LineString", "coordinates": [[12.6408757, 56.4373726], [12.6408867, 56.4373719]]}, "properties": {"t": "fall", "g": 6, "loop": null, "hole": 6, "slope_pct": 1.14, "bearing": 96.9}}, {"type": "Feature", "geometry": {"type": "LineString", "coordinates": [[12.6409243, 56.4373736], [12.6409213, 56.4373759]]}, "properties": {"t": "fall", "g": 6, "loop": null, "hole": 6, "slope_pct": 0.53, "bearing": 325.0}}, {"type": "Feature", "geometry": {"type": "Point", "coordinates": [12.6408419, 56.4374538]}, "properties": {"t": "aim", "g": 6, "loop": null, "hole": 6, "aim_bearing": 10.1, "slope_median": 2.53, "slope_max": 10.68, "n_cells": 51}}, {"type": "Feature", "geometry": {"type": "LineString", "coordinates": [[12.6378424, 56.4381507], [12.6378028, 56.4381664]]}, "properties": {"t": "fall", "g": 7, "loop": null, "hole": 7, "slope_pct": 6.95, "bearing": 305.7}}, {"type": "Feature", "geometry": {"type": "LineString", "coordinates": [[12.637891, 56.4381517], [12.6378425, 56.4381545]]}, "properties": {"t": "fall", "g": 7, "loop": null, "hole": 7, "slope_pct": 7.8, "bearing": 276.1}}, {"type": "Feature", "geometry": {"type": "LineString", "coordinates": [[12.6379396, 56.4381526], [12.6378994, 56.4381678]]}, "properties": {"t": "fall", "g": 7, "loop": null, "hole": 7, "slope_pct": 5.79, "bearing": 304.4}}, {"type": "Feature", "geometry": {"type": "LineString", "coordinates": [[12.6379882, 56.4381535], [12.6379879, 56.4381805]]}, "properties": {"t": "fall", "g": 7, "loop": null, "hole": 7, "slope_pct": 9.5, "bearing": 359.7}}, {"type": "Feature", "geometry": {"type": "LineString", "coordinates": [[12.6380368, 56.4381544], [12.6380265, 56.4381808]]}, "properties": {"t": "fall", "g": 7, "loop": null, "hole": 7, "slope_pct": 10.29, "bearing": 347.8}}, {"type": "Feature", "geometry": {"type": "LineString", "coordinates": [[12.6377468, 56.438122], [12.6377253, 56.4381462]]}, "properties": {"t": "fall", "g": 7, "loop": null, "hole": 7, "slope_pct": 11.55, "bearing": 333.9}}, {"type": "Feature", "geometry": {"type": "LineString", "coordinates": [[12.6377954, 56.4381229], [12.6377866, 56.4381494]]}, "properties": {"t": "fall", "g": 7, "loop": null, "hole": 7, "slope_pct": 12.93, "bearing": 349.5}}, {"type": "Feature", "geometry": {"type": "LineString", "coordinates": [[12.637844, 56.4381238], [12.637833, 56.4381501]]}, "properties": {"t": "fall", "g": 7, "loop": null, "hole": 7, "slope_pct": 7.58, "bearing": 346.9}}, {"type": "Feature", "geometry": {"type": "LineString", "coordinates": [[12.6378926, 56.4381247], [12.6378523, 56.4381398]]}, "properties": {"t": "fall", "g": 7, "loop": null, "hole": 7, "slope_pct": 5.49, "bearing": 304.1}}, {"type": "Feature", "geometry": {"type": "LineString", "coordinates": [[12.6379413, 56.4381257], [12.6378925, 56.438126]]}, "properties": {"t": "fall", "g": 7, "loop": null, "hole": 7, "slope_pct": 7.27, "bearing": 270.8}}, {"type": "Feature", "geometry": {"type": "LineString", "coordinates": [[12.6379899, 56.4381266], [12.6379637, 56.4381286]]}, "properties": {"t": "fall", "g": 7, "loop": null, "hole": 7, "slope_pct": 2.71, "bearing": 277.9}}, {"type": "Feature", "geometry": {"type": "LineString", "coordinates": [[12.6380385, 56.4381275], [12.63803, 56.4381359]]}, "properties": {"t": "fall", "g": 7, "loop": null, "hole": 7, "slope_pct": 1.78, "bearing": 330.7}}, {"type": "Feature", "geometry": {"type": "LineString", "coordinates": [[12.6380871, 56.4381284], [12.6380695, 56.4381211]]}, "properties": {"t": "fall", "g": 7, "loop": null, "hole": 7, "slope_pct": 2.26, "bearing": 233.2}}, {"type": "Feature", "geometry": {"type": "LineString", "coordinates": [[12.6376999, 56.4380941], [12.6376674, 56.4381142]]}, "properties": {"t": "fall", "g": 7, "loop": null, "hole": 7, "slope_pct": 12.51, "bearing": 318.2}}, {"type": "Feature", "geometry": {"type": "LineString", "coordinates": [[12.6377485, 56.438095], [12.6377146, 56.4381144]]}, "properties": {"t": "fall", "g": 7, "loop": null, "hole": 7, "slope_pct": 9.4, "bearing": 316.0}}, {"type": "Feature", "geometry": {"type": "LineString", "coordinates": [[12.6377971, 56.438096], [12.6378031, 56.438113]]}, "properties": {"t": "fall", "g": 7, "loop": null, "hole": 7, "slope_pct": 3.21, "bearing": 11.0}}, {"type": "Feature", "geometry": {"type": "LineString", "coordinates": [[12.6378457, 56.4380969], [12.6378667, 56.4381121]]}, "properties": {"t": "fall", "g": 7, "loop": null, "hole": 7, "slope_pct": 3.54, "bearing": 37.4}}, {"type": "Feature", "geometry": {"type": "LineString", "coordinates": [[12.6378943, 56.4380978], [12.6378775, 56.4381032]]}, "properties": {"t": "fall", "g": 7, "loop": null, "hole": 7, "slope_pct": 2.0, "bearing": 300.3}}, {"type": "Feature", "geometry": {"type": "LineString", "coordinates": [[12.6379429, 56.4380987], [12.6379059, 56.4380883]]}, "properties": {"t": "fall", "g": 7, "loop": null, "hole": 7, "slope_pct": 4.26, "bearing": 243.1}}, {"type": "Feature", "geometry": {"type": "LineString", "coordinates": [[12.6379915, 56.4380997], [12.6379628, 56.4380779]]}, "properties": {"t": "fall", "g": 7, "loop": null, "hole": 7, "slope_pct": 5.88, "bearing": 216.2}}, {"type": "Feature", "geometry": {"type": "LineString", "coordinates": [[12.6380402, 56.4381006], [12.638028, 56.438076]]}, "properties": {"t": "fall", "g": 7, "loop": null, "hole": 7, "slope_pct": 4.74, "bearing": 195.3}}, {"type": "Feature", "geometry": {"type": "LineString", "coordinates": [[12.6380888, 56.4381015], [12.6380933, 56.4380766]]}, "properties": {"t": "fall", "g": 7, "loop": null, "hole": 7, "slope_pct": 4.65, "bearing": 174.2}}, {"type": "Feature", "geometry": {"type": "LineString", "coordinates": [[12.6381374, 56.4381024], [12.6381342, 56.4380773]]}, "properties": {"t": "fall", "g": 7, "loop": null, "hole": 7, "slope_pct": 4.68, "bearing": 184.0}}, {"type": "Feature", "geometry": {"type": "LineString", "coordinates": [[12.6376529, 56.4380662], [12.6376251, 56.4380884]]}, "properties": {"t": "fall", "g": 7, "loop": null, "hole": 7, "slope_pct": 11.81, "bearing": 325.1}}, {"type": "Feature", "geometry": {"type": "LineString", "coordinates": [[12.6377015, 56.4380672], [12.6376723, 56.4380887]]}, "properties": {"t": "fall", "g": 7, "loop": null, "hole": 7, "slope_pct": 8.08, "bearing": 323.1}}, {"type": "Feature", "geometry": {"type": "LineString", "coordinates": [[12.6377502, 56.4380681], [12.6377396, 56.4380749]]}, "properties": {"t": "fall", "g": 7, "loop": null, "hole": 7, "slope_pct": 1.66, "bearing": 319.5}}, {"type": "Feature", "geometry": {"type": "LineString", "coordinates": [[12.6377988, 56.438069], [12.6378042, 56.43807]]}, "properties": {"t": "fall", "g": 7, "loop": null, "hole": 7, "slope_pct": 0.58, "bearing": 72.1}}, {"type": "Feature", "geometry": {"type": "LineString", "coordinates": [[12.6378474, 56.43807], [12.6378737, 56.4380708]]}, "properties": {"t": "fall", "g": 7, "loop": null, "hole": 7, "slope_pct": 2.7, "bearing": 86.8}}, {"type": "Feature", "geometry": {"type": "LineString", "coordinates": [[12.637896, 56.4380709], [12.6378879, 56.4380691]]}, "properties": {"t": "fall", "g": 7, "loop": null, "hole": 7, "slope_pct": 0.9, "bearing": 248.1}}, {"type": "Feature", "geometry": {"type": "LineString", "coordinates": [[12.6379446, 56.4380718], [12.637929, 56.4380681]]}, "properties": {"t": "fall", "g": 7, "loop": null, "hole": 7, "slope_pct": 1.74, "bearing": 246.9}}, {"type": "Feature", "geometry": {"type": "LineString", "coordinates": [[12.6379932, 56.4380727], [12.6379801, 56.4380624]]}, "properties": {"t": "fall", "g": 7, "loop": null, "hole": 7, "slope_pct": 2.34, "bearing": 215.2}}, {"type": "Feature", "geometry": {"type": "LineString", "coordinates": [[12.6380418, 56.4380737], [12.638036, 56.4380526]]}, "properties": {"t": "fall", "g": 7, "loop": null, "hole": 7, "slope_pct": 3.94, "bearing": 188.7}}, {"type": "Feature", "geometry": {"type": "LineString", "coordinates": [[12.6380904, 56.4380746], [12.6380879, 56.4380527]]}, "properties": {"t": "fall", "g": 7, "loop": null, "hole": 7, "slope_pct": 4.06, "bearing": 183.6}}, {"type": "Feature", "geometry": {"type": "LineString", "coordinates": [[12.6381391, 56.4380755], [12.6381412, 56.4380513]]}, "properties": {"t": "fall", "g": 7, "loop": null, "hole": 7, "slope_pct": 4.49, "bearing": 177.2}}, {"type": "Feature", "geometry": {"type": "LineString", "coordinates": [[12.637606, 56.4380384], [12.6375659, 56.4380537]]}, "properties": {"t": "fall", "g": 7, "loop": null, "hole": 7, "slope_pct": 7.56, "bearing": 304.7}}, {"type": "Feature", "geometry": {"type": "LineString", "coordinates": [[12.6376546, 56.4380393], [12.6376188, 56.4380554]]}, "properties": {"t": "fall", "g": 7, "loop": null, "hole": 7, "slope_pct": 4.73, "bearing": 309.1}}, {"type": "Feature", "geometry": {"type": "LineString", "coordinates": [[12.6377032, 56.4380402], [12.637688, 56.4380407]]}, "properties": {"t": "fall", "g": 7, "loop": null, "hole": 7, "slope_pct": 1.56, "bearing": 273.0}}, {"type": "Feature", "geometry": {"type": "LineString", "coordinates": [[12.6378004, 56.4380421], [12.6378068, 56.4380439]]}, "properties": {"t": "fall", "g": 7, "loop": null, "hole": 7, "slope_pct": 0.74, "bearing": 62.8}}, {"type": "Feature", "geometry": {"type": "LineString", "coordinates": [[12.6378491, 56.438043], [12.6378734, 56.4380454]]}, "properties": {"t": "fall", "g": 7, "loop": null, "hole": 7, "slope_pct": 2.54, "bearing": 80.1}}, {"type": "Feature", "geometry": {"type": "LineString", "coordinates": [[12.6379463, 56.4380449], [12.6379334, 56.4380414]]}, "properties": {"t": "fall", "g": 7, "loop": null, "hole": 7, "slope_pct": 1.47, "bearing": 243.7}}, {"type": "Feature", "geometry": {"type": "LineString", "coordinates": [[12.6379949, 56.4380458], [12.6379935, 56.4380399]]}, "properties": {"t": "fall", "g": 7, "loop": null, "hole": 7, "slope_pct": 1.09, "bearing": 187.5}}, {"type": "Feature", "geometry": {"type": "LineString", "coordinates": [[12.6380435, 56.4380467], [12.6380466, 56.4380384]]}, "properties": {"t": "fall", "g": 7, "loop": null, "hole": 7, "slope_pct": 1.58, "bearing": 168.3}}, {"type": "Feature", "geometry": {"type": "LineString", "coordinates": [[12.6380921, 56.4380476], [12.6380942, 56.4380372]]}, "properties": {"t": "fall", "g": 7, "loop": null, "hole": 7, "slope_pct": 1.95, "bearing": 173.5}}, {"type": "Feature", "geometry": {"type": "LineString", "coordinates": [[12.6376563, 56.4380124], [12.6376419, 56.4380154]]}, "properties": {"t": "fall", "g": 7, "loop": null, "hole": 7, "slope_pct": 1.57, "bearing": 290.8}}, {"type": "Feature", "geometry": {"type": "LineString", "coordinates": [[12.6377049, 56.4380133], [12.6376957, 56.4380149]]}, "properties": {"t": "fall", "g": 7, "loop": null, "hole": 7, "slope_pct": 0.99, "bearing": 287.0}}, {"type": "Feature", "geometry": {"type": "LineString", "coordinates": [[12.6377535, 56.4380142], [12.6377503, 56.4380111]]}, "properties": {"t": "fall", "g": 7, "loop": null, "hole": 7, "slope_pct": 0.67, "bearing": 208.9}}, {"type": "Feature", "geometry": {"type": "LineString", "coordinates": [[12.6378021, 56.4380152], [12.6378071, 56.438012]]}, "properties": {"t": "fall", "g": 7, "loop": null, "hole": 7, "slope_pct": 0.78, "bearing": 139.0}}, {"type": "Feature", "geometry": {"type": "LineString", "coordinates": [[12.6378507, 56.4380161], [12.6378682, 56.4380196]]}, "properties": {"t": "fall", "g": 7, "loop": null, "hole": 7, "slope_pct": 1.9, "bearing": 70.3}}, {"type": "Feature", "geometry": {"type": "LineString", "coordinates": [[12.6378993, 56.438017], [12.6379082, 56.4380252]]}, "properties": {"t": "fall", "g": 7, "loop": null, "hole": 7, "slope_pct": 1.77, "bearing": 30.8}}, {"type": "Feature", "geometry": {"type": "LineString", "coordinates": [[12.6379479, 56.4380179], [12.6379436, 56.4380219]]}, "properties": {"t": "fall", "g": 7, "loop": null, "hole": 7, "slope_pct": 0.86, "bearing": 328.7}}, {"type": "Feature", "geometry": {"type": "LineString", "coordinates": [[12.6379966, 56.4380189], [12.6379916, 56.4380176]]}, "properties": {"t": "fall", "g": 7, "loop": null, "hole": 7, "slope_pct": 0.57, "bearing": 244.6}}, {"type": "Feature", "geometry": {"type": "LineString", "coordinates": [[12.6377552, 56.4379873], [12.6377611, 56.437983]]}, "properties": {"t": "fall", "g": 7, "loop": null, "hole": 7, "slope_pct": 1.01, "bearing": 142.8}}, {"type": "Feature", "geometry": {"type": "LineString", "coordinates": [[12.6378038, 56.4379882], [12.6378046, 56.4379827]]}, "properties": {"t": "fall", "g": 7, "loop": null, "hole": 7, "slope_pct": 1.04, "bearing": 175.4}}, {"type": "Feature", "geometry": {"type": "LineString", "coordinates": [[12.6378524, 56.4379892], [12.637848, 56.4379905]]}, "properties": {"t": "fall", "g": 7, "loop": null, "hole": 7, "slope_pct": 0.51, "bearing": 298.3}}, {"type": "Feature", "geometry": {"type": "Point", "coordinates": [12.6378813, 56.4380735]}, "properties": {"t": "aim", "g": 7, "loop": null, "hole": 7, "aim_bearing": 307.2, "slope_median": 2.62, "slope_max": 12.93, "n_cells": 56}}, {"type": "Feature", "geometry": {"type": "LineString", "coordinates": [[12.6408921, 56.4363215], [12.6408732, 56.4363362]]}, "properties": {"t": "fall", "g": 8, "loop": null, "hole": 8, "slope_pct": 3.36, "bearing": 324.6}}, {"type": "Feature", "geometry": {"type": "LineString", "coordinates": [[12.640748, 56.4362917], [12.6407254, 56.4363002]]}, "properties": {"t": "fall", "g": 8, "loop": null, "hole": 8, "slope_pct": 2.8, "bearing": 304.1}}, {"type": "Feature", "geometry": {"type": "LineString", "coordinates": [[12.6407966, 56.4362927], [12.6407713, 56.436302]]}, "properties": {"t": "fall", "g": 8, "loop": null, "hole": 8, "slope_pct": 3.12, "bearing": 303.8}}, {"type": "Feature", "geometry": {"type": "LineString", "coordinates": [[12.6408452, 56.4362936], [12.6408161, 56.4362987]]}, "properties": {"t": "fall", "g": 8, "loop": null, "hole": 8, "slope_pct": 3.14, "bearing": 287.7}}, {"type": "Feature", "geometry": {"type": "LineString", "coordinates": [[12.6408938, 56.4362945], [12.6408812, 56.4362997]]}, "properties": {"t": "fall", "g": 8, "loop": null, "hole": 8, "slope_pct": 1.61, "bearing": 306.8}}, {"type": "Feature", "geometry": {"type": "LineString", "coordinates": [[12.6409424, 56.4362954], [12.640923, 56.4363057]]}, "properties": {"t": "fall", "g": 8, "loop": null, "hole": 8, "slope_pct": 2.75, "bearing": 313.7}}, {"type": "Feature", "geometry": {"type": "LineString", "coordinates": [[12.640991, 56.4362964], [12.6409552, 56.4363019]]}, "properties": {"t": "fall", "g": 8, "loop": null, "hole": 8, "slope_pct": 3.81, "bearing": 285.5}}, {"type": "Feature", "geometry": {"type": "LineString", "coordinates": [[12.640701, 56.4362639], [12.6406697, 56.4362713]]}, "properties": {"t": "fall", "g": 8, "loop": null, "hole": 8, "slope_pct": 3.5, "bearing": 293.3}}, {"type": "Feature", "geometry": {"type": "LineString", "coordinates": [[12.6407496, 56.4362648], [12.6407243, 56.4362752]]}, "properties": {"t": "fall", "g": 8, "loop": null, "hole": 8, "slope_pct": 3.24, "bearing": 306.6}}, {"type": "Feature", "geometry": {"type": "LineString", "coordinates": [[12.6407982, 56.4362657], [12.6407771, 56.4362754]]}, "properties": {"t": "fall", "g": 8, "loop": null, "hole": 8, "slope_pct": 2.81, "bearing": 309.5}}, {"type": "Feature", "geometry": {"type": "LineString", "coordinates": [[12.6408469, 56.4362667], [12.6408219, 56.4362752]]}, "properties": {"t": "fall", "g": 8, "loop": null, "hole": 8, "slope_pct": 3.0, "bearing": 301.7}}, {"type": "Feature", "geometry": {"type": "LineString", "coordinates": [[12.6408955, 56.4362676], [12.6408792, 56.4362761]]}, "properties": {"t": "fall", "g": 8, "loop": null, "hole": 8, "slope_pct": 2.29, "bearing": 313.3}}, {"type": "Feature", "geometry": {"type": "LineString", "coordinates": [[12.6409441, 56.4362685], [12.6409316, 56.436274]]}, "properties": {"t": "fall", "g": 8, "loop": null, "hole": 8, "slope_pct": 1.63, "bearing": 308.6}}, {"type": "Feature", "geometry": {"type": "LineString", "coordinates": [[12.6409927, 56.4362694], [12.6409645, 56.4362692]]}, "properties": {"t": "fall", "g": 8, "loop": null, "hole": 8, "slope_pct": 2.89, "bearing": 269.2}}, {"type": "Feature", "geometry": {"type": "LineString", "coordinates": [[12.6407027, 56.436237], [12.6406749, 56.4362419]]}, "properties": {"t": "fall", "g": 8, "loop": null, "hole": 8, "slope_pct": 2.99, "bearing": 287.9}}, {"type": "Feature", "geometry": {"type": "LineString", "coordinates": [[12.6407513, 56.4362379], [12.6407234, 56.4362395]]}, "properties": {"t": "fall", "g": 8, "loop": null, "hole": 8, "slope_pct": 2.88, "bearing": 276.0}}, {"type": "Feature", "geometry": {"type": "LineString", "coordinates": [[12.6407999, 56.4362388], [12.640782, 56.4362408]]}, "properties": {"t": "fall", "g": 8, "loop": null, "hole": 8, "slope_pct": 1.88, "bearing": 281.6}}, {"type": "Feature", "geometry": {"type": "LineString", "coordinates": [[12.6408485, 56.4362397], [12.6408274, 56.4362422]]}, "properties": {"t": "fall", "g": 8, "loop": null, "hole": 8, "slope_pct": 2.21, "bearing": 281.8}}, {"type": "Feature", "geometry": {"type": "LineString", "coordinates": [[12.6408971, 56.4362407], [12.6408776, 56.4362419]]}, "properties": {"t": "fall", "g": 8, "loop": null, "hole": 8, "slope_pct": 2.02, "bearing": 276.3}}, {"type": "Feature", "geometry": {"type": "LineString", "coordinates": [[12.6409457, 56.4362416], [12.6409374, 56.4362445]]}, "properties": {"t": "fall", "g": 8, "loop": null, "hole": 8, "slope_pct": 1.01, "bearing": 302.1}}, {"type": "Feature", "geometry": {"type": "LineString", "coordinates": [[12.6409944, 56.4362425], [12.6409757, 56.4362416]]}, "properties": {"t": "fall", "g": 8, "loop": null, "hole": 8, "slope_pct": 1.92, "bearing": 264.7}}, {"type": "Feature", "geometry": {"type": "LineString", "coordinates": [[12.6407044, 56.43621], [12.6406867, 56.4362078]]}, "properties": {"t": "fall", "g": 8, "loop": null, "hole": 8, "slope_pct": 1.86, "bearing": 257.2}}, {"type": "Feature", "geometry": {"type": "LineString", "coordinates": [[12.640753, 56.436211], [12.6407273, 56.4362064]]}, "properties": {"t": "fall", "g": 8, "loop": null, "hole": 8, "slope_pct": 2.76, "bearing": 252.1}}, {"type": "Feature", "geometry": {"type": "LineString", "coordinates": [[12.6408016, 56.4362119], [12.640779, 56.436208]]}, "properties": {"t": "fall", "g": 8, "loop": null, "hole": 8, "slope_pct": 2.42, "bearing": 252.7}}, {"type": "Feature", "geometry": {"type": "LineString", "coordinates": [[12.6408502, 56.4362128], [12.6408324, 56.4362093]]}, "properties": {"t": "fall", "g": 8, "loop": null, "hole": 8, "slope_pct": 1.93, "bearing": 250.3}}, {"type": "Feature", "geometry": {"type": "LineString", "coordinates": [[12.6408988, 56.4362137], [12.6408802, 56.436208]]}, "properties": {"t": "fall", "g": 8, "loop": null, "hole": 8, "slope_pct": 2.19, "bearing": 240.8}}, {"type": "Feature", "geometry": {"type": "LineString", "coordinates": [[12.6409474, 56.4362147], [12.6409403, 56.4362086]]}, "properties": {"t": "fall", "g": 8, "loop": null, "hole": 8, "slope_pct": 1.34, "bearing": 213.0}}, {"type": "Feature", "geometry": {"type": "LineString", "coordinates": [[12.640996, 56.4362156], [12.6409773, 56.4362128]]}, "properties": {"t": "fall", "g": 8, "loop": null, "hole": 8, "slope_pct": 1.99, "bearing": 255.2}}, {"type": "Feature", "geometry": {"type": "LineString", "coordinates": [[12.640706, 56.4361831], [12.6406912, 56.4361761]]}, "properties": {"t": "fall", "g": 8, "loop": null, "hole": 8, "slope_pct": 2.0, "bearing": 229.2}}, {"type": "Feature", "geometry": {"type": "LineString", "coordinates": [[12.6407546, 56.436184], [12.6407326, 56.4361742]]}, "properties": {"t": "fall", "g": 8, "loop": null, "hole": 8, "slope_pct": 2.9, "bearing": 231.2}}, {"type": "Feature", "geometry": {"type": "LineString", "coordinates": [[12.6408033, 56.436185], [12.6407775, 56.4361735]]}, "properties": {"t": "fall", "g": 8, "loop": null, "hole": 8, "slope_pct": 3.39, "bearing": 231.2}}, {"type": "Feature", "geometry": {"type": "LineString", "coordinates": [[12.6408519, 56.4361859], [12.6408319, 56.4361773]]}, "properties": {"t": "fall", "g": 8, "loop": null, "hole": 8, "slope_pct": 2.59, "bearing": 232.1}}, {"type": "Feature", "geometry": {"type": "LineString", "coordinates": [[12.6409005, 56.4361868], [12.6408778, 56.4361828]]}, "properties": {"t": "fall", "g": 8, "loop": null, "hole": 8, "slope_pct": 2.44, "bearing": 252.5}}, {"type": "Feature", "geometry": {"type": "LineString", "coordinates": [[12.6409491, 56.4361877], [12.6409397, 56.4361865]]}, "properties": {"t": "fall", "g": 8, "loop": null, "hole": 8, "slope_pct": 0.99, "bearing": 256.3}}, {"type": "Feature", "geometry": {"type": "LineString", "coordinates": [[12.6409977, 56.4361887], [12.640974, 56.4361909]]}, "properties": {"t": "fall", "g": 8, "loop": null, "hole": 8, "slope_pct": 2.46, "bearing": 279.6}}, {"type": "Feature", "geometry": {"type": "LineString", "coordinates": [[12.6407077, 56.4361562], [12.6406927, 56.4361514]]}, "properties": {"t": "fall", "g": 8, "loop": null, "hole": 8, "slope_pct": 1.78, "bearing": 239.9}}, {"type": "Feature", "geometry": {"type": "LineString", "coordinates": [[12.6407563, 56.4361571], [12.6407396, 56.4361528]]}, "properties": {"t": "fall", "g": 8, "loop": null, "hole": 8, "slope_pct": 1.89, "bearing": 244.8}}, {"type": "Feature", "geometry": {"type": "LineString", "coordinates": [[12.6408049, 56.436158], [12.6407792, 56.4361529]]}, "properties": {"t": "fall", "g": 8, "loop": null, "hole": 8, "slope_pct": 2.81, "bearing": 250.2}}, {"type": "Feature", "geometry": {"type": "LineString", "coordinates": [[12.6408535, 56.4361589], [12.6408283, 56.436152]]}, "properties": {"t": "fall", "g": 8, "loop": null, "hole": 8, "slope_pct": 2.89, "bearing": 243.4}}, {"type": "Feature", "geometry": {"type": "LineString", "coordinates": [[12.6409021, 56.4361599], [12.6408758, 56.4361556]]}, "properties": {"t": "fall", "g": 8, "loop": null, "hole": 8, "slope_pct": 2.81, "bearing": 253.6}}, {"type": "Feature", "geometry": {"type": "LineString", "coordinates": [[12.6409507, 56.4361608], [12.6409372, 56.4361575]]}, "properties": {"t": "fall", "g": 8, "loop": null, "hole": 8, "slope_pct": 1.52, "bearing": 246.2}}, {"type": "Feature", "geometry": {"type": "LineString", "coordinates": [[12.6407094, 56.4361292], [12.6406904, 56.4361248]]}, "properties": {"t": "fall", "g": 8, "loop": null, "hole": 8, "slope_pct": 2.11, "bearing": 247.2}}, {"type": "Feature", "geometry": {"type": "LineString", "coordinates": [[12.640758, 56.4361302], [12.6407395, 56.4361281]]}, "properties": {"t": "fall", "g": 8, "loop": null, "hole": 8, "slope_pct": 1.93, "bearing": 258.4}}, {"type": "Feature", "geometry": {"type": "LineString", "coordinates": [[12.6408066, 56.4361311], [12.6407902, 56.4361272]]}, "properties": {"t": "fall", "g": 8, "loop": null, "hole": 8, "slope_pct": 1.83, "bearing": 247.0}}, {"type": "Feature", "geometry": {"type": "LineString", "coordinates": [[12.6408552, 56.436132], [12.6408273, 56.4361281]]}, "properties": {"t": "fall", "g": 8, "loop": null, "hole": 8, "slope_pct": 2.95, "bearing": 255.6}}, {"type": "Feature", "geometry": {"type": "LineString", "coordinates": [[12.6409038, 56.4361329], [12.6408696, 56.4361323]]}, "properties": {"t": "fall", "g": 8, "loop": null, "hole": 8, "slope_pct": 3.51, "bearing": 268.1}}, {"type": "Feature", "geometry": {"type": "LineString", "coordinates": [[12.6409524, 56.4361339], [12.640933, 56.4361377]]}, "properties": {"t": "fall", "g": 8, "loop": null, "hole": 8, "slope_pct": 2.12, "bearing": 289.8}}, {"type": "Feature", "geometry": {"type": "LineString", "coordinates": [[12.6407596, 56.4361032], [12.6407398, 56.4361076]]}, "properties": {"t": "fall", "g": 8, "loop": null, "hole": 8, "slope_pct": 2.19, "bearing": 291.8}}, {"type": "Feature", "geometry": {"type": "LineString", "coordinates": [[12.6408083, 56.4361042], [12.64079, 56.4361089]]}, "properties": {"t": "fall", "g": 8, "loop": null, "hole": 8, "slope_pct": 2.07, "bearing": 295.1}}, {"type": "Feature", "geometry": {"type": "LineString", "coordinates": [[12.6408569, 56.4361051], [12.6408262, 56.4361115]]}, "properties": {"t": "fall", "g": 8, "loop": null, "hole": 8, "slope_pct": 3.36, "bearing": 290.7}}, {"type": "Feature", "geometry": {"type": "LineString", "coordinates": [[12.6409055, 56.436106], [12.6408694, 56.43611]]}, "properties": {"t": "fall", "g": 8, "loop": null, "hole": 8, "slope_pct": 3.78, "bearing": 281.3}}, {"type": "Feature", "geometry": {"type": "LineString", "coordinates": [[12.6407613, 56.4360763], [12.6407453, 56.4360837]]}, "properties": {"t": "fall", "g": 8, "loop": null, "hole": 8, "slope_pct": 2.14, "bearing": 310.0}}, {"type": "Feature", "geometry": {"type": "LineString", "coordinates": [[12.6408099, 56.4360772], [12.6407913, 56.4360807]]}, "properties": {"t": "fall", "g": 8, "loop": null, "hole": 8, "slope_pct": 2.01, "bearing": 288.5}}, {"type": "Feature", "geometry": {"type": "LineString", "coordinates": [[12.6408585, 56.4360782], [12.6408289, 56.4360812]]}, "properties": {"t": "fall", "g": 8, "loop": null, "hole": 8, "slope_pct": 3.09, "bearing": 280.6}}, {"type": "Feature", "geometry": {"type": "Point", "coordinates": [12.6408488, 56.4362002]}, "properties": {"t": "aim", "g": 8, "loop": null, "hole": 8, "aim_bearing": 274.2, "slope_median": 2.43, "slope_max": 3.81, "n_cells": 54}}, {"type": "Feature", "geometry": {"type": "LineString", "coordinates": [[12.6362079, 56.4375624], [12.6362054, 56.4375893]]}, "properties": {"t": "fall", "g": 9, "loop": null, "hole": 9, "slope_pct": 5.93, "bearing": 357.1}}, {"type": "Feature", "geometry": {"type": "LineString", "coordinates": [[12.6362565, 56.4375633], [12.6362448, 56.4375895]]}, "properties": {"t": "fall", "g": 9, "loop": null, "hole": 9, "slope_pct": 6.58, "bearing": 346.1}}, {"type": "Feature", "geometry": {"type": "LineString", "coordinates": [[12.6363051, 56.4375642], [12.6363093, 56.4375911]]}, "properties": {"t": "fall", "g": 9, "loop": null, "hole": 9, "slope_pct": 6.25, "bearing": 4.9}}, {"type": "Feature", "geometry": {"type": "LineString", "coordinates": [[12.6363537, 56.4375652], [12.6363625, 56.4375917]]}, "properties": {"t": "fall", "g": 9, "loop": null, "hole": 9, "slope_pct": 6.79, "bearing": 10.4}}, {"type": "Feature", "geometry": {"type": "LineString", "coordinates": [[12.6362096, 56.4375355], [12.6361944, 56.4375611]]}, "properties": {"t": "fall", "g": 9, "loop": null, "hole": 9, "slope_pct": 5.19, "bearing": 341.8}}, {"type": "Feature", "geometry": {"type": "LineString", "coordinates": [[12.6362582, 56.4375364], [12.6362522, 56.4375605]]}, "properties": {"t": "fall", "g": 9, "loop": null, "hole": 9, "slope_pct": 4.52, "bearing": 352.3}}, {"type": "Feature", "geometry": {"type": "LineString", "coordinates": [[12.6363068, 56.4375373], [12.6363063, 56.4375614]]}, "properties": {"t": "fall", "g": 9, "loop": null, "hole": 9, "slope_pct": 4.48, "bearing": 359.4}}, {"type": "Feature", "geometry": {"type": "LineString", "coordinates": [[12.6363554, 56.4375382], [12.6363621, 56.4375643]]}, "properties": {"t": "fall", "g": 9, "loop": null, "hole": 9, "slope_pct": 4.88, "bearing": 8.1}}, {"type": "Feature", "geometry": {"type": "LineString", "coordinates": [[12.636404, 56.4375392], [12.6363987, 56.437563]]}, "properties": {"t": "fall", "g": 9, "loop": null, "hole": 9, "slope_pct": 4.45, "bearing": 353.0}}, {"type": "Feature", "geometry": {"type": "LineString", "coordinates": [[12.6362112, 56.4375085], [12.6361991, 56.4375258]]}, "properties": {"t": "fall", "g": 9, "loop": null, "hole": 9, "slope_pct": 3.43, "bearing": 338.8}}, {"type": "Feature", "geometry": {"type": "LineString", "coordinates": [[12.6362599, 56.4375095], [12.6362531, 56.4375248]]}, "properties": {"t": "fall", "g": 9, "loop": null, "hole": 9, "slope_pct": 2.92, "bearing": 346.3}}, {"type": "Feature", "geometry": {"type": "LineString", "coordinates": [[12.6363085, 56.4375104], [12.6363057, 56.4375257]]}, "properties": {"t": "fall", "g": 9, "loop": null, "hole": 9, "slope_pct": 2.86, "bearing": 354.4}}, {"type": "Feature", "geometry": {"type": "LineString", "coordinates": [[12.6363571, 56.4375113], [12.6363584, 56.4375301]]}, "properties": {"t": "fall", "g": 9, "loop": null, "hole": 9, "slope_pct": 3.5, "bearing": 2.3}}, {"type": "Feature", "geometry": {"type": "LineString", "coordinates": [[12.6364057, 56.4375122], [12.6364161, 56.4375307]]}, "properties": {"t": "fall", "g": 9, "loop": null, "hole": 9, "slope_pct": 3.58, "bearing": 17.4}}, {"type": "Feature", "geometry": {"type": "LineString", "coordinates": [[12.6362129, 56.4374816], [12.6362063, 56.4374948]]}, "properties": {"t": "fall", "g": 9, "loop": null, "hole": 9, "slope_pct": 2.55, "bearing": 344.5}}, {"type": "Feature", "geometry": {"type": "LineString", "coordinates": [[12.6362615, 56.4374825], [12.6362559, 56.4374959]]}, "properties": {"t": "fall", "g": 9, "loop": null, "hole": 9, "slope_pct": 2.54, "bearing": 346.8}}, {"type": "Feature", "geometry": {"type": "LineString", "coordinates": [[12.6363101, 56.4374835], [12.636309, 56.4374956]]}, "properties": {"t": "fall", "g": 9, "loop": null, "hole": 9, "slope_pct": 2.25, "bearing": 357.0}}, {"type": "Feature", "geometry": {"type": "LineString", "coordinates": [[12.6363588, 56.4374844], [12.6363552, 56.4374943]]}, "properties": {"t": "fall", "g": 9, "loop": null, "hole": 9, "slope_pct": 1.87, "bearing": 348.6}}, {"type": "Feature", "geometry": {"type": "LineString", "coordinates": [[12.636166, 56.4374537], [12.6361433, 56.4374677]]}, "properties": {"t": "fall", "g": 9, "loop": null, "hole": 9, "slope_pct": 3.48, "bearing": 317.9}}, {"type": "Feature", "geometry": {"type": "LineString", "coordinates": [[12.6362146, 56.4374547], [12.6362118, 56.4374672]]}, "properties": {"t": "fall", "g": 9, "loop": null, "hole": 9, "slope_pct": 2.35, "bearing": 353.1}}, {"type": "Feature", "geometry": {"type": "LineString", "coordinates": [[12.6362632, 56.4374556], [12.6362582, 56.437466]]}, "properties": {"t": "fall", "g": 9, "loop": null, "hole": 9, "slope_pct": 1.99, "bearing": 345.2}}, {"type": "Feature", "geometry": {"type": "LineString", "coordinates": [[12.6363118, 56.4374565], [12.6363119, 56.437467]]}, "properties": {"t": "fall", "g": 9, "loop": null, "hole": 9, "slope_pct": 1.94, "bearing": 0.3}}, {"type": "Feature", "geometry": {"type": "LineString", "coordinates": [[12.6363604, 56.4374575], [12.6363609, 56.4374692]]}, "properties": {"t": "fall", "g": 9, "loop": null, "hole": 9, "slope_pct": 2.19, "bearing": 1.4}}, {"type": "Feature", "geometry": {"type": "LineString", "coordinates": [[12.6362163, 56.4374277], [12.636213, 56.4374354]]}, "properties": {"t": "fall", "g": 9, "loop": null, "hole": 9, "slope_pct": 1.46, "bearing": 346.6}}, {"type": "Feature", "geometry": {"type": "LineString", "coordinates": [[12.6362649, 56.4374287], [12.6362593, 56.4374381]]}, "properties": {"t": "fall", "g": 9, "loop": null, "hole": 9, "slope_pct": 1.84, "bearing": 342.0}}, {"type": "Feature", "geometry": {"type": "LineString", "coordinates": [[12.6363135, 56.4374296], [12.6363109, 56.4374405]]}, "properties": {"t": "fall", "g": 9, "loop": null, "hole": 9, "slope_pct": 2.05, "bearing": 352.7}}, {"type": "Feature", "geometry": {"type": "LineString", "coordinates": [[12.6362179, 56.4374008], [12.6362132, 56.4374118]]}, "properties": {"t": "fall", "g": 9, "loop": null, "hole": 9, "slope_pct": 2.1, "bearing": 346.7}}, {"type": "Feature", "geometry": {"type": "LineString", "coordinates": [[12.6362665, 56.4374017], [12.6362625, 56.4374108]]}, "properties": {"t": "fall", "g": 9, "loop": null, "hole": 9, "slope_pct": 1.73, "bearing": 346.2}}, {"type": "Feature", "geometry": {"type": "LineString", "coordinates": [[12.6363152, 56.4374027], [12.6363089, 56.4374098]]}, "properties": {"t": "fall", "g": 9, "loop": null, "hole": 9, "slope_pct": 1.47, "bearing": 334.4}}, {"type": "Feature", "geometry": {"type": "Point", "coordinates": [12.6362825, 56.4374935]}, "properties": {"t": "aim", "g": 9, "loop": null, "hole": 9, "aim_bearing": 353.5, "slope_median": 2.86, "slope_max": 6.79, "n_cells": 29}}, {"type": "Feature", "geometry": {"type": "LineString", "coordinates": [[12.6409359, 56.4369244], [12.6409451, 56.4369509]]}, "properties": {"t": "fall", "g": 10, "loop": null, "hole": 10, "slope_pct": 14.12, "bearing": 10.9}}, {"type": "Feature", "geometry": {"type": "LineString", "coordinates": [[12.6409845, 56.4369254], [12.6409619, 56.4369492]]}, "properties": {"t": "fall", "g": 10, "loop": null, "hole": 10, "slope_pct": 21.3, "bearing": 332.3}}, {"type": "Feature", "geometry": {"type": "LineString", "coordinates": [[12.6410331, 56.4369263], [12.6410035, 56.4369477]]}, "properties": {"t": "fall", "g": 10, "loop": null, "hole": 10, "slope_pct": 11.1, "bearing": 322.6}}, {"type": "Feature", "geometry": {"type": "LineString", "coordinates": [[12.6410817, 56.4369272], [12.6410333, 56.4369305]]}, "properties": {"t": "fall", "g": 10, "loop": null, "hole": 10, "slope_pct": 10.28, "bearing": 276.9}}, {"type": "Feature", "geometry": {"type": "LineString", "coordinates": [[12.6408403, 56.4368957], [12.6408164, 56.4369191]]}, "properties": {"t": "fall", "g": 10, "loop": null, "hole": 10, "slope_pct": 27.27, "bearing": 330.5}}, {"type": "Feature", "geometry": {"type": "LineString", "coordinates": [[12.6408889, 56.4368966], [12.6408526, 56.4369145]]}, "properties": {"t": "fall", "g": 10, "loop": null, "hole": 10, "slope_pct": 12.68, "bearing": 311.7}}, {"type": "Feature", "geometry": {"type": "LineString", "coordinates": [[12.6409375, 56.4368975], [12.6409029, 56.4369165]]}, "properties": {"t": "fall", "g": 10, "loop": null, "hole": 10, "slope_pct": 5.4, "bearing": 314.7}}, {"type": "Feature", "geometry": {"type": "LineString", "coordinates": [[12.6409862, 56.4368984], [12.6409566, 56.436912]]}, "properties": {"t": "fall", "g": 10, "loop": null, "hole": 10, "slope_pct": 3.94, "bearing": 309.8}}, {"type": "Feature", "geometry": {"type": "LineString", "coordinates": [[12.6410348, 56.4368993], [12.6410028, 56.4369038]]}, "properties": {"t": "fall", "g": 10, "loop": null, "hole": 10, "slope_pct": 3.38, "bearing": 284.1}}, {"type": "Feature", "geometry": {"type": "LineString", "coordinates": [[12.6410834, 56.4369003], [12.641037, 56.4369048]]}, "properties": {"t": "fall", "g": 10, "loop": null, "hole": 10, "slope_pct": 4.83, "bearing": 280.0}}, {"type": "Feature", "geometry": {"type": "LineString", "coordinates": [[12.641132, 56.4369012], [12.6410917, 56.4368861]]}, "properties": {"t": "fall", "g": 10, "loop": null, "hole": 10, "slope_pct": 10.73, "bearing": 235.8}}, {"type": "Feature", "geometry": {"type": "LineString", "coordinates": [[12.6407934, 56.4368678], [12.6407608, 56.4368879]]}, "properties": {"t": "fall", "g": 10, "loop": null, "hole": 10, "slope_pct": 9.11, "bearing": 318.1}}, {"type": "Feature", "geometry": {"type": "LineString", "coordinates": [[12.640842, 56.4368687], [12.6408113, 56.4368896]]}, "properties": {"t": "fall", "g": 10, "loop": null, "hole": 10, "slope_pct": 5.15, "bearing": 320.9}}, {"type": "Feature", "geometry": {"type": "LineString", "coordinates": [[12.6408906, 56.4368696], [12.640858, 56.4368703]]}, "properties": {"t": "fall", "g": 10, "loop": null, "hole": 10, "slope_pct": 3.35, "bearing": 272.0}}, {"type": "Feature", "geometry": {"type": "LineString", "coordinates": [[12.6409392, 56.4368706], [12.6409049, 56.4368656]]}, "properties": {"t": "fall", "g": 10, "loop": null, "hole": 10, "slope_pct": 3.64, "bearing": 255.3}}, {"type": "Feature", "geometry": {"type": "LineString", "coordinates": [[12.6409878, 56.4368715], [12.6409665, 56.4368682]]}, "properties": {"t": "fall", "g": 10, "loop": null, "hole": 10, "slope_pct": 2.28, "bearing": 254.2}}, {"type": "Feature", "geometry": {"type": "LineString", "coordinates": [[12.6410364, 56.4368724], [12.6409966, 56.4368729]]}, "properties": {"t": "fall", "g": 10, "loop": null, "hole": 10, "slope_pct": 4.09, "bearing": 271.3}}, {"type": "Feature", "geometry": {"type": "LineString", "coordinates": [[12.641085, 56.4368733], [12.6410502, 56.4368745]]}, "properties": {"t": "fall", "g": 10, "loop": null, "hole": 10, "slope_pct": 3.59, "bearing": 273.6}}, {"type": "Feature", "geometry": {"type": "LineString", "coordinates": [[12.6411337, 56.4368743], [12.6411119, 56.43687]]}, "properties": {"t": "fall", "g": 10, "loop": null, "hole": 10, "slope_pct": 2.37, "bearing": 250.4}}, {"type": "Feature", "geometry": {"type": "LineString", "coordinates": [[12.6407951, 56.4368409], [12.6407472, 56.4368358]]}, "properties": {"t": "fall", "g": 10, "loop": null, "hole": 10, "slope_pct": 6.31, "bearing": 259.1}}, {"type": "Feature", "geometry": {"type": "LineString", "coordinates": [[12.6408437, 56.4368418], [12.6408312, 56.4368454]]}, "properties": {"t": "fall", "g": 10, "loop": null, "hole": 10, "slope_pct": 1.44, "bearing": 297.6}}, {"type": "Feature", "geometry": {"type": "LineString", "coordinates": [[12.6408923, 56.4368427], [12.640866, 56.4368449]]}, "properties": {"t": "fall", "g": 10, "loop": null, "hole": 10, "slope_pct": 2.73, "bearing": 278.5}}, {"type": "Feature", "geometry": {"type": "LineString", "coordinates": [[12.6409409, 56.4368436], [12.6409135, 56.4368443]]}, "properties": {"t": "fall", "g": 10, "loop": null, "hole": 10, "slope_pct": 2.81, "bearing": 272.4}}, {"type": "Feature", "geometry": {"type": "LineString", "coordinates": [[12.6409895, 56.4368446], [12.6409607, 56.4368502]]}, "properties": {"t": "fall", "g": 10, "loop": null, "hole": 10, "slope_pct": 3.13, "bearing": 289.7}}, {"type": "Feature", "geometry": {"type": "LineString", "coordinates": [[12.6410381, 56.4368455], [12.641004, 56.4368462]]}, "properties": {"t": "fall", "g": 10, "loop": null, "hole": 10, "slope_pct": 3.5, "bearing": 272.2}}, {"type": "Feature", "geometry": {"type": "LineString", "coordinates": [[12.6410867, 56.4368464], [12.6410509, 56.4368421]]}, "properties": {"t": "fall", "g": 10, "loop": null, "hole": 10, "slope_pct": 3.77, "bearing": 257.6}}, {"type": "Feature", "geometry": {"type": "LineString", "coordinates": [[12.6411353, 56.4368473], [12.6411221, 56.4368404]]}, "properties": {"t": "fall", "g": 10, "loop": null, "hole": 10, "slope_pct": 1.86, "bearing": 226.7}}, {"type": "Feature", "geometry": {"type": "LineString", "coordinates": [[12.6407967, 56.4368139], [12.64075, 56.4368063]]}, "properties": {"t": "fall", "g": 10, "loop": null, "hole": 10, "slope_pct": 5.87, "bearing": 253.5}}, {"type": "Feature", "geometry": {"type": "LineString", "coordinates": [[12.6408453, 56.4368149], [12.6408143, 56.4368076]]}, "properties": {"t": "fall", "g": 10, "loop": null, "hole": 10, "slope_pct": 3.46, "bearing": 247.0}}, {"type": "Feature", "geometry": {"type": "LineString", "coordinates": [[12.6408939, 56.4368158], [12.6408688, 56.4368183]]}, "properties": {"t": "fall", "g": 10, "loop": null, "hole": 10, "slope_pct": 2.62, "bearing": 280.2}}, {"type": "Feature", "geometry": {"type": "LineString", "coordinates": [[12.6409426, 56.4368167], [12.6409082, 56.436823]]}, "properties": {"t": "fall", "g": 10, "loop": null, "hole": 10, "slope_pct": 3.71, "bearing": 288.4}}, {"type": "Feature", "geometry": {"type": "LineString", "coordinates": [[12.6409912, 56.4368176], [12.6409606, 56.4368215]]}, "properties": {"t": "fall", "g": 10, "loop": null, "hole": 10, "slope_pct": 3.21, "bearing": 283.0}}, {"type": "Feature", "geometry": {"type": "LineString", "coordinates": [[12.6410398, 56.4368186], [12.6410135, 56.4368221]]}, "properties": {"t": "fall", "g": 10, "loop": null, "hole": 10, "slope_pct": 2.77, "bearing": 283.7}}, {"type": "Feature", "geometry": {"type": "LineString", "coordinates": [[12.6410884, 56.4368195], [12.6410595, 56.4368226]]}, "properties": {"t": "fall", "g": 10, "loop": null, "hole": 10, "slope_pct": 3.02, "bearing": 281.2}}, {"type": "Feature", "geometry": {"type": "LineString", "coordinates": [[12.6407984, 56.436787], [12.6407566, 56.4367871]]}, "properties": {"t": "fall", "g": 10, "loop": null, "hole": 10, "slope_pct": 4.28, "bearing": 270.3}}, {"type": "Feature", "geometry": {"type": "LineString", "coordinates": [[12.640847, 56.4367879], [12.6408004, 56.436787]]}, "properties": {"t": "fall", "g": 10, "loop": null, "hole": 10, "slope_pct": 4.79, "bearing": 267.9}}, {"type": "Feature", "geometry": {"type": "LineString", "coordinates": [[12.6408956, 56.4367889], [12.6408554, 56.4367951]]}, "properties": {"t": "fall", "g": 10, "loop": null, "hole": 10, "slope_pct": 4.29, "bearing": 285.7}}, {"type": "Feature", "geometry": {"type": "LineString", "coordinates": [[12.6409442, 56.4367898], [12.6409128, 56.4367969]]}, "properties": {"t": "fall", "g": 10, "loop": null, "hole": 10, "slope_pct": 3.48, "bearing": 292.2}}, {"type": "Feature", "geometry": {"type": "LineString", "coordinates": [[12.6409928, 56.4367907], [12.6409684, 56.4367973]]}, "properties": {"t": "fall", "g": 10, "loop": null, "hole": 10, "slope_pct": 2.79, "bearing": 296.1}}, {"type": "Feature", "geometry": {"type": "LineString", "coordinates": [[12.6410414, 56.4367916], [12.6410178, 56.4367999]]}, "properties": {"t": "fall", "g": 10, "loop": null, "hole": 10, "slope_pct": 2.87, "bearing": 302.3}}, {"type": "Feature", "geometry": {"type": "LineString", "coordinates": [[12.6410901, 56.4367926], [12.64106, 56.4367977]]}, "properties": {"t": "fall", "g": 10, "loop": null, "hole": 10, "slope_pct": 3.23, "bearing": 287.1}}, {"type": "Feature", "geometry": {"type": "LineString", "coordinates": [[12.6408001, 56.4367601], [12.6407607, 56.4367562]]}, "properties": {"t": "fall", "g": 10, "loop": null, "hole": 10, "slope_pct": 4.11, "bearing": 259.8}}, {"type": "Feature", "geometry": {"type": "LineString", "coordinates": [[12.6408487, 56.436761], [12.6408001, 56.4367585]]}, "properties": {"t": "fall", "g": 10, "loop": null, "hole": 10, "slope_pct": 5.24, "bearing": 264.7}}, {"type": "Feature", "geometry": {"type": "LineString", "coordinates": [[12.6408973, 56.4367619], [12.6408528, 56.4367618]]}, "properties": {"t": "fall", "g": 10, "loop": null, "hole": 10, "slope_pct": 4.57, "bearing": 269.8}}, {"type": "Feature", "geometry": {"type": "LineString", "coordinates": [[12.6409459, 56.4367629], [12.6409207, 56.4367603]]}, "properties": {"t": "fall", "g": 10, "loop": null, "hole": 10, "slope_pct": 2.63, "bearing": 259.6}}, {"type": "Feature", "geometry": {"type": "LineString", "coordinates": [[12.6409945, 56.4367638], [12.6409561, 56.4367597]]}, "properties": {"t": "fall", "g": 10, "loop": null, "hole": 10, "slope_pct": 4.01, "bearing": 259.3}}, {"type": "Feature", "geometry": {"type": "LineString", "coordinates": [[12.6410431, 56.4367647], [12.6410093, 56.4367668]]}, "properties": {"t": "fall", "g": 10, "loop": null, "hole": 10, "slope_pct": 3.5, "bearing": 276.5}}, {"type": "Feature", "geometry": {"type": "LineString", "coordinates": [[12.6410917, 56.4367656], [12.6410526, 56.4367816]]}, "properties": {"t": "fall", "g": 10, "loop": null, "hole": 10, "slope_pct": 4.99, "bearing": 306.4}}, {"type": "Feature", "geometry": {"type": "LineString", "coordinates": [[12.6408017, 56.4367331], [12.640759, 56.4367276]]}, "properties": {"t": "fall", "g": 10, "loop": null, "hole": 10, "slope_pct": 4.5, "bearing": 256.8}}, {"type": "Feature", "geometry": {"type": "LineString", "coordinates": [[12.6408503, 56.4367341], [12.6408019, 56.4367371]]}, "properties": {"t": "fall", "g": 10, "loop": null, "hole": 10, "slope_pct": 6.04, "bearing": 276.4}}, {"type": "Feature", "geometry": {"type": "LineString", "coordinates": [[12.6408989, 56.436735], [12.6408618, 56.4367314]]}, "properties": {"t": "fall", "g": 10, "loop": null, "hole": 10, "slope_pct": 3.87, "bearing": 260.1}}, {"type": "Feature", "geometry": {"type": "LineString", "coordinates": [[12.6409476, 56.4367359], [12.6409299, 56.4367279]]}, "properties": {"t": "fall", "g": 10, "loop": null, "hole": 10, "slope_pct": 2.35, "bearing": 230.7}}, {"type": "Feature", "geometry": {"type": "LineString", "coordinates": [[12.6409962, 56.4367368], [12.6409664, 56.4367244]]}, "properties": {"t": "fall", "g": 10, "loop": null, "hole": 10, "slope_pct": 3.83, "bearing": 233.0}}, {"type": "Feature", "geometry": {"type": "LineString", "coordinates": [[12.6410448, 56.4367378], [12.6410142, 56.4367168]]}, "properties": {"t": "fall", "g": 10, "loop": null, "hole": 10, "slope_pct": 5.21, "bearing": 218.9}}, {"type": "Feature", "geometry": {"type": "LineString", "coordinates": [[12.640852, 56.4367071], [12.6408039, 56.4367028]]}, "properties": {"t": "fall", "g": 10, "loop": null, "hole": 10, "slope_pct": 5.5, "bearing": 260.7}}, {"type": "Feature", "geometry": {"type": "LineString", "coordinates": [[12.6409006, 56.4367081], [12.6408759, 56.4366993]]}, "properties": {"t": "fall", "g": 10, "loop": null, "hole": 10, "slope_pct": 3.01, "bearing": 237.3}}, {"type": "Feature", "geometry": {"type": "LineString", "coordinates": [[12.6409492, 56.436709], [12.6409348, 56.4366971]]}, "properties": {"t": "fall", "g": 10, "loop": null, "hole": 10, "slope_pct": 2.65, "bearing": 213.8}}, {"type": "Feature", "geometry": {"type": "Point", "coordinates": [12.6409609, 56.4368253]}, "properties": {"t": "aim", "g": 10, "loop": null, "hole": 10, "aim_bearing": 288.8, "slope_median": 3.8, "slope_max": 27.27, "n_cells": 58}}, {"type": "Feature", "geometry": {"type": "LineString", "coordinates": [[12.6426305, 56.4383766], [12.6425857, 56.4383873]]}, "properties": {"t": "fall", "g": 11, "loop": null, "hole": 11, "slope_pct": 21.91, "bearing": 293.4}}, {"type": "Feature", "geometry": {"type": "LineString", "coordinates": [[12.6426791, 56.4383776], [12.6426627, 56.4384029]]}, "properties": {"t": "fall", "g": 11, "loop": null, "hole": 11, "slope_pct": 9.76, "bearing": 340.3}}, {"type": "Feature", "geometry": {"type": "LineString", "coordinates": [[12.6427277, 56.4383785], [12.6427495, 56.4384026]]}, "properties": {"t": "fall", "g": 11, "loop": null, "hole": 11, "slope_pct": 11.69, "bearing": 26.6}}, {"type": "Feature", "geometry": {"type": "LineString", "coordinates": [[12.6427763, 56.4383794], [12.64277, 56.4384061]]}, "properties": {"t": "fall", "g": 11, "loop": null, "hole": 11, "slope_pct": 11.22, "bearing": 352.6}}, {"type": "Feature", "geometry": {"type": "LineString", "coordinates": [[12.6428249, 56.4383803], [12.6428294, 56.4384072]]}, "properties": {"t": "fall", "g": 11, "loop": null, "hole": 11, "slope_pct": 17.29, "bearing": 5.3}}, {"type": "Feature", "geometry": {"type": "LineString", "coordinates": [[12.6428735, 56.4383813], [12.642843, 56.4384023]]}, "properties": {"t": "fall", "g": 11, "loop": null, "hole": 11, "slope_pct": 21.88, "bearing": 321.2}}, {"type": "Feature", "geometry": {"type": "LineString", "coordinates": [[12.6429221, 56.4383822], [12.6429482, 56.4384049]]}, "properties": {"t": "fall", "g": 11, "loop": null, "hole": 11, "slope_pct": 10.27, "bearing": 32.4}}, {"type": "Feature", "geometry": {"type": "LineString", "coordinates": [[12.6425835, 56.4383488], [12.6425599, 56.4383723]]}, "properties": {"t": "fall", "g": 11, "loop": null, "hole": 11, "slope_pct": 12.87, "bearing": 331.0}}, {"type": "Feature", "geometry": {"type": "LineString", "coordinates": [[12.6426321, 56.4383497], [12.6425936, 56.4383663]]}, "properties": {"t": "fall", "g": 11, "loop": null, "hole": 11, "slope_pct": 12.06, "bearing": 307.9}}, {"type": "Feature", "geometry": {"type": "LineString", "coordinates": [[12.6426807, 56.4383506], [12.6426669, 56.4383345]]}, "properties": {"t": "fall", "g": 11, "loop": null, "hole": 11, "slope_pct": 3.32, "bearing": 205.4}}, {"type": "Feature", "geometry": {"type": "LineString", "coordinates": [[12.6427293, 56.4383516], [12.6427445, 56.4383487]]}, "properties": {"t": "fall", "g": 11, "loop": null, "hole": 11, "slope_pct": 1.64, "bearing": 108.9}}, {"type": "Feature", "geometry": {"type": "LineString", "coordinates": [[12.642778, 56.4383525], [12.6427644, 56.4383619]]}, "properties": {"t": "fall", "g": 11, "loop": null, "hole": 11, "slope_pct": 2.23, "bearing": 321.5}}, {"type": "Feature", "geometry": {"type": "LineString", "coordinates": [[12.6428266, 56.4383534], [12.6427832, 56.4383575]]}, "properties": {"t": "fall", "g": 11, "loop": null, "hole": 11, "slope_pct": 4.51, "bearing": 279.8}}, {"type": "Feature", "geometry": {"type": "LineString", "coordinates": [[12.6428752, 56.4383543], [12.6428329, 56.4383507]]}, "properties": {"t": "fall", "g": 11, "loop": null, "hole": 11, "slope_pct": 4.39, "bearing": 261.2}}, {"type": "Feature", "geometry": {"type": "LineString", "coordinates": [[12.6429238, 56.4383552], [12.6429352, 56.4383645]]}, "properties": {"t": "fall", "g": 11, "loop": null, "hole": 11, "slope_pct": 2.08, "bearing": 34.1}}, {"type": "Feature", "geometry": {"type": "LineString", "coordinates": [[12.6429724, 56.4383562], [12.6430032, 56.438377]]}, "properties": {"t": "fall", "g": 11, "loop": null, "hole": 11, "slope_pct": 8.81, "bearing": 39.2}}, {"type": "Feature", "geometry": {"type": "LineString", "coordinates": [[12.6425852, 56.4383218], [12.6425375, 56.4383275]]}, "properties": {"t": "fall", "g": 11, "loop": null, "hole": 11, "slope_pct": 6.2, "bearing": 282.1}}, {"type": "Feature", "geometry": {"type": "LineString", "coordinates": [[12.6426338, 56.4383228], [12.6426092, 56.438319]]}, "properties": {"t": "fall", "g": 11, "loop": null, "hole": 11, "slope_pct": 2.61, "bearing": 254.6}}, {"type": "Feature", "geometry": {"type": "LineString", "coordinates": [[12.6426824, 56.4383237], [12.6426715, 56.4383167]]}, "properties": {"t": "fall", "g": 11, "loop": null, "hole": 11, "slope_pct": 1.71, "bearing": 220.8}}, {"type": "Feature", "geometry": {"type": "LineString", "coordinates": [[12.642731, 56.4383246], [12.6427208, 56.4383216]]}, "properties": {"t": "fall", "g": 11, "loop": null, "hole": 11, "slope_pct": 1.19, "bearing": 241.9}}, {"type": "Feature", "geometry": {"type": "LineString", "coordinates": [[12.6427796, 56.4383255], [12.6427611, 56.4383279]]}, "properties": {"t": "fall", "g": 11, "loop": null, "hole": 11, "slope_pct": 1.95, "bearing": 283.0}}, {"type": "Feature", "geometry": {"type": "LineString", "coordinates": [[12.6428282, 56.4383265], [12.6427982, 56.4383257]]}, "properties": {"t": "fall", "g": 11, "loop": null, "hole": 11, "slope_pct": 3.08, "bearing": 267.4}}, {"type": "Feature", "geometry": {"type": "LineString", "coordinates": [[12.6428768, 56.4383274], [12.6428442, 56.438318]]}, "properties": {"t": "fall", "g": 11, "loop": null, "hole": 11, "slope_pct": 3.77, "bearing": 242.4}}, {"type": "Feature", "geometry": {"type": "LineString", "coordinates": [[12.6429255, 56.4383283], [12.642897, 56.4383181]]}, "properties": {"t": "fall", "g": 11, "loop": null, "hole": 11, "slope_pct": 3.48, "bearing": 237.0}}, {"type": "Feature", "geometry": {"type": "LineString", "coordinates": [[12.6429741, 56.4383292], [12.6429966, 56.4383288]]}, "properties": {"t": "fall", "g": 11, "loop": null, "hole": 11, "slope_pct": 2.32, "bearing": 92.0}}, {"type": "Feature", "geometry": {"type": "LineString", "coordinates": [[12.6430227, 56.4383302], [12.6430662, 56.4383423]]}, "properties": {"t": "fall", "g": 11, "loop": null, "hole": 11, "slope_pct": 9.77, "bearing": 63.3}}, {"type": "Feature", "geometry": {"type": "LineString", "coordinates": [[12.6425868, 56.4382949], [12.6425474, 56.4383009]]}, "properties": {"t": "fall", "g": 11, "loop": null, "hole": 11, "slope_pct": 4.19, "bearing": 285.2}}, {"type": "Feature", "geometry": {"type": "LineString", "coordinates": [[12.6426355, 56.4382958], [12.642614, 56.4383011]]}, "properties": {"t": "fall", "g": 11, "loop": null, "hole": 11, "slope_pct": 2.41, "bearing": 293.7}}, {"type": "Feature", "geometry": {"type": "LineString", "coordinates": [[12.6426841, 56.4382968], [12.6426735, 56.4383016]]}, "properties": {"t": "fall", "g": 11, "loop": null, "hole": 11, "slope_pct": 1.41, "bearing": 309.7}}, {"type": "Feature", "geometry": {"type": "LineString", "coordinates": [[12.6427327, 56.4382977], [12.6427183, 56.4383026]]}, "properties": {"t": "fall", "g": 11, "loop": null, "hole": 11, "slope_pct": 1.73, "bearing": 301.6}}, {"type": "Feature", "geometry": {"type": "LineString", "coordinates": [[12.6427813, 56.4382986], [12.6427635, 56.4383019]]}, "properties": {"t": "fall", "g": 11, "loop": null, "hole": 11, "slope_pct": 1.93, "bearing": 288.6}}, {"type": "Feature", "geometry": {"type": "LineString", "coordinates": [[12.6428299, 56.4382995], [12.6428118, 56.4383021]]}, "properties": {"t": "fall", "g": 11, "loop": null, "hole": 11, "slope_pct": 1.91, "bearing": 284.2}}, {"type": "Feature", "geometry": {"type": "LineString", "coordinates": [[12.6428785, 56.4383005], [12.6428569, 56.4382983]]}, "properties": {"t": "fall", "g": 11, "loop": null, "hole": 11, "slope_pct": 2.25, "bearing": 260.0}}, {"type": "Feature", "geometry": {"type": "LineString", "coordinates": [[12.6429271, 56.4383014], [12.6429085, 56.438292]]}, "properties": {"t": "fall", "g": 11, "loop": null, "hole": 11, "slope_pct": 2.58, "bearing": 227.6}}, {"type": "Feature", "geometry": {"type": "LineString", "coordinates": [[12.6429757, 56.4383023], [12.6429728, 56.4382915]]}, "properties": {"t": "fall", "g": 11, "loop": null, "hole": 11, "slope_pct": 2.02, "bearing": 188.7}}, {"type": "Feature", "geometry": {"type": "LineString", "coordinates": [[12.6430244, 56.4383032], [12.6430641, 56.4383103]]}, "properties": {"t": "fall", "g": 11, "loop": null, "hole": 11, "slope_pct": 4.29, "bearing": 72.1}}, {"type": "Feature", "geometry": {"type": "LineString", "coordinates": [[12.6425885, 56.438268], [12.6425485, 56.4382705]]}, "properties": {"t": "fall", "g": 11, "loop": null, "hole": 11, "slope_pct": 4.13, "bearing": 276.4}}, {"type": "Feature", "geometry": {"type": "LineString", "coordinates": [[12.6426371, 56.4382689], [12.6426129, 56.4382747]]}, "properties": {"t": "fall", "g": 11, "loop": null, "hole": 11, "slope_pct": 2.71, "bearing": 293.6}}, {"type": "Feature", "geometry": {"type": "LineString", "coordinates": [[12.6426857, 56.4382698], [12.6426766, 56.438278]]}, "properties": {"t": "fall", "g": 11, "loop": null, "hole": 11, "slope_pct": 1.79, "bearing": 328.4}}, {"type": "Feature", "geometry": {"type": "LineString", "coordinates": [[12.6428316, 56.4382726], [12.6428138, 56.4382869]]}, "properties": {"t": "fall", "g": 11, "loop": null, "hole": 11, "slope_pct": 3.21, "bearing": 325.4}}, {"type": "Feature", "geometry": {"type": "LineString", "coordinates": [[12.6428802, 56.4382735], [12.6428681, 56.4382847]]}, "properties": {"t": "fall", "g": 11, "loop": null, "hole": 11, "slope_pct": 2.42, "bearing": 329.3}}, {"type": "Feature", "geometry": {"type": "LineString", "coordinates": [[12.6429288, 56.4382745], [12.6429195, 56.4382805]]}, "properties": {"t": "fall", "g": 11, "loop": null, "hole": 11, "slope_pct": 1.48, "bearing": 319.6}}, {"type": "Feature", "geometry": {"type": "LineString", "coordinates": [[12.6429774, 56.4382754], [12.6429659, 56.4382811]]}, "properties": {"t": "fall", "g": 11, "loop": null, "hole": 11, "slope_pct": 1.59, "bearing": 311.8}}, {"type": "Feature", "geometry": {"type": "Point", "coordinates": [12.642788, 56.4383261]}, "properties": {"t": "aim", "g": 11, "loop": null, "hole": 11, "aim_bearing": 325.7, "slope_median": 3.08, "slope_max": 21.91, "n_cells": 43}}, {"type": "Feature", "geometry": {"type": "LineString", "coordinates": [[12.6470923, 56.4425685], [12.6470466, 56.4425779]]}, "properties": {"t": "fall", "g": 12, "loop": null, "hole": 12, "slope_pct": 21.44, "bearing": 290.3}}, {"type": "Feature", "geometry": {"type": "LineString", "coordinates": [[12.647141, 56.4425694], [12.6470945, 56.4425776]]}, "properties": {"t": "fall", "g": 12, "loop": null, "hole": 12, "slope_pct": 11.55, "bearing": 287.7}}, {"type": "Feature", "geometry": {"type": "LineString", "coordinates": [[12.6471896, 56.4425704], [12.6471516, 56.4425872]]}, "properties": {"t": "fall", "g": 12, "loop": null, "hole": 12, "slope_pct": 7.37, "bearing": 308.8}}, {"type": "Feature", "geometry": {"type": "LineString", "coordinates": [[12.6472382, 56.4425713], [12.6471951, 56.4425839]]}, "properties": {"t": "fall", "g": 12, "loop": null, "hole": 12, "slope_pct": 10.64, "bearing": 297.9}}, {"type": "Feature", "geometry": {"type": "LineString", "coordinates": [[12.6472868, 56.4425722], [12.6472398, 56.4425793]]}, "properties": {"t": "fall", "g": 12, "loop": null, "hole": 12, "slope_pct": 13.29, "bearing": 285.3}}, {"type": "Feature", "geometry": {"type": "LineString", "coordinates": [[12.6469968, 56.4425397], [12.6469608, 56.4425579]]}, "properties": {"t": "fall", "g": 12, "loop": null, "hole": 12, "slope_pct": 9.39, "bearing": 312.4}}, {"type": "Feature", "geometry": {"type": "LineString", "coordinates": [[12.6470454, 56.4425407], [12.6470291, 56.4425661]]}, "properties": {"t": "fall", "g": 12, "loop": null, "hole": 12, "slope_pct": 12.69, "bearing": 340.5}}, {"type": "Feature", "geometry": {"type": "LineString", "coordinates": [[12.647094, 56.4425416], [12.6470567, 56.4425589]]}, "properties": {"t": "fall", "g": 12, "loop": null, "hole": 12, "slope_pct": 13.4, "bearing": 310.0}}, {"type": "Feature", "geometry": {"type": "LineString", "coordinates": [[12.6471426, 56.4425425], [12.647096, 56.4425505]]}, "properties": {"t": "fall", "g": 12, "loop": null, "hole": 12, "slope_pct": 8.4, "bearing": 287.2}}, {"type": "Feature", "geometry": {"type": "LineString", "coordinates": [[12.6471912, 56.4425434], [12.6471441, 56.4425504]]}, "properties": {"t": "fall", "g": 12, "loop": null, "hole": 12, "slope_pct": 5.86, "bearing": 284.9}}, {"type": "Feature", "geometry": {"type": "LineString", "coordinates": [[12.6472399, 56.4425444], [12.6471915, 56.4425476]]}, "properties": {"t": "fall", "g": 12, "loop": null, "hole": 12, "slope_pct": 8.02, "bearing": 276.9}}, {"type": "Feature", "geometry": {"type": "LineString", "coordinates": [[12.6472885, 56.4425453], [12.6472433, 56.4425351]]}, "properties": {"t": "fall", "g": 12, "loop": null, "hole": 12, "slope_pct": 7.74, "bearing": 247.9}}, {"type": "Feature", "geometry": {"type": "LineString", "coordinates": [[12.6473371, 56.4425462], [12.6473072, 56.4425249]]}, "properties": {"t": "fall", "g": 12, "loop": null, "hole": 12, "slope_pct": 9.91, "bearing": 217.7}}, {"type": "Feature", "geometry": {"type": "LineString", "coordinates": [[12.6473857, 56.4425471], [12.6473606, 56.442524]]}, "properties": {"t": "fall", "g": 12, "loop": null, "hole": 12, "slope_pct": 10.88, "bearing": 211.0}}, {"type": "Feature", "geometry": {"type": "LineString", "coordinates": [[12.6474343, 56.442548], [12.6474083, 56.4425252]]}, "properties": {"t": "fall", "g": 12, "loop": null, "hole": 12, "slope_pct": 9.75, "bearing": 212.2}}, {"type": "Feature", "geometry": {"type": "LineString", "coordinates": [[12.6474829, 56.442549], [12.6474798, 56.4425221]]}, "properties": {"t": "fall", "g": 12, "loop": null, "hole": 12, "slope_pct": 6.05, "bearing": 183.7}}, {"type": "Feature", "geometry": {"type": "LineString", "coordinates": [[12.6469984, 56.4425128], [12.6469614, 56.4425304]]}, "properties": {"t": "fall", "g": 12, "loop": null, "hole": 12, "slope_pct": 9.4, "bearing": 310.6}}, {"type": "Feature", "geometry": {"type": "LineString", "coordinates": [[12.647047, 56.4425137], [12.6470109, 56.4425318]]}, "properties": {"t": "fall", "g": 12, "loop": null, "hole": 12, "slope_pct": 5.37, "bearing": 312.2}}, {"type": "Feature", "geometry": {"type": "LineString", "coordinates": [[12.6470957, 56.4425147], [12.6470487, 56.442522]]}, "properties": {"t": "fall", "g": 12, "loop": null, "hole": 12, "slope_pct": 5.76, "bearing": 285.7}}, {"type": "Feature", "geometry": {"type": "LineString", "coordinates": [[12.6471443, 56.4425156], [12.6470956, 56.4425172]]}, "properties": {"t": "fall", "g": 12, "loop": null, "hole": 12, "slope_pct": 7.41, "bearing": 273.5}}, {"type": "Feature", "geometry": {"type": "LineString", "coordinates": [[12.6471929, 56.4425165], [12.6471441, 56.4425165]]}, "properties": {"t": "fall", "g": 12, "loop": null, "hole": 12, "slope_pct": 5.29, "bearing": 270.1}}, {"type": "Feature", "geometry": {"type": "LineString", "coordinates": [[12.6472415, 56.4425174], [12.647193, 56.44252]]}, "properties": {"t": "fall", "g": 12, "loop": null, "hole": 12, "slope_pct": 7.8, "bearing": 275.4}}, {"type": "Feature", "geometry": {"type": "LineString", "coordinates": [[12.6472901, 56.4425183], [12.6472464, 56.4425202]]}, "properties": {"t": "fall", "g": 12, "loop": null, "hole": 12, "slope_pct": 4.5, "bearing": 274.3}}, {"type": "Feature", "geometry": {"type": "LineString", "coordinates": [[12.6473388, 56.4425193], [12.6473009, 56.4425179]]}, "properties": {"t": "fall", "g": 12, "loop": null, "hole": 12, "slope_pct": 3.89, "bearing": 266.4}}, {"type": "Feature", "geometry": {"type": "LineString", "coordinates": [[12.6473874, 56.4425202], [12.6473515, 56.4425143]]}, "properties": {"t": "fall", "g": 12, "loop": null, "hole": 12, "slope_pct": 3.83, "bearing": 253.6}}, {"type": "Feature", "geometry": {"type": "LineString", "coordinates": [[12.647436, 56.4425211], [12.6473996, 56.4425032]]}, "properties": {"t": "fall", "g": 12, "loop": null, "hole": 12, "slope_pct": 5.57, "bearing": 228.3}}, {"type": "Feature", "geometry": {"type": "LineString", "coordinates": [[12.6474846, 56.442522], [12.6474656, 56.4424972]]}, "properties": {"t": "fall", "g": 12, "loop": null, "hole": 12, "slope_pct": 5.03, "bearing": 202.9}}, {"type": "Feature", "geometry": {"type": "LineString", "coordinates": [[12.6470001, 56.4424859], [12.6469525, 56.4424916]]}, "properties": {"t": "fall", "g": 12, "loop": null, "hole": 12, "slope_pct": 5.8, "bearing": 282.4}}, {"type": "Feature", "geometry": {"type": "LineString", "coordinates": [[12.6470487, 56.4424868], [12.6470186, 56.4424936]]}, "properties": {"t": "fall", "g": 12, "loop": null, "hole": 12, "slope_pct": 3.34, "bearing": 292.2}}, {"type": "Feature", "geometry": {"type": "LineString", "coordinates": [[12.6470973, 56.4424877], [12.6470495, 56.4424928]]}, "properties": {"t": "fall", "g": 12, "loop": null, "hole": 12, "slope_pct": 5.01, "bearing": 281.0}}, {"type": "Feature", "geometry": {"type": "LineString", "coordinates": [[12.6471459, 56.4424886], [12.6470976, 56.4424919]]}, "properties": {"t": "fall", "g": 12, "loop": null, "hole": 12, "slope_pct": 6.72, "bearing": 277.0}}, {"type": "Feature", "geometry": {"type": "LineString", "coordinates": [[12.6471946, 56.4424896], [12.6471461, 56.4424926]]}, "properties": {"t": "fall", "g": 12, "loop": null, "hole": 12, "slope_pct": 5.52, "bearing": 276.5}}, {"type": "Feature", "geometry": {"type": "LineString", "coordinates": [[12.6472432, 56.4424905], [12.6471946, 56.4424928]]}, "properties": {"t": "fall", "g": 12, "loop": null, "hole": 12, "slope_pct": 8.12, "bearing": 275.0}}, {"type": "Feature", "geometry": {"type": "LineString", "coordinates": [[12.6472918, 56.4424914], [12.6472506, 56.4424959]]}, "properties": {"t": "fall", "g": 12, "loop": null, "hole": 12, "slope_pct": 4.31, "bearing": 281.1}}, {"type": "Feature", "geometry": {"type": "LineString", "coordinates": [[12.6473404, 56.4424923], [12.6473055, 56.4424961]]}, "properties": {"t": "fall", "g": 12, "loop": null, "hole": 12, "slope_pct": 3.65, "bearing": 281.1}}, {"type": "Feature", "geometry": {"type": "LineString", "coordinates": [[12.647389, 56.4424933], [12.6473573, 56.4424961]]}, "properties": {"t": "fall", "g": 12, "loop": null, "hole": 12, "slope_pct": 3.3, "bearing": 279.3}}, {"type": "Feature", "geometry": {"type": "LineString", "coordinates": [[12.6474377, 56.4424942], [12.6474082, 56.4424981]]}, "properties": {"t": "fall", "g": 12, "loop": null, "hole": 12, "slope_pct": 3.1, "bearing": 283.4}}, {"type": "Feature", "geometry": {"type": "LineString", "coordinates": [[12.6474863, 56.4424951], [12.6474615, 56.4425017]]}, "properties": {"t": "fall", "g": 12, "loop": null, "hole": 12, "slope_pct": 2.82, "bearing": 295.7}}, {"type": "Feature", "geometry": {"type": "LineString", "coordinates": [[12.6470018, 56.442459], [12.6469543, 56.4424651]]}, "properties": {"t": "fall", "g": 12, "loop": null, "hole": 12, "slope_pct": 5.96, "bearing": 283.2}}, {"type": "Feature", "geometry": {"type": "LineString", "coordinates": [[12.6470504, 56.4424599], [12.6470229, 56.4424671]]}, "properties": {"t": "fall", "g": 12, "loop": null, "hole": 12, "slope_pct": 3.12, "bearing": 295.3}}, {"type": "Feature", "geometry": {"type": "LineString", "coordinates": [[12.647099, 56.4424608], [12.6470558, 56.4424657]]}, "properties": {"t": "fall", "g": 12, "loop": null, "hole": 12, "slope_pct": 4.52, "bearing": 281.5}}, {"type": "Feature", "geometry": {"type": "LineString", "coordinates": [[12.6471476, 56.4424617], [12.647099, 56.4424639]]}, "properties": {"t": "fall", "g": 12, "loop": null, "hole": 12, "slope_pct": 6.85, "bearing": 274.6}}, {"type": "Feature", "geometry": {"type": "LineString", "coordinates": [[12.6471962, 56.4424626], [12.6471477, 56.4424652]]}, "properties": {"t": "fall", "g": 12, "loop": null, "hole": 12, "slope_pct": 5.1, "bearing": 275.4}}, {"type": "Feature", "geometry": {"type": "LineString", "coordinates": [[12.6472448, 56.4424636], [12.6471961, 56.4424645]]}, "properties": {"t": "fall", "g": 12, "loop": null, "hole": 12, "slope_pct": 8.38, "bearing": 271.9}}, {"type": "Feature", "geometry": {"type": "LineString", "coordinates": [[12.6472935, 56.4424645], [12.6472508, 56.442469]]}, "properties": {"t": "fall", "g": 12, "loop": null, "hole": 12, "slope_pct": 4.46, "bearing": 280.8}}, {"type": "Feature", "geometry": {"type": "LineString", "coordinates": [[12.6473421, 56.4424654], [12.6473088, 56.4424689]]}, "properties": {"t": "fall", "g": 12, "loop": null, "hole": 12, "slope_pct": 3.48, "bearing": 280.9}}, {"type": "Feature", "geometry": {"type": "LineString", "coordinates": [[12.6473907, 56.4424663], [12.6473607, 56.442469]]}, "properties": {"t": "fall", "g": 12, "loop": null, "hole": 12, "slope_pct": 3.11, "bearing": 279.0}}, {"type": "Feature", "geometry": {"type": "LineString", "coordinates": [[12.6474393, 56.4424672], [12.6474032, 56.442471]]}, "properties": {"t": "fall", "g": 12, "loop": null, "hole": 12, "slope_pct": 3.77, "bearing": 280.7}}, {"type": "Feature", "geometry": {"type": "LineString", "coordinates": [[12.6474879, 56.4424682], [12.6474586, 56.4424749]]}, "properties": {"t": "fall", "g": 12, "loop": null, "hole": 12, "slope_pct": 3.26, "bearing": 292.4}}, {"type": "Feature", "geometry": {"type": "LineString", "coordinates": [[12.6470034, 56.442432], [12.6469548, 56.4424342]]}, "properties": {"t": "fall", "g": 12, "loop": null, "hole": 12, "slope_pct": 5.86, "bearing": 274.6}}, {"type": "Feature", "geometry": {"type": "LineString", "coordinates": [[12.647052, 56.4424329], [12.647023, 56.4424365]]}, "properties": {"t": "fall", "g": 12, "loop": null, "hole": 12, "slope_pct": 3.05, "bearing": 282.4}}, {"type": "Feature", "geometry": {"type": "LineString", "coordinates": [[12.6471007, 56.4424339], [12.6470658, 56.4424367]]}, "properties": {"t": "fall", "g": 12, "loop": null, "hole": 12, "slope_pct": 3.61, "bearing": 278.5}}, {"type": "Feature", "geometry": {"type": "LineString", "coordinates": [[12.6471493, 56.4424348], [12.6471006, 56.4424333]]}, "properties": {"t": "fall", "g": 12, "loop": null, "hole": 12, "slope_pct": 6.95, "bearing": 266.7}}, {"type": "Feature", "geometry": {"type": "LineString", "coordinates": [[12.6470537, 56.442406], [12.6470299, 56.442404]]}, "properties": {"t": "fall", "g": 12, "loop": null, "hole": 12, "slope_pct": 2.47, "bearing": 261.5}}, {"type": "Feature", "geometry": {"type": "LineString", "coordinates": [[12.6471023, 56.4424069], [12.6470706, 56.442402]]}, "properties": {"t": "fall", "g": 12, "loop": null, "hole": 12, "slope_pct": 3.38, "bearing": 254.2}}, {"type": "Feature", "geometry": {"type": "Point", "coordinates": [12.6472138, 56.4425015]}, "properties": {"t": "aim", "g": 12, "loop": null, "hole": 12, "aim_bearing": 278.0, "slope_median": 5.76, "slope_max": 21.44, "n_cells": 55}}, {"type": "Feature", "geometry": {"type": "LineString", "coordinates": [[12.645783, 56.4411776], [12.6457515, 56.441157]]}, "properties": {"t": "fall", "g": 13, "loop": null, "hole": 13, "slope_pct": 12.03, "bearing": 220.2}}, {"type": "Feature", "geometry": {"type": "LineString", "coordinates": [[12.6458316, 56.4411785], [12.6458319, 56.4411516]]}, "properties": {"t": "fall", "g": 13, "loop": null, "hole": 13, "slope_pct": 10.39, "bearing": 179.6}}, {"type": "Feature", "geometry": {"type": "LineString", "coordinates": [[12.6458802, 56.4411795], [12.6459149, 56.4411618]]}, "properties": {"t": "fall", "g": 13, "loop": null, "hole": 13, "slope_pct": 4.83, "bearing": 132.6}}, {"type": "Feature", "geometry": {"type": "LineString", "coordinates": [[12.6459289, 56.4411804], [12.6459451, 56.4412058]]}, "properties": {"t": "fall", "g": 13, "loop": null, "hole": 13, "slope_pct": 6.04, "bearing": 19.4}}, {"type": "Feature", "geometry": {"type": "LineString", "coordinates": [[12.6456874, 56.4411488], [12.6456776, 56.4411752]]}, "properties": {"t": "fall", "g": 13, "loop": null, "hole": 13, "slope_pct": 10.83, "bearing": 348.3}}, {"type": "Feature", "geometry": {"type": "LineString", "coordinates": [[12.6457361, 56.4411498], [12.6456873, 56.4411487]]}, "properties": {"t": "fall", "g": 13, "loop": null, "hole": 13, "slope_pct": 12.28, "bearing": 267.8}}, {"type": "Feature", "geometry": {"type": "LineString", "coordinates": [[12.6457847, 56.4411507], [12.6457412, 56.4411385]]}, "properties": {"t": "fall", "g": 13, "loop": null, "hole": 13, "slope_pct": 7.65, "bearing": 243.1}}, {"type": "Feature", "geometry": {"type": "LineString", "coordinates": [[12.6458333, 56.4411516], [12.6457938, 56.441147]]}, "properties": {"t": "fall", "g": 13, "loop": null, "hole": 13, "slope_pct": 4.14, "bearing": 258.0}}, {"type": "Feature", "geometry": {"type": "LineString", "coordinates": [[12.6458819, 56.4411525], [12.6458584, 56.4411605]]}, "properties": {"t": "fall", "g": 13, "loop": null, "hole": 13, "slope_pct": 2.83, "bearing": 301.6}}, {"type": "Feature", "geometry": {"type": "LineString", "coordinates": [[12.6459305, 56.4411535], [12.6459262, 56.4411687]]}, "properties": {"t": "fall", "g": 13, "loop": null, "hole": 13, "slope_pct": 2.86, "bearing": 351.0}}, {"type": "Feature", "geometry": {"type": "LineString", "coordinates": [[12.6459791, 56.4411544], [12.6460025, 56.4411737]]}, "properties": {"t": "fall", "g": 13, "loop": null, "hole": 13, "slope_pct": 4.32, "bearing": 33.7}}, {"type": "Feature", "geometry": {"type": "LineString", "coordinates": [[12.6456405, 56.441121], [12.6456817, 56.4411354]]}, "properties": {"t": "fall", "g": 13, "loop": null, "hole": 13, "slope_pct": 11.33, "bearing": 57.7}}, {"type": "Feature", "geometry": {"type": "LineString", "coordinates": [[12.6456891, 56.4411219], [12.6457004, 56.4411481]]}, "properties": {"t": "fall", "g": 13, "loop": null, "hole": 13, "slope_pct": 7.25, "bearing": 13.4}}, {"type": "Feature", "geometry": {"type": "LineString", "coordinates": [[12.6457377, 56.4411228], [12.6457005, 56.4411402]]}, "properties": {"t": "fall", "g": 13, "loop": null, "hole": 13, "slope_pct": 6.59, "bearing": 310.2}}, {"type": "Feature", "geometry": {"type": "LineString", "coordinates": [[12.6457863, 56.4411238], [12.645739, 56.4411303]]}, "properties": {"t": "fall", "g": 13, "loop": null, "hole": 13, "slope_pct": 7.25, "bearing": 284.1}}, {"type": "Feature", "geometry": {"type": "LineString", "coordinates": [[12.645835, 56.4411247], [12.6457875, 56.441131]]}, "properties": {"t": "fall", "g": 13, "loop": null, "hole": 13, "slope_pct": 5.06, "bearing": 283.5}}, {"type": "Feature", "geometry": {"type": "LineString", "coordinates": [[12.6458836, 56.4411256], [12.6458547, 56.4411287]]}, "properties": {"t": "fall", "g": 13, "loop": null, "hole": 13, "slope_pct": 3.02, "bearing": 280.9}}, {"type": "Feature", "geometry": {"type": "LineString", "coordinates": [[12.6459322, 56.4411265], [12.6459248, 56.44113]]}, "properties": {"t": "fall", "g": 13, "loop": null, "hole": 13, "slope_pct": 1.0, "bearing": 310.3}}, {"type": "Feature", "geometry": {"type": "LineString", "coordinates": [[12.6459808, 56.4411274], [12.6459912, 56.4411326]]}, "properties": {"t": "fall", "g": 13, "loop": null, "hole": 13, "slope_pct": 1.44, "bearing": 48.0}}, {"type": "Feature", "geometry": {"type": "LineString", "coordinates": [[12.6455935, 56.4410931], [12.645642, 56.4410902]]}, "properties": {"t": "fall", "g": 13, "loop": null, "hole": 13, "slope_pct": 9.1, "bearing": 96.3}}, {"type": "Feature", "geometry": {"type": "LineString", "coordinates": [[12.6456422, 56.4410941], [12.6456837, 56.4411082]]}, "properties": {"t": "fall", "g": 13, "loop": null, "hole": 13, "slope_pct": 7.38, "bearing": 58.4}}, {"type": "Feature", "geometry": {"type": "LineString", "coordinates": [[12.6456908, 56.441095], [12.6457041, 56.4411209]]}, "properties": {"t": "fall", "g": 13, "loop": null, "hole": 13, "slope_pct": 6.96, "bearing": 15.9}}, {"type": "Feature", "geometry": {"type": "LineString", "coordinates": [[12.6457394, 56.4410959], [12.645723, 56.4411187]]}, "properties": {"t": "fall", "g": 13, "loop": null, "hole": 13, "slope_pct": 4.56, "bearing": 338.4}}, {"type": "Feature", "geometry": {"type": "LineString", "coordinates": [[12.645788, 56.4410968], [12.6457411, 56.4411042]]}, "properties": {"t": "fall", "g": 13, "loop": null, "hole": 13, "slope_pct": 6.24, "bearing": 286.0}}, {"type": "Feature", "geometry": {"type": "LineString", "coordinates": [[12.6458366, 56.4410977], [12.6457968, 56.441102]]}, "properties": {"t": "fall", "g": 13, "loop": null, "hole": 13, "slope_pct": 4.15, "bearing": 280.8}}, {"type": "Feature", "geometry": {"type": "LineString", "coordinates": [[12.6458852, 56.4410987], [12.6458606, 56.4411025]]}, "properties": {"t": "fall", "g": 13, "loop": null, "hole": 13, "slope_pct": 2.62, "bearing": 285.8}}, {"type": "Feature", "geometry": {"type": "LineString", "coordinates": [[12.6459339, 56.4410996], [12.6459232, 56.4411005]]}, "properties": {"t": "fall", "g": 13, "loop": null, "hole": 13, "slope_pct": 1.1, "bearing": 279.0}}, {"type": "Feature", "geometry": {"type": "LineString", "coordinates": [[12.6459825, 56.4411005], [12.6459901, 56.441103]]}, "properties": {"t": "fall", "g": 13, "loop": null, "hole": 13, "slope_pct": 0.91, "bearing": 59.8}}, {"type": "Feature", "geometry": {"type": "LineString", "coordinates": [[12.6455952, 56.4410662], [12.6456192, 56.4410558]]}, "properties": {"t": "fall", "g": 13, "loop": null, "hole": 13, "slope_pct": 3.13, "bearing": 128.1}}, {"type": "Feature", "geometry": {"type": "LineString", "coordinates": [[12.6456438, 56.4410671], [12.6456605, 56.4410857]]}, "properties": {"t": "fall", "g": 13, "loop": null, "hole": 13, "slope_pct": 3.85, "bearing": 26.3}}, {"type": "Feature", "geometry": {"type": "LineString", "coordinates": [[12.6456924, 56.441068], [12.6457054, 56.441094]]}, "properties": {"t": "fall", "g": 13, "loop": null, "hole": 13, "slope_pct": 5.74, "bearing": 15.4}}, {"type": "Feature", "geometry": {"type": "LineString", "coordinates": [[12.6457411, 56.441069], [12.6457456, 56.4410958]]}, "properties": {"t": "fall", "g": 13, "loop": null, "hole": 13, "slope_pct": 5.67, "bearing": 5.3}}, {"type": "Feature", "geometry": {"type": "LineString", "coordinates": [[12.6457897, 56.4410699], [12.6457548, 56.4410874]]}, "properties": {"t": "fall", "g": 13, "loop": null, "hole": 13, "slope_pct": 4.84, "bearing": 312.3}}, {"type": "Feature", "geometry": {"type": "LineString", "coordinates": [[12.6458383, 56.4410708], [12.6457964, 56.4410842]]}, "properties": {"t": "fall", "g": 13, "loop": null, "hole": 13, "slope_pct": 4.96, "bearing": 300.0}}, {"type": "Feature", "geometry": {"type": "LineString", "coordinates": [[12.6458869, 56.4410717], [12.6458701, 56.4410817]]}, "properties": {"t": "fall", "g": 13, "loop": null, "hole": 13, "slope_pct": 2.53, "bearing": 317.0}}, {"type": "Feature", "geometry": {"type": "LineString", "coordinates": [[12.6459355, 56.4410727], [12.6459271, 56.4410803]]}, "properties": {"t": "fall", "g": 13, "loop": null, "hole": 13, "slope_pct": 1.65, "bearing": 328.7}}, {"type": "Feature", "geometry": {"type": "LineString", "coordinates": [[12.6459841, 56.4410736], [12.6459878, 56.4410817]]}, "properties": {"t": "fall", "g": 13, "loop": null, "hole": 13, "slope_pct": 1.55, "bearing": 14.0}}, {"type": "Feature", "geometry": {"type": "LineString", "coordinates": [[12.6455483, 56.4410384], [12.6455009, 56.4410448]]}, "properties": {"t": "fall", "g": 13, "loop": null, "hole": 13, "slope_pct": 5.57, "bearing": 283.8}}, {"type": "Feature", "geometry": {"type": "LineString", "coordinates": [[12.6455969, 56.4410393], [12.6455757, 56.4410432]]}, "properties": {"t": "fall", "g": 13, "loop": null, "hole": 13, "slope_pct": 2.28, "bearing": 288.4}}, {"type": "Feature", "geometry": {"type": "LineString", "coordinates": [[12.6456455, 56.4410402], [12.6456395, 56.4410537]]}, "properties": {"t": "fall", "g": 13, "loop": null, "hole": 13, "slope_pct": 2.57, "bearing": 346.2}}, {"type": "Feature", "geometry": {"type": "LineString", "coordinates": [[12.6456941, 56.4410411], [12.6456978, 56.4410615]]}, "properties": {"t": "fall", "g": 13, "loop": null, "hole": 13, "slope_pct": 3.8, "bearing": 5.7}}, {"type": "Feature", "geometry": {"type": "LineString", "coordinates": [[12.6457427, 56.441042], [12.6457518, 56.4410679]]}, "properties": {"t": "fall", "g": 13, "loop": null, "hole": 13, "slope_pct": 4.89, "bearing": 11.0}}, {"type": "Feature", "geometry": {"type": "LineString", "coordinates": [[12.6457913, 56.441043], [12.6457774, 56.4410615]]}, "properties": {"t": "fall", "g": 13, "loop": null, "hole": 13, "slope_pct": 3.73, "bearing": 337.4}}, {"type": "Feature", "geometry": {"type": "LineString", "coordinates": [[12.64584, 56.4410439], [12.6458056, 56.4410509]]}, "properties": {"t": "fall", "g": 13, "loop": null, "hole": 13, "slope_pct": 3.75, "bearing": 290.3}}, {"type": "Feature", "geometry": {"type": "LineString", "coordinates": [[12.6458886, 56.4410448], [12.6458755, 56.4410489]]}, "properties": {"t": "fall", "g": 13, "loop": null, "hole": 13, "slope_pct": 1.54, "bearing": 299.5}}, {"type": "Feature", "geometry": {"type": "LineString", "coordinates": [[12.6459372, 56.4410457], [12.6459268, 56.4410512]]}, "properties": {"t": "fall", "g": 13, "loop": null, "hole": 13, "slope_pct": 1.47, "bearing": 313.7}}, {"type": "Feature", "geometry": {"type": "LineString", "coordinates": [[12.6455985, 56.4410123], [12.6455706, 56.4410242]]}, "properties": {"t": "fall", "g": 13, "loop": null, "hole": 13, "slope_pct": 3.61, "bearing": 307.6}}, {"type": "Feature", "geometry": {"type": "LineString", "coordinates": [[12.6456472, 56.4410133], [12.6456316, 56.4410264]]}, "properties": {"t": "fall", "g": 13, "loop": null, "hole": 13, "slope_pct": 2.91, "bearing": 326.8}}, {"type": "Feature", "geometry": {"type": "LineString", "coordinates": [[12.6456958, 56.4410142], [12.6456918, 56.4410292]]}, "properties": {"t": "fall", "g": 13, "loop": null, "hole": 13, "slope_pct": 2.81, "bearing": 351.7}}, {"type": "Feature", "geometry": {"type": "LineString", "coordinates": [[12.6457444, 56.4410151], [12.6457507, 56.4410318]]}, "properties": {"t": "fall", "g": 13, "loop": null, "hole": 13, "slope_pct": 3.16, "bearing": 11.9}}, {"type": "Feature", "geometry": {"type": "LineString", "coordinates": [[12.645793, 56.441016], [12.6458075, 56.4410264]]}, "properties": {"t": "fall", "g": 13, "loop": null, "hole": 13, "slope_pct": 2.44, "bearing": 37.6}}, {"type": "Feature", "geometry": {"type": "LineString", "coordinates": [[12.6458416, 56.441017], [12.6458166, 56.4410186]]}, "properties": {"t": "fall", "g": 13, "loop": null, "hole": 13, "slope_pct": 2.59, "bearing": 276.7}}, {"type": "Feature", "geometry": {"type": "Point", "coordinates": [12.6457928, 56.4410904]}, "properties": {"t": "aim", "g": 13, "loop": null, "hole": 13, "aim_bearing": 328.3, "slope_median": 3.99, "slope_max": 12.28, "n_cells": 52}}, {"type": "Feature", "geometry": {"type": "LineString", "coordinates": [[12.6433327, 56.4396122], [12.6433071, 56.4396185]]}, "properties": {"t": "fall", "g": 14, "loop": null, "hole": 14, "slope_pct": 2.87, "bearing": 293.9}}, {"type": "Feature", "geometry": {"type": "LineString", "coordinates": [[12.6433813, 56.4396132], [12.6433671, 56.4396199]]}, "properties": {"t": "fall", "g": 14, "loop": null, "hole": 14, "slope_pct": 1.91, "bearing": 310.6}}, {"type": "Feature", "geometry": {"type": "LineString", "coordinates": [[12.6434299, 56.4396141], [12.6434247, 56.43962]]}, "properties": {"t": "fall", "g": 14, "loop": null, "hole": 14, "slope_pct": 1.22, "bearing": 334.2}}, {"type": "Feature", "geometry": {"type": "LineString", "coordinates": [[12.6434785, 56.439615], [12.6434771, 56.4396183]]}, "properties": {"t": "fall", "g": 14, "loop": null, "hole": 14, "slope_pct": 0.63, "bearing": 346.7}}, {"type": "Feature", "geometry": {"type": "LineString", "coordinates": [[12.6435271, 56.4396159], [12.6435383, 56.4396165]]}, "properties": {"t": "fall", "g": 14, "loop": null, "hole": 14, "slope_pct": 1.15, "bearing": 85.2}}, {"type": "Feature", "geometry": {"type": "LineString", "coordinates": [[12.6433343, 56.4395853], [12.6433167, 56.4396064]]}, "properties": {"t": "fall", "g": 14, "loop": null, "hole": 14, "slope_pct": 4.31, "bearing": 335.1}}, {"type": "Feature", "geometry": {"type": "LineString", "coordinates": [[12.643383, 56.4395862], [12.6433724, 56.4396039]]}, "properties": {"t": "fall", "g": 14, "loop": null, "hole": 14, "slope_pct": 3.46, "bearing": 341.7}}, {"type": "Feature", "geometry": {"type": "LineString", "coordinates": [[12.6434316, 56.4395872], [12.6434294, 56.4395999]]}, "properties": {"t": "fall", "g": 14, "loop": null, "hole": 14, "slope_pct": 2.38, "bearing": 354.6}}, {"type": "Feature", "geometry": {"type": "LineString", "coordinates": [[12.6434802, 56.4395881], [12.6434919, 56.4395984]]}, "properties": {"t": "fall", "g": 14, "loop": null, "hole": 14, "slope_pct": 2.26, "bearing": 32.0}}, {"type": "Feature", "geometry": {"type": "LineString", "coordinates": [[12.6435288, 56.439589], [12.6435446, 56.4395962]]}, "properties": {"t": "fall", "g": 14, "loop": null, "hole": 14, "slope_pct": 2.1, "bearing": 50.5}}, {"type": "Feature", "geometry": {"type": "LineString", "coordinates": [[12.6435774, 56.4395899], [12.6436062, 56.4395943]]}, "properties": {"t": "fall", "g": 14, "loop": null, "hole": 14, "slope_pct": 3.06, "bearing": 74.7}}, {"type": "Feature", "geometry": {"type": "LineString", "coordinates": [[12.6432874, 56.4395575], [12.6432817, 56.4395842]]}, "properties": {"t": "fall", "g": 14, "loop": null, "hole": 14, "slope_pct": 5.05, "bearing": 353.3}}, {"type": "Feature", "geometry": {"type": "LineString", "coordinates": [[12.643336, 56.4395584], [12.6433359, 56.4395839]]}, "properties": {"t": "fall", "g": 14, "loop": null, "hole": 14, "slope_pct": 4.74, "bearing": 359.8}}, {"type": "Feature", "geometry": {"type": "LineString", "coordinates": [[12.6433846, 56.4395593], [12.6433865, 56.4395736]]}, "properties": {"t": "fall", "g": 14, "loop": null, "hole": 14, "slope_pct": 2.66, "bearing": 4.1}}, {"type": "Feature", "geometry": {"type": "LineString", "coordinates": [[12.6434332, 56.4395602], [12.6434315, 56.4395729]]}, "properties": {"t": "fall", "g": 14, "loop": null, "hole": 14, "slope_pct": 2.35, "bearing": 355.7}}, {"type": "Feature", "geometry": {"type": "LineString", "coordinates": [[12.6434819, 56.4395612], [12.6434956, 56.4395752]]}, "properties": {"t": "fall", "g": 14, "loop": null, "hole": 14, "slope_pct": 2.96, "bearing": 28.4}}, {"type": "Feature", "geometry": {"type": "LineString", "coordinates": [[12.6435305, 56.4395621], [12.6435501, 56.4395731]]}, "properties": {"t": "fall", "g": 14, "loop": null, "hole": 14, "slope_pct": 2.86, "bearing": 44.6}}, {"type": "Feature", "geometry": {"type": "LineString", "coordinates": [[12.6432405, 56.4395296], [12.6432653, 56.4395528]]}, "properties": {"t": "fall", "g": 14, "loop": null, "hole": 14, "slope_pct": 9.05, "bearing": 30.6}}, {"type": "Feature", "geometry": {"type": "LineString", "coordinates": [[12.6432891, 56.4395305], [12.6433002, 56.4395568]]}, "properties": {"t": "fall", "g": 14, "loop": null, "hole": 14, "slope_pct": 5.68, "bearing": 13.2}}, {"type": "Feature", "geometry": {"type": "LineString", "coordinates": [[12.6433377, 56.4395315], [12.6433431, 56.4395531]]}, "properties": {"t": "fall", "g": 14, "loop": null, "hole": 14, "slope_pct": 4.05, "bearing": 7.9}}, {"type": "Feature", "geometry": {"type": "LineString", "coordinates": [[12.6433863, 56.4395324], [12.6433969, 56.4395553]]}, "properties": {"t": "fall", "g": 14, "loop": null, "hole": 14, "slope_pct": 4.39, "bearing": 14.3}}, {"type": "Feature", "geometry": {"type": "LineString", "coordinates": [[12.6434349, 56.4395333], [12.6434329, 56.4395531]]}, "properties": {"t": "fall", "g": 14, "loop": null, "hole": 14, "slope_pct": 3.67, "bearing": 356.8}}, {"type": "Feature", "geometry": {"type": "LineString", "coordinates": [[12.6434835, 56.4395342], [12.6435019, 56.4395501]]}, "properties": {"t": "fall", "g": 14, "loop": null, "hole": 14, "slope_pct": 3.49, "bearing": 32.7}}, {"type": "Feature", "geometry": {"type": "LineString", "coordinates": [[12.6435321, 56.4395351], [12.6435601, 56.4395468]]}, "properties": {"t": "fall", "g": 14, "loop": null, "hole": 14, "slope_pct": 3.59, "bearing": 52.9}}, {"type": "Feature", "geometry": {"type": "LineString", "coordinates": [[12.6432421, 56.4395027], [12.6432533, 56.4395289]]}, "properties": {"t": "fall", "g": 14, "loop": null, "hole": 14, "slope_pct": 6.24, "bearing": 13.3}}, {"type": "Feature", "geometry": {"type": "LineString", "coordinates": [[12.6432907, 56.4395036], [12.6433135, 56.4395274]]}, "properties": {"t": "fall", "g": 14, "loop": null, "hole": 14, "slope_pct": 8.09, "bearing": 27.9}}, {"type": "Feature", "geometry": {"type": "LineString", "coordinates": [[12.6433393, 56.4395045], [12.6433528, 56.4395304]]}, "properties": {"t": "fall", "g": 14, "loop": null, "hole": 14, "slope_pct": 5.16, "bearing": 16.1}}, {"type": "Feature", "geometry": {"type": "LineString", "coordinates": [[12.643388, 56.4395054], [12.6434004, 56.4395274]]}, "properties": {"t": "fall", "g": 14, "loop": null, "hole": 14, "slope_pct": 4.27, "bearing": 17.4}}, {"type": "Feature", "geometry": {"type": "LineString", "coordinates": [[12.6434366, 56.4395064], [12.643446, 56.4395249]]}, "properties": {"t": "fall", "g": 14, "loop": null, "hole": 14, "slope_pct": 3.57, "bearing": 15.8}}, {"type": "Feature", "geometry": {"type": "LineString", "coordinates": [[12.6434852, 56.4395073], [12.6435085, 56.4395201]]}, "properties": {"t": "fall", "g": 14, "loop": null, "hole": 14, "slope_pct": 3.38, "bearing": 45.1}}, {"type": "Feature", "geometry": {"type": "LineString", "coordinates": [[12.6435338, 56.4395082], [12.6435659, 56.4395199]]}, "properties": {"t": "fall", "g": 14, "loop": null, "hole": 14, "slope_pct": 3.94, "bearing": 56.7}}, {"type": "Feature", "geometry": {"type": "LineString", "coordinates": [[12.6432438, 56.4394757], [12.6432479, 56.4394922]]}, "properties": {"t": "fall", "g": 14, "loop": null, "hole": 14, "slope_pct": 3.08, "bearing": 7.8}}, {"type": "Feature", "geometry": {"type": "LineString", "coordinates": [[12.6432924, 56.4394767], [12.6433176, 56.4394998]]}, "properties": {"t": "fall", "g": 14, "loop": null, "hole": 14, "slope_pct": 5.25, "bearing": 31.1}}, {"type": "Feature", "geometry": {"type": "LineString", "coordinates": [[12.643341, 56.4394776], [12.6433649, 56.4395011]]}, "properties": {"t": "fall", "g": 14, "loop": null, "hole": 14, "slope_pct": 6.62, "bearing": 29.4}}, {"type": "Feature", "geometry": {"type": "LineString", "coordinates": [[12.6433896, 56.4394785], [12.6434071, 56.4395018]]}, "properties": {"t": "fall", "g": 14, "loop": null, "hole": 14, "slope_pct": 4.68, "bearing": 22.6}}, {"type": "Feature", "geometry": {"type": "LineString", "coordinates": [[12.6434382, 56.4394794], [12.6434566, 56.4394976]]}, "properties": {"t": "fall", "g": 14, "loop": null, "hole": 14, "slope_pct": 3.87, "bearing": 29.2}}, {"type": "Feature", "geometry": {"type": "LineString", "coordinates": [[12.6434869, 56.4394804], [12.643515, 56.4394969]]}, "properties": {"t": "fall", "g": 14, "loop": null, "hole": 14, "slope_pct": 4.21, "bearing": 43.3}}, {"type": "Feature", "geometry": {"type": "LineString", "coordinates": [[12.6435355, 56.4394813], [12.6435664, 56.4394981]]}, "properties": {"t": "fall", "g": 14, "loop": null, "hole": 14, "slope_pct": 4.45, "bearing": 45.4}}, {"type": "Feature", "geometry": {"type": "LineString", "coordinates": [[12.6432455, 56.4394488], [12.6432459, 56.439458]]}, "properties": {"t": "fall", "g": 14, "loop": null, "hole": 14, "slope_pct": 1.7, "bearing": 1.5}}, {"type": "Feature", "geometry": {"type": "LineString", "coordinates": [[12.6432941, 56.4394497], [12.6433014, 56.439464]]}, "properties": {"t": "fall", "g": 14, "loop": null, "hole": 14, "slope_pct": 2.76, "bearing": 15.9}}, {"type": "Feature", "geometry": {"type": "LineString", "coordinates": [[12.6433427, 56.4394507], [12.6433662, 56.4394733]]}, "properties": {"t": "fall", "g": 14, "loop": null, "hole": 14, "slope_pct": 4.84, "bearing": 29.9}}, {"type": "Feature", "geometry": {"type": "LineString", "coordinates": [[12.6433913, 56.4394516], [12.6434186, 56.4394739]]}, "properties": {"t": "fall", "g": 14, "loop": null, "hole": 14, "slope_pct": 5.87, "bearing": 34.0}}, {"type": "Feature", "geometry": {"type": "LineString", "coordinates": [[12.6434399, 56.4394525], [12.6434678, 56.4394705]]}, "properties": {"t": "fall", "g": 14, "loop": null, "hole": 14, "slope_pct": 4.39, "bearing": 40.6}}, {"type": "Feature", "geometry": {"type": "LineString", "coordinates": [[12.6434885, 56.4394534], [12.6435176, 56.4394672]]}, "properties": {"t": "fall", "g": 14, "loop": null, "hole": 14, "slope_pct": 3.93, "bearing": 49.4}}, {"type": "Feature", "geometry": {"type": "LineString", "coordinates": [[12.6433443, 56.4394237], [12.643352, 56.4394368]]}, "properties": {"t": "fall", "g": 14, "loop": null, "hole": 14, "slope_pct": 2.56, "bearing": 17.9}}, {"type": "Feature", "geometry": {"type": "LineString", "coordinates": [[12.643393, 56.4394247], [12.6434242, 56.4394449]]}, "properties": {"t": "fall", "g": 14, "loop": null, "hole": 14, "slope_pct": 4.94, "bearing": 40.4}}, {"type": "Feature", "geometry": {"type": "LineString", "coordinates": [[12.6434416, 56.4394256], [12.6434697, 56.4394476]]}, "properties": {"t": "fall", "g": 14, "loop": null, "hole": 14, "slope_pct": 5.91, "bearing": 35.3}}, {"type": "Feature", "geometry": {"type": "LineString", "coordinates": [[12.6434902, 56.4394265], [12.6435255, 56.4394451]]}, "properties": {"t": "fall", "g": 14, "loop": null, "hole": 14, "slope_pct": 5.76, "bearing": 46.4}}, {"type": "Feature", "geometry": {"type": "LineString", "coordinates": [[12.6433946, 56.4393977], [12.6434052, 56.439409]]}, "properties": {"t": "fall", "g": 14, "loop": null, "hole": 14, "slope_pct": 2.35, "bearing": 27.4}}, {"type": "Feature", "geometry": {"type": "LineString", "coordinates": [[12.6434432, 56.4393986], [12.6434557, 56.4394247]]}, "properties": {"t": "fall", "g": 14, "loop": null, "hole": 14, "slope_pct": 5.31, "bearing": 14.8}}, {"type": "Feature", "geometry": {"type": "Point", "coordinates": [12.6434009, 56.4395154]}, "properties": {"t": "aim", "g": 14, "loop": null, "hole": 14, "aim_bearing": 23.1, "slope_median": 3.9, "slope_max": 9.05, "n_cells": 50}}, {"type": "Feature", "geometry": {"type": "LineString", "coordinates": [[12.6489954, 56.4419665], [12.6489494, 56.4419755]]}, "properties": {"t": "fall", "g": 15, "loop": null, "hole": 15, "slope_pct": 13.71, "bearing": 289.4}}, {"type": "Feature", "geometry": {"type": "LineString", "coordinates": [[12.649044, 56.4419674], [12.6489971, 56.44196]]}, "properties": {"t": "fall", "g": 15, "loop": null, "hole": 15, "slope_pct": 5.73, "bearing": 254.0}}, {"type": "Feature", "geometry": {"type": "LineString", "coordinates": [[12.6490926, 56.4419683], [12.6490729, 56.4419595]]}, "properties": {"t": "fall", "g": 15, "loop": null, "hole": 15, "slope_pct": 2.61, "bearing": 231.0}}, {"type": "Feature", "geometry": {"type": "LineString", "coordinates": [[12.6491413, 56.4419693], [12.649186, 56.4419799]]}, "properties": {"t": "fall", "g": 15, "loop": null, "hole": 15, "slope_pct": 8.74, "bearing": 66.7}}, {"type": "Feature", "geometry": {"type": "LineString", "coordinates": [[12.6489484, 56.4419387], [12.6489107, 56.4419557]]}, "properties": {"t": "fall", "g": 15, "loop": null, "hole": 15, "slope_pct": 16.48, "bearing": 309.3}}, {"type": "Feature", "geometry": {"type": "LineString", "coordinates": [[12.6489971, 56.4419396], [12.6489631, 56.4419397]]}, "properties": {"t": "fall", "g": 15, "loop": null, "hole": 15, "slope_pct": 3.48, "bearing": 270.3}}, {"type": "Feature", "geometry": {"type": "LineString", "coordinates": [[12.6490457, 56.4419405], [12.6490193, 56.4419239]]}, "properties": {"t": "fall", "g": 15, "loop": null, "hole": 15, "slope_pct": 4.09, "bearing": 221.3}}, {"type": "Feature", "geometry": {"type": "LineString", "coordinates": [[12.6490943, 56.4419414], [12.6490665, 56.4419202]]}, "properties": {"t": "fall", "g": 15, "loop": null, "hole": 15, "slope_pct": 4.85, "bearing": 215.9}}, {"type": "Feature", "geometry": {"type": "LineString", "coordinates": [[12.6489015, 56.4419108], [12.6488687, 56.4419307]]}, "properties": {"t": "fall", "g": 15, "loop": null, "hole": 15, "slope_pct": 15.19, "bearing": 317.7}}, {"type": "Feature", "geometry": {"type": "LineString", "coordinates": [[12.6489501, 56.4419117], [12.6489274, 56.4419204]]}, "properties": {"t": "fall", "g": 15, "loop": null, "hole": 15, "slope_pct": 2.83, "bearing": 304.7}}, {"type": "Feature", "geometry": {"type": "LineString", "coordinates": [[12.6489987, 56.4419126], [12.6489836, 56.4419098]]}, "properties": {"t": "fall", "g": 15, "loop": null, "hole": 15, "slope_pct": 1.64, "bearing": 251.0}}, {"type": "Feature", "geometry": {"type": "LineString", "coordinates": [[12.6490473, 56.4419136], [12.6490266, 56.4419121]]}, "properties": {"t": "fall", "g": 15, "loop": null, "hole": 15, "slope_pct": 2.14, "bearing": 262.5}}, {"type": "Feature", "geometry": {"type": "LineString", "coordinates": [[12.649096, 56.4419145], [12.6490543, 56.4419166]]}, "properties": {"t": "fall", "g": 15, "loop": null, "hole": 15, "slope_pct": 4.29, "bearing": 275.3}}, {"type": "Feature", "geometry": {"type": "LineString", "coordinates": [[12.6491446, 56.4419154], [12.6491214, 56.4419212]]}, "properties": {"t": "fall", "g": 15, "loop": null, "hole": 15, "slope_pct": 2.61, "bearing": 294.3}}, {"type": "Feature", "geometry": {"type": "LineString", "coordinates": [[12.6488545, 56.4418829], [12.6488242, 56.441904]]}, "properties": {"t": "fall", "g": 15, "loop": null, "hole": 15, "slope_pct": 14.73, "bearing": 321.5}}, {"type": "Feature", "geometry": {"type": "LineString", "coordinates": [[12.6489032, 56.4418839], [12.6488948, 56.4419022]]}, "properties": {"t": "fall", "g": 15, "loop": null, "hole": 15, "slope_pct": 3.5, "bearing": 345.8}}, {"type": "Feature", "geometry": {"type": "LineString", "coordinates": [[12.6489518, 56.4418848], [12.6489504, 56.4418891]]}, "properties": {"t": "fall", "g": 15, "loop": null, "hole": 15, "slope_pct": 0.81, "bearing": 350.2}}, {"type": "Feature", "geometry": {"type": "LineString", "coordinates": [[12.6490004, 56.4418857], [12.6489853, 56.4418875]]}, "properties": {"t": "fall", "g": 15, "loop": null, "hole": 15, "slope_pct": 1.58, "bearing": 282.3}}, {"type": "Feature", "geometry": {"type": "LineString", "coordinates": [[12.649049, 56.4418866], [12.6490246, 56.4418894]]}, "properties": {"t": "fall", "g": 15, "loop": null, "hole": 15, "slope_pct": 2.56, "bearing": 281.5}}, {"type": "Feature", "geometry": {"type": "LineString", "coordinates": [[12.6490976, 56.4418876], [12.6490509, 56.4418953]]}, "properties": {"t": "fall", "g": 15, "loop": null, "hole": 15, "slope_pct": 5.26, "bearing": 286.7}}, {"type": "Feature", "geometry": {"type": "LineString", "coordinates": [[12.6491462, 56.4418885], [12.6491321, 56.4418887]]}, "properties": {"t": "fall", "g": 15, "loop": null, "hole": 15, "slope_pct": 1.46, "bearing": 271.9}}, {"type": "Feature", "geometry": {"type": "LineString", "coordinates": [[12.6491949, 56.4418894], [12.6491901, 56.441883]]}, "properties": {"t": "fall", "g": 15, "loop": null, "hole": 15, "slope_pct": 1.28, "bearing": 202.3}}, {"type": "Feature", "geometry": {"type": "LineString", "coordinates": [[12.6488562, 56.441856], [12.6488168, 56.4418719]]}, "properties": {"t": "fall", "g": 15, "loop": null, "hole": 15, "slope_pct": 5.0, "bearing": 306.0}}, {"type": "Feature", "geometry": {"type": "LineString", "coordinates": [[12.6489048, 56.4418569], [12.6489121, 56.441875]]}, "properties": {"t": "fall", "g": 15, "loop": null, "hole": 15, "slope_pct": 3.44, "bearing": 12.5}}, {"type": "Feature", "geometry": {"type": "LineString", "coordinates": [[12.6489534, 56.4418579], [12.6489718, 56.4418728]]}, "properties": {"t": "fall", "g": 15, "loop": null, "hole": 15, "slope_pct": 3.35, "bearing": 34.2}}, {"type": "Feature", "geometry": {"type": "LineString", "coordinates": [[12.6490021, 56.4418588], [12.6489919, 56.4418643]]}, "properties": {"t": "fall", "g": 15, "loop": null, "hole": 15, "slope_pct": 1.46, "bearing": 314.3}}, {"type": "Feature", "geometry": {"type": "LineString", "coordinates": [[12.6490507, 56.4418597], [12.6490058, 56.4418703]]}, "properties": {"t": "fall", "g": 15, "loop": null, "hole": 15, "slope_pct": 5.02, "bearing": 293.1}}, {"type": "Feature", "geometry": {"type": "LineString", "coordinates": [[12.6490993, 56.4418606], [12.6490709, 56.4418688]]}, "properties": {"t": "fall", "g": 15, "loop": null, "hole": 15, "slope_pct": 3.28, "bearing": 297.4}}, {"type": "Feature", "geometry": {"type": "LineString", "coordinates": [[12.6491479, 56.4418615], [12.6491434, 56.4418571]]}, "properties": {"t": "fall", "g": 15, "loop": null, "hole": 15, "slope_pct": 0.94, "bearing": 209.2}}, {"type": "Feature", "geometry": {"type": "LineString", "coordinates": [[12.6491965, 56.4418625], [12.649204, 56.4418568]]}, "properties": {"t": "fall", "g": 15, "loop": null, "hole": 15, "slope_pct": 1.3, "bearing": 143.9}}, {"type": "Feature", "geometry": {"type": "LineString", "coordinates": [[12.6488579, 56.4418291], [12.6488301, 56.4418316]]}, "properties": {"t": "fall", "g": 15, "loop": null, "hole": 15, "slope_pct": 2.88, "bearing": 279.2}}, {"type": "Feature", "geometry": {"type": "LineString", "coordinates": [[12.6489065, 56.44183], [12.6488977, 56.441829]]}, "properties": {"t": "fall", "g": 15, "loop": null, "hole": 15, "slope_pct": 0.93, "bearing": 257.9}}, {"type": "Feature", "geometry": {"type": "LineString", "coordinates": [[12.6489551, 56.4418309], [12.6489625, 56.4418432]]}, "properties": {"t": "fall", "g": 15, "loop": null, "hole": 15, "slope_pct": 2.4, "bearing": 18.4}}, {"type": "Feature", "geometry": {"type": "LineString", "coordinates": [[12.6490037, 56.4418319], [12.6490123, 56.4418499]]}, "properties": {"t": "fall", "g": 15, "loop": null, "hole": 15, "slope_pct": 3.47, "bearing": 14.7}}, {"type": "Feature", "geometry": {"type": "LineString", "coordinates": [[12.6490523, 56.4418328], [12.649011, 56.4418392]]}, "properties": {"t": "fall", "g": 15, "loop": null, "hole": 15, "slope_pct": 4.4, "bearing": 285.6}}, {"type": "Feature", "geometry": {"type": "LineString", "coordinates": [[12.649101, 56.4418337], [12.6490884, 56.441828]]}, "properties": {"t": "fall", "g": 15, "loop": null, "hole": 15, "slope_pct": 1.67, "bearing": 230.7}}, {"type": "Feature", "geometry": {"type": "LineString", "coordinates": [[12.6491496, 56.4418346], [12.6491524, 56.4418294]]}, "properties": {"t": "fall", "g": 15, "loop": null, "hole": 15, "slope_pct": 1.01, "bearing": 163.1}}, {"type": "Feature", "geometry": {"type": "LineString", "coordinates": [[12.6491982, 56.4418355], [12.6492065, 56.4418275]]}, "properties": {"t": "fall", "g": 15, "loop": null, "hole": 15, "slope_pct": 1.72, "bearing": 150.3}}, {"type": "Feature", "geometry": {"type": "LineString", "coordinates": [[12.6488595, 56.4418022], [12.6488428, 56.4418027]]}, "properties": {"t": "fall", "g": 15, "loop": null, "hole": 15, "slope_pct": 1.72, "bearing": 273.2}}, {"type": "Feature", "geometry": {"type": "LineString", "coordinates": [[12.6489081, 56.4418031], [12.6489025, 56.4418011]]}, "properties": {"t": "fall", "g": 15, "loop": null, "hole": 15, "slope_pct": 0.69, "bearing": 237.6}}, {"type": "Feature", "geometry": {"type": "LineString", "coordinates": [[12.6489568, 56.441804], [12.6489507, 56.4418005]]}, "properties": {"t": "fall", "g": 15, "loop": null, "hole": 15, "slope_pct": 0.9, "bearing": 223.5}}, {"type": "Feature", "geometry": {"type": "LineString", "coordinates": [[12.649054, 56.4418058], [12.6490383, 56.4418066]]}, "properties": {"t": "fall", "g": 15, "loop": null, "hole": 15, "slope_pct": 1.61, "bearing": 275.0}}, {"type": "Feature", "geometry": {"type": "LineString", "coordinates": [[12.6491026, 56.4418068], [12.6490964, 56.4418031]]}, "properties": {"t": "fall", "g": 15, "loop": null, "hole": 15, "slope_pct": 0.92, "bearing": 223.3}}, {"type": "Feature", "geometry": {"type": "LineString", "coordinates": [[12.6491512, 56.4418077], [12.6491534, 56.4418035]]}, "properties": {"t": "fall", "g": 15, "loop": null, "hole": 15, "slope_pct": 0.8, "bearing": 163.6}}, {"type": "Feature", "geometry": {"type": "LineString", "coordinates": [[12.6488612, 56.4417752], [12.6488528, 56.4417731]]}, "properties": {"t": "fall", "g": 15, "loop": null, "hole": 15, "slope_pct": 0.94, "bearing": 245.8}}, {"type": "Feature", "geometry": {"type": "LineString", "coordinates": [[12.6489098, 56.4417761], [12.6489047, 56.4417722]]}, "properties": {"t": "fall", "g": 15, "loop": null, "hole": 15, "slope_pct": 0.91, "bearing": 215.5}}, {"type": "Feature", "geometry": {"type": "LineString", "coordinates": [[12.6489584, 56.4417771], [12.6489558, 56.4417726]]}, "properties": {"t": "fall", "g": 15, "loop": null, "hole": 15, "slope_pct": 0.87, "bearing": 198.1}}, {"type": "Feature", "geometry": {"type": "LineString", "coordinates": [[12.649007, 56.441778], [12.6489965, 56.4417757]]}, "properties": {"t": "fall", "g": 15, "loop": null, "hole": 15, "slope_pct": 1.16, "bearing": 248.3}}, {"type": "Feature", "geometry": {"type": "LineString", "coordinates": [[12.6490557, 56.4417789], [12.6490452, 56.4417766]]}, "properties": {"t": "fall", "g": 15, "loop": null, "hole": 15, "slope_pct": 1.15, "bearing": 248.5}}, {"type": "Feature", "geometry": {"type": "LineString", "coordinates": [[12.6491043, 56.4417798], [12.6490985, 56.4417763]]}, "properties": {"t": "fall", "g": 15, "loop": null, "hole": 15, "slope_pct": 0.88, "bearing": 222.2}}, {"type": "Feature", "geometry": {"type": "LineString", "coordinates": [[12.6489115, 56.4417492], [12.6489044, 56.4417425]]}, "properties": {"t": "fall", "g": 15, "loop": null, "hole": 15, "slope_pct": 1.44, "bearing": 210.4}}, {"type": "Feature", "geometry": {"type": "LineString", "coordinates": [[12.6489601, 56.4417501], [12.6489534, 56.4417469]]}, "properties": {"t": "fall", "g": 15, "loop": null, "hole": 15, "slope_pct": 0.9, "bearing": 229.0}}, {"type": "Feature", "geometry": {"type": "LineString", "coordinates": [[12.6490087, 56.4417511], [12.6489957, 56.4417503]]}, "properties": {"t": "fall", "g": 15, "loop": null, "hole": 15, "slope_pct": 1.34, "bearing": 263.7}}, {"type": "Feature", "geometry": {"type": "LineString", "coordinates": [[12.6490573, 56.441752], [12.6490514, 56.4417478]]}, "properties": {"t": "fall", "g": 15, "loop": null, "hole": 15, "slope_pct": 0.99, "bearing": 218.2}}, {"type": "Feature", "geometry": {"type": "LineString", "coordinates": [[12.6491059, 56.4417529], [12.6491018, 56.4417469]]}, "properties": {"t": "fall", "g": 15, "loop": null, "hole": 15, "slope_pct": 1.2, "bearing": 200.8}}, {"type": "Feature", "geometry": {"type": "LineString", "coordinates": [[12.6489618, 56.4417232], [12.6489452, 56.4417175]]}, "properties": {"t": "fall", "g": 15, "loop": null, "hole": 15, "slope_pct": 1.99, "bearing": 238.1}}, {"type": "Feature", "geometry": {"type": "LineString", "coordinates": [[12.6490104, 56.4417241], [12.6490026, 56.4417199]]}, "properties": {"t": "fall", "g": 15, "loop": null, "hole": 15, "slope_pct": 1.12, "bearing": 225.7}}, {"type": "Feature", "geometry": {"type": "Point", "coordinates": [12.6490172, 56.441853]}, "properties": {"t": "aim", "g": 15, "loop": null, "hole": 15, "aim_bearing": 291.1, "slope_median": 1.67, "slope_max": 16.48, "n_cells": 59}}, {"type": "Feature", "geometry": {"type": "LineString", "coordinates": [[12.6493982, 56.4417495], [12.6493512, 56.4417566]]}, "properties": {"t": "fall", "g": 17, "loop": null, "hole": 17, "slope_pct": 6.07, "bearing": 285.5}}, {"type": "Feature", "geometry": {"type": "LineString", "coordinates": [[12.6494468, 56.4417504], [12.6494586, 56.4417578]]}, "properties": {"t": "fall", "g": 17, "loop": null, "hole": 17, "slope_pct": 1.84, "bearing": 41.3}}, {"type": "Feature", "geometry": {"type": "LineString", "coordinates": [[12.6494954, 56.4417513], [12.6495026, 56.4417594]]}, "properties": {"t": "fall", "g": 17, "loop": null, "hole": 17, "slope_pct": 1.67, "bearing": 26.2}}, {"type": "Feature", "geometry": {"type": "LineString", "coordinates": [[12.6495441, 56.4417522], [12.6494977, 56.4417438]]}, "properties": {"t": "fall", "g": 17, "loop": null, "hole": 17, "slope_pct": 5.76, "bearing": 251.8}}, {"type": "Feature", "geometry": {"type": "LineString", "coordinates": [[12.6495927, 56.4417531], [12.6495743, 56.4417282]]}, "properties": {"t": "fall", "g": 17, "loop": null, "hole": 17, "slope_pct": 9.4, "bearing": 202.1}}, {"type": "Feature", "geometry": {"type": "LineString", "coordinates": [[12.6493512, 56.4417216], [12.6493073, 56.4417332]]}, "properties": {"t": "fall", "g": 17, "loop": null, "hole": 17, "slope_pct": 16.3, "bearing": 295.5}}, {"type": "Feature", "geometry": {"type": "LineString", "coordinates": [[12.6493999, 56.4417225], [12.6493608, 56.4417213]]}, "properties": {"t": "fall", "g": 17, "loop": null, "hole": 17, "slope_pct": 4.01, "bearing": 266.6}}, {"type": "Feature", "geometry": {"type": "LineString", "coordinates": [[12.6494485, 56.4417234], [12.6494594, 56.4417214]]}, "properties": {"t": "fall", "g": 17, "loop": null, "hole": 17, "slope_pct": 1.19, "bearing": 108.8}}, {"type": "Feature", "geometry": {"type": "LineString", "coordinates": [[12.6494971, 56.4417244], [12.6495077, 56.4417227]]}, "properties": {"t": "fall", "g": 17, "loop": null, "hole": 17, "slope_pct": 1.13, "bearing": 105.5}}, {"type": "Feature", "geometry": {"type": "LineString", "coordinates": [[12.6495457, 56.4417253], [12.6495498, 56.4417194]]}, "properties": {"t": "fall", "g": 17, "loop": null, "hole": 17, "slope_pct": 1.17, "bearing": 158.8}}, {"type": "Feature", "geometry": {"type": "LineString", "coordinates": [[12.6495943, 56.4417262], [12.6496035, 56.4416997]]}, "properties": {"t": "fall", "g": 17, "loop": null, "hole": 17, "slope_pct": 5.18, "bearing": 169.2}}, {"type": "Feature", "geometry": {"type": "LineString", "coordinates": [[12.6496429, 56.4417271], [12.6496823, 56.4417112]]}, "properties": {"t": "fall", "g": 17, "loop": null, "hole": 17, "slope_pct": 12.56, "bearing": 126.2}}, {"type": "Feature", "geometry": {"type": "LineString", "coordinates": [[12.6496916, 56.4417281], [12.6497403, 56.4417269]]}, "properties": {"t": "fall", "g": 17, "loop": null, "hole": 17, "slope_pct": 16.44, "bearing": 92.5}}, {"type": "Feature", "geometry": {"type": "LineString", "coordinates": [[12.6493529, 56.4416947], [12.6493219, 56.4417155]]}, "properties": {"t": "fall", "g": 17, "loop": null, "hole": 17, "slope_pct": 7.36, "bearing": 320.5}}, {"type": "Feature", "geometry": {"type": "LineString", "coordinates": [[12.6494015, 56.4416956], [12.6493815, 56.4417018]]}, "properties": {"t": "fall", "g": 17, "loop": null, "hole": 17, "slope_pct": 2.36, "bearing": 299.3}}, {"type": "Feature", "geometry": {"type": "LineString", "coordinates": [[12.6494501, 56.4416965], [12.6494616, 56.441697]]}, "properties": {"t": "fall", "g": 17, "loop": null, "hole": 17, "slope_pct": 1.18, "bearing": 85.5}}, {"type": "Feature", "geometry": {"type": "LineString", "coordinates": [[12.6494988, 56.4416974], [12.6495078, 56.4416966]]}, "properties": {"t": "fall", "g": 17, "loop": null, "hole": 17, "slope_pct": 0.94, "bearing": 100.0}}, {"type": "Feature", "geometry": {"type": "LineString", "coordinates": [[12.6495474, 56.4416984], [12.64956, 56.4416964]]}, "properties": {"t": "fall", "g": 17, "loop": null, "hole": 17, "slope_pct": 1.34, "bearing": 105.7}}, {"type": "Feature", "geometry": {"type": "LineString", "coordinates": [[12.649596, 56.4416993], [12.6496215, 56.441698]]}, "properties": {"t": "fall", "g": 17, "loop": null, "hole": 17, "slope_pct": 2.62, "bearing": 95.2}}, {"type": "Feature", "geometry": {"type": "LineString", "coordinates": [[12.6496446, 56.4417002], [12.6496934, 56.4416998]]}, "properties": {"t": "fall", "g": 17, "loop": null, "hole": 17, "slope_pct": 8.81, "bearing": 90.9}}, {"type": "Feature", "geometry": {"type": "LineString", "coordinates": [[12.6496932, 56.4417011], [12.6497275, 56.4417203]]}, "properties": {"t": "fall", "g": 17, "loop": null, "hole": 17, "slope_pct": 7.41, "bearing": 44.7}}, {"type": "Feature", "geometry": {"type": "LineString", "coordinates": [[12.6493546, 56.4416677], [12.6493378, 56.4416727]]}, "properties": {"t": "fall", "g": 17, "loop": null, "hole": 17, "slope_pct": 1.95, "bearing": 298.1}}, {"type": "Feature", "geometry": {"type": "LineString", "coordinates": [[12.6494032, 56.4416687], [12.6494018, 56.4416652]]}, "properties": {"t": "fall", "g": 17, "loop": null, "hole": 17, "slope_pct": 0.65, "bearing": 192.4}}, {"type": "Feature", "geometry": {"type": "LineString", "coordinates": [[12.6494518, 56.4416696], [12.6494637, 56.4416659]]}, "properties": {"t": "fall", "g": 17, "loop": null, "hole": 17, "slope_pct": 1.4, "bearing": 119.5}}, {"type": "Feature", "geometry": {"type": "LineString", "coordinates": [[12.6495004, 56.4416705], [12.6495087, 56.4416676]]}, "properties": {"t": "fall", "g": 17, "loop": null, "hole": 17, "slope_pct": 1.01, "bearing": 122.4}}, {"type": "Feature", "geometry": {"type": "LineString", "coordinates": [[12.649549, 56.4416714], [12.6495661, 56.4416684]]}, "properties": {"t": "fall", "g": 17, "loop": null, "hole": 17, "slope_pct": 1.83, "bearing": 107.6}}, {"type": "Feature", "geometry": {"type": "LineString", "coordinates": [[12.6495977, 56.4416723], [12.6496233, 56.4416671]]}, "properties": {"t": "fall", "g": 17, "loop": null, "hole": 17, "slope_pct": 2.8, "bearing": 110.2}}, {"type": "Feature", "geometry": {"type": "LineString", "coordinates": [[12.6496463, 56.4416733], [12.6496949, 56.4416714]]}, "properties": {"t": "fall", "g": 17, "loop": null, "hole": 17, "slope_pct": 6.49, "bearing": 94.0}}, {"type": "Feature", "geometry": {"type": "LineString", "coordinates": [[12.6496949, 56.4416742], [12.6497033, 56.4416872]]}, "properties": {"t": "fall", "g": 17, "loop": null, "hole": 17, "slope_pct": 2.56, "bearing": 19.6}}, {"type": "Feature", "geometry": {"type": "LineString", "coordinates": [[12.6497435, 56.4416751], [12.6497615, 56.4417002]]}, "properties": {"t": "fall", "g": 17, "loop": null, "hole": 17, "slope_pct": 6.24, "bearing": 21.7}}, {"type": "Feature", "geometry": {"type": "LineString", "coordinates": [[12.6493562, 56.4416408], [12.6493502, 56.4416394]]}, "properties": {"t": "fall", "g": 17, "loop": null, "hole": 17, "slope_pct": 0.67, "bearing": 247.3}}, {"type": "Feature", "geometry": {"type": "LineString", "coordinates": [[12.6494049, 56.4416417], [12.6494062, 56.4416374]]}, "properties": {"t": "fall", "g": 17, "loop": null, "hole": 17, "slope_pct": 0.82, "bearing": 170.2}}, {"type": "Feature", "geometry": {"type": "LineString", "coordinates": [[12.6494535, 56.4416427], [12.6494622, 56.4416367]]}, "properties": {"t": "fall", "g": 17, "loop": null, "hole": 17, "slope_pct": 1.42, "bearing": 140.9}}, {"type": "Feature", "geometry": {"type": "LineString", "coordinates": [[12.6495021, 56.4416436], [12.6495103, 56.4416402]]}, "properties": {"t": "fall", "g": 17, "loop": null, "hole": 17, "slope_pct": 1.05, "bearing": 126.7}}, {"type": "Feature", "geometry": {"type": "LineString", "coordinates": [[12.6495507, 56.4416445], [12.6495674, 56.4416408]]}, "properties": {"t": "fall", "g": 17, "loop": null, "hole": 17, "slope_pct": 1.84, "bearing": 111.7}}, {"type": "Feature", "geometry": {"type": "LineString", "coordinates": [[12.6495993, 56.4416454], [12.6496359, 56.4416395]]}, "properties": {"t": "fall", "g": 17, "loop": null, "hole": 17, "slope_pct": 3.92, "bearing": 106.4}}, {"type": "Feature", "geometry": {"type": "LineString", "coordinates": [[12.6496479, 56.4416463], [12.6496827, 56.4416453]]}, "properties": {"t": "fall", "g": 17, "loop": null, "hole": 17, "slope_pct": 3.58, "bearing": 93.2}}, {"type": "Feature", "geometry": {"type": "LineString", "coordinates": [[12.6496966, 56.4416473], [12.6496896, 56.4416567]]}, "properties": {"t": "fall", "g": 17, "loop": null, "hole": 17, "slope_pct": 1.89, "bearing": 337.8}}, {"type": "Feature", "geometry": {"type": "LineString", "coordinates": [[12.6494065, 56.4416148], [12.6494143, 56.4416149]]}, "properties": {"t": "fall", "g": 17, "loop": null, "hole": 17, "slope_pct": 0.8, "bearing": 88.3}}, {"type": "Feature", "geometry": {"type": "LineString", "coordinates": [[12.6494551, 56.4416157], [12.6494675, 56.4416138]]}, "properties": {"t": "fall", "g": 17, "loop": null, "hole": 17, "slope_pct": 1.32, "bearing": 105.7}}, {"type": "Feature", "geometry": {"type": "LineString", "coordinates": [[12.6495038, 56.4416166], [12.6495088, 56.4416115]]}, "properties": {"t": "fall", "g": 17, "loop": null, "hole": 17, "slope_pct": 1.08, "bearing": 151.4}}, {"type": "Feature", "geometry": {"type": "LineString", "coordinates": [[12.6495524, 56.4416176], [12.6495673, 56.4416147]]}, "properties": {"t": "fall", "g": 17, "loop": null, "hole": 17, "slope_pct": 1.62, "bearing": 109.0}}, {"type": "Feature", "geometry": {"type": "LineString", "coordinates": [[12.649601, 56.4416185], [12.6496411, 56.441616]]}, "properties": {"t": "fall", "g": 17, "loop": null, "hole": 17, "slope_pct": 4.14, "bearing": 96.4}}, {"type": "Feature", "geometry": {"type": "LineString", "coordinates": [[12.6496496, 56.4416194], [12.6496588, 56.4416264]]}, "properties": {"t": "fall", "g": 17, "loop": null, "hole": 17, "slope_pct": 1.61, "bearing": 36.0}}, {"type": "Feature", "geometry": {"type": "LineString", "coordinates": [[12.6496982, 56.4416203], [12.6496832, 56.441633]]}, "properties": {"t": "fall", "g": 17, "loop": null, "hole": 17, "slope_pct": 2.81, "bearing": 326.7}}, {"type": "Feature", "geometry": {"type": "LineString", "coordinates": [[12.6493596, 56.441587], [12.6493596, 56.4415914]]}, "properties": {"t": "fall", "g": 17, "loop": null, "hole": 17, "slope_pct": 0.83, "bearing": 0.5}}, {"type": "Feature", "geometry": {"type": "LineString", "coordinates": [[12.6494082, 56.4415879], [12.6494197, 56.4415897]]}, "properties": {"t": "fall", "g": 17, "loop": null, "hole": 17, "slope_pct": 1.23, "bearing": 74.2}}, {"type": "Feature", "geometry": {"type": "LineString", "coordinates": [[12.6494568, 56.4415888], [12.6494705, 56.441589]]}, "properties": {"t": "fall", "g": 17, "loop": null, "hole": 17, "slope_pct": 1.4, "bearing": 88.4}}, {"type": "Feature", "geometry": {"type": "LineString", "coordinates": [[12.6495054, 56.4415897], [12.649514, 56.4415894]]}, "properties": {"t": "fall", "g": 17, "loop": null, "hole": 17, "slope_pct": 0.88, "bearing": 94.0}}, {"type": "Feature", "geometry": {"type": "LineString", "coordinates": [[12.649554, 56.4415906], [12.6495646, 56.4415911]]}, "properties": {"t": "fall", "g": 17, "loop": null, "hole": 17, "slope_pct": 1.08, "bearing": 85.4}}, {"type": "Feature", "geometry": {"type": "LineString", "coordinates": [[12.6496026, 56.4415916], [12.6496373, 56.4415932]]}, "properties": {"t": "fall", "g": 17, "loop": null, "hole": 17, "slope_pct": 3.57, "bearing": 85.1}}, {"type": "Feature", "geometry": {"type": "LineString", "coordinates": [[12.6496513, 56.4415925], [12.6496488, 56.4415992]]}, "properties": {"t": "fall", "g": 17, "loop": null, "hole": 17, "slope_pct": 1.28, "bearing": 348.8}}, {"type": "Feature", "geometry": {"type": "LineString", "coordinates": [[12.6494098, 56.4415609], [12.6494239, 56.4415572]]}, "properties": {"t": "fall", "g": 17, "loop": null, "hole": 17, "slope_pct": 1.6, "bearing": 115.9}}, {"type": "Feature", "geometry": {"type": "LineString", "coordinates": [[12.6494585, 56.4415619], [12.6494714, 56.4415615]]}, "properties": {"t": "fall", "g": 17, "loop": null, "hole": 17, "slope_pct": 1.33, "bearing": 92.7}}, {"type": "Feature", "geometry": {"type": "LineString", "coordinates": [[12.6495071, 56.4415628], [12.6495174, 56.4415633]]}, "properties": {"t": "fall", "g": 17, "loop": null, "hole": 17, "slope_pct": 1.06, "bearing": 85.2}}, {"type": "Feature", "geometry": {"type": "LineString", "coordinates": [[12.6495557, 56.4415637], [12.6495632, 56.4415635]]}, "properties": {"t": "fall", "g": 17, "loop": null, "hole": 17, "slope_pct": 0.77, "bearing": 92.7}}, {"type": "Feature", "geometry": {"type": "LineString", "coordinates": [[12.6496043, 56.4415646], [12.6496308, 56.441568]]}, "properties": {"t": "fall", "g": 17, "loop": null, "hole": 17, "slope_pct": 2.79, "bearing": 77.0}}, {"type": "Feature", "geometry": {"type": "Point", "coordinates": [12.6495193, 56.4416619]}, "properties": {"t": "aim", "g": 17, "loop": null, "hole": 17, "aim_bearing": 86.4, "slope_median": 1.65, "slope_max": 16.44, "n_cells": 58}}, {"type": "Feature", "geometry": {"type": "LineString", "coordinates": [[12.6493105, 56.439492], [12.6493476, 56.4395094]]}, "properties": {"t": "fall", "g": 18, "loop": null, "hole": 18, "slope_pct": 8.48, "bearing": 49.7}}, {"type": "Feature", "geometry": {"type": "LineString", "coordinates": [[12.6492149, 56.4394632], [12.6491921, 56.439487]]}, "properties": {"t": "fall", "g": 18, "loop": null, "hole": 18, "slope_pct": 7.43, "bearing": 332.1}}, {"type": "Feature", "geometry": {"type": "LineString", "coordinates": [[12.6492635, 56.4394641], [12.6493029, 56.43948]]}, "properties": {"t": "fall", "g": 18, "loop": null, "hole": 18, "slope_pct": 11.29, "bearing": 53.8}}, {"type": "Feature", "geometry": {"type": "LineString", "coordinates": [[12.6493121, 56.4394651], [12.6493457, 56.4394846]]}, "properties": {"t": "fall", "g": 18, "loop": null, "hole": 18, "slope_pct": 11.73, "bearing": 43.5}}, {"type": "Feature", "geometry": {"type": "LineString", "coordinates": [[12.6493607, 56.439466], [12.6493844, 56.4394895]]}, "properties": {"t": "fall", "g": 18, "loop": null, "hole": 18, "slope_pct": 7.19, "bearing": 29.0}}, {"type": "Feature", "geometry": {"type": "LineString", "coordinates": [[12.6494094, 56.4394669], [12.6493803, 56.439477]]}, "properties": {"t": "fall", "g": 18, "loop": null, "hole": 18, "slope_pct": 3.52, "bearing": 302.1}}, {"type": "Feature", "geometry": {"type": "LineString", "coordinates": [[12.6491679, 56.4394354], [12.6491192, 56.4394356]]}, "properties": {"t": "fall", "g": 18, "loop": null, "hole": 18, "slope_pct": 7.97, "bearing": 270.4}}, {"type": "Feature", "geometry": {"type": "LineString", "coordinates": [[12.6492166, 56.4394363], [12.6491979, 56.4394326]]}, "properties": {"t": "fall", "g": 18, "loop": null, "hole": 18, "slope_pct": 2.03, "bearing": 250.5}}, {"type": "Feature", "geometry": {"type": "LineString", "coordinates": [[12.6492652, 56.4394372], [12.6493137, 56.4394347]]}, "properties": {"t": "fall", "g": 18, "loop": null, "hole": 18, "slope_pct": 8.17, "bearing": 95.4}}, {"type": "Feature", "geometry": {"type": "LineString", "coordinates": [[12.6493138, 56.4394381], [12.6493624, 56.4394405]]}, "properties": {"t": "fall", "g": 18, "loop": null, "hole": 18, "slope_pct": 5.75, "bearing": 85.0}}, {"type": "Feature", "geometry": {"type": "LineString", "coordinates": [[12.6493624, 56.4394391], [12.6494097, 56.4394456]]}, "properties": {"t": "fall", "g": 18, "loop": null, "hole": 18, "slope_pct": 6.21, "bearing": 75.9}}, {"type": "Feature", "geometry": {"type": "LineString", "coordinates": [[12.649411, 56.43944], [12.6493855, 56.4394629]]}, "properties": {"t": "fall", "g": 18, "loop": null, "hole": 18, "slope_pct": 5.65, "bearing": 328.5}}, {"type": "Feature", "geometry": {"type": "LineString", "coordinates": [[12.6494596, 56.4394409], [12.6494641, 56.4394677]]}, "properties": {"t": "fall", "g": 18, "loop": null, "hole": 18, "slope_pct": 5.54, "bearing": 5.2}}, {"type": "Feature", "geometry": {"type": "LineString", "coordinates": [[12.6491696, 56.4394084], [12.6491301, 56.4393927]]}, "properties": {"t": "fall", "g": 18, "loop": null, "hole": 18, "slope_pct": 7.95, "bearing": 234.2}}, {"type": "Feature", "geometry": {"type": "LineString", "coordinates": [[12.6492182, 56.4394094], [12.6491971, 56.4393851]]}, "properties": {"t": "fall", "g": 18, "loop": null, "hole": 18, "slope_pct": 5.33, "bearing": 205.6}}, {"type": "Feature", "geometry": {"type": "LineString", "coordinates": [[12.6492668, 56.4394103], [12.649311, 56.4393988]]}, "properties": {"t": "fall", "g": 18, "loop": null, "hole": 18, "slope_pct": 7.72, "bearing": 115.2}}, {"type": "Feature", "geometry": {"type": "LineString", "coordinates": [[12.6493155, 56.4394112], [12.6493616, 56.4394024]]}, "properties": {"t": "fall", "g": 18, "loop": null, "hole": 18, "slope_pct": 5.79, "bearing": 109.0}}, {"type": "Feature", "geometry": {"type": "LineString", "coordinates": [[12.6493641, 56.4394121], [12.6493651, 56.4394236]]}, "properties": {"t": "fall", "g": 18, "loop": null, "hole": 18, "slope_pct": 2.13, "bearing": 3.0}}, {"type": "Feature", "geometry": {"type": "LineString", "coordinates": [[12.6494127, 56.439413], [12.6493792, 56.4394326]]}, "properties": {"t": "fall", "g": 18, "loop": null, "hole": 18, "slope_pct": 5.5, "bearing": 316.5}}, {"type": "Feature", "geometry": {"type": "LineString", "coordinates": [[12.6494613, 56.439414], [12.649456, 56.4394334]]}, "properties": {"t": "fall", "g": 18, "loop": null, "hole": 18, "slope_pct": 3.64, "bearing": 351.5}}, {"type": "Feature", "geometry": {"type": "LineString", "coordinates": [[12.6491713, 56.4393815], [12.649144, 56.4393734]]}, "properties": {"t": "fall", "g": 18, "loop": null, "hole": 18, "slope_pct": 3.17, "bearing": 241.8}}, {"type": "Feature", "geometry": {"type": "LineString", "coordinates": [[12.6492199, 56.4393824], [12.6491943, 56.4393595]]}, "properties": {"t": "fall", "g": 18, "loop": null, "hole": 18, "slope_pct": 5.73, "bearing": 211.7}}, {"type": "Feature", "geometry": {"type": "LineString", "coordinates": [[12.6492685, 56.4393834], [12.6493055, 56.4393658]]}, "properties": {"t": "fall", "g": 18, "loop": null, "hole": 18, "slope_pct": 5.06, "bearing": 130.6}}, {"type": "Feature", "geometry": {"type": "LineString", "coordinates": [[12.6493171, 56.4393843], [12.6493399, 56.4393857]]}, "properties": {"t": "fall", "g": 18, "loop": null, "hole": 18, "slope_pct": 2.36, "bearing": 83.6}}, {"type": "Feature", "geometry": {"type": "LineString", "coordinates": [[12.6493657, 56.4393852], [12.6493549, 56.4394016]]}, "properties": {"t": "fall", "g": 18, "loop": null, "hole": 18, "slope_pct": 3.25, "bearing": 340.0}}, {"type": "Feature", "geometry": {"type": "LineString", "coordinates": [[12.6494143, 56.4393861], [12.6494045, 56.439381]]}, "properties": {"t": "fall", "g": 18, "loop": null, "hole": 18, "slope_pct": 1.39, "bearing": 226.6}}, {"type": "Feature", "geometry": {"type": "LineString", "coordinates": [[12.649463, 56.439387], [12.6494603, 56.4393657]]}, "properties": {"t": "fall", "g": 18, "loop": null, "hole": 18, "slope_pct": 3.97, "bearing": 183.9}}, {"type": "Feature", "geometry": {"type": "LineString", "coordinates": [[12.6491729, 56.4393546], [12.6491813, 56.4393811]]}, "properties": {"t": "fall", "g": 18, "loop": null, "hole": 18, "slope_pct": 7.16, "bearing": 9.9}}, {"type": "Feature", "geometry": {"type": "LineString", "coordinates": [[12.6492216, 56.4393555], [12.6492193, 56.4393661]]}, "properties": {"t": "fall", "g": 18, "loop": null, "hole": 18, "slope_pct": 1.98, "bearing": 353.2}}, {"type": "Feature", "geometry": {"type": "LineString", "coordinates": [[12.6492702, 56.4393564], [12.6492977, 56.4393556]]}, "properties": {"t": "fall", "g": 18, "loop": null, "hole": 18, "slope_pct": 2.83, "bearing": 93.0}}, {"type": "Feature", "geometry": {"type": "LineString", "coordinates": [[12.6493188, 56.4393573], [12.6493112, 56.4393649]]}, "properties": {"t": "fall", "g": 18, "loop": null, "hole": 18, "slope_pct": 1.59, "bearing": 330.9}}, {"type": "Feature", "geometry": {"type": "LineString", "coordinates": [[12.6493674, 56.4393583], [12.649361, 56.439369]]}, "properties": {"t": "fall", "g": 18, "loop": null, "hole": 18, "slope_pct": 2.1, "bearing": 341.7}}, {"type": "Feature", "geometry": {"type": "LineString", "coordinates": [[12.649416, 56.4393592], [12.6494352, 56.4393699]]}, "properties": {"t": "fall", "g": 18, "loop": null, "hole": 18, "slope_pct": 2.8, "bearing": 44.6}}, {"type": "Feature", "geometry": {"type": "LineString", "coordinates": [[12.6494646, 56.4393601], [12.6494802, 56.439371]]}, "properties": {"t": "fall", "g": 18, "loop": null, "hole": 18, "slope_pct": 2.58, "bearing": 38.2}}, {"type": "Feature", "geometry": {"type": "LineString", "coordinates": [[12.6491746, 56.4393276], [12.6492103, 56.439346]]}, "properties": {"t": "fall", "g": 18, "loop": null, "hole": 18, "slope_pct": 7.54, "bearing": 47.1}}, {"type": "Feature", "geometry": {"type": "LineString", "coordinates": [[12.6492232, 56.4393286], [12.6492609, 56.4393429]]}, "properties": {"t": "fall", "g": 18, "loop": null, "hole": 18, "slope_pct": 4.69, "bearing": 55.6}}, {"type": "Feature", "geometry": {"type": "LineString", "coordinates": [[12.6492718, 56.4393295], [12.64928, 56.4393456]]}, "properties": {"t": "fall", "g": 18, "loop": null, "hole": 18, "slope_pct": 3.1, "bearing": 15.7}}, {"type": "Feature", "geometry": {"type": "LineString", "coordinates": [[12.6493204, 56.4393304], [12.6492994, 56.4393547]]}, "properties": {"t": "fall", "g": 18, "loop": null, "hole": 18, "slope_pct": 7.21, "bearing": 334.4}}, {"type": "Feature", "geometry": {"type": "LineString", "coordinates": [[12.6493691, 56.4393313], [12.6493643, 56.4393582]]}, "properties": {"t": "fall", "g": 18, "loop": null, "hole": 18, "slope_pct": 8.34, "bearing": 354.4}}, {"type": "Feature", "geometry": {"type": "LineString", "coordinates": [[12.6494177, 56.4393323], [12.6494236, 56.439359]]}, "properties": {"t": "fall", "g": 18, "loop": null, "hole": 18, "slope_pct": 8.88, "bearing": 7.0}}, {"type": "Feature", "geometry": {"type": "LineString", "coordinates": [[12.6494663, 56.4393332], [12.6494671, 56.4393601]]}, "properties": {"t": "fall", "g": 18, "loop": null, "hole": 18, "slope_pct": 10.11, "bearing": 0.9}}, {"type": "Feature", "geometry": {"type": "LineString", "coordinates": [[12.6491276, 56.4392998], [12.6491153, 56.4392737]]}, "properties": {"t": "fall", "g": 18, "loop": null, "hole": 18, "slope_pct": 7.87, "bearing": 194.7}}, {"type": "Feature", "geometry": {"type": "LineString", "coordinates": [[12.6491763, 56.4393007], [12.6492066, 56.4392825]]}, "properties": {"t": "fall", "g": 18, "loop": null, "hole": 18, "slope_pct": 4.59, "bearing": 137.4}}, {"type": "Feature", "geometry": {"type": "LineString", "coordinates": [[12.6492249, 56.4393016], [12.6492568, 56.4393064]]}, "properties": {"t": "fall", "g": 18, "loop": null, "hole": 18, "slope_pct": 3.39, "bearing": 74.9}}, {"type": "Feature", "geometry": {"type": "LineString", "coordinates": [[12.6492735, 56.4393026], [12.6492594, 56.439321]]}, "properties": {"t": "fall", "g": 18, "loop": null, "hole": 18, "slope_pct": 3.72, "bearing": 337.0}}, {"type": "Feature", "geometry": {"type": "LineString", "coordinates": [[12.6493221, 56.4393035], [12.6492818, 56.4393187]]}, "properties": {"t": "fall", "g": 18, "loop": null, "hole": 18, "slope_pct": 5.16, "bearing": 304.3}}, {"type": "Feature", "geometry": {"type": "LineString", "coordinates": [[12.6493707, 56.4393044], [12.649341, 56.4393225]]}, "properties": {"t": "fall", "g": 18, "loop": null, "hole": 18, "slope_pct": 4.53, "bearing": 317.7}}, {"type": "Feature", "geometry": {"type": "LineString", "coordinates": [[12.6494193, 56.4393053], [12.6494039, 56.4393309]]}, "properties": {"t": "fall", "g": 18, "loop": null, "hole": 18, "slope_pct": 9.69, "bearing": 341.6}}, {"type": "Feature", "geometry": {"type": "LineString", "coordinates": [[12.6491779, 56.4392738], [12.6491818, 56.4392795]]}, "properties": {"t": "fall", "g": 18, "loop": null, "hole": 18, "slope_pct": 1.12, "bearing": 20.5}}, {"type": "Feature", "geometry": {"type": "LineString", "coordinates": [[12.6492265, 56.4392747], [12.6492264, 56.4392849]]}, "properties": {"t": "fall", "g": 18, "loop": null, "hole": 18, "slope_pct": 1.89, "bearing": 359.7}}, {"type": "Feature", "geometry": {"type": "LineString", "coordinates": [[12.6492752, 56.4392756], [12.6492544, 56.4392891]]}, "properties": {"t": "fall", "g": 18, "loop": null, "hole": 18, "slope_pct": 3.29, "bearing": 319.7}}, {"type": "Feature", "geometry": {"type": "LineString", "coordinates": [[12.6493238, 56.4392766], [12.6492964, 56.4392983]]}, "properties": {"t": "fall", "g": 18, "loop": null, "hole": 18, "slope_pct": 4.92, "bearing": 325.2}}, {"type": "Feature", "geometry": {"type": "LineString", "coordinates": [[12.6493724, 56.4392775], [12.6493385, 56.4392885]]}, "properties": {"t": "fall", "g": 18, "loop": null, "hole": 18, "slope_pct": 4.03, "bearing": 300.5}}, {"type": "Feature", "geometry": {"type": "LineString", "coordinates": [[12.649421, 56.4392784], [12.6493726, 56.4392752]]}, "properties": {"t": "fall", "g": 18, "loop": null, "hole": 18, "slope_pct": 6.97, "bearing": 263.2}}, {"type": "Feature", "geometry": {"type": "LineString", "coordinates": [[12.6491796, 56.4392469], [12.649186, 56.4392736]]}, "properties": {"t": "fall", "g": 18, "loop": null, "hole": 18, "slope_pct": 12.07, "bearing": 7.5}}, {"type": "Feature", "geometry": {"type": "LineString", "coordinates": [[12.6492282, 56.4392478], [12.6492425, 56.4392735]]}, "properties": {"t": "fall", "g": 18, "loop": null, "hole": 18, "slope_pct": 9.44, "bearing": 17.0}}, {"type": "Feature", "geometry": {"type": "LineString", "coordinates": [[12.6492768, 56.4392487], [12.6492509, 56.4392715]]}, "properties": {"t": "fall", "g": 18, "loop": null, "hole": 18, "slope_pct": 5.53, "bearing": 327.9}}, {"type": "Feature", "geometry": {"type": "LineString", "coordinates": [[12.6493254, 56.4392496], [12.649293, 56.4392698]]}, "properties": {"t": "fall", "g": 18, "loop": null, "hole": 18, "slope_pct": 9.39, "bearing": 318.4}}, {"type": "Feature", "geometry": {"type": "LineString", "coordinates": [[12.649374, 56.4392505], [12.6493794, 56.4392773]]}, "properties": {"t": "fall", "g": 18, "loop": null, "hole": 18, "slope_pct": 8.5, "bearing": 6.4}}, {"type": "Feature", "geometry": {"type": "LineString", "coordinates": [[12.6492299, 56.4392208], [12.6492561, 56.4392436]]}, "properties": {"t": "fall", "g": 18, "loop": null, "hole": 18, "slope_pct": 10.06, "bearing": 32.6}}, {"type": "Feature", "geometry": {"type": "LineString", "coordinates": [[12.6492785, 56.4392218], [12.6492934, 56.4392474]]}, "properties": {"t": "fall", "g": 18, "loop": null, "hole": 18, "slope_pct": 6.52, "bearing": 17.9}}, {"type": "Feature", "geometry": {"type": "LineString", "coordinates": [[12.6493271, 56.4392227], [12.6492785, 56.4392204]]}, "properties": {"t": "fall", "g": 18, "loop": null, "hole": 18, "slope_pct": 6.91, "bearing": 265.2}}, {"type": "Feature", "geometry": {"type": "Point", "coordinates": [12.6493049, 56.4393536]}, "properties": {"t": "aim", "g": 18, "loop": null, "hole": 18, "aim_bearing": 4.6, "slope_median": 5.53, "slope_max": 12.07, "n_cells": 63}}], "grids": {"None|1": {"ny": 31, "nx": 28, "lat0": 56.4371508, "lon0": 12.6517929, "dLat": 8.983e-06, "dLon": 1.6249e-05, "slope": [2.2, 1.9, 2.0, 2.1, 2.2, 2.1, 1.5, 1.2, 0.9, 1.0, 1.6, 2.4, 5.1, 6.1, 8.9, 9.6, 11.1, 11.1, 11.1, 11.1, 11.4, 13.0, 13.5, 15.3, 15.3, 14.7, 11.0, 11.0, 2.3, 2.2, 1.9, 2.1, 2.2, 2.2, 2.1, 1.9, 1.5, 1.7, 2.1, 5.1, 5.9, 8.9, 9.5, 11.1, 11.1, 11.1, 11.3, 12.7, 13.1, 15.3, 15.3, 14.9, 11.5, 10.9, 8.8, 12.7, 2.6, 2.3, 2.3, 2.6, 2.8, 2.9, 2.9, 2.8, 2.6, 3.2, 5.2, 5.7, 8.9, 9.4, 11.1, 11.1, 11.2, 12.4, 12.8, 15.3, 15.3, 15.1, 11.9, 11.4, 8.5, 10.7, 12.4, 14.0, 2.7, 2.7, 2.8, 3.1, 3.4, 3.6, 3.6, 3.6, 3.7, 4.6, 6.8, 9.0, 9.2, 11.1, 11.1, 12.1, 12.4, 15.3, 15.3, 15.2, 12.4, 12.0, 8.3, 8.4, 10.6, 13.6, 14.3, 8.2, 3.1, 3.2, 3.3, 3.6, 3.8, 3.8, 3.7, 3.7, 4.1, 5.3, 7.8, 10.3, 11.3, 11.4, 12.0, 15.3, 15.3, 15.3, 12.9, 12.6, 8.3, 8.4, 10.2, 10.3, 13.5, 14.6, 14.8, 5.1, 3.7, 3.7, 3.7, 3.7, 3.7, 3.6, 3.3, 3.2, 3.6, 4.8, 7.3, 10.4, 12.7, 13.3, 15.2, 15.3, 13.5, 13.2, 8.5, 8.3, 8.3, 10.0, 12.1, 13.4, 14.5, 14.9, 9.0, 5.1, 4.7, 4.2, 3.7, 3.4, 3.3, 3.1, 2.9, 2.6, 2.8, 3.7, 5.7, 8.6, 11.6, 14.6, 14.7, 13.7, 8.7, 8.3, 8.3, 6.8, 9.7, 12.0, 13.2, 14.5, 14.9, 15.1, 5.6, 5.1, 6.0, 4.7, 3.6, 3.1, 3.0, 2.9, 2.8, 2.5, 2.4, 2.9, 4.1, 6.1, 8.6, 11.3, 11.4, 8.6, 8.3, 7.1, 6.8, 7.0, 11.7, 13.1, 14.4, 14.8, 15.1, 9.8, 5.4, 5.1, 7.4, 5.3, 3.7, 3.0, 3.0, 3.1, 3.0, 2.7, 2.6, 2.9, 3.5, 4.5, 6.0, 7.5, 7.5, 7.4, 7.1, 4.3, 6.4, 11.5, 13.0, 14.4, 14.8, 15.1, 16.6, 6.5, 5.1, 5.1, 8.9, 6.0, 3.9, 3.1, 3.1, 3.3, 3.2, 3.1, 3.0, 3.2, 3.5, 3.9, 4.6, 5.2, 4.1, 4.1, 4.0, 6.0, 11.3, 12.9, 14.3, 14.8, 15.1, 16.4, 11.9, 5.9, 5.1, 5.1, 10.0, 6.6, 4.0, 3.2, 3.2, 3.3, 3.3, 3.2, 3.3, 3.4, 3.4, 3.5, 3.8, 4.0, 2.5, 3.7, 5.8, 11.0, 12.8, 14.3, 14.8, 15.1, 16.3, 17.8, 7.6, 5.1, 5.1, 8.7, 10.7, 6.9, 4.0, 3.2, 3.2, 3.2, 3.2, 3.1, 3.1, 3.2, 3.2, 3.1, 3.1, 3.0, 1.5, 3.6, 10.0, 12.6, 14.2, 14.7, 15.1, 16.2, 17.7, 12.9, 6.4, 5.1, 5.1, 10.4, 10.4, 6.8, 4.1, 3.2, 3.1, 3.1, 3.1, 3.0, 2.9, 2.8, 2.7, 2.6, 2.5, 2.3, 1.2, 3.1, 8.3, 12.8, 14.5, 15.1, 16.0, 17.7, 17.1, 8.1, 5.1, 5.1, 8.2, 11.4, 10.3, 6.8, 4.1, 3.2, 3.0, 3.0, 2.9, 2.8, 2.6, 2.5, 2.3, 2.2, 2.1, 2.0, 1.4, 2.7, 6.4, 10.5, 13.8, 15.8, 17.6, 17.2, 11.9, 6.4, 5.1, 5.1, 10.0, 12.0, 5.9, 4.9, 3.9, 3.1, 2.8, 2.7, 2.7, 2.5, 2.3, 2.2, 2.0, 1.9, 1.9, 1.9, 1.9, 2.5, 4.9, 8.3, 11.8, 15.3, 16.8, 15.9, 7.6, 4.6, 5.1, 7.8, 11.1, 12.0, 3.3, 3.3, 3.2, 2.7, 2.5, 2.5, 2.4, 2.3, 2.1, 2.0, 1.9, 1.9, 2.0, 2.1, 2.3, 2.8, 4.1, 6.4, 9.1, 11.5, 12.6, 12.0, 6.5, 4.6, 5.1, 9.5, 12.0, 12.0, 1.6, 1.6, 1.8, 2.0, 2.1, 2.3, 2.3, 2.2, 2.1, 2.0, 2.0, 2.1, 2.3, 2.5, 2.8, 3.3, 4.1, 5.5, 6.9, 7.8, 7.7, 6.4, 5.1, 5.9, 7.6, 10.5, 12.0, 10.3, 1.4, 1.4, 1.1, 1.3, 2.0, 2.3, 2.5, 2.5, 2.4, 2.3, 2.3, 2.4, 2.6, 2.8, 3.1, 3.5, 4.2, 4.9, 5.2, 5.1, 4.6, 4.3, 5.2, 7.1, 8.9, 9.8, 9.6, 8.3, 3.3, 3.4, 2.4, 1.6, 2.1, 2.5, 2.6, 2.7, 2.6, 2.5, 2.5, 2.5, 2.6, 2.8, 3.0, 3.5, 3.9, 4.1, 3.9, 3.4, 3.1, 3.5, 4.6, 5.8, 6.5, 6.6, 6.3, 6.1, 4.0, 4.0, 3.5, 2.7, 2.3, 2.4, 2.5, 2.6, 2.5, 2.4, 2.4, 2.4, 2.5, 2.6, 2.8, 3.1, 3.4, 3.4, 3.1, 2.6, 2.4, 2.5, 3.0, 3.6, 4.0, 4.3, 4.9, 5.3, 4.2, 4.6, 4.6, 3.8, 2.6, 2.3, 2.3, 2.2, 2.2, 2.1, 2.2, 2.2, 2.3, 2.3, 2.4, 2.7, 2.9, 2.9, 2.6, 2.1, 1.6, 1.3, 1.5, 2.2, 2.9, 3.6, 4.6, 5.2, 5.3, 5.4, 5.4, 4.6, 2.9, 2.2, 2.0, 2.0, 1.9, 1.9, 2.1, 2.2, 2.2, 2.2, 2.3, 2.3, 2.4, 2.4, 2.2, 1.8, 1.3, 0.9, 1.1, 2.0, 2.7, 3.3, 3.9, 4.6, 5.6, 5.6, 5.6, 4.8, 3.1, 2.2, 1.9, 1.8, 1.8, 2.0, 2.1, 2.3, 2.4, 2.4, 2.3, 2.2, 2.2, 2.2, 2.2, 2.0, 1.7, 1.4, 1.6, 2.1, 2.6, 3.0, 3.1, 3.4, 5.6, 5.1, 4.1, 3.9, 3.3, 2.4, 1.9, 1.8, 1.9, 2.2, 2.3, 2.4, 2.5, 2.5, 2.5, 2.4, 2.4, 2.4, 2.5, 2.5, 2.2, 1.9, 1.8, 2.0, 2.4, 2.6, 2.7, 2.7, 4.2, 4.0, 3.7, 3.7, 3.4, 2.5, 2.0, 1.8, 2.0, 2.4, 2.5, 2.5, 2.5, 2.6, 2.5, 2.5, 2.7, 2.9, 3.0, 2.9, 2.6, 2.2, 2.0, 2.1, 2.2, 2.4, 2.5, 2.6, 3.7, 3.7, 3.7, 3.5, 2.8, 2.5, 2.0, 1.9, 2.2, 2.5, 2.6, 2.5, 2.5, 2.5, 2.6, 2.7, 3.0, 3.3, 3.4, 3.2, 2.8, 2.5, 2.3, 2.2, 2.3, 2.3, 2.3, 2.5, 3.7, 3.7, 3.5, 2.8, 2.6, 2.1, 2.0, 2.1, 2.4, 2.7, 2.7, 2.5, 2.5, 2.7, 2.8, 3.0, 3.3, 3.5, 3.5, 3.2, 2.8, 2.5, 2.4, 2.3, 2.3, 2.3, 2.3, 2.3, 3.7, 3.6, 2.9, 2.6, 2.1, 2.0, 2.0, 2.1, 2.5, 3.0, 2.9, 2.7, 2.8, 3.1, 3.3, 3.4, 3.5, 3.5, 3.3, 2.9, 2.5, 2.3, 2.2, 2.2, 2.3, 2.3, 2.3, 2.3, 3.6, 2.9, 2.6, 2.2, 2.0, 2.0, 2.0, 2.2, 3.0, 3.1, 3.2, 3.1, 3.3, 3.7, 3.8, 3.6, 3.4, 3.2, 2.8, 2.3, 2.1, 2.0, 2.0, 2.1, 2.2, 2.3, 2.3, 2.3, 3.0, 2.7, 2.2, 2.0, 2.0, 2.0, 2.2, 3.0, 3.1, 3.2, 3.2, 3.2, 3.7, 4.0, 3.9, 3.4, 2.9, 2.6, 2.2, 1.9, 1.8, 1.9, 1.9, 2.0, 2.1, 2.2, 2.3, 2.3, 2.7, 2.2, 2.0, 2.0, 2.0, 2.0, 2.1, 3.0, 3.2, 3.2, 3.3, 3.7, 3.7, 4.0, 3.7, 2.9, 2.5, 2.2, 1.9, 1.8, 1.8, 1.9, 1.9, 1.9, 2.0, 2.1, 2.2, 2.3]}, "None|2": {"ny": 23, "nx": 27, "lat0": 56.4389114, "lon0": 12.6464157, "dLat": 8.983e-06, "dLon": 1.6249e-05, "slope": [11.4, 11.4, 11.3, 11.0, 10.5, 10.1, 9.7, 9.3, 7.7, 6.1, 6.7, 7.1, 7.8, 10.5, 16.0, 20.2, 21.7, 23.9, 22.3, 19.8, 19.8, 19.8, 19.9, 19.9, 19.2, 18.0, 15.7, 11.4, 11.4, 11.4, 11.3, 11.0, 10.6, 10.2, 9.7, 9.4, 8.9, 9.1, 9.1, 9.2, 10.8, 14.9, 19.7, 22.7, 23.6, 22.2, 19.8, 19.8, 19.9, 19.9, 19.3, 18.1, 15.9, 13.1, 12.0, 11.4, 11.4, 11.4, 11.3, 11.0, 10.4, 9.7, 9.2, 9.0, 8.9, 8.7, 8.5, 9.5, 12.6, 15.9, 17.9, 19.0, 19.6, 19.7, 19.9, 19.9, 19.3, 18.2, 16.1, 13.2, 10.4, 12.8, 12.3, 12.1, 11.4, 11.4, 10.9, 8.8, 7.3, 6.5, 6.2, 6.3, 6.5, 6.7, 7.8, 10.2, 12.0, 12.9, 14.4, 16.8, 18.8, 19.7, 19.4, 18.3, 16.3, 13.4, 10.7, 8.0, 13.0, 13.0, 12.8, 12.4, 12.0, 9.6, 6.4, 4.3, 3.3, 3.0, 3.3, 3.9, 4.7, 6.2, 7.8, 8.5, 8.6, 10.1, 12.9, 15.7, 17.3, 17.7, 16.5, 13.5, 11.0, 8.0, 8.1, 13.4, 13.5, 13.0, 13.0, 12.2, 8.2, 4.8, 3.0, 2.0, 1.4, 1.2, 1.8, 3.1, 4.6, 5.6, 5.6, 5.6, 7.0, 9.4, 11.7, 13.2, 13.4, 12.8, 11.3, 8.0, 8.1, 8.3, 13.8, 13.9, 13.7, 13.5, 11.7, 7.2, 4.3, 3.1, 2.4, 1.9, 1.5, 1.6, 2.4, 3.4, 3.9, 3.9, 4.3, 5.5, 6.9, 8.2, 9.2, 9.4, 8.8, 7.6, 8.1, 8.3, 8.9, 14.0, 13.8, 14.0, 13.9, 10.5, 6.3, 4.1, 3.5, 3.2, 2.8, 2.5, 2.5, 2.8, 3.2, 3.3, 3.5, 4.1, 4.6, 5.1, 5.5, 6.1, 6.6, 6.7, 6.6, 8.5, 8.9, 12.0, 14.3, 14.0, 13.7, 12.8, 8.8, 5.0, 3.5, 3.6, 3.8, 3.7, 3.5, 3.4, 3.4, 3.3, 3.3, 3.4, 3.7, 3.8, 3.7, 3.8, 4.2, 4.7, 5.2, 5.7, 8.6, 11.9, 15.9, 14.1, 14.3, 13.1, 10.8, 6.8, 3.2, 2.2, 2.9, 3.6, 4.1, 4.3, 4.4, 4.2, 3.7, 3.2, 3.1, 3.2, 3.1, 2.9, 2.9, 3.2, 3.7, 4.1, 4.4, 7.0, 14.2, 14.0, 13.9, 13.2, 11.2, 8.3, 4.8, 1.9, 0.7, 1.4, 2.4, 3.4, 4.3, 4.9, 4.8, 4.0, 3.1, 2.7, 2.7, 2.6, 2.5, 2.6, 2.9, 3.1, 3.3, 3.2, 4.3, 9.5, 9.4, 11.5, 9.8, 7.7, 5.4, 3.0, 1.4, 0.8, 0.7, 0.7, 1.7, 3.0, 4.3, 4.7, 3.9, 2.8, 2.3, 2.3, 2.3, 2.4, 2.6, 2.8, 2.9, 3.0, 2.7, 2.5, 5.9, 5.8, 6.5, 5.3, 4.0, 2.6, 1.4, 0.9, 1.0, 1.0, 0.9, 0.6, 1.4, 3.1, 4.0, 3.4, 2.4, 1.9, 2.0, 2.2, 2.5, 2.7, 2.8, 2.9, 2.9, 2.6, 2.0, 3.7, 3.7, 2.5, 2.0, 1.5, 0.9, 0.5, 0.3, 0.5, 0.8, 1.1, 1.0, 1.4, 2.5, 3.1, 2.7, 2.0, 1.9, 2.1, 2.3, 2.6, 2.8, 3.0, 3.0, 3.0, 2.6, 2.1, 2.6, 2.6, 0.7, 0.7, 0.6, 0.4, 0.2, 0.2, 0.2, 0.4, 0.6, 0.9, 1.4, 2.0, 2.2, 1.9, 1.8, 2.1, 2.4, 2.6, 2.8, 3.0, 3.1, 3.2, 3.1, 2.7, 2.3, 2.3, 2.3, 0.4, 0.4, 0.6, 0.5, 0.3, 0.2, 0.3, 0.3, 0.2, 0.5, 1.1, 1.4, 1.3, 1.4, 1.9, 2.4, 2.7, 2.8, 3.0, 3.1, 3.2, 3.2, 3.1, 2.8, 2.4, 2.2, 2.2, 0.2, 0.4, 0.6, 0.6, 0.5, 0.3, 0.3, 0.3, 0.3, 0.6, 0.9, 0.9, 1.2, 1.7, 2.3, 2.6, 2.8, 3.0, 3.1, 3.2, 3.2, 3.2, 3.0, 2.8, 2.5, 2.2, 2.2, 0.3, 0.5, 0.7, 0.8, 0.7, 0.5, 0.3, 0.3, 0.4, 0.7, 0.8, 1.0, 1.6, 2.1, 2.5, 2.8, 2.9, 3.0, 3.1, 3.2, 3.1, 3.0, 2.9, 2.7, 2.5, 2.3, 2.2, 0.5, 0.6, 0.8, 1.0, 0.9, 0.7, 0.5, 0.4, 0.6, 0.8, 1.1, 1.5, 2.1, 2.5, 2.8, 3.0, 3.1, 3.2, 3.2, 3.1, 3.0, 2.9, 2.7, 2.5, 2.3, 2.2, 2.2, 0.6, 0.8, 0.9, 1.1, 1.0, 0.8, 0.6, 0.6, 0.8, 1.2, 1.6, 2.1, 2.5, 2.8, 3.0, 3.2, 3.3, 3.4, 3.4, 3.2, 3.0, 2.8, 2.5, 2.2, 2.0, 2.0, 2.1, 0.8, 0.9, 1.0, 1.1, 0.9, 0.8, 0.7, 0.8, 1.1, 1.5, 2.0, 2.5, 2.8, 3.0, 3.1, 3.3, 3.5, 3.6, 3.6, 3.4, 3.0, 2.6, 2.3, 2.0, 1.9, 1.8, 1.8, 0.9, 1.0, 1.1, 1.0, 0.9, 0.8, 0.9, 0.9, 1.1, 1.5, 2.0, 2.5, 2.8, 3.0, 3.1, 3.3, 3.5, 3.6, 3.6, 3.3, 3.0, 2.6, 2.2, 1.9, 1.8, 1.8, 1.8, 1.0, 1.1, 1.1, 0.9, 0.8, 0.9, 1.0, 1.0, 1.1, 1.7, 2.1, 2.4, 2.8, 3.0, 3.1, 3.3, 3.5, 3.6, 3.6, 3.4, 3.0, 2.6, 2.2, 1.9, 1.8, 1.8, 1.8]}, "None|3": {"ny": 22, "nx": 28, "lat0": 56.4393272, "lon0": 12.6422362, "dLat": 8.983e-06, "dLon": 1.625e-05, "slope": [11.6, 12.1, 12.3, 12.1, 11.3, 10.8, 10.5, 10.1, 10.3, 11.3, 11.9, 11.9, 11.8, 11.8, 11.6, 11.7, 12.1, 12.6, 12.8, 13.0, 13.3, 13.3, 13.0, 12.6, 12.2, 11.8, 11.5, 11.2, 10.9, 11.6, 12.0, 12.3, 12.2, 11.6, 10.6, 10.1, 10.3, 11.2, 11.8, 11.8, 11.7, 11.5, 11.0, 10.8, 11.0, 11.6, 12.2, 12.8, 13.2, 13.0, 12.6, 12.3, 11.8, 11.5, 11.2, 11.2, 9.9, 10.8, 11.5, 12.0, 12.5, 12.6, 11.8, 11.5, 11.6, 12.0, 11.9, 11.0, 10.2, 9.9, 9.7, 9.4, 9.4, 9.8, 10.3, 11.0, 11.8, 12.4, 12.3, 11.8, 11.6, 11.2, 11.2, 10.9, 9.6, 9.8, 10.8, 11.6, 12.3, 12.5, 12.3, 12.1, 11.8, 11.4, 10.2, 8.5, 7.4, 7.4, 7.6, 7.7, 7.8, 8.0, 8.3, 8.7, 9.4, 10.5, 11.6, 11.6, 11.2, 11.0, 10.3, 9.7, 9.6, 9.6, 9.8, 10.9, 11.0, 10.6, 10.0, 9.7, 9.2, 8.4, 7.0, 5.3, 4.3, 4.7, 5.3, 5.7, 6.0, 6.2, 6.5, 6.8, 7.3, 8.2, 9.5, 10.8, 10.7, 9.9, 8.1, 8.1, 9.5, 9.4, 9.0, 8.7, 8.0, 6.9, 6.1, 5.7, 5.3, 4.7, 3.9, 2.8, 2.3, 2.7, 3.4, 3.8, 4.2, 4.6, 5.0, 5.3, 5.7, 6.4, 7.4, 8.5, 8.6, 8.1, 8.1, 8.1, 9.5, 9.2, 7.3, 5.8, 4.6, 3.4, 2.6, 2.3, 2.2, 2.3, 2.1, 1.6, 1.3, 1.5, 2.0, 2.4, 2.7, 3.2, 3.7, 4.1, 4.6, 5.2, 5.9, 6.9, 7.7, 7.7, 7.5, 7.0, 9.0, 8.6, 5.3, 3.4, 2.1, 1.3, 0.9, 0.6, 0.9, 1.4, 1.5, 1.2, 0.7, 0.7, 1.1, 1.3, 1.6, 2.0, 2.4, 3.0, 3.6, 4.3, 4.9, 5.5, 6.0, 5.9, 5.6, 4.5, 8.5, 7.2, 3.6, 1.9, 1.2, 0.9, 0.8, 0.4, 0.8, 1.3, 1.4, 1.1, 0.6, 0.3, 0.5, 0.7, 0.8, 1.0, 1.4, 2.0, 2.6, 3.4, 4.0, 4.4, 4.7, 4.8, 4.5, 4.5, 9.2, 5.5, 2.3, 1.2, 1.3, 1.4, 1.1, 0.6, 1.0, 1.5, 1.5, 1.2, 0.9, 0.6, 0.5, 0.5, 0.5, 0.5, 0.7, 1.2, 1.8, 2.3, 2.8, 3.1, 3.5, 4.2, 4.2, 4.2, 8.3, 3.8, 1.2, 1.1, 1.7, 1.8, 1.2, 0.5, 1.0, 1.4, 1.5, 1.3, 1.0, 0.7, 0.5, 0.4, 0.2, 0.3, 0.6, 0.9, 1.1, 1.3, 1.7, 1.9, 2.3, 3.3, 3.3, 3.3, 6.2, 2.4, 0.7, 1.2, 1.9, 2.0, 1.3, 0.3, 0.8, 1.2, 1.2, 1.1, 0.9, 0.6, 0.4, 0.2, 0.1, 0.4, 0.6, 0.8, 0.8, 0.9, 1.0, 1.2, 1.6, 2.6, 2.8, 2.8, 4.7, 1.6, 0.7, 1.4, 1.9, 1.9, 1.2, 0.3, 0.7, 1.0, 1.0, 0.9, 0.7, 0.5, 0.4, 0.3, 0.3, 0.5, 0.7, 0.9, 0.9, 1.0, 1.1, 1.2, 1.4, 2.2, 2.6, 2.6, 3.9, 1.3, 1.1, 1.6, 1.9, 1.8, 1.0, 0.3, 0.7, 0.9, 0.8, 0.7, 0.5, 0.5, 0.4, 0.4, 0.5, 0.6, 0.8, 1.0, 1.2, 1.3, 1.4, 1.6, 1.6, 1.9, 2.1, 2.1, 2.7, 1.1, 1.5, 1.9, 2.0, 1.7, 0.9, 0.4, 0.8, 0.9, 0.8, 0.6, 0.5, 0.5, 0.5, 0.6, 0.6, 0.8, 1.0, 1.3, 1.5, 1.5, 1.6, 1.9, 2.0, 2.1, 2.0, 1.9, 0.9, 0.9, 1.7, 2.1, 2.1, 1.7, 0.8, 0.6, 1.0, 1.0, 0.8, 0.6, 0.5, 0.5, 0.6, 0.8, 0.9, 1.0, 1.3, 1.6, 1.8, 1.7, 1.8, 2.0, 2.2, 2.4, 2.4, 2.2, 0.9, 1.3, 1.9, 2.3, 2.2, 1.8, 0.9, 0.8, 1.3, 1.2, 0.8, 0.5, 0.4, 0.5, 0.7, 0.9, 1.1, 1.2, 1.5, 1.8, 1.9, 1.8, 1.8, 1.9, 2.2, 2.5, 2.6, 2.6, 1.2, 1.9, 2.1, 2.3, 2.3, 1.9, 1.2, 1.2, 1.7, 1.5, 0.9, 0.3, 0.3, 0.5, 0.9, 1.1, 1.3, 1.5, 1.7, 1.9, 1.9, 1.8, 1.6, 1.7, 2.0, 2.3, 2.5, 2.5, 1.9, 2.1, 2.2, 2.3, 2.3, 1.7, 1.3, 1.4, 2.1, 2.0, 1.3, 0.7, 0.5, 0.8, 1.2, 1.4, 1.5, 1.7, 1.9, 1.9, 1.8, 1.6, 1.5, 1.6, 1.9, 2.0, 2.3, 2.5, 2.1, 2.1, 2.3, 2.3, 1.9, 1.4, 1.2, 1.8, 2.4, 2.2, 1.8, 1.3, 1.1, 1.3, 1.5, 1.6, 1.8, 1.9, 2.0, 1.9, 1.8, 1.6, 1.6, 1.8, 1.8, 1.9, 1.9, 2.2, 2.1, 2.1, 2.3, 2.3, 1.6, 1.2, 1.7, 2.4, 2.5, 2.1, 1.9, 1.5, 1.2, 1.3, 1.5, 1.7, 1.9, 2.1, 2.1, 2.1, 1.9, 1.8, 1.8, 1.8, 1.8, 1.8, 1.9, 1.9, 2.1, 2.2, 2.3, 2.0, 1.4, 1.2, 2.0, 2.5, 2.3, 2.0, 1.9, 1.5, 1.2, 1.3, 1.7, 1.8, 1.9, 2.1, 2.1, 2.1, 1.9, 1.8, 1.8, 1.8, 1.8, 1.8, 1.8, 1.9]}, "None|4": {"ny": 13, "nx": 4, "lat0": 56.4375114, "lon0": 12.6481534, "dLat": 8.983e-06, "dLon": 1.6249e-05, "slope": [12.8, 12.8, 12.8, 12.8, 16.3, 16.1, 13.1, 13.1, 16.6, 16.3, 12.7, 12.7, 16.2, 15.2, 11.8, 11.8, 16.2, 13.6, 10.5, 10.4, 14.4, 11.6, 8.9, 8.7, 12.0, 9.2, 7.0, 6.8, 9.2, 6.8, 5.1, 4.9, 6.8, 4.9, 3.6, 3.4, 5.0, 3.5, 2.5, 2.3, 3.7, 2.6, 1.8, 1.7, 3.6, 2.3, 1.6, 1.5, 2.5, 2.0, 1.6, 1.5]}, "None|5": {"ny": 17, "nx": 30, "lat0": 56.4370041, "lon0": 12.6477632, "dLat": 8.983e-06, "dLon": 1.6249e-05, "slope": [4.1, 4.0, 4.3, 5.8, 7.7, 9.5, 8.5, 6.4, 6.6, 9.2, 12.0, 14.3, 16.0, 17.0, 16.2, 12.9, 11.8, 11.2, 8.2, 5.4, 4.6, 6.1, 8.0, 8.5, 8.3, 7.8, 7.6, 6.8, 7.2, 7.2, 4.3, 4.2, 4.1, 5.0, 7.7, 10.1, 10.5, 9.8, 10.3, 11.9, 13.6, 14.7, 15.2, 15.0, 14.2, 12.8, 11.7, 11.2, 8.3, 5.5, 4.5, 5.8, 6.7, 7.8, 7.4, 6.9, 6.9, 6.8, 7.2, 7.2, 4.3, 4.3, 4.2, 5.0, 7.4, 10.3, 12.1, 12.9, 13.7, 14.4, 14.5, 13.9, 12.9, 12.2, 11.8, 11.3, 10.9, 10.2, 8.4, 5.7, 4.8, 5.8, 6.1, 5.7, 5.1, 4.9, 5.3, 5.9, 6.0, 5.9, 4.5, 4.4, 4.3, 4.7, 6.4, 9.1, 11.5, 13.3, 14.2, 14.3, 13.4, 11.7, 9.8, 8.8, 9.3, 10.3, 10.7, 10.2, 8.5, 6.4, 5.7, 5.5, 4.7, 3.7, 3.0, 3.2, 3.8, 4.3, 4.1, 4.0, 4.7, 4.4, 4.2, 4.2, 4.9, 6.8, 8.9, 10.7, 11.5, 11.3, 10.1, 8.4, 6.7, 5.8, 6.8, 8.6, 10.0, 9.9, 8.4, 6.2, 4.8, 4.1, 3.0, 1.9, 1.3, 2.0, 2.7, 3.0, 2.8, 2.8, 4.7, 4.4, 4.1, 3.9, 4.2, 5.2, 6.4, 7.3, 7.7, 7.3, 6.5, 5.5, 4.4, 3.9, 4.6, 6.5, 8.4, 9.1, 8.2, 6.1, 3.9, 2.6, 1.7, 0.8, 0.6, 1.5, 2.1, 2.2, 2.0, 2.0, 4.7, 4.4, 4.1, 4.1, 4.3, 4.7, 5.1, 5.2, 5.1, 4.7, 4.3, 3.8, 3.4, 3.1, 3.4, 4.6, 6.1, 7.4, 7.5, 6.1, 3.8, 1.9, 0.9, 0.4, 0.9, 1.5, 1.8, 1.8, 1.4, 1.4, 4.4, 4.3, 4.2, 4.4, 4.6, 4.7, 4.6, 4.3, 3.9, 3.6, 3.3, 3.1, 3.1, 3.0, 3.1, 3.3, 4.1, 5.3, 6.2, 5.7, 3.9, 2.0, 0.9, 0.9, 1.3, 1.7, 1.8, 1.5, 1.1, 1.1, 4.3, 4.4, 4.4, 4.7, 4.8, 4.7, 4.4, 3.9, 3.5, 3.1, 3.0, 3.0, 3.0, 3.1, 3.1, 3.1, 3.2, 4.0, 5.0, 5.2, 4.0, 2.4, 1.4, 1.3, 1.5, 1.8, 1.8, 1.5, 1.0, 1.0, 4.9, 4.9, 4.7, 4.8, 4.8, 4.6, 4.2, 3.7, 3.3, 3.1, 3.0, 3.0, 3.1, 3.1, 3.2, 3.1, 3.2, 3.7, 4.6, 4.9, 4.0, 2.6, 1.7, 1.5, 1.7, 1.9, 1.8, 1.5, 1.1, 1.0, 5.9, 6.0, 5.2, 4.8, 4.6, 4.4, 4.1, 3.7, 3.4, 3.2, 3.1, 3.2, 3.2, 3.2, 3.2, 3.3, 3.4, 3.9, 4.5, 4.6, 3.8, 2.6, 1.9, 1.8, 1.9, 2.0, 1.9, 1.6, 1.2, 1.2, 6.5, 6.5, 5.6, 4.8, 4.4, 4.2, 4.0, 3.8, 3.6, 3.5, 3.4, 3.4, 3.3, 3.3, 3.3, 3.4, 3.6, 4.0, 4.5, 4.5, 3.5, 2.5, 2.0, 2.1, 2.3, 2.3, 2.2, 2.0, 1.8, 1.8, 6.3, 6.3, 6.0, 4.9, 4.2, 4.0, 3.8, 3.8, 3.7, 3.7, 3.7, 3.7, 3.6, 3.6, 3.5, 3.5, 3.7, 4.2, 4.6, 4.2, 3.0, 2.0, 1.8, 2.2, 2.5, 2.6, 2.5, 2.3, 2.2, 2.2, 6.2, 6.1, 6.1, 5.0, 4.1, 3.7, 3.6, 3.7, 3.7, 3.9, 4.0, 4.0, 4.0, 3.8, 3.6, 3.5, 3.8, 4.3, 4.6, 3.9, 2.5, 1.5, 1.3, 2.1, 2.5, 2.6, 2.5, 2.3, 2.2, 2.2, 6.1, 6.1, 5.5, 4.7, 4.0, 3.5, 3.4, 3.5, 3.6, 3.8, 4.0, 4.1, 4.1, 4.0, 3.8, 3.7, 4.0, 4.4, 4.6, 3.9, 2.6, 1.5, 1.3, 1.8, 2.4, 2.6, 2.5, 2.3, 2.2, 2.2, 6.1, 5.5, 4.8, 4.2, 3.7, 3.5, 3.4, 3.3, 3.4, 3.5, 3.7, 3.9, 4.0, 4.1, 4.1, 4.2, 4.4, 4.5, 4.5, 4.1, 2.7, 1.6, 1.3, 1.3, 2.2, 2.6, 2.5, 2.3, 2.2, 2.2, 5.6, 4.8, 4.2, 3.8, 3.6, 3.5, 3.3, 3.2, 3.3, 3.5, 3.7, 3.9, 4.0, 4.1, 4.1, 4.2, 4.4, 4.5, 4.5, 4.5, 3.0, 1.6, 1.3, 1.3, 1.8, 2.4, 2.5, 2.3, 2.2, 2.2]}, "None|6": {"ny": 23, "nx": 28, "lat0": 56.4375525, "lon0": 12.6406293, "dLat": 8.983e-06, "dLon": 1.6249e-05, "slope": [7.4, 7.4, 6.4, 4.2, 3.0, 4.7, 9.3, 12.5, 12.2, 11.2, 9.6, 8.2, 6.3, 4.6, 4.0, 3.8, 3.8, 3.7, 3.5, 3.6, 3.8, 4.1, 5.8, 8.6, 9.9, 9.9, 9.3, 7.8, 7.4, 7.4, 7.4, 6.5, 4.4, 3.0, 5.7, 10.4, 12.3, 11.2, 9.7, 8.4, 7.1, 5.7, 4.8, 4.4, 4.2, 3.9, 3.6, 3.7, 4.1, 5.3, 8.1, 9.9, 9.9, 9.4, 7.9, 6.1, 7.1, 7.4, 7.4, 7.4, 6.6, 4.5, 4.7, 8.9, 11.2, 10.3, 9.0, 8.3, 7.5, 6.4, 5.4, 5.0, 4.9, 4.7, 4.5, 4.5, 5.4, 6.4, 8.2, 9.9, 9.5, 8.0, 6.3, 4.0, 6.6, 6.9, 7.1, 7.4, 7.4, 5.6, 4.3, 7.5, 9.2, 8.6, 7.7, 7.5, 7.3, 6.5, 5.7, 5.4, 5.3, 5.3, 5.2, 5.3, 5.6, 6.7, 8.4, 9.2, 8.2, 6.4, 4.2, 2.6, 6.4, 6.4, 6.6, 6.8, 6.7, 5.4, 4.1, 5.9, 6.9, 6.7, 6.5, 6.7, 6.7, 6.2, 5.4, 5.1, 5.1, 5.1, 5.3, 5.5, 5.5, 5.7, 6.3, 6.7, 6.1, 4.4, 2.6, 2.6, 6.4, 6.4, 6.4, 6.4, 5.8, 3.8, 2.7, 3.7, 4.6, 5.1, 5.5, 5.8, 5.9, 5.3, 4.4, 4.0, 4.1, 4.2, 4.5, 4.8, 4.9, 4.9, 4.9, 4.7, 3.6, 2.3, 2.4, 2.5, 5.9, 5.9, 5.9, 5.8, 4.9, 2.3, 1.1, 2.2, 3.2, 4.0, 4.6, 4.9, 5.0, 4.4, 3.4, 2.8, 2.9, 3.2, 3.4, 3.7, 4.0, 4.1, 4.2, 3.8, 2.8, 1.8, 2.0, 2.6, 5.9, 5.0, 4.9, 4.9, 4.1, 1.8, 1.0, 1.6, 2.4, 3.2, 3.8, 4.2, 4.3, 3.8, 2.8, 2.0, 2.1, 2.5, 2.6, 2.8, 3.1, 3.4, 3.5, 3.3, 2.7, 2.3, 2.5, 3.1, 6.8, 5.6, 4.5, 4.3, 3.2, 1.5, 1.1, 1.5, 2.1, 2.8, 3.4, 3.6, 3.7, 3.4, 2.6, 1.6, 1.6, 2.0, 2.2, 2.4, 2.7, 3.0, 2.9, 2.6, 2.4, 2.3, 2.6, 3.2, 6.9, 6.9, 5.7, 4.2, 2.2, 1.1, 1.2, 1.6, 2.1, 2.7, 3.1, 3.1, 3.1, 3.0, 2.5, 1.6, 1.4, 1.8, 2.0, 2.2, 2.6, 2.7, 2.5, 2.2, 2.1, 2.2, 2.3, 2.5, 6.5, 6.9, 6.7, 3.9, 1.9, 1.3, 1.5, 1.8, 2.2, 2.6, 2.8, 2.6, 2.5, 2.5, 2.4, 1.8, 1.5, 1.7, 2.0, 2.2, 2.5, 2.6, 2.4, 2.1, 2.2, 2.4, 2.5, 2.5, 6.5, 6.5, 6.1, 4.0, 2.5, 2.0, 1.9, 2.0, 2.3, 2.6, 2.6, 2.2, 2.0, 2.1, 2.3, 2.0, 1.8, 1.9, 2.1, 2.3, 2.4, 2.3, 2.2, 2.2, 2.5, 2.7, 2.8, 2.8, 3.8, 3.7, 4.6, 4.0, 3.1, 2.6, 2.4, 2.4, 2.4, 2.4, 2.3, 1.8, 1.6, 1.9, 2.2, 2.2, 2.0, 2.2, 2.5, 2.5, 2.3, 2.1, 2.1, 2.4, 2.8, 3.0, 3.0, 3.0, 3.6, 2.5, 3.6, 3.3, 3.0, 2.9, 2.8, 2.8, 2.6, 2.4, 2.0, 1.6, 1.5, 1.9, 2.3, 2.3, 2.2, 2.3, 2.7, 2.6, 2.2, 2.0, 2.1, 2.6, 3.1, 3.2, 3.1, 3.0, 7.0, 4.6, 3.6, 2.8, 2.5, 2.6, 2.8, 2.9, 2.7, 2.4, 1.9, 1.6, 1.7, 2.1, 2.5, 2.6, 2.4, 2.5, 2.7, 2.5, 2.1, 2.0, 2.3, 2.9, 3.3, 3.4, 3.3, 3.1, 6.1, 4.4, 3.4, 2.7, 2.4, 2.3, 2.4, 2.5, 2.5, 2.3, 1.9, 1.7, 2.0, 2.4, 2.8, 3.0, 2.7, 2.5, 2.4, 2.1, 1.9, 2.0, 2.5, 3.1, 3.4, 3.4, 3.4, 3.3, 4.2, 2.9, 2.4, 2.3, 2.3, 2.2, 2.0, 2.0, 2.0, 1.9, 1.6, 1.6, 2.1, 2.4, 2.7, 3.0, 2.8, 2.3, 2.0, 1.7, 1.6, 2.0, 2.7, 3.2, 3.3, 3.4, 3.4, 3.4, 3.3, 1.6, 1.3, 1.6, 1.9, 1.9, 1.8, 1.6, 1.5, 1.2, 1.0, 1.3, 1.9, 2.1, 2.2, 2.5, 2.4, 1.8, 1.4, 1.3, 1.5, 2.1, 2.6, 2.8, 3.1, 3.3, 3.4, 3.4, 1.9, 0.8, 0.8, 1.3, 1.6, 1.6, 1.5, 1.4, 1.1, 0.6, 0.5, 1.1, 1.7, 1.7, 1.5, 1.8, 1.8, 1.3, 1.0, 1.1, 1.5, 2.1, 2.2, 2.6, 2.8, 3.1, 3.3, 3.4, 0.4, 0.4, 0.9, 1.3, 1.3, 1.3, 1.2, 0.9, 0.6, 0.2, 0.6, 1.2, 1.6, 1.4, 0.8, 1.2, 1.4, 1.0, 0.7, 1.0, 1.6, 1.7, 2.1, 2.2, 2.6, 2.8, 3.1, 3.3, 0.4, 0.7, 1.1, 1.2, 1.1, 1.0, 0.9, 0.6, 0.3, 0.3, 0.8, 1.3, 1.5, 1.1, 0.3, 1.0, 1.2, 0.7, 0.5, 0.5, 1.5, 1.7, 1.7, 2.0, 2.2, 2.5, 2.8, 3.0, 0.7, 1.0, 1.2, 1.2, 1.0, 0.9, 0.8, 0.5, 0.2, 0.4, 0.8, 1.2, 1.3, 0.8, 0.7, 1.3, 1.5, 0.7, 0.5, 0.5, 1.4, 1.7, 1.7, 1.7, 2.0, 2.2, 2.5, 2.7, 1.0, 1.2, 1.2, 1.2, 1.0, 0.9, 0.6, 0.4, 0.2, 0.4, 0.8, 1.2, 1.3, 0.8, 0.7, 1.3, 1.5, 0.8, 0.6, 0.5, 0.5, 1.5, 1.7, 1.7, 1.7, 2.0, 2.2, 2.5]}, "None|7": {"ny": 22, "nx": 35, "lat0": 56.4381705, "lon0": 12.637606, "dLat": 8.983e-06, "dLon": 1.6249e-05, "slope": [10.1, 10.1, 10.6, 11.3, 10.9, 9.8, 9.3, 9.3, 8.9, 8.1, 7.5, 6.6, 5.8, 6.1, 7.3, 8.2, 8.6, 8.7, 7.5, 4.6, 1.9, 1.3, 4.8, 8.4, 9.4, 9.7, 10.0, 10.3, 9.9, 8.4, 7.6, 5.9, 4.6, 4.6, 4.6, 10.1, 10.1, 10.1, 10.5, 11.2, 11.0, 9.9, 9.3, 9.3, 8.5, 7.5, 7.3, 6.4, 5.8, 6.5, 7.7, 8.6, 8.7, 7.7, 5.7, 3.9, 4.2, 6.4, 8.4, 9.5, 9.8, 10.1, 10.3, 8.9, 7.6, 7.1, 5.5, 4.6, 4.6, 4.5, 10.2, 10.1, 10.1, 10.1, 10.9, 11.8, 11.1, 10.0, 9.3, 9.0, 8.2, 7.5, 7.6, 6.8, 6.3, 7.3, 7.9, 8.0, 7.6, 6.9, 6.1, 6.1, 7.1, 8.6, 9.7, 10.2, 10.1, 9.9, 8.7, 7.6, 6.1, 4.6, 4.6, 4.5, 4.4, 10.5, 10.2, 10.1, 10.1, 10.6, 11.6, 11.8, 11.1, 10.1, 9.3, 9.6, 9.0, 7.9, 8.1, 8.0, 8.0, 7.8, 7.6, 7.6, 7.6, 7.5, 7.1, 6.8, 6.9, 7.4, 8.0, 8.1, 7.7, 7.0, 6.6, 5.6, 4.6, 4.5, 4.4, 4.2, 10.2, 10.5, 10.2, 10.1, 10.1, 11.0, 12.3, 11.9, 11.2, 10.2, 10.1, 10.9, 10.4, 10.1, 9.2, 8.2, 7.4, 7.0, 7.0, 7.4, 7.7, 7.2, 6.0, 4.7, 4.2, 4.3, 4.5, 4.3, 3.7, 3.4, 3.8, 4.4, 4.4, 4.3, 4.0, 9.2, 10.8, 10.5, 10.2, 10.1, 10.5, 11.7, 12.3, 11.9, 11.6, 12.3, 12.8, 12.1, 10.7, 8.9, 7.3, 6.3, 5.8, 5.8, 6.3, 7.0, 6.9, 5.7, 3.9, 2.5, 1.8, 1.7, 1.6, 1.4, 1.7, 2.8, 3.8, 4.2, 4.0, 3.8, 9.0, 10.5, 10.8, 10.6, 10.3, 10.1, 10.9, 12.6, 12.6, 13.3, 13.5, 12.5, 11.0, 9.4, 7.7, 6.0, 4.9, 4.4, 4.3, 4.9, 6.0, 6.7, 6.2, 4.8, 3.5, 2.6, 2.0, 1.6, 1.7, 2.2, 3.0, 3.7, 3.9, 3.9, 3.9, 8.4, 9.2, 11.2, 10.8, 10.6, 10.3, 10.8, 12.8, 13.2, 13.0, 11.3, 9.4, 7.9, 7.0, 6.0, 4.7, 3.6, 3.1, 3.1, 3.5, 4.6, 5.9, 6.3, 5.8, 4.9, 4.2, 3.7, 3.3, 3.3, 3.6, 3.9, 4.1, 4.3, 4.3, 4.4, 8.4, 8.9, 10.5, 11.2, 10.9, 10.8, 11.7, 12.9, 12.3, 10.1, 7.3, 5.2, 4.4, 4.4, 4.3, 3.5, 2.3, 2.0, 2.1, 2.4, 3.2, 4.6, 5.7, 6.0, 5.8, 5.4, 5.2, 4.9, 4.9, 4.9, 4.8, 4.7, 4.8, 4.9, 5.0, 8.1, 8.4, 9.0, 11.2, 11.3, 11.8, 12.6, 12.0, 9.9, 6.6, 3.6, 1.9, 1.8, 2.5, 3.1, 2.7, 1.5, 0.9, 1.5, 1.7, 2.2, 3.2, 4.3, 5.0, 5.4, 5.6, 5.7, 5.7, 5.6, 5.4, 5.1, 4.9, 4.9, 5.0, 5.2, 7.4, 8.1, 8.9, 11.3, 12.0, 12.5, 11.7, 9.8, 7.0, 3.9, 1.5, 0.5, 0.9, 1.7, 2.5, 2.5, 1.5, 0.4, 1.3, 1.6, 1.7, 2.2, 2.8, 3.4, 3.9, 4.4, 4.9, 5.1, 5.1, 4.9, 4.6, 4.5, 4.6, 4.8, 5.0, 7.3, 7.5, 9.4, 11.5, 12.1, 11.2, 9.3, 6.9, 4.4, 2.1, 0.7, 0.4, 0.7, 1.4, 2.3, 2.6, 1.7, 0.5, 1.0, 1.4, 1.6, 1.8, 2.0, 2.1, 2.3, 2.8, 3.4, 3.7, 3.8, 3.8, 3.8, 3.9, 4.1, 4.3, 4.6, 7.6, 7.9, 10.4, 11.2, 10.3, 8.4, 6.2, 4.1, 2.3, 1.1, 0.5, 0.5, 0.7, 1.4, 2.3, 2.6, 1.8, 0.6, 0.6, 1.2, 1.4, 1.6, 1.6, 1.4, 1.4, 1.8, 2.2, 2.6, 2.8, 2.9, 3.1, 3.3, 3.4, 3.5, 3.8, 8.2, 8.7, 9.9, 9.2, 7.4, 5.3, 3.5, 2.1, 1.1, 0.5, 0.4, 0.6, 0.8, 1.5, 2.4, 2.5, 1.7, 0.7, 0.4, 0.8, 1.2, 1.5, 1.5, 1.2, 1.1, 1.4, 1.7, 1.9, 2.1, 2.3, 2.4, 2.6, 2.6, 3.0, 3.1, 7.6, 8.6, 8.2, 6.4, 4.4, 2.9, 2.0, 1.2, 0.6, 0.3, 0.4, 0.5, 0.8, 1.5, 2.4, 2.5, 1.7, 0.8, 0.1, 0.6, 1.1, 1.5, 1.5, 1.2, 1.1, 1.2, 1.4, 1.5, 1.6, 1.7, 2.0, 2.0, 2.1, 3.0, 3.0, 7.6, 7.8, 6.2, 4.0, 2.4, 1.7, 1.5, 1.1, 0.7, 0.3, 0.2, 0.4, 0.7, 1.4, 2.3, 2.5, 1.9, 1.0, 0.3, 0.6, 1.1, 1.5, 1.6, 1.4, 1.2, 1.0, 0.9, 0.9, 1.2, 1.2, 1.9, 2.0, 2.0, 2.6, 3.0, 7.8, 6.7, 4.5, 2.5, 1.4, 1.2, 1.3, 1.1, 0.8, 0.4, 0.2, 0.3, 0.6, 1.2, 2.0, 2.4, 2.2, 1.5, 0.8, 0.1, 0.5, 1.0, 1.2, 1.2, 1.0, 0.7, 0.4, 0.4, 1.2, 1.2, 1.7, 2.0, 2.0, 2.0, 3.0, 7.0, 5.7, 3.5, 1.9, 1.2, 1.1, 1.1, 1.0, 0.8, 0.6, 0.5, 0.6, 0.7, 1.0, 1.5, 2.0, 2.2, 2.1, 1.7, 1.3, 1.1, 0.9, 0.6, 0.5, 0.6, 0.6, 0.4, 0.4, 0.9, 1.2, 1.2, 2.0, 2.0, 2.0, 2.5, 5.1, 5.0, 3.1, 1.7, 1.2, 1.0, 0.9, 0.7, 0.7, 0.8, 0.9, 1.0, 1.1, 1.1, 1.0, 1.2, 1.7, 2.1, 2.3, 2.4, 2.3, 2.1, 2.1, 0.6, 0.6, 0.6, 0.4, 0.4, 0.4, 1.1, 1.2, 1.7, 2.0, 2.0, 2.0, 4.9, 4.9, 3.4, 2.0, 1.3, 1.0, 0.7, 0.3, 0.5, 0.9, 1.2, 1.3, 1.3, 1.1, 0.6, 0.5, 1.1, 1.7, 2.2, 2.2, 2.3, 2.1, 2.1, 0.7, 0.6, 0.6, 0.6, 0.4, 0.4, 0.9, 1.1, 1.2, 1.9, 2.0, 2.0, 4.9, 4.6, 3.7, 2.3, 1.5, 1.0, 0.5, 0.3, 0.6, 1.0, 1.1, 1.2, 1.1, 0.9, 0.6, 0.5, 0.6, 1.6, 2.2, 2.2, 2.3, 2.2, 2.1, 2.1, 0.8, 0.6, 0.6, 0.4, 0.4, 0.4, 1.1, 1.2, 1.9, 2.0, 2.0, 4.6, 3.8, 3.6, 2.4, 1.5, 0.8, 0.4, 0.5, 0.8, 1.0, 1.1, 1.1, 1.1, 0.8, 0.6, 0.5, 0.5, 1.5, 2.1, 2.2, 2.2, 2.1, 2.1, 2.1, 1.0, 0.6, 0.6, 0.6, 0.4, 0.4, 0.8, 1.1, 1.6, 1.9, 2.0]}, "None|8": {"ny": 29, "nx": 23, "lat0": 56.4363215, "lon0": 12.6406725, "dLat": 8.983e-06, "dLon": 1.6248e-05, "slope": [3.0, 2.9, 2.8, 2.8, 3.0, 3.1, 3.2, 3.3, 3.4, 3.6, 4.1, 4.2, 4.0, 3.7, 3.3, 2.8, 2.6, 2.9, 3.2, 3.6, 3.6, 3.6, 3.7, 3.1, 3.0, 2.9, 2.8, 2.8, 3.0, 3.1, 3.2, 3.3, 3.6, 4.1, 4.3, 4.1, 3.6, 2.9, 2.4, 2.5, 2.9, 3.2, 3.6, 3.6, 3.7, 3.8, 3.2, 3.1, 3.0, 2.9, 2.8, 2.9, 3.1, 3.2, 3.2, 3.3, 3.6, 3.7, 3.2, 2.4, 2.1, 2.1, 2.5, 3.0, 3.4, 3.6, 3.7, 3.8, 4.0, 3.3, 3.2, 3.1, 3.0, 2.9, 2.9, 3.2, 3.2, 3.0, 2.9, 3.0, 3.1, 2.7, 2.0, 1.7, 2.0, 2.5, 2.8, 3.1, 3.5, 3.8, 3.9, 4.5, 3.5, 3.3, 3.2, 3.1, 3.0, 3.1, 3.3, 3.3, 3.0, 2.7, 2.8, 3.0, 2.7, 2.3, 2.1, 2.1, 2.2, 2.4, 2.6, 3.1, 3.7, 4.3, 5.1, 3.5, 3.5, 3.3, 3.2, 3.1, 3.2, 3.4, 3.3, 3.0, 2.8, 2.9, 3.1, 3.0, 2.7, 2.3, 2.1, 1.9, 1.9, 2.1, 2.6, 3.7, 5.1, 5.9, 3.5, 3.5, 3.5, 3.3, 3.2, 3.3, 3.3, 3.1, 2.8, 2.6, 2.8, 3.0, 2.9, 2.6, 2.2, 1.9, 1.7, 1.6, 1.8, 2.2, 3.3, 5.3, 6.8, 3.5, 3.5, 3.5, 3.3, 3.2, 3.2, 3.1, 2.8, 2.4, 2.3, 2.5, 2.7, 2.6, 2.3, 1.9, 1.7, 1.6, 1.5, 1.5, 1.8, 2.9, 5.0, 6.8, 3.6, 3.5, 3.4, 3.2, 3.2, 3.1, 2.8, 2.4, 2.1, 2.1, 2.3, 2.5, 2.5, 2.2, 1.9, 1.6, 1.5, 1.3, 1.1, 1.4, 2.6, 4.7, 6.6, 3.6, 3.5, 3.1, 2.9, 3.0, 2.9, 2.6, 2.1, 1.9, 2.0, 2.1, 2.3, 2.4, 2.3, 2.0, 1.7, 1.3, 0.9, 0.7, 1.0, 2.3, 4.4, 6.3, 3.4, 3.3, 2.7, 2.6, 2.7, 2.8, 2.6, 2.2, 2.0, 2.0, 2.0, 2.0, 2.2, 2.2, 2.0, 1.8, 1.4, 0.9, 0.7, 1.0, 2.1, 4.0, 5.5, 3.1, 3.0, 2.3, 2.2, 2.6, 2.8, 2.7, 2.4, 2.2, 2.2, 2.0, 1.9, 2.1, 2.2, 2.2, 2.0, 1.6, 1.3, 1.1, 1.2, 2.1, 3.6, 3.8, 3.2, 2.7, 2.0, 2.0, 2.5, 2.8, 2.7, 2.5, 2.4, 2.3, 2.1, 1.9, 2.0, 2.1, 2.2, 2.0, 1.7, 1.3, 1.1, 1.3, 2.1, 3.4, 3.4, 3.6, 2.5, 1.8, 1.9, 2.4, 2.8, 2.9, 2.7, 2.5, 2.4, 2.2, 2.0, 1.9, 2.0, 2.1, 1.9, 1.4, 1.0, 0.9, 1.4, 2.2, 3.3, 3.3, 3.6, 2.5, 1.9, 2.0, 2.5, 2.9, 3.1, 3.0, 2.9, 2.7, 2.5, 2.2, 2.0, 2.1, 2.2, 2.0, 1.4, 0.9, 1.0, 1.6, 2.3, 3.1, 3.4, 2.9, 2.4, 2.0, 2.0, 2.4, 2.9, 3.3, 3.4, 3.3, 3.2, 2.9, 2.6, 2.3, 2.4, 2.4, 2.2, 1.6, 1.0, 1.2, 1.8, 2.5, 2.5, 3.2, 2.3, 2.3, 1.9, 1.9, 2.1, 2.6, 3.1, 3.3, 3.4, 3.3, 3.1, 2.8, 2.6, 2.6, 2.7, 2.4, 1.8, 1.3, 1.5, 2.0, 2.7, 2.7, 2.7, 2.3, 2.3, 1.8, 1.7, 1.8, 2.2, 2.7, 3.0, 3.1, 3.1, 3.0, 2.8, 2.7, 2.7, 2.7, 2.4, 1.9, 1.5, 1.7, 2.2, 2.8, 3.0, 3.0, 2.4, 2.4, 1.9, 1.5, 1.6, 1.9, 2.3, 2.7, 2.8, 2.9, 2.9, 2.9, 2.9, 2.9, 2.8, 2.4, 1.9, 1.6, 1.8, 2.4, 2.5, 2.8, 3.0, 2.6, 2.6, 2.0, 1.6, 1.5, 1.8, 2.2, 2.5, 2.6, 2.7, 2.9, 3.0, 3.2, 3.3, 3.1, 2.6, 1.9, 1.6, 1.9, 2.4, 2.6, 2.6, 2.8, 2.7, 2.7, 2.1, 1.7, 1.6, 1.8, 2.1, 2.2, 2.3, 2.5, 2.8, 3.0, 3.3, 3.5, 3.4, 2.8, 2.1, 1.8, 2.0, 2.1, 2.5, 2.6, 2.6, 2.7, 2.7, 2.2, 1.8, 1.7, 1.9, 2.0, 2.0, 1.9, 2.1, 2.5, 2.9, 3.2, 3.5, 3.5, 3.1, 2.5, 2.2, 2.3, 2.3, 2.3, 2.5, 2.5, 2.5, 2.4, 2.2, 2.0, 1.9, 1.9, 2.0, 1.8, 1.7, 1.9, 2.3, 2.9, 3.4, 3.7, 3.7, 3.4, 3.0, 2.8, 2.7, 2.5, 2.4, 2.3, 2.3, 2.3, 2.3, 2.3, 2.1, 2.0, 2.0, 2.0, 1.9, 1.8, 2.0, 2.5, 3.1, 3.6, 3.9, 3.9, 3.6, 3.3, 3.1, 3.1, 3.1, 2.6, 2.5, 2.4, 2.3, 2.3, 2.3, 2.4, 2.3, 2.2, 2.1, 2.0, 2.0, 2.3, 2.8, 3.2, 3.5, 3.8, 3.8, 3.6, 3.4, 3.4, 3.2, 3.1, 3.1, 3.1, 2.7, 2.3, 2.5, 2.7, 2.8, 2.6, 2.4, 2.2, 2.1, 2.2, 2.5, 2.9, 3.2, 3.4, 3.5, 3.6, 3.6, 3.6, 3.5, 3.4, 3.2, 3.1, 3.1, 3.1, 2.7, 2.9, 3.0, 3.0, 2.8, 2.5, 2.2, 2.1, 2.1, 2.4, 2.8, 3.0, 3.2, 3.3, 3.4, 3.4, 3.5, 3.6, 3.5, 3.4, 3.2, 3.1, 3.1, 3.0, 3.0, 3.0, 2.9, 2.8, 2.4, 2.0, 1.9, 2.0, 2.3, 2.7, 3.0, 3.2, 3.2, 3.4, 3.4, 3.4, 3.5, 3.6, 3.5, 3.4, 3.2, 3.1, 3.0, 3.0, 2.9, 2.8, 2.6, 2.2, 2.0, 1.8, 1.9, 2.2, 2.7, 3.0, 3.2, 3.2, 3.3, 3.4, 3.4, 3.4, 3.5, 3.6, 3.5, 3.4, 3.2]}, "None|9": {"ny": 23, "nx": 16, "lat0": 56.4375828, "lon0": 12.6361649, "dLat": 8.983e-06, "dLon": 1.6249e-05, "slope": [5.2, 5.2, 5.2, 5.6, 5.9, 6.0, 6.3, 6.4, 6.4, 6.2, 6.0, 5.8, 5.9, 5.9, 6.0, 6.3, 5.3, 5.2, 5.2, 5.5, 6.2, 6.5, 6.7, 6.7, 6.7, 6.7, 6.7, 6.6, 6.3, 6.0, 6.2, 6.6, 5.4, 5.4, 5.5, 6.0, 6.6, 6.7, 6.5, 6.3, 6.2, 6.4, 6.6, 6.7, 6.8, 6.7, 6.6, 6.5, 5.4, 5.4, 5.7, 6.4, 6.6, 6.3, 5.8, 5.5, 5.4, 5.5, 5.8, 6.1, 6.3, 6.5, 6.5, 6.2, 5.1, 5.1, 5.4, 6.1, 6.1, 5.6, 5.2, 4.9, 4.8, 4.9, 5.1, 5.3, 5.5, 5.7, 5.6, 5.5, 3.9, 4.0, 4.9, 5.4, 5.2, 4.8, 4.6, 4.5, 4.5, 4.5, 4.6, 4.8, 4.9, 4.9, 4.7, 4.4, 3.2, 3.5, 4.4, 4.5, 4.2, 4.0, 4.0, 4.0, 4.0, 4.1, 4.2, 4.3, 4.4, 4.4, 4.2, 3.8, 3.3, 3.5, 4.0, 3.8, 3.5, 3.4, 3.4, 3.4, 3.4, 3.5, 3.6, 3.8, 4.0, 4.1, 4.0, 3.7, 3.6, 3.6, 3.8, 3.5, 3.2, 3.1, 3.0, 2.9, 2.9, 2.9, 3.1, 3.3, 3.5, 3.7, 3.7, 3.6, 3.8, 3.8, 3.6, 3.2, 2.9, 2.9, 2.8, 2.6, 2.6, 2.5, 2.6, 2.7, 2.8, 3.1, 3.3, 3.4, 3.8, 3.7, 3.3, 2.8, 2.7, 2.7, 2.6, 2.5, 2.4, 2.3, 2.2, 2.2, 2.2, 2.4, 2.7, 2.9, 3.8, 3.6, 3.0, 2.6, 2.5, 2.5, 2.6, 2.5, 2.4, 2.2, 2.1, 2.0, 1.9, 1.9, 2.1, 2.1, 3.8, 3.4, 2.8, 2.6, 2.5, 2.5, 2.5, 2.4, 2.3, 2.2, 2.1, 2.0, 1.9, 1.7, 1.8, 1.8, 3.8, 3.3, 2.8, 2.6, 2.5, 2.4, 2.3, 2.2, 2.2, 2.2, 2.2, 2.2, 2.0, 1.9, 1.9, 1.9, 3.6, 3.0, 2.6, 2.4, 2.3, 2.2, 2.0, 1.9, 1.9, 1.9, 2.1, 2.2, 2.2, 2.2, 2.2, 2.2, 3.2, 2.5, 2.1, 2.0, 2.0, 1.9, 1.8, 1.8, 1.8, 1.8, 2.0, 2.1, 2.3, 2.3, 2.2, 2.2, 3.0, 2.1, 1.7, 1.7, 1.7, 1.7, 1.8, 1.8, 1.8, 1.9, 2.0, 2.2, 2.2, 2.3, 2.3, 2.2, 2.2, 1.9, 1.5, 1.5, 1.6, 1.7, 1.8, 1.9, 1.9, 2.0, 2.2, 2.4, 2.5, 2.5, 2.4, 2.3, 1.8, 1.8, 1.6, 1.5, 1.6, 1.7, 1.8, 1.8, 1.9, 2.0, 2.3, 2.3, 2.4, 2.5, 2.5, 2.5, 1.9, 1.9, 1.8, 1.7, 1.8, 1.8, 1.7, 1.6, 1.6, 1.8, 2.0, 2.1, 2.1, 2.4, 2.4, 2.5, 1.9, 1.8, 1.8, 2.0, 2.0, 1.9, 1.8, 1.6, 1.5, 1.5, 1.5, 1.9, 2.1, 2.1, 2.1, 2.3, 1.8, 1.8, 2.0, 2.1, 2.1, 2.0, 1.9, 1.7, 1.6, 1.5, 1.5, 1.5, 1.9, 2.1, 2.1, 2.1, 1.8, 1.9, 2.1, 2.1, 2.1, 2.1, 1.9, 1.7, 1.7, 1.5, 1.5, 1.5, 1.5, 1.9, 2.1, 2.1]}, "None|10": {"ny": 28, "nx": 26, "lat0": 56.4369442, "lon0": 12.6407632, "dLat": 8.983e-06, "dLon": 1.6249e-05, "slope": [26.5, 26.5, 26.8, 27.2, 25.3, 19.5, 13.2, 10.9, 10.9, 11.0, 11.1, 11.5, 11.7, 10.7, 12.0, 14.5, 13.4, 12.1, 11.1, 11.0, 12.0, 13.2, 14.7, 14.7, 14.7, 14.7, 26.5, 26.5, 26.6, 27.0, 27.2, 23.2, 16.3, 13.4, 10.9, 10.9, 11.0, 11.4, 11.8, 13.1, 16.8, 17.9, 15.0, 11.4, 9.9, 10.8, 11.9, 13.2, 14.7, 14.7, 14.7, 14.6, 25.0, 26.5, 26.5, 26.7, 27.2, 25.7, 21.3, 16.5, 13.7, 10.9, 11.9, 14.6, 17.1, 19.2, 20.7, 18.8, 14.1, 10.0, 8.1, 8.8, 11.2, 13.5, 14.6, 14.7, 14.6, 14.3, 22.1, 24.8, 26.5, 26.6, 26.9, 27.2, 25.2, 20.1, 15.5, 11.7, 11.7, 14.1, 16.8, 18.3, 17.6, 14.2, 10.0, 7.1, 6.1, 6.8, 9.1, 11.9, 13.7, 14.4, 14.3, 14.0, 21.0, 21.9, 24.6, 26.5, 26.7, 27.2, 26.1, 21.6, 15.4, 11.1, 9.6, 10.1, 11.2, 11.4, 10.0, 7.5, 5.3, 4.3, 4.3, 5.1, 6.9, 9.4, 11.7, 13.0, 13.6, 13.4, 21.0, 21.0, 21.8, 24.3, 26.7, 26.9, 24.5, 18.9, 12.7, 8.7, 6.9, 6.0, 5.6, 5.1, 4.3, 3.6, 3.4, 3.4, 3.6, 4.1, 5.2, 7.0, 8.8, 10.5, 11.6, 11.7, 17.1, 21.0, 21.0, 21.7, 23.5, 22.2, 18.5, 13.0, 8.4, 6.0, 5.0, 4.1, 3.2, 2.5, 2.4, 2.8, 3.3, 3.7, 3.8, 3.9, 4.2, 5.0, 6.0, 7.1, 8.6, 10.0, 11.4, 15.5, 15.5, 16.8, 15.9, 13.9, 10.8, 7.4, 5.1, 4.2, 4.1, 3.7, 2.8, 2.1, 2.1, 2.6, 3.4, 4.0, 4.0, 3.8, 3.8, 3.9, 3.9, 4.0, 4.9, 6.5, 11.7, 10.2, 9.3, 9.8, 8.6, 7.2, 5.7, 4.4, 3.6, 3.5, 3.7, 3.6, 3.1, 2.5, 2.3, 2.8, 3.5, 4.1, 4.2, 3.8, 3.6, 3.5, 3.0, 2.2, 2.4, 4.4, 11.9, 11.4, 7.5, 5.2, 4.3, 3.7, 3.3, 3.2, 3.2, 3.2, 3.3, 3.3, 3.2, 2.9, 2.7, 3.1, 3.7, 4.2, 4.2, 3.9, 3.7, 3.5, 2.9, 1.7, 1.9, 4.5, 10.9, 10.4, 5.9, 3.5, 2.4, 2.1, 2.2, 2.6, 3.0, 3.0, 3.0, 3.0, 3.0, 2.9, 2.8, 3.0, 3.6, 4.0, 4.2, 4.0, 3.8, 3.7, 3.1, 1.8, 2.3, 5.2, 10.1, 9.0, 6.0, 3.6, 2.1, 1.5, 1.7, 2.3, 2.8, 2.9, 2.8, 2.8, 3.1, 3.2, 3.1, 3.0, 3.2, 3.5, 3.7, 3.7, 3.7, 3.7, 3.1, 1.8, 2.6, 5.6, 11.0, 8.5, 6.3, 4.4, 2.7, 1.7, 1.6, 2.1, 2.6, 2.8, 2.7, 3.1, 3.6, 3.8, 3.5, 3.2, 3.0, 3.2, 3.4, 3.5, 3.5, 3.4, 2.7, 1.5, 2.5, 5.5, 11.1, 8.3, 6.3, 4.9, 3.5, 2.3, 1.7, 1.9, 2.5, 2.7, 2.9, 3.4, 4.0, 4.0, 3.5, 2.9, 2.7, 3.0, 3.3, 3.3, 3.2, 3.0, 2.2, 0.8, 2.2, 4.4, 11.0, 8.0, 6.1, 5.2, 4.3, 3.1, 2.2, 2.1, 2.5, 2.8, 3.1, 3.6, 4.1, 4.0, 3.3, 2.6, 2.5, 2.8, 3.1, 3.2, 3.0, 2.7, 1.9, 0.4, 2.1, 2.1, 10.6, 7.5, 5.7, 5.2, 4.7, 3.9, 3.0, 2.8, 3.0, 3.3, 3.5, 3.9, 4.0, 3.7, 3.0, 2.5, 2.5, 2.7, 3.0, 3.0, 2.9, 2.7, 2.0, 0.7, 1.8, 2.1, 10.0, 6.9, 5.2, 4.8, 4.8, 4.4, 3.9, 3.7, 3.7, 3.7, 3.8, 3.9, 3.8, 3.4, 2.8, 2.4, 2.5, 2.7, 2.8, 2.9, 3.0, 2.9, 2.4, 1.7, 1.3, 1.8, 9.5, 6.4, 4.7, 4.4, 4.6, 4.7, 4.6, 4.5, 4.2, 3.9, 3.7, 3.6, 3.4, 3.1, 2.8, 2.8, 2.9, 2.9, 2.9, 3.0, 3.3, 3.5, 3.4, 3.4, 2.3, 1.4, 9.2, 6.2, 4.4, 4.2, 4.5, 4.8, 5.0, 4.9, 4.5, 3.9, 3.4, 3.2, 3.1, 3.1, 3.1, 3.2, 3.3, 3.4, 3.5, 3.8, 4.2, 4.6, 4.8, 4.6, 4.6, 2.6, 9.1, 6.2, 4.4, 4.1, 4.5, 4.9, 5.2, 5.1, 4.6, 3.9, 3.2, 2.9, 3.0, 3.2, 3.5, 3.6, 3.5, 3.6, 3.9, 4.4, 5.0, 5.4, 5.6, 5.0, 4.7, 4.6, 9.0, 6.3, 4.4, 4.2, 4.6, 5.1, 5.4, 5.3, 4.7, 3.9, 3.1, 2.7, 2.9, 3.4, 3.9, 4.0, 3.8, 3.6, 3.7, 4.2, 4.8, 5.0, 5.4, 5.6, 5.0, 4.7, 9.1, 6.4, 4.4, 4.2, 4.7, 5.2, 5.5, 5.4, 4.8, 3.8, 2.9, 2.5, 2.7, 3.3, 4.0, 4.3, 4.3, 4.4, 4.5, 4.8, 4.8, 4.9, 5.0, 5.3, 5.6, 5.1, 9.1, 6.5, 4.5, 4.3, 4.9, 5.5, 5.7, 5.4, 4.7, 3.6, 2.7, 2.3, 2.6, 3.2, 3.8, 4.2, 4.5, 5.0, 5.6, 5.8, 5.2, 4.8, 4.9, 5.0, 5.3, 5.5, 7.7, 6.3, 4.8, 4.6, 5.3, 5.8, 5.8, 5.2, 4.3, 3.4, 2.7, 2.4, 2.6, 3.1, 3.7, 4.0, 4.4, 5.0, 5.2, 5.6, 5.8, 5.2, 4.8, 4.9, 5.0, 5.3, 5.9, 5.9, 5.3, 5.2, 5.9, 6.1, 5.5, 4.6, 3.8, 3.3, 2.8, 2.6, 2.6, 3.1, 3.7, 4.2, 4.5, 4.6, 5.0, 5.2, 5.6, 5.8, 5.3, 4.8, 4.9, 5.0, 5.9, 5.7, 5.5, 5.9, 6.5, 6.2, 5.1, 4.0, 3.5, 3.2, 2.9, 2.7, 2.7, 3.1, 3.9, 4.3, 4.5, 4.6, 4.6, 4.9, 5.2, 5.5, 5.8, 5.3, 4.9, 4.9, 5.8, 5.5, 5.8, 6.5, 6.8, 6.1, 4.8, 3.6, 3.2, 3.0, 2.9, 2.7, 2.7, 2.9, 3.7, 4.3, 4.4, 4.6, 4.6, 4.6, 4.9, 5.2, 5.5, 5.8, 5.4, 4.9, 5.5, 5.7, 6.4, 6.8, 6.4, 5.8, 4.7, 3.6, 3.1, 3.0, 2.9, 2.7, 2.7, 2.8, 3.6, 4.3, 4.3, 4.4, 4.6, 4.6, 4.6, 4.9, 5.2, 5.5, 5.8, 5.4]}, "None|11": {"ny": 17, "nx": 31, "lat0": 56.4383986, "lon0": 12.6425517, "dLat": 8.983e-06, "dLon": 1.6249e-05, "slope": [10.8, 11.3, 13.2, 13.2, 14.6, 18.6, 16.0, 15.4, 13.4, 13.9, 14.5, 14.4, 13.0, 12.0, 11.2, 10.0, 8.3, 6.5, 4.9, 9.5, 20.7, 17.0, 12.7, 12.7, 12.7, 12.7, 12.6, 11.7, 10.7, 10.4, 10.2, 10.8, 11.1, 12.3, 13.2, 14.9, 21.5, 19.1, 15.5, 13.4, 13.8, 14.3, 13.9, 12.9, 12.1, 11.9, 11.9, 12.7, 13.7, 14.9, 18.5, 20.8, 16.9, 12.3, 12.4, 12.7, 12.6, 11.8, 10.7, 10.4, 10.2, 10.6, 10.6, 10.8, 11.2, 13.6, 14.6, 22.0, 21.4, 15.0, 11.0, 11.1, 12.0, 12.1, 11.6, 11.2, 11.4, 12.3, 14.5, 17.7, 20.4, 21.8, 20.4, 14.4, 9.1, 10.1, 12.1, 11.9, 10.7, 10.4, 10.2, 10.6, 11.1, 10.2, 10.6, 11.2, 14.3, 17.1, 22.6, 20.6, 12.7, 6.8, 6.6, 8.1, 8.9, 8.9, 8.8, 9.1, 9.7, 11.3, 13.9, 16.3, 16.7, 14.1, 8.7, 5.1, 6.8, 9.0, 10.2, 10.5, 10.1, 10.5, 11.1, 11.4, 10.2, 10.4, 12.7, 16.3, 19.7, 21.1, 16.8, 8.9, 3.1, 2.5, 4.1, 5.0, 5.2, 5.4, 5.6, 5.9, 6.3, 7.2, 8.2, 8.4, 6.7, 3.6, 1.9, 4.2, 6.4, 8.2, 9.8, 10.5, 11.0, 11.4, 11.8, 10.7, 10.9, 13.8, 16.2, 16.9, 15.2, 10.7, 5.6, 2.8, 2.3, 2.4, 2.2, 1.9, 2.1, 2.7, 3.2, 3.9, 4.6, 5.1, 5.1, 4.2, 2.5, 0.7, 2.1, 4.2, 6.3, 8.6, 10.7, 11.3, 11.8, 11.7, 11.6, 11.3, 11.5, 11.4, 10.4, 8.3, 5.9, 4.2, 3.6, 3.3, 2.7, 1.8, 1.0, 0.9, 1.6, 2.4, 3.2, 4.1, 4.7, 4.8, 4.3, 3.4, 2.1, 1.4, 2.4, 4.0, 6.6, 9.4, 11.3, 11.2, 10.9, 11.5, 10.7, 8.8, 6.9, 5.4, 4.3, 3.7, 3.4, 3.2, 2.9, 2.4, 1.8, 1.2, 1.3, 1.7, 2.2, 2.9, 3.6, 4.1, 4.2, 4.1, 3.7, 3.2, 2.5, 1.7, 1.7, 4.1, 7.2, 9.5, 10.1, 9.8, 10.9, 9.5, 7.1, 4.9, 3.6, 3.0, 2.6, 2.4, 2.1, 1.8, 1.5, 1.3, 1.4, 1.7, 1.9, 2.2, 2.6, 3.1, 3.4, 3.6, 3.7, 3.8, 3.8, 3.6, 2.9, 1.6, 2.4, 4.8, 7.2, 9.0, 9.0, 9.9, 8.2, 5.9, 4.1, 3.1, 2.5, 2.0, 1.6, 1.4, 1.1, 1.1, 1.3, 1.7, 1.9, 2.1, 2.1, 2.3, 2.5, 2.8, 3.1, 3.4, 3.6, 3.8, 3.8, 3.7, 3.2, 2.7, 3.3, 5.0, 7.0, 7.0, 8.7, 7.0, 5.1, 3.7, 2.9, 2.4, 1.9, 1.5, 1.3, 1.2, 1.3, 1.5, 1.8, 2.0, 2.0, 2.0, 2.0, 2.1, 2.2, 2.5, 2.8, 3.1, 3.2, 3.3, 3.4, 3.2, 2.7, 2.3, 3.2, 5.1, 5.2, 7.5, 6.1, 4.6, 3.5, 2.9, 2.4, 2.0, 1.6, 1.4, 1.4, 1.5, 1.7, 1.8, 1.9, 1.9, 2.0, 2.0, 1.9, 1.9, 2.0, 2.2, 2.4, 2.4, 2.4, 2.4, 2.2, 1.8, 1.2, 1.8, 3.7, 3.8, 6.6, 5.5, 4.3, 3.4, 2.9, 2.5, 2.1, 1.7, 1.5, 1.4, 1.6, 1.8, 1.9, 1.9, 2.0, 2.1, 2.1, 2.1, 2.0, 1.9, 1.9, 1.9, 1.7, 1.6, 1.5, 1.4, 1.1, 0.5, 1.1, 2.7, 3.0, 6.1, 5.2, 4.2, 3.5, 3.0, 2.6, 2.2, 1.8, 1.5, 1.5, 1.7, 2.0, 2.2, 2.2, 2.2, 2.4, 2.6, 2.5, 2.4, 2.2, 2.1, 1.9, 1.6, 1.4, 1.2, 1.2, 1.2, 1.1, 1.3, 2.1, 2.6, 5.8, 5.1, 4.3, 3.6, 3.1, 2.7, 2.3, 1.9, 1.7, 1.8, 2.1, 2.2, 2.2, 2.2, 2.3, 2.4, 3.1, 3.2, 3.0, 2.8, 2.5, 2.2, 1.9, 1.6, 1.5, 1.6, 1.8, 1.9, 1.9, 1.7, 2.1, 5.1, 4.7, 4.3, 3.7, 3.2, 2.9, 2.6, 2.2, 2.1, 1.9, 2.1, 2.2, 2.2, 2.2, 2.3, 3.0, 3.4, 3.3, 3.0, 2.8, 2.8, 2.5, 2.2, 2.1, 2.2, 2.4, 2.6, 2.5, 2.5, 2.1, 1.7, 4.7, 4.3, 4.1, 3.7, 3.2, 3.0, 2.7, 2.3, 2.2, 2.0, 2.1, 2.2, 2.2, 2.2, 2.9, 3.3, 3.4, 3.3, 3.0, 2.9, 2.8, 2.6, 2.3, 2.5, 2.7, 3.0, 3.0, 2.6, 2.5, 2.5, 2.1]}, "None|12": {"ny": 23, "nx": 36, "lat0": 56.4425886, "lon0": 12.646966, "dLat": 8.983e-06, "dLon": 1.6251e-05, "slope": [9.0, 9.6, 11.4, 13.0, 13.8, 15.6, 15.6, 17.0, 19.2, 16.6, 15.1, 10.8, 9.4, 11.9, 16.7, 17.5, 16.5, 15.1, 16.2, 15.2, 13.3, 13.1, 11.5, 8.8, 7.3, 6.0, 5.5, 5.5, 6.2, 7.0, 6.1, 6.1, 6.1, 6.1, 6.1, 6.1, 9.0, 9.0, 10.0, 13.0, 13.3, 14.3, 15.6, 17.2, 21.2, 19.5, 15.2, 10.9, 9.2, 9.9, 11.3, 12.3, 13.4, 14.7, 15.8, 15.1, 13.3, 12.4, 10.1, 8.9, 7.3, 6.0, 5.5, 5.9, 7.0, 7.0, 6.1, 6.1, 6.1, 6.1, 6.1, 6.1, 9.2, 9.0, 9.4, 11.2, 13.0, 13.7, 15.7, 17.0, 21.5, 20.5, 15.6, 10.8, 8.2, 7.5, 7.6, 8.1, 9.2, 11.0, 12.7, 13.3, 13.0, 12.2, 10.1, 8.9, 7.4, 6.1, 5.5, 6.3, 8.2, 7.1, 6.1, 6.1, 6.1, 6.1, 6.1, 6.2, 9.4, 9.2, 9.0, 9.6, 12.3, 13.6, 16.3, 19.2, 21.4, 19.3, 14.6, 10.2, 7.7, 6.8, 6.5, 6.7, 7.7, 9.5, 11.1, 11.7, 11.4, 10.9, 10.4, 9.7, 8.6, 7.5, 7.1, 7.4, 8.2, 7.1, 6.1, 6.1, 6.1, 6.1, 6.2, 6.8, 9.5, 9.4, 9.2, 9.4, 12.0, 14.8, 17.5, 19.4, 19.0, 16.3, 12.5, 9.2, 7.3, 6.4, 6.1, 6.4, 7.3, 8.7, 9.7, 9.9, 9.9, 10.2, 10.8, 11.0, 10.8, 10.4, 10.0, 9.7, 9.2, 8.3, 7.3, 6.6, 6.1, 6.2, 6.7, 6.8, 9.6, 9.5, 9.4, 9.4, 11.3, 13.7, 15.4, 15.6, 14.4, 12.5, 10.3, 8.3, 6.9, 6.1, 5.9, 6.2, 7.1, 8.1, 8.4, 7.9, 7.4, 7.7, 8.4, 9.1, 9.5, 9.8, 10.2, 10.5, 10.4, 9.8, 8.9, 8.0, 7.1, 6.7, 6.9, 6.3, 9.6, 9.7, 9.8, 9.5, 9.8, 10.6, 10.9, 10.5, 9.9, 9.5, 8.9, 7.8, 6.5, 5.8, 5.6, 6.0, 6.9, 7.7, 7.7, 6.6, 5.6, 5.3, 5.7, 6.1, 6.5, 7.0, 7.8, 8.7, 9.2, 9.1, 8.7, 8.2, 7.6, 6.8, 6.3, 6.1, 10.1, 10.1, 10.2, 9.3, 8.4, 7.8, 7.4, 7.0, 7.2, 8.0, 8.3, 7.5, 6.3, 5.5, 5.4, 5.9, 6.9, 7.7, 7.3, 6.0, 4.8, 4.2, 4.3, 4.4, 4.3, 4.5, 5.2, 6.1, 6.7, 6.9, 6.8, 6.5, 6.0, 5.3, 4.6, 4.5, 10.5, 10.6, 9.8, 8.2, 6.8, 5.9, 5.4, 5.3, 6.0, 7.3, 8.0, 7.4, 6.1, 5.3, 5.3, 6.0, 7.1, 7.8, 7.3, 5.8, 4.4, 3.9, 3.9, 3.9, 3.6, 3.4, 3.7, 4.2, 4.6, 4.6, 4.5, 4.2, 3.6, 2.9, 2.0, 2.0, 10.7, 10.2, 8.5, 6.5, 5.2, 4.6, 4.3, 4.5, 5.4, 6.9, 7.7, 7.2, 5.9, 5.2, 5.4, 6.3, 7.5, 8.0, 7.2, 5.6, 4.3, 3.8, 3.8, 3.8, 3.6, 3.3, 3.3, 3.4, 3.5, 3.4, 3.2, 3.0, 2.5, 1.8, 1.2, 1.2, 10.9, 9.4, 7.0, 5.1, 4.1, 3.8, 3.7, 4.0, 5.1, 6.6, 7.4, 6.9, 5.8, 5.1, 5.4, 6.5, 7.7, 8.1, 7.2, 5.6, 4.3, 3.8, 3.7, 3.7, 3.6, 3.3, 3.3, 3.3, 3.2, 3.1, 3.0, 2.9, 2.6, 2.2, 1.8, 1.8, 10.7, 8.8, 6.2, 4.5, 3.7, 3.4, 3.4, 3.8, 4.9, 6.4, 7.2, 6.8, 5.7, 5.1, 5.5, 6.6, 7.8, 8.1, 7.2, 5.6, 4.4, 3.8, 3.7, 3.6, 3.5, 3.3, 3.3, 3.3, 3.2, 3.2, 3.3, 3.3, 3.0, 2.5, 2.2, 2.2, 10.3, 8.4, 6.1, 4.5, 3.7, 3.3, 3.3, 3.7, 4.8, 6.3, 7.1, 6.8, 5.7, 5.0, 5.4, 6.5, 7.7, 8.1, 7.3, 5.8, 4.5, 3.8, 3.6, 3.6, 3.5, 3.3, 3.2, 3.3, 3.3, 3.4, 3.5, 3.5, 3.2, 2.7, 2.5, 2.3, 10.0, 8.2, 6.2, 4.7, 3.8, 3.3, 3.1, 3.5, 4.6, 6.1, 7.1, 6.9, 5.7, 5.0, 5.2, 6.3, 7.6, 8.2, 7.6, 6.0, 4.6, 3.8, 3.5, 3.5, 3.4, 3.3, 3.2, 3.3, 3.5, 3.6, 3.8, 3.7, 3.3, 2.7, 2.7, 2.6, 9.8, 8.2, 6.3, 4.9, 3.9, 3.3, 3.0, 3.3, 4.4, 5.9, 7.0, 6.9, 5.8, 4.9, 5.0, 6.1, 7.5, 8.2, 7.8, 6.3, 4.7, 3.8, 3.5, 3.5, 3.4, 3.2, 3.1, 3.2, 3.5, 3.7, 3.9, 3.8, 3.3, 2.8, 2.7, 2.7, 8.8, 7.9, 6.3, 4.9, 3.9, 3.2, 2.9, 3.2, 4.1, 5.6, 6.9, 6.9, 5.9, 4.9, 4.9, 6.0, 7.4, 7.7, 7.7, 6.4, 4.8, 3.8, 3.5, 3.5, 3.4, 3.2, 3.1, 3.2, 3.5, 3.7, 3.9, 3.8, 3.3, 2.8, 2.7, 2.7, 7.7, 7.7, 6.3, 4.9, 3.9, 3.2, 2.9, 3.1, 3.8, 5.2, 6.6, 6.9, 6.0, 5.0, 4.9, 5.0, 7.1, 7.7, 7.7, 6.4, 4.8, 3.8, 3.5, 3.5, 3.4, 3.2, 3.1, 3.2, 3.5, 3.7, 3.9, 3.8, 3.4, 2.8, 2.7, 2.7, 7.6, 7.6, 6.4, 4.9, 3.9, 3.2, 2.9, 2.9, 3.5, 4.8, 6.2, 6.9, 6.2, 5.9, 5.2, 5.0, 6.9, 7.7, 7.7, 6.5, 4.9, 3.9, 3.5, 3.5, 3.4, 3.3, 3.1, 3.2, 3.5, 3.7, 3.9, 3.8, 3.4, 2.8, 2.7, 2.7, 7.7, 7.7, 6.4, 4.9, 3.9, 3.2, 2.8, 2.8, 3.2, 4.3, 5.8, 6.8, 6.6, 6.4, 6.4, 5.4, 5.0, 6.9, 7.7, 6.7, 5.0, 3.9, 3.5, 3.5, 3.4, 3.3, 3.1, 3.2, 3.5, 3.7, 3.9, 3.8, 3.4, 2.8, 2.7, 2.7, 7.7, 7.7, 6.5, 4.9, 3.7, 3.1, 2.8, 2.8, 3.1, 4.0, 5.5, 6.8, 7.1, 6.7, 6.4, 6.4, 5.5, 6.7, 7.6, 7.7, 5.5, 3.9, 3.5, 3.5, 3.4, 3.3, 3.1, 3.2, 3.5, 3.7, 3.8, 3.8, 3.4, 2.9, 2.7, 2.7, 7.7, 7.1, 6.2, 4.8, 3.5, 2.8, 2.6, 2.8, 3.2, 4.0, 5.3, 6.0, 6.7, 7.1, 6.7, 6.4, 6.4, 5.6, 6.8, 7.7, 5.6, 3.9, 3.5, 3.5, 3.4, 3.3, 3.1, 3.2, 3.4, 3.7, 3.8, 3.8, 3.4, 2.9, 2.7, 2.7, 7.2, 6.2, 5.3, 4.4, 3.4, 2.6, 2.4, 2.6, 3.2, 3.6, 4.9, 5.8, 5.9, 6.7, 7.1, 6.7, 6.4, 6.4, 7.1, 7.6, 5.7, 4.0, 3.5, 3.5, 3.4, 3.3, 3.1, 3.2, 3.4, 3.7, 3.8, 3.8, 3.4, 2.9, 2.7, 2.7, 6.3, 5.4, 4.4, 4.0, 3.4, 2.6, 2.3, 2.6, 3.2, 3.5, 4.8, 5.8, 5.8, 5.9, 6.6, 7.2, 6.8, 6.4, 6.4, 7.2, 6.2, 4.3, 3.5, 3.5, 3.4, 3.3, 3.1, 3.2, 3.4, 3.7, 3.8, 3.8, 3.5, 2.9, 2.7, 2.7]}, "None|13": {"ny": 24, "nx": 30, "lat0": 56.4411983, "lon0": 12.6455477, "dLat": 8.983e-06, "dLon": 1.625e-05, "slope": [15.4, 15.6, 15.6, 15.6, 13.8, 11.6, 10.8, 14.2, 17.1, 17.5, 17.5, 15.3, 13.7, 13.7, 12.4, 10.7, 10.2, 10.0, 9.1, 9.2, 10.3, 10.7, 10.1, 9.2, 8.8, 8.6, 8.5, 8.2, 7.9, 7.3, 14.3, 15.4, 15.6, 15.6, 15.6, 13.0, 10.8, 12.2, 15.0, 17.0, 17.5, 16.6, 14.7, 13.7, 12.8, 11.4, 10.5, 10.3, 10.1, 9.6, 8.9, 7.9, 7.2, 7.2, 8.0, 8.5, 8.2, 8.0, 7.3, 6.9, 13.1, 14.2, 15.3, 15.6, 15.6, 14.1, 11.8, 10.8, 13.1, 15.8, 16.9, 17.5, 16.0, 14.2, 12.8, 11.6, 11.0, 10.6, 9.8, 8.2, 6.2, 4.5, 4.3, 5.4, 6.7, 7.6, 7.9, 7.4, 6.9, 6.8, 12.0, 13.1, 14.1, 15.3, 15.6, 15.6, 13.3, 10.8, 12.0, 14.1, 15.8, 16.8, 16.4, 14.3, 12.5, 11.1, 10.0, 8.9, 7.3, 5.2, 2.8, 1.6, 2.5, 4.1, 5.1, 5.8, 6.4, 6.8, 6.7, 6.4, 11.0, 11.9, 13.0, 14.1, 15.2, 15.6, 14.3, 12.0, 10.8, 11.7, 13.8, 15.7, 15.1, 13.1, 11.1, 9.4, 7.8, 6.2, 4.5, 2.9, 1.9, 1.8, 2.6, 3.3, 3.8, 4.2, 4.9, 5.5, 5.8, 6.0, 10.3, 11.0, 11.8, 13.0, 14.0, 15.1, 15.6, 14.1, 11.6, 10.6, 11.7, 13.4, 12.8, 11.1, 9.2, 7.6, 6.1, 4.9, 3.8, 3.1, 2.8, 2.7, 2.8, 2.8, 2.9, 3.0, 3.6, 5.0, 5.9, 5.9, 9.7, 10.2, 10.9, 11.7, 12.9, 13.9, 15.1, 14.9, 12.6, 10.6, 10.4, 10.9, 10.6, 9.4, 8.1, 6.8, 5.9, 5.2, 4.4, 3.7, 3.3, 3.0, 2.7, 2.3, 2.2, 2.2, 2.6, 3.8, 4.9, 5.0, 9.0, 9.7, 10.2, 10.9, 11.7, 12.8, 13.7, 13.7, 11.7, 9.9, 9.2, 9.1, 8.8, 8.2, 7.5, 6.9, 6.3, 5.6, 4.8, 3.9, 3.4, 3.0, 2.5, 1.8, 1.4, 1.3, 1.6, 2.7, 3.9, 4.5, 8.2, 8.9, 9.6, 10.1, 10.8, 11.6, 12.3, 11.0, 9.3, 8.2, 7.7, 7.4, 7.3, 7.3, 7.3, 7.1, 6.5, 5.7, 4.8, 3.8, 3.3, 2.9, 2.4, 1.6, 0.9, 0.8, 1.1, 1.9, 3.5, 4.8, 5.8, 8.1, 8.9, 9.6, 10.1, 10.9, 10.6, 9.2, 7.6, 6.8, 6.4, 6.1, 6.1, 6.7, 7.2, 7.1, 6.4, 5.5, 4.5, 3.7, 3.1, 2.8, 2.3, 1.6, 0.8, 0.6, 0.8, 1.4, 2.7, 4.0, 5.0, 5.7, 7.9, 8.9, 9.9, 10.1, 9.6, 8.4, 7.2, 6.5, 5.9, 5.4, 5.4, 6.0, 6.8, 6.8, 6.1, 5.1, 4.2, 3.5, 3.0, 2.7, 2.2, 1.6, 0.9, 0.5, 0.7, 1.2, 2.2, 3.4, 5.0, 5.0, 5.8, 9.0, 9.5, 8.9, 8.3, 7.8, 7.3, 6.7, 5.9, 5.2, 4.8, 5.3, 6.1, 6.3, 5.7, 4.8, 4.1, 3.5, 3.0, 2.5, 2.1, 1.5, 1.0, 0.5, 0.6, 1.1, 2.0, 3.1, 5.5, 5.5, 6.1, 8.8, 8.2, 7.0, 6.8, 6.9, 7.0, 6.7, 6.0, 5.2, 4.6, 4.8, 5.5, 5.7, 5.3, 4.7, 4.2, 3.7, 3.0, 2.4, 1.9, 1.4, 1.0, 0.6, 0.5, 1.0, 1.9, 2.9, 7.3, 7.2, 7.0, 7.5, 6.1, 5.1, 5.3, 5.9, 6.3, 6.3, 6.1, 5.5, 4.9, 4.8, 5.1, 5.2, 5.1, 4.8, 4.5, 3.9, 3.1, 2.4, 1.8, 1.5, 1.2, 0.9, 0.8, 1.2, 1.9, 2.9, 7.2, 7.1, 6.0, 5.0, 3.7, 3.6, 4.3, 5.1, 5.6, 6.0, 6.1, 5.9, 5.4, 5.0, 4.8, 4.9, 5.1, 5.1, 4.8, 4.1, 3.2, 2.5, 2.0, 1.8, 1.6, 1.5, 1.5, 1.7, 2.1, 2.9, 6.8, 6.4, 4.0, 2.4, 1.8, 2.7, 3.7, 4.4, 5.0, 5.5, 5.8, 5.9, 5.6, 5.1, 4.7, 4.7, 5.1, 5.3, 4.9, 4.1, 3.1, 2.4, 2.1, 2.0, 2.0, 2.0, 1.9, 2.0, 2.2, 2.3, 6.9, 5.2, 2.6, 1.0, 1.1, 2.2, 3.1, 3.8, 4.4, 4.8, 5.2, 5.4, 5.4, 5.0, 4.5, 4.4, 4.8, 5.0, 4.5, 3.6, 2.6, 2.0, 1.8, 1.8, 1.9, 1.8, 1.7, 1.6, 1.8, 2.2, 6.7, 4.4, 2.5, 1.6, 1.7, 2.1, 2.7, 3.3, 3.7, 4.1, 4.5, 4.8, 5.0, 4.8, 4.3, 3.9, 4.1, 4.3, 3.9, 2.9, 2.0, 1.6, 1.5, 1.5, 1.5, 1.2, 0.9, 1.0, 1.6, 1.7, 5.6, 4.1, 3.0, 2.5, 2.4, 2.5, 2.7, 3.0, 3.4, 3.7, 4.0, 4.4, 4.7, 4.6, 4.1, 3.2, 3.0, 3.4, 3.4, 2.6, 1.8, 1.4, 1.4, 1.4, 1.1, 1.1, 0.9, 0.9, 0.9, 1.6, 5.2, 3.9, 3.4, 3.1, 3.1, 2.9, 2.9, 3.0, 3.2, 3.5, 3.8, 4.1, 4.3, 4.3, 3.8, 2.7, 2.0, 2.7, 3.0, 2.5, 1.8, 1.4, 1.3, 1.3, 1.1, 1.1, 1.0, 0.9, 0.9, 0.9, 3.7, 3.7, 3.6, 3.5, 3.4, 3.2, 3.0, 2.9, 3.0, 3.1, 3.2, 3.4, 3.5, 3.6, 3.4, 2.5, 1.5, 2.1, 2.6, 2.3, 1.8, 1.7, 1.3, 1.3, 1.1, 1.1, 1.1, 0.9, 0.9, 0.9, 3.5, 3.5, 3.6, 3.6, 3.4, 3.1, 2.8, 2.6, 2.6, 2.5, 2.4, 2.4, 2.4, 2.8, 3.0, 2.5, 1.4, 1.4, 2.5, 2.3, 1.8, 1.7, 1.4, 1.3, 1.3, 1.1, 1.1, 1.0, 0.9, 0.9, 3.5, 3.5, 3.5, 3.4, 3.2, 2.9, 2.6, 2.3, 2.1, 1.9, 1.7, 1.5, 1.4, 1.6, 2.7, 2.5, 1.5, 1.3, 2.4, 2.3, 1.8, 1.7, 1.7, 1.4, 1.3, 1.2, 1.1, 1.1, 1.0, 0.9, 3.5, 3.5, 3.5, 3.4, 3.1, 2.7, 2.5, 2.2, 1.9, 1.7, 1.4, 1.1, 1.1, 1.1, 2.6, 2.5, 1.5, 1.3, 1.5, 2.1, 1.8, 1.7, 1.7, 1.4, 1.3, 1.3, 1.2, 1.1, 1.0, 0.9]}, "None|14": {"ny": 26, "nx": 24, "lat0": 56.4396162, "lon0": 12.6432097, "dLat": 8.983e-06, "dLon": 1.625e-05, "slope": [4.9, 4.9, 4.9, 4.9, 4.9, 4.7, 4.4, 3.7, 2.5, 1.9, 1.8, 1.9, 1.7, 1.4, 1.1, 1.0, 0.8, 0.5, 0.6, 0.9, 1.5, 1.8, 2.3, 2.7, 4.3, 4.5, 4.9, 4.9, 4.9, 4.8, 4.6, 4.0, 3.0, 2.6, 2.6, 2.7, 2.5, 2.3, 2.1, 1.9, 1.6, 1.2, 1.0, 1.1, 1.5, 2.2, 2.7, 2.7, 3.1, 3.5, 4.4, 4.8, 4.9, 4.9, 4.7, 4.2, 3.7, 3.4, 3.4, 3.3, 3.0, 2.7, 2.5, 2.3, 2.1, 1.8, 1.5, 1.5, 1.7, 2.1, 2.5, 2.7, 3.4, 3.1, 3.4, 4.3, 4.8, 4.8, 4.7, 4.4, 4.1, 3.8, 3.6, 3.3, 3.0, 2.6, 2.4, 2.3, 2.2, 2.2, 2.1, 2.0, 2.1, 2.4, 2.8, 3.1, 3.5, 3.4, 3.2, 3.3, 4.1, 4.7, 4.9, 4.7, 4.4, 4.0, 3.5, 3.1, 2.7, 2.3, 2.2, 2.2, 2.3, 2.4, 2.4, 2.5, 2.7, 2.9, 3.1, 3.2, 3.5, 3.5, 3.4, 3.2, 3.5, 4.7, 5.2, 5.1, 4.5, 3.9, 3.2, 2.7, 2.3, 2.1, 2.1, 2.2, 2.4, 2.6, 2.7, 2.7, 2.9, 3.4, 3.7, 3.7, 4.9, 3.5, 3.5, 3.5, 3.8, 4.9, 5.4, 5.2, 4.6, 3.8, 3.1, 2.6, 2.3, 2.2, 2.3, 2.5, 2.7, 2.9, 2.9, 2.8, 3.0, 3.5, 3.9, 3.9, 8.6, 5.5, 5.4, 4.6, 4.9, 5.2, 5.2, 4.9, 4.5, 3.9, 3.4, 2.9, 2.7, 2.7, 2.8, 3.0, 3.2, 3.3, 3.3, 3.1, 3.1, 3.6, 4.0, 4.0, 9.2, 9.4, 9.0, 6.8, 6.0, 5.2, 4.7, 4.5, 4.4, 4.2, 3.9, 3.6, 3.4, 3.3, 3.3, 3.3, 3.4, 3.6, 3.6, 3.4, 3.4, 3.6, 3.9, 3.9, 9.2, 9.2, 9.2, 7.9, 6.6, 5.3, 4.5, 4.1, 4.2, 4.3, 4.4, 4.2, 4.0, 3.8, 3.6, 3.4, 3.3, 3.5, 3.7, 3.7, 3.6, 3.7, 3.8, 3.8, 8.5, 8.5, 8.6, 8.2, 7.2, 6.0, 4.9, 4.3, 4.1, 4.3, 4.5, 4.5, 4.2, 3.9, 3.6, 3.2, 3.1, 3.4, 3.7, 3.8, 3.8, 3.8, 3.9, 3.9, 6.0, 6.5, 7.6, 8.0, 7.9, 7.1, 5.9, 4.9, 4.4, 4.3, 4.4, 4.4, 4.2, 3.8, 3.4, 3.1, 3.1, 3.3, 3.7, 3.8, 3.9, 4.0, 4.0, 3.9, 3.7, 5.3, 6.7, 7.6, 8.1, 7.9, 7.0, 5.8, 4.9, 4.4, 4.3, 4.3, 4.2, 3.9, 3.5, 3.2, 3.2, 3.4, 3.7, 3.9, 4.0, 4.2, 4.2, 4.2, 3.9, 5.0, 5.9, 6.8, 7.5, 7.9, 7.5, 6.5, 5.5, 4.7, 4.4, 4.2, 4.2, 4.0, 3.7, 3.5, 3.5, 3.6, 3.8, 4.0, 4.1, 4.3, 4.3, 4.3, 4.5, 4.6, 4.9, 5.5, 6.3, 7.1, 7.3, 6.9, 6.1, 5.2, 4.6, 4.3, 4.1, 4.0, 3.8, 3.7, 3.8, 3.9, 4.1, 4.2, 4.3, 4.3, 4.3, 4.3, 4.2, 3.8, 3.7, 4.1, 4.9, 5.9, 6.7, 6.9, 6.5, 5.8, 5.1, 4.6, 4.2, 4.0, 3.9, 3.8, 4.0, 4.2, 4.3, 4.3, 4.4, 4.4, 4.4, 4.3, 3.1, 3.1, 2.9, 3.1, 3.7, 4.6, 5.6, 6.3, 6.5, 6.3, 5.8, 5.1, 4.6, 4.2, 4.0, 3.9, 4.0, 4.2, 4.3, 4.3, 4.3, 4.4, 4.4, 4.4, 2.7, 2.7, 2.5, 2.6, 3.0, 3.6, 4.5, 5.4, 6.1, 6.3, 6.1, 5.6, 5.1, 4.5, 4.1, 3.9, 3.9, 4.0, 4.1, 4.1, 4.1, 4.1, 4.4, 4.4, 2.4, 2.4, 2.1, 2.3, 2.6, 3.0, 3.6, 4.4, 5.2, 5.7, 6.0, 5.9, 5.5, 4.9, 4.4, 4.1, 3.9, 3.9, 3.9, 3.9, 4.0, 4.1, 4.1, 4.1, 1.8, 1.7, 1.7, 1.8, 2.1, 2.4, 2.8, 3.4, 4.1, 4.8, 5.4, 5.7, 5.6, 5.3, 4.8, 4.4, 4.2, 4.1, 4.0, 4.0, 4.0, 4.0, 4.1, 4.1, 1.7, 1.7, 1.6, 1.5, 1.8, 1.9, 2.2, 2.7, 3.3, 4.0, 4.7, 5.3, 5.6, 5.6, 5.3, 5.0, 4.9, 4.7, 4.7, 4.1, 4.0, 4.0, 4.0, 4.0, 1.7, 1.6, 1.5, 1.5, 1.7, 1.7, 1.8, 2.2, 2.7, 3.3, 4.0, 4.9, 5.5, 5.7, 5.8, 5.8, 5.8, 5.7, 5.7, 5.7, 4.4, 4.0, 4.0, 4.0, 1.7, 1.5, 1.5, 1.5, 1.6, 1.6, 1.6, 1.7, 2.0, 2.5, 3.2, 4.2, 5.1, 5.7, 6.1, 6.5, 6.8, 6.9, 6.1, 5.8, 5.7, 5.8, 4.5, 4.1, 1.5, 1.5, 1.5, 1.6, 1.6, 1.6, 1.5, 1.5, 1.7, 1.9, 2.4, 3.3, 4.3, 5.1, 5.9, 6.7, 7.1, 7.1, 7.0, 6.2, 5.8, 5.8, 5.8, 5.8, 1.5, 1.5, 1.5, 1.6, 1.6, 1.6, 1.5, 1.4, 1.6, 1.6, 2.0, 2.6, 3.2, 4.1, 5.1, 5.6, 6.5, 7.1, 7.1, 7.1, 6.2, 5.8, 5.8, 5.8, 1.5, 1.5, 1.6, 1.6, 1.6, 1.5, 1.4, 1.5, 1.5, 1.6, 2.0, 2.3, 2.9, 3.8, 4.9, 5.3, 5.5, 6.5, 7.1, 7.1, 7.1, 6.3, 5.8, 5.8]}, "None|15": {"ny": 31, "nx": 24, "lat0": 56.441986, "lon0": 12.6488249, "dLat": 8.983e-06, "dLon": 1.6251e-05, "slope": [23.8, 24.0, 24.3, 24.4, 24.3, 24.1, 23.6, 23.3, 22.2, 18.6, 15.9, 13.7, 9.5, 5.7, 4.1, 4.4, 4.8, 5.4, 7.9, 9.3, 9.2, 8.9, 8.7, 8.7, 23.4, 23.7, 24.0, 24.2, 24.4, 24.3, 24.1, 23.6, 23.3, 20.7, 17.4, 13.6, 9.3, 6.4, 5.0, 4.3, 3.5, 4.5, 7.4, 9.0, 8.9, 8.7, 8.2, 7.7, 23.0, 23.4, 23.7, 24.0, 24.2, 24.4, 24.3, 24.2, 23.6, 21.2, 16.6, 11.7, 8.0, 6.2, 5.6, 5.1, 3.7, 2.2, 3.7, 6.9, 8.3, 8.0, 6.1, 4.6, 22.6, 23.0, 23.4, 23.7, 24.0, 24.2, 24.4, 24.3, 23.1, 19.3, 13.8, 8.9, 6.1, 5.3, 5.6, 5.9, 5.8, 4.8, 3.9, 4.5, 5.4, 5.0, 4.6, 4.4, 22.4, 22.6, 23.0, 23.3, 23.7, 24.0, 24.2, 23.5, 20.4, 15.3, 9.8, 5.8, 4.2, 4.5, 5.2, 5.8, 6.0, 5.4, 4.0, 2.8, 3.3, 4.2, 4.2, 3.9, 22.4, 22.4, 22.6, 22.9, 23.3, 23.6, 23.3, 20.5, 15.7, 10.4, 6.0, 3.5, 3.1, 3.7, 4.3, 4.7, 4.9, 4.5, 3.3, 1.5, 1.4, 2.7, 3.1, 3.5, 22.4, 22.4, 22.4, 22.6, 22.9, 22.7, 20.3, 15.6, 10.4, 6.2, 3.5, 2.4, 2.4, 2.8, 3.2, 3.4, 3.6, 3.7, 3.4, 2.4, 2.0, 2.7, 3.3, 3.3, 21.1, 21.5, 22.4, 22.4, 22.1, 20.0, 15.5, 10.4, 6.1, 3.5, 2.3, 1.9, 1.9, 2.2, 2.5, 2.8, 3.3, 4.0, 4.1, 3.4, 2.4, 2.2, 2.5, 2.5, 19.5, 19.9, 20.9, 20.8, 19.8, 15.5, 10.3, 5.9, 3.2, 2.0, 1.7, 1.7, 1.8, 2.0, 2.3, 2.8, 3.6, 4.5, 4.6, 3.6, 2.2, 1.5, 1.6, 1.9, 17.9, 19.5, 19.5, 18.9, 15.6, 10.4, 5.9, 3.0, 1.6, 1.3, 1.4, 1.6, 1.8, 2.0, 2.3, 2.9, 4.0, 4.9, 4.7, 3.5, 1.9, 1.1, 1.3, 2.0, 15.3, 17.1, 17.0, 16.0, 10.9, 6.2, 3.1, 1.4, 0.9, 1.0, 1.3, 1.6, 1.9, 2.1, 2.5, 3.3, 4.4, 5.1, 4.6, 3.1, 1.6, 0.9, 1.0, 1.6, 14.7, 14.7, 14.4, 11.7, 7.1, 3.8, 2.1, 1.2, 0.8, 0.9, 1.3, 1.6, 1.9, 2.2, 2.7, 3.7, 4.8, 5.1, 4.1, 2.5, 1.3, 0.7, 0.8, 1.3, 12.0, 11.9, 11.9, 8.3, 5.2, 3.4, 2.6, 1.8, 1.1, 0.9, 1.2, 1.6, 1.9, 2.4, 3.3, 4.3, 5.1, 4.8, 3.5, 1.9, 1.0, 0.8, 0.9, 1.3, 8.8, 8.8, 8.4, 6.0, 4.4, 3.8, 3.5, 2.8, 1.8, 1.0, 1.0, 1.5, 2.1, 3.0, 4.1, 5.0, 5.1, 4.1, 2.5, 1.4, 1.0, 1.0, 1.1, 1.3, 7.7, 7.5, 5.9, 4.3, 3.6, 3.7, 4.1, 3.8, 2.9, 1.9, 1.4, 1.5, 2.4, 3.7, 5.0, 5.4, 4.6, 3.1, 1.6, 0.9, 0.9, 1.0, 1.1, 1.3, 6.2, 5.8, 4.4, 3.2, 2.4, 2.6, 3.6, 4.2, 4.0, 3.4, 2.7, 2.2, 2.6, 4.2, 5.5, 5.3, 3.8, 2.0, 0.8, 0.5, 0.7, 1.0, 1.1, 1.3, 6.0, 5.0, 3.6, 2.6, 1.8, 1.3, 2.3, 3.5, 4.1, 4.2, 3.9, 3.2, 2.9, 4.2, 5.2, 4.7, 3.0, 1.5, 0.6, 0.5, 0.7, 1.0, 1.2, 1.5, 5.7, 4.4, 3.1, 2.3, 1.6, 0.9, 0.8, 1.9, 2.8, 3.5, 3.7, 3.4, 3.0, 3.7, 4.4, 3.8, 2.6, 1.7, 1.2, 1.0, 1.1, 1.2, 1.4, 1.7, 5.1, 3.9, 2.7, 2.0, 1.5, 1.0, 0.6, 0.6, 1.0, 1.7, 2.3, 2.6, 2.6, 3.1, 3.4, 2.8, 2.0, 1.6, 1.4, 1.3, 1.2, 1.3, 1.5, 1.5, 4.6, 3.4, 2.3, 1.6, 1.2, 1.0, 0.8, 0.7, 0.7, 0.5, 0.7, 1.1, 1.6, 2.2, 2.4, 1.9, 1.4, 1.2, 1.1, 1.1, 1.0, 1.2, 1.4, 1.5, 4.3, 3.0, 2.0, 1.4, 1.0, 0.8, 0.7, 0.8, 0.9, 0.7, 0.5, 0.5, 1.0, 1.5, 1.6, 1.4, 1.1, 0.9, 0.9, 0.8, 0.8, 1.1, 1.1, 1.4, 3.1, 2.3, 1.7, 1.2, 0.9, 0.7, 0.7, 0.8, 0.8, 0.9, 0.8, 0.8, 1.1, 1.4, 1.4, 1.3, 1.0, 0.9, 0.8, 0.7, 0.8, 1.1, 1.2, 1.2, 1.5, 1.5, 1.4, 1.2, 1.0, 0.8, 0.7, 0.7, 0.8, 0.9, 0.9, 1.0, 1.2, 1.4, 1.3, 1.2, 1.0, 0.9, 0.8, 0.7, 0.9, 0.9, 1.1, 1.2, 1.1, 1.1, 1.1, 1.1, 1.0, 0.9, 0.8, 0.8, 0.9, 0.9, 0.9, 1.1, 1.3, 1.3, 1.2, 1.1, 1.0, 0.9, 0.8, 0.7, 0.7, 0.9, 0.9, 1.1, 0.9, 0.9, 0.8, 1.0, 1.1, 1.1, 1.0, 0.9, 0.9, 0.9, 1.0, 1.2, 1.3, 1.2, 1.0, 0.9, 0.9, 0.9, 0.9, 0.8, 0.8, 0.8, 0.9, 0.9, 0.7, 0.7, 0.7, 1.0, 1.2, 1.2, 1.1, 1.0, 0.9, 0.9, 1.1, 1.3, 1.4, 1.2, 1.0, 0.9, 0.9, 1.0, 1.0, 1.0, 0.9, 0.8, 0.8, 0.8, 0.7, 0.9, 1.1, 1.2, 1.4, 1.4, 1.2, 1.0, 0.9, 1.0, 1.2, 1.3, 1.3, 1.1, 1.0, 1.0, 1.1, 1.2, 1.2, 1.1, 1.0, 0.9, 0.8, 0.8, 1.0, 1.3, 1.4, 1.4, 1.7, 1.7, 1.5, 1.2, 1.1, 1.2, 1.3, 1.2, 1.1, 1.0, 1.0, 1.1, 1.1, 1.2, 1.2, 1.2, 1.1, 1.0, 0.9, 0.8, 1.4, 1.4, 1.4, 1.6, 2.0, 2.2, 1.9, 1.6, 1.4, 1.4, 1.4, 1.2, 0.9, 0.9, 0.9, 1.1, 1.1, 1.2, 1.2, 1.2, 1.2, 1.1, 1.0, 0.9, 1.4, 1.4, 1.6, 1.9, 2.2, 2.4, 2.1, 2.0, 1.9, 1.8, 1.6, 1.3, 1.1, 1.0, 0.9, 1.0, 1.1, 1.1, 1.2, 1.2, 1.2, 1.2, 1.1, 1.0, 1.4, 1.6, 1.9, 2.2, 2.4, 2.4, 2.3, 2.2, 2.1, 1.9, 1.6, 1.3, 1.1, 1.0, 0.9, 0.9, 1.0, 1.1, 1.2, 1.2, 1.2, 1.2, 1.2, 1.1]}, "None|17": {"ny": 27, "nx": 28, "lat0": 56.4417785, "lon0": 12.6493194, "dLat": 8.983e-06, "dLon": 1.6251e-05, "slope": [24.1, 18.6, 10.5, 7.2, 6.8, 5.1, 2.3, 2.5, 3.0, 3.1, 3.2, 3.7, 4.9, 6.0, 8.6, 8.8, 9.3, 9.3, 9.3, 10.4, 13.3, 13.9, 17.1, 20.9, 20.9, 20.9, 20.9, 20.9, 25.3, 22.7, 13.3, 10.8, 7.2, 6.0, 2.0, 2.4, 2.9, 3.1, 3.2, 3.1, 3.5, 5.7, 8.6, 8.9, 9.3, 9.3, 9.5, 11.1, 13.3, 14.9, 20.1, 20.9, 20.9, 20.9, 20.9, 20.5, 25.3, 24.5, 20.0, 13.5, 11.1, 6.1, 1.8, 1.9, 2.3, 2.4, 2.4, 2.3, 2.3, 4.3, 8.0, 10.1, 9.4, 9.3, 10.2, 13.3, 13.6, 15.8, 20.0, 20.9, 20.9, 20.9, 20.6, 19.0, 24.4, 25.3, 24.1, 17.2, 12.7, 5.6, 1.6, 1.6, 1.9, 1.9, 1.8, 1.6, 1.4, 2.7, 6.2, 9.4, 10.4, 9.8, 10.6, 13.3, 14.1, 18.2, 20.0, 20.9, 20.9, 20.6, 19.1, 17.9, 23.7, 24.4, 24.6, 18.7, 11.5, 4.9, 1.3, 1.2, 1.4, 1.3, 1.1, 0.9, 0.6, 1.3, 4.1, 7.4, 10.0, 11.4, 12.1, 13.2, 14.4, 18.1, 20.0, 20.9, 20.7, 19.2, 17.9, 18.2, 23.6, 23.6, 22.0, 16.5, 10.0, 4.3, 1.0, 0.8, 1.2, 1.1, 1.0, 1.0, 0.9, 1.0, 2.3, 4.4, 6.8, 8.8, 10.2, 12.1, 14.7, 17.0, 18.4, 19.3, 19.4, 17.8, 18.1, 18.4, 20.4, 20.7, 17.7, 13.4, 8.5, 4.0, 1.0, 0.8, 1.2, 1.1, 1.1, 1.1, 1.0, 0.9, 1.2, 2.1, 3.4, 4.9, 6.6, 9.2, 12.1, 13.8, 14.2, 15.3, 17.3, 18.1, 18.4, 18.4, 18.1, 16.5, 13.6, 10.6, 7.1, 3.6, 0.9, 0.8, 1.1, 1.1, 1.1, 1.1, 1.0, 0.9, 1.0, 1.5, 2.0, 2.9, 4.6, 7.5, 10.2, 11.1, 10.7, 12.0, 15.6, 18.4, 18.4, 18.3, 15.8, 12.8, 10.4, 8.3, 5.9, 3.1, 0.8, 0.6, 1.1, 1.1, 1.0, 1.0, 1.0, 1.0, 1.2, 1.5, 1.9, 2.6, 4.4, 7.1, 9.3, 9.3, 8.2, 9.1, 12.8, 17.2, 17.1, 16.9, 12.0, 9.8, 8.1, 6.7, 4.8, 2.6, 0.7, 0.7, 1.2, 1.2, 1.0, 0.9, 1.0, 1.1, 1.4, 1.6, 1.8, 2.6, 4.5, 7.1, 8.6, 7.8, 6.2, 6.5, 9.3, 13.5, 15.5, 15.5, 8.3, 7.2, 6.1, 5.1, 3.6, 1.8, 0.4, 0.8, 1.2, 1.3, 1.1, 0.9, 1.0, 1.3, 1.6, 1.6, 1.7, 2.5, 4.6, 7.0, 7.9, 6.5, 4.6, 4.5, 6.1, 9.1, 12.7, 12.8, 5.8, 4.9, 4.2, 3.3, 2.1, 0.9, 0.4, 0.9, 1.3, 1.3, 1.1, 0.9, 1.1, 1.5, 1.7, 1.7, 1.7, 2.6, 4.6, 6.7, 7.1, 5.3, 3.4, 3.1, 4.0, 5.7, 8.1, 8.2, 4.7, 3.6, 2.6, 1.8, 1.1, 0.7, 0.7, 1.1, 1.4, 1.4, 1.2, 1.0, 1.2, 1.6, 1.8, 1.7, 1.8, 2.7, 4.7, 6.5, 6.3, 4.2, 2.4, 2.3, 2.9, 3.8, 4.7, 6.1, 4.2, 2.9, 1.7, 1.1, 0.9, 0.9, 1.0, 1.2, 1.4, 1.4, 1.2, 1.1, 1.3, 1.6, 1.8, 1.8, 2.0, 3.1, 4.9, 6.2, 5.5, 3.2, 1.7, 1.9, 2.4, 2.9, 3.0, 4.2, 3.7, 2.5, 1.3, 0.9, 0.9, 1.0, 1.1, 1.2, 1.3, 1.3, 1.1, 1.1, 1.3, 1.6, 1.8, 1.9, 2.3, 3.4, 5.1, 5.9, 4.6, 2.3, 1.4, 1.7, 2.2, 2.6, 2.7, 2.7, 3.1, 2.1, 1.0, 0.6, 0.7, 0.8, 1.0, 1.2, 1.4, 1.3, 1.1, 1.1, 1.3, 1.6, 1.8, 1.9, 2.4, 3.6, 5.1, 5.4, 3.8, 1.7, 1.5, 1.9, 2.3, 2.5, 2.6, 2.6, 2.6, 1.8, 0.8, 0.3, 0.3, 0.5, 0.9, 1.2, 1.4, 1.4, 1.2, 1.1, 1.3, 1.6, 1.8, 1.9, 2.5, 3.7, 4.9, 4.8, 3.0, 1.6, 1.8, 2.3, 2.6, 2.7, 2.8, 2.7, 2.2, 1.5, 0.7, 0.2, 0.3, 0.5, 0.9, 1.2, 1.3, 1.3, 1.3, 1.2, 1.3, 1.5, 1.7, 1.9, 2.5, 3.7, 4.7, 4.1, 2.4, 1.8, 2.2, 2.6, 2.8, 2.9, 2.9, 2.8, 2.0, 1.4, 0.6, 0.3, 0.4, 0.6, 1.0, 1.3, 1.3, 1.2, 1.1, 1.1, 1.1, 1.3, 1.5, 1.8, 2.6, 3.7, 4.3, 3.5, 2.1, 1.8, 2.3, 2.7, 2.8, 2.8, 2.9, 2.9, 1.3, 1.0, 0.6, 0.4, 0.5, 0.7, 1.0, 1.3, 1.4, 1.3, 1.0, 0.9, 0.9, 1.0, 1.3, 1.7, 2.5, 3.6, 3.9, 2.9, 1.8, 1.8, 2.2, 2.4, 2.6, 2.7, 2.8, 2.8, 0.9, 0.9, 0.8, 0.7, 0.8, 0.9, 1.1, 1.3, 1.4, 1.4, 1.2, 0.9, 0.7, 0.8, 1.1, 1.6, 2.5, 3.4, 3.5, 2.4, 1.6, 1.7, 2.0, 2.1, 2.3, 2.6, 2.7, 2.7, 1.0, 1.0, 0.9, 0.9, 1.1, 1.2, 1.2, 1.3, 1.4, 1.4, 1.3, 1.0, 0.8, 0.7, 0.9, 1.5, 2.5, 3.3, 3.2, 2.1, 1.4, 1.5, 1.8, 1.9, 2.0, 2.2, 2.4, 2.5, 1.0, 0.9, 0.9, 0.9, 1.2, 1.4, 1.4, 1.4, 1.4, 1.4, 1.3, 1.1, 0.8, 0.7, 0.8, 1.4, 2.3, 3.1, 3.0, 1.9, 1.3, 1.4, 1.6, 1.7, 1.9, 2.0, 2.0, 2.2, 0.9, 0.9, 0.9, 0.9, 1.1, 1.4, 1.6, 1.5, 1.4, 1.4, 1.3, 1.2, 0.9, 0.7, 0.7, 1.2, 2.1, 2.9, 2.7, 2.0, 1.5, 1.4, 1.5, 1.6, 1.7, 1.9, 2.0, 2.0, 0.9, 0.9, 0.9, 1.0, 1.2, 1.4, 1.6, 1.5, 1.4, 1.3, 1.3, 1.2, 0.9, 0.7, 0.7, 1.0, 1.8, 2.5, 2.4, 2.2, 1.8, 1.4, 1.4, 1.4, 1.6, 1.7, 1.9, 2.0, 0.8, 0.9, 1.0, 1.2, 1.3, 1.5, 1.6, 1.4, 1.3, 1.2, 1.3, 1.1, 0.9, 0.8, 0.8, 1.0, 1.6, 2.0, 2.1, 2.2, 1.9, 1.5, 1.4, 1.4, 1.4, 1.5, 1.7, 1.9, 0.9, 1.0, 1.2, 1.3, 1.5, 1.6, 1.5, 1.3, 1.2, 1.2, 1.3, 1.1, 0.9, 0.8, 0.8, 1.0, 1.6, 2.0, 2.1, 2.2, 2.2, 1.9, 1.4, 1.4, 1.4, 1.4, 1.5, 1.7]}, "None|18": {"ny": 33, "nx": 24, "lat0": 56.4394923, "lon0": 12.6491271, "dLat": 8.983e-06, "dLon": 1.625e-05, "slope": [10.1, 10.1, 10.1, 9.2, 8.8, 8.7, 8.7, 10.2, 12.9, 13.3, 11.9, 9.3, 6.0, 5.0, 3.8, 3.0, 3.2, 3.3, 3.3, 3.4, 3.4, 3.3, 3.3, 3.3, 10.1, 10.1, 10.1, 9.8, 9.1, 8.8, 8.7, 10.2, 12.9, 14.3, 13.7, 11.9, 9.4, 6.6, 4.1, 3.1, 3.2, 3.3, 3.4, 3.4, 3.3, 3.3, 3.3, 3.5, 10.1, 10.1, 10.1, 10.1, 9.5, 8.9, 8.4, 9.4, 12.2, 14.1, 14.2, 13.1, 11.4, 9.2, 6.6, 4.1, 3.0, 3.2, 3.4, 3.3, 3.3, 3.4, 3.5, 4.2, 9.1, 9.6, 10.1, 10.1, 9.6, 8.3, 7.0, 7.7, 10.3, 12.4, 12.8, 12.1, 11.1, 9.9, 8.0, 5.6, 3.6, 3.4, 3.4, 3.4, 3.4, 3.7, 4.2, 5.1, 8.3, 8.7, 8.9, 9.0, 8.4, 6.6, 4.9, 5.6, 8.3, 10.4, 10.6, 9.9, 9.3, 8.8, 7.9, 5.9, 3.9, 3.6, 3.8, 3.7, 3.8, 4.2, 5.1, 5.9, 8.0, 8.3, 8.3, 8.1, 6.9, 4.6, 2.7, 3.9, 7.1, 9.1, 8.9, 7.8, 7.1, 7.3, 7.2, 5.5, 3.8, 4.1, 4.7, 4.5, 4.3, 5.0, 5.8, 6.7, 7.4, 7.6, 7.8, 7.6, 6.0, 3.6, 1.9, 3.5, 6.8, 8.5, 8.1, 6.6, 5.8, 6.3, 6.4, 4.8, 3.9, 5.1, 5.9, 5.8, 5.7, 5.9, 6.6, 7.1, 7.1, 7.1, 7.5, 7.5, 6.1, 4.0, 2.7, 3.9, 6.7, 8.3, 8.0, 6.5, 5.7, 5.9, 5.4, 3.9, 4.4, 6.3, 6.8, 6.4, 6.1, 6.5, 6.9, 6.9, 6.9, 6.9, 7.3, 7.7, 6.8, 5.0, 3.7, 4.4, 6.6, 8.2, 8.0, 6.8, 5.8, 5.2, 3.8, 3.2, 5.1, 6.6, 6.4, 5.6, 5.1, 5.4, 5.7, 5.6, 6.5, 6.5, 7.0, 8.0, 7.6, 6.1, 4.7, 4.9, 6.6, 8.0, 7.9, 6.7, 5.3, 3.9, 2.6, 3.3, 5.2, 5.6, 4.6, 3.4, 3.0, 3.1, 3.4, 3.5, 5.7, 5.7, 6.3, 7.7, 8.0, 7.1, 5.9, 5.4, 6.4, 7.4, 7.2, 5.9, 4.3, 2.9, 2.7, 3.6, 4.3, 3.9, 2.8, 1.7, 1.3, 1.6, 2.0, 2.4, 4.5, 4.5, 5.0, 6.5, 7.5, 7.4, 6.5, 5.7, 5.9, 6.4, 6.0, 4.8, 3.3, 2.6, 3.1, 3.4, 2.9, 2.4, 2.2, 2.2, 2.4, 2.9, 3.5, 3.8, 3.0, 2.9, 3.2, 4.4, 5.5, 6.1, 5.8, 5.0, 4.9, 5.2, 4.9, 3.6, 2.2, 2.1, 3.0, 2.9, 1.9, 1.1, 1.6, 2.5, 3.4, 4.3, 5.1, 5.6, 2.6, 2.6, 2.6, 2.6, 3.0, 3.6, 3.5, 3.1, 3.4, 4.1, 3.9, 2.5, 1.2, 2.0, 2.8, 2.4, 1.8, 1.1, 1.1, 2.1, 3.1, 3.8, 4.3, 4.8, 2.8, 2.8, 3.0, 3.6, 2.9, 2.4, 1.8, 1.1, 2.2, 3.2, 3.0, 1.7, 0.9, 2.4, 2.7, 2.0, 2.0, 2.0, 1.8, 2.0, 2.3, 2.4, 2.3, 2.9, 6.2, 6.4, 6.5, 6.0, 4.5, 3.0, 1.7, 1.1, 2.1, 2.8, 2.4, 1.5, 1.9, 3.1, 3.0, 2.3, 2.6, 3.1, 3.2, 3.3, 3.5, 3.6, 3.6, 3.8, 9.4, 9.5, 9.3, 7.8, 5.9, 3.9, 2.3, 1.8, 2.3, 2.7, 2.4, 2.4, 3.5, 4.4, 4.3, 3.9, 4.3, 4.8, 5.2, 5.7, 6.3, 6.8, 7.2, 7.3, 7.7, 7.8, 9.3, 8.4, 6.9, 5.0, 3.3, 2.5, 2.5, 2.7, 3.1, 4.1, 5.6, 6.6, 6.8, 6.6, 6.8, 7.0, 7.3, 7.8, 8.5, 9.0, 9.3, 9.0, 6.1, 6.2, 7.7, 7.8, 7.3, 5.9, 4.3, 3.2, 2.7, 3.1, 4.3, 5.7, 7.3, 8.3, 8.5, 8.3, 8.5, 8.8, 9.2, 9.8, 10.3, 10.5, 10.0, 9.3, 5.3, 3.8, 5.3, 6.4, 6.8, 6.2, 4.9, 3.6, 3.0, 3.7, 4.9, 6.3, 7.6, 8.3, 8.1, 8.0, 8.6, 9.5, 10.5, 11.5, 11.9, 11.6, 10.6, 10.0, 4.8, 3.1, 4.0, 5.1, 5.7, 5.6, 4.7, 3.5, 3.1, 3.9, 4.8, 5.7, 6.5, 6.9, 6.5, 6.2, 7.2, 8.8, 10.7, 11.8, 12.4, 11.9, 11.7, 10.7, 6.6, 5.4, 4.7, 4.6, 4.8, 4.5, 3.7, 2.8, 3.0, 3.7, 4.2, 4.6, 5.2, 5.4, 5.0, 4.5, 5.2, 7.1, 9.3, 9.3, 11.2, 12.4, 11.9, 11.7, 7.9, 6.3, 5.0, 4.3, 3.9, 3.3, 2.3, 2.0, 2.9, 3.5, 3.7, 3.8, 4.2, 4.5, 4.4, 4.1, 4.4, 5.8, 7.5, 7.5, 7.5, 10.8, 10.6, 10.0, 5.3, 4.5, 3.5, 2.8, 2.5, 2.0, 1.2, 1.8, 2.7, 3.2, 3.4, 3.6, 3.8, 4.0, 4.2, 4.2, 4.6, 5.6, 6.9, 6.9, 6.9, 6.9, 6.9, 6.9, 2.7, 2.7, 1.9, 1.5, 1.7, 1.8, 1.7, 2.1, 2.7, 3.2, 3.7, 4.3, 4.8, 5.0, 4.7, 4.2, 4.3, 5.2, 6.6, 6.7, 6.7, 6.6, 6.6, 6.5, 4.7, 4.9, 4.1, 3.7, 3.8, 3.8, 3.5, 3.1, 3.2, 3.8, 4.7, 5.9, 7.1, 7.5, 7.0, 5.8, 4.5, 4.1, 5.2, 5.7, 5.8, 5.8, 5.8, 5.8, 6.6, 6.6, 7.9, 7.8, 7.4, 7.0, 6.1, 5.0, 4.2, 4.7, 6.0, 7.6, 8.9, 9.4, 9.1, 8.0, 6.3, 4.4, 4.1, 5.4, 5.7, 5.8, 5.8, 5.8, 9.3, 10.3, 11.4, 11.2, 10.7, 10.1, 9.1, 7.4, 5.8, 5.5, 6.7, 8.4, 9.3, 9.2, 8.8, 8.4, 7.5, 5.8, 5.4, 5.4, 5.7, 5.8, 5.8, 5.8, 12.0, 12.7, 12.7, 12.5, 12.2, 11.8, 11.1, 9.5, 7.4, 5.8, 6.4, 7.9, 8.5, 7.4, 6.3, 6.3, 6.5, 5.9, 5.9, 5.9, 5.9, 5.9, 5.9, 5.8, 12.7, 12.7, 12.6, 12.6, 11.5, 11.2, 11.3, 10.5, 8.6, 6.2, 5.4, 6.7, 7.6, 6.5, 4.0, 3.1, 4.0, 4.3, 5.0, 5.7, 5.9, 5.9, 5.9, 5.9, 12.7, 12.7, 12.6, 11.7, 10.8, 9.8, 10.0, 10.4, 9.5, 7.2, 4.9, 5.0, 6.4, 6.5, 4.4, 1.5, 1.8, 2.2, 2.2, 4.3, 5.0, 5.6, 5.9, 5.9, 12.7, 12.6, 11.8, 10.9, 9.9, 9.1, 9.7, 10.1, 10.1, 8.9, 6.4, 4.2, 4.5, 5.6, 5.0, 4.5, 3.0, 2.2, 2.2, 2.2, 2.2, 4.0, 4.7, 5.5, 12.6, 11.8, 10.9, 9.9, 9.1, 8.9, 9.6, 10.1, 10.2, 9.2, 6.6, 4.2, 4.4, 5.6, 5.0, 4.5, 3.2, 2.3, 2.2, 2.2, 2.2, 2.2, 2.2, 3.7]}}}