{"type": "FeatureCollection", "attribution": "© Lantmäteriet, Markhöjdmodell Grid 1m (CC BY 4.0)", "features": [{"type": "Feature", "geometry": {"type": "LineString", "coordinates": [[13.2313108, 55.4566632], [13.2313257, 55.4566507]]}, "properties": {"t": "fall", "g": 1, "loop": "Gamla banan", "hole": 1, "slope_pct": 2.8, "bearing": 145.9}}, {"type": "Feature", "geometry": {"type": "LineString", "coordinates": [[13.2313582, 55.4566639], [13.2313579, 55.4566522]]}, "properties": {"t": "fall", "g": 1, "loop": "Gamla banan", "hole": 1, "slope_pct": 2.16, "bearing": 181.0}}, {"type": "Feature", "geometry": {"type": "LineString", "coordinates": [[13.2314056, 55.4566646], [13.2314057, 55.4566529]]}, "properties": {"t": "fall", "g": 1, "loop": "Gamla banan", "hole": 1, "slope_pct": 2.17, "bearing": 179.8}}, {"type": "Feature", "geometry": {"type": "LineString", "coordinates": [[13.2314531, 55.4566653], [13.2314453, 55.456651]]}, "properties": {"t": "fall", "g": 1, "loop": "Gamla banan", "hole": 1, "slope_pct": 2.76, "bearing": 197.2}}, {"type": "Feature", "geometry": {"type": "LineString", "coordinates": [[13.2310749, 55.4566328], [13.2310651, 55.4566235]]}, "properties": {"t": "fall", "g": 1, "loop": "Gamla banan", "hole": 1, "slope_pct": 2.02, "bearing": 210.7}}, {"type": "Feature", "geometry": {"type": "LineString", "coordinates": [[13.2311224, 55.4566335], [13.2310901, 55.4566137]]}, "properties": {"t": "fall", "g": 1, "loop": "Gamla banan", "hole": 1, "slope_pct": 5.04, "bearing": 222.7}}, {"type": "Feature", "geometry": {"type": "LineString", "coordinates": [[13.2311698, 55.4566342], [13.2311828, 55.4566187]]}, "properties": {"t": "fall", "g": 1, "loop": "Gamla banan", "hole": 1, "slope_pct": 3.19, "bearing": 154.5}}, {"type": "Feature", "geometry": {"type": "LineString", "coordinates": [[13.2312172, 55.4566349], [13.2312061, 55.4566204]]}, "properties": {"t": "fall", "g": 1, "loop": "Gamla banan", "hole": 1, "slope_pct": 2.94, "bearing": 203.5}}, {"type": "Feature", "geometry": {"type": "LineString", "coordinates": [[13.2312646, 55.4566356], [13.2312686, 55.4566169]]}, "properties": {"t": "fall", "g": 1, "loop": "Gamla banan", "hole": 1, "slope_pct": 3.48, "bearing": 173.0}}, {"type": "Feature", "geometry": {"type": "LineString", "coordinates": [[13.231312, 55.4566363], [13.2313135, 55.4566239]]}, "properties": {"t": "fall", "g": 1, "loop": "Gamla banan", "hole": 1, "slope_pct": 2.29, "bearing": 176.1}}, {"type": "Feature", "geometry": {"type": "LineString", "coordinates": [[13.2313594, 55.4566369], [13.2313548, 55.4566274]]}, "properties": {"t": "fall", "g": 1, "loop": "Gamla banan", "hole": 1, "slope_pct": 1.84, "bearing": 195.3}}, {"type": "Feature", "geometry": {"type": "LineString", "coordinates": [[13.2314068, 55.4566376], [13.2314106, 55.4566262]]}, "properties": {"t": "fall", "g": 1, "loop": "Gamla banan", "hole": 1, "slope_pct": 2.15, "bearing": 169.3}}, {"type": "Feature", "geometry": {"type": "LineString", "coordinates": [[13.2314543, 55.4566383], [13.231446, 55.4566235]]}, "properties": {"t": "fall", "g": 1, "loop": "Gamla banan", "hole": 1, "slope_pct": 2.89, "bearing": 197.4}}, {"type": "Feature", "geometry": {"type": "LineString", "coordinates": [[13.2310287, 55.4566052], [13.2310405, 55.4565929]]}, "properties": {"t": "fall", "g": 1, "loop": "Gamla banan", "hole": 1, "slope_pct": 2.6, "bearing": 151.7}}, {"type": "Feature", "geometry": {"type": "LineString", "coordinates": [[13.2310761, 55.4566059], [13.2310657, 55.4566003]]}, "properties": {"t": "fall", "g": 1, "loop": "Gamla banan", "hole": 1, "slope_pct": 1.51, "bearing": 226.6}}, {"type": "Feature", "geometry": {"type": "LineString", "coordinates": [[13.2311236, 55.4566066], [13.2311039, 55.4565965]]}, "properties": {"t": "fall", "g": 1, "loop": "Gamla banan", "hole": 1, "slope_pct": 2.79, "bearing": 227.8}}, {"type": "Feature", "geometry": {"type": "LineString", "coordinates": [[13.231171, 55.4566073], [13.2311691, 55.4565964]]}, "properties": {"t": "fall", "g": 1, "loop": "Gamla banan", "hole": 1, "slope_pct": 2.03, "bearing": 185.7}}, {"type": "Feature", "geometry": {"type": "LineString", "coordinates": [[13.2312184, 55.4566079], [13.2312144, 55.4565988]]}, "properties": {"t": "fall", "g": 1, "loop": "Gamla banan", "hole": 1, "slope_pct": 1.74, "bearing": 193.8}}, {"type": "Feature", "geometry": {"type": "LineString", "coordinates": [[13.2312658, 55.4566086], [13.231264, 55.4566007]]}, "properties": {"t": "fall", "g": 1, "loop": "Gamla banan", "hole": 1, "slope_pct": 1.48, "bearing": 187.6}}, {"type": "Feature", "geometry": {"type": "LineString", "coordinates": [[13.2313132, 55.4566093], [13.2313107, 55.4566038]]}, "properties": {"t": "fall", "g": 1, "loop": "Gamla banan", "hole": 1, "slope_pct": 1.05, "bearing": 194.6}}, {"type": "Feature", "geometry": {"type": "LineString", "coordinates": [[13.2313606, 55.45661], [13.2313642, 55.4565992]]}, "properties": {"t": "fall", "g": 1, "loop": "Gamla banan", "hole": 1, "slope_pct": 2.04, "bearing": 169.4}}, {"type": "Feature", "geometry": {"type": "LineString", "coordinates": [[13.2314081, 55.4566107], [13.2314181, 55.4565945]]}, "properties": {"t": "fall", "g": 1, "loop": "Gamla banan", "hole": 1, "slope_pct": 3.18, "bearing": 160.5}}, {"type": "Feature", "geometry": {"type": "LineString", "coordinates": [[13.2314555, 55.4566114], [13.231461, 55.4565877]]}, "properties": {"t": "fall", "g": 1, "loop": "Gamla banan", "hole": 1, "slope_pct": 4.42, "bearing": 172.4}}, {"type": "Feature", "geometry": {"type": "LineString", "coordinates": [[13.2310299, 55.4565783], [13.2310323, 55.456571]]}, "properties": {"t": "fall", "g": 1, "loop": "Gamla banan", "hole": 1, "slope_pct": 1.36, "bearing": 169.5}}, {"type": "Feature", "geometry": {"type": "LineString", "coordinates": [[13.2310773, 55.4565789], [13.2310671, 55.4565733]]}, "properties": {"t": "fall", "g": 1, "loop": "Gamla banan", "hole": 1, "slope_pct": 1.5, "bearing": 225.7}}, {"type": "Feature", "geometry": {"type": "LineString", "coordinates": [[13.2311248, 55.4565796], [13.2311173, 55.4565692]]}, "properties": {"t": "fall", "g": 1, "loop": "Gamla banan", "hole": 1, "slope_pct": 2.09, "bearing": 202.2}}, {"type": "Feature", "geometry": {"type": "LineString", "coordinates": [[13.2311722, 55.4565803], [13.2311652, 55.4565668]]}, "properties": {"t": "fall", "g": 1, "loop": "Gamla banan", "hole": 1, "slope_pct": 2.6, "bearing": 196.5}}, {"type": "Feature", "geometry": {"type": "LineString", "coordinates": [[13.2312196, 55.456581], [13.2312128, 55.4565707]]}, "properties": {"t": "fall", "g": 1, "loop": "Gamla banan", "hole": 1, "slope_pct": 2.04, "bearing": 200.6}}, {"type": "Feature", "geometry": {"type": "LineString", "coordinates": [[13.231267, 55.4565817], [13.2312569, 55.4565774]]}, "properties": {"t": "fall", "g": 1, "loop": "Gamla banan", "hole": 1, "slope_pct": 1.33, "bearing": 233.2}}, {"type": "Feature", "geometry": {"type": "LineString", "coordinates": [[13.2313144, 55.4565824], [13.2313178, 55.4565798]]}, "properties": {"t": "fall", "g": 1, "loop": "Gamla banan", "hole": 1, "slope_pct": 0.6, "bearing": 144.0}}, {"type": "Feature", "geometry": {"type": "LineString", "coordinates": [[13.2313618, 55.4565831], [13.2313752, 55.4565761]]}, "properties": {"t": "fall", "g": 1, "loop": "Gamla banan", "hole": 1, "slope_pct": 1.9, "bearing": 132.4}}, {"type": "Feature", "geometry": {"type": "LineString", "coordinates": [[13.2314093, 55.4565837], [13.2314335, 55.4565689]]}, "properties": {"t": "fall", "g": 1, "loop": "Gamla banan", "hole": 1, "slope_pct": 3.75, "bearing": 137.2}}, {"type": "Feature", "geometry": {"type": "LineString", "coordinates": [[13.2309837, 55.4565506], [13.2310165, 55.4565489]]}, "properties": {"t": "fall", "g": 1, "loop": "Gamla banan", "hole": 1, "slope_pct": 3.46, "bearing": 95.2}}, {"type": "Feature", "geometry": {"type": "LineString", "coordinates": [[13.2310311, 55.4565513], [13.2310259, 55.4565467]]}, "properties": {"t": "fall", "g": 1, "loop": "Gamla banan", "hole": 1, "slope_pct": 1.01, "bearing": 213.1}}, {"type": "Feature", "geometry": {"type": "LineString", "coordinates": [[13.2310786, 55.456552], [13.2310731, 55.4565474]]}, "properties": {"t": "fall", "g": 1, "loop": "Gamla banan", "hole": 1, "slope_pct": 1.03, "bearing": 213.7}}, {"type": "Feature", "geometry": {"type": "LineString", "coordinates": [[13.231126, 55.4565527], [13.2311272, 55.4565453]]}, "properties": {"t": "fall", "g": 1, "loop": "Gamla banan", "hole": 1, "slope_pct": 1.38, "bearing": 174.5}}, {"type": "Feature", "geometry": {"type": "LineString", "coordinates": [[13.2311734, 55.4565534], [13.2311673, 55.4565438]]}, "properties": {"t": "fall", "g": 1, "loop": "Gamla banan", "hole": 1, "slope_pct": 1.89, "bearing": 199.9}}, {"type": "Feature", "geometry": {"type": "LineString", "coordinates": [[13.2312208, 55.456554], [13.2312114, 55.4565413]]}, "properties": {"t": "fall", "g": 1, "loop": "Gamla banan", "hole": 1, "slope_pct": 2.56, "bearing": 202.6}}, {"type": "Feature", "geometry": {"type": "LineString", "coordinates": [[13.2312682, 55.4565547], [13.2312493, 55.4565395]]}, "properties": {"t": "fall", "g": 1, "loop": "Gamla banan", "hole": 1, "slope_pct": 3.46, "bearing": 215.1}}, {"type": "Feature", "geometry": {"type": "LineString", "coordinates": [[13.2313156, 55.4565554], [13.2313192, 55.4565434]]}, "properties": {"t": "fall", "g": 1, "loop": "Gamla banan", "hole": 1, "slope_pct": 2.26, "bearing": 170.5}}, {"type": "Feature", "geometry": {"type": "LineString", "coordinates": [[13.231363, 55.4565561], [13.2313872, 55.4565379]]}, "properties": {"t": "fall", "g": 1, "loop": "Gamla banan", "hole": 1, "slope_pct": 4.22, "bearing": 143.0}}, {"type": "Feature", "geometry": {"type": "LineString", "coordinates": [[13.2310323, 55.4565244], [13.231029, 55.4565274]]}, "properties": {"t": "fall", "g": 1, "loop": "Gamla banan", "hole": 1, "slope_pct": 0.66, "bearing": 328.0}}, {"type": "Feature", "geometry": {"type": "LineString", "coordinates": [[13.2310798, 55.456525], [13.2310808, 55.4565213]]}, "properties": {"t": "fall", "g": 1, "loop": "Gamla banan", "hole": 1, "slope_pct": 0.7, "bearing": 171.4}}, {"type": "Feature", "geometry": {"type": "LineString", "coordinates": [[13.2311272, 55.4565257], [13.2311317, 55.4565189]]}, "properties": {"t": "fall", "g": 1, "loop": "Gamla banan", "hole": 1, "slope_pct": 1.36, "bearing": 159.7}}, {"type": "Feature", "geometry": {"type": "LineString", "coordinates": [[13.2311746, 55.4565264], [13.2311751, 55.4565167]]}, "properties": {"t": "fall", "g": 1, "loop": "Gamla banan", "hole": 1, "slope_pct": 1.8, "bearing": 178.4}}, {"type": "Feature", "geometry": {"type": "LineString", "coordinates": [[13.231222, 55.4565271], [13.231223, 55.4565125]]}, "properties": {"t": "fall", "g": 1, "loop": "Gamla banan", "hole": 1, "slope_pct": 2.71, "bearing": 177.8}}, {"type": "Feature", "geometry": {"type": "LineString", "coordinates": [[13.2312694, 55.4565278], [13.2312628, 55.4565017]]}, "properties": {"t": "fall", "g": 1, "loop": "Gamla banan", "hole": 1, "slope_pct": 4.9, "bearing": 188.2}}, {"type": "Feature", "geometry": {"type": "LineString", "coordinates": [[13.2313168, 55.4565285], [13.2313291, 55.4565024]]}, "properties": {"t": "fall", "g": 1, "loop": "Gamla banan", "hole": 1, "slope_pct": 9.79, "bearing": 165.0}}, {"type": "Feature", "geometry": {"type": "LineString", "coordinates": [[13.231081, 55.4564981], [13.2311001, 55.456495]]}, "properties": {"t": "fall", "g": 1, "loop": "Gamla banan", "hole": 1, "slope_pct": 2.09, "bearing": 105.9}}, {"type": "Feature", "geometry": {"type": "LineString", "coordinates": [[13.2311284, 55.4564988], [13.2311377, 55.4564883]]}, "properties": {"t": "fall", "g": 1, "loop": "Gamla banan", "hole": 1, "slope_pct": 2.18, "bearing": 153.1}}, {"type": "Feature", "geometry": {"type": "LineString", "coordinates": [[13.2311758, 55.4564995], [13.2311788, 55.4564838]]}, "properties": {"t": "fall", "g": 1, "loop": "Gamla banan", "hole": 1, "slope_pct": 2.92, "bearing": 173.8}}, {"type": "Feature", "geometry": {"type": "LineString", "coordinates": [[13.2312232, 55.4565002], [13.231246, 55.4564765]]}, "properties": {"t": "fall", "g": 1, "loop": "Gamla banan", "hole": 1, "slope_pct": 7.35, "bearing": 151.4}}, {"type": "Feature", "geometry": {"type": "Point", "coordinates": [13.2312206, 55.4565845]}, "properties": {"t": "aim", "g": 1, "loop": "Gamla banan", "hole": 1, "aim_bearing": 177.0, "slope_median": 2.16, "slope_max": 9.79, "n_cells": 52}}, {"type": "Feature", "geometry": {"type": "LineString", "coordinates": [[13.2348665, 55.459204], [13.234851, 55.4592076]]}, "properties": {"t": "fall", "g": 2, "loop": "Gamla banan", "hole": 2, "slope_pct": 1.76, "bearing": 292.5}}, {"type": "Feature", "geometry": {"type": "LineString", "coordinates": [[13.2349139, 55.4592047], [13.234887, 55.4592034]]}, "properties": {"t": "fall", "g": 2, "loop": "Gamla banan", "hole": 2, "slope_pct": 2.84, "bearing": 265.1}}, {"type": "Feature", "geometry": {"type": "LineString", "coordinates": [[13.2349613, 55.4592054], [13.2349328, 55.4591925]]}, "properties": {"t": "fall", "g": 2, "loop": "Gamla banan", "hole": 2, "slope_pct": 3.83, "bearing": 231.4}}, {"type": "Feature", "geometry": {"type": "LineString", "coordinates": [[13.2350088, 55.4592061], [13.2349784, 55.4591924]]}, "properties": {"t": "fall", "g": 2, "loop": "Gamla banan", "hole": 2, "slope_pct": 4.07, "bearing": 231.5}}, {"type": "Feature", "geometry": {"type": "LineString", "coordinates": [[13.2348203, 55.4591764], [13.2348018, 55.4591657]]}, "properties": {"t": "fall", "g": 2, "loop": "Gamla banan", "hole": 2, "slope_pct": 2.78, "bearing": 224.4}}, {"type": "Feature", "geometry": {"type": "LineString", "coordinates": [[13.2348677, 55.4591771], [13.2348526, 55.4591723]]}, "properties": {"t": "fall", "g": 2, "loop": "Gamla banan", "hole": 2, "slope_pct": 1.82, "bearing": 240.8}}, {"type": "Feature", "geometry": {"type": "LineString", "coordinates": [[13.2349151, 55.4591778], [13.2348967, 55.4591732]]}, "properties": {"t": "fall", "g": 2, "loop": "Gamla banan", "hole": 2, "slope_pct": 2.11, "bearing": 246.6}}, {"type": "Feature", "geometry": {"type": "LineString", "coordinates": [[13.2349625, 55.4591784], [13.23494, 55.4591735]]}, "properties": {"t": "fall", "g": 2, "loop": "Gamla banan", "hole": 2, "slope_pct": 2.54, "bearing": 248.8}}, {"type": "Feature", "geometry": {"type": "LineString", "coordinates": [[13.23501, 55.4591791], [13.2349727, 55.4591745]]}, "properties": {"t": "fall", "g": 2, "loop": "Gamla banan", "hole": 2, "slope_pct": 4.02, "bearing": 257.6}}, {"type": "Feature", "geometry": {"type": "LineString", "coordinates": [[13.2350574, 55.4591798], [13.2350107, 55.4591748]]}, "properties": {"t": "fall", "g": 2, "loop": "Gamla banan", "hole": 2, "slope_pct": 7.83, "bearing": 259.4}}, {"type": "Feature", "geometry": {"type": "LineString", "coordinates": [[13.2347266, 55.4591481], [13.2346974, 55.4591288]]}, "properties": {"t": "fall", "g": 2, "loop": "Gamla banan", "hole": 2, "slope_pct": 4.71, "bearing": 220.8}}, {"type": "Feature", "geometry": {"type": "LineString", "coordinates": [[13.2347741, 55.4591488], [13.2347375, 55.4591331]]}, "properties": {"t": "fall", "g": 2, "loop": "Gamla banan", "hole": 2, "slope_pct": 4.83, "bearing": 232.9}}, {"type": "Feature", "geometry": {"type": "LineString", "coordinates": [[13.2348215, 55.4591494], [13.2347847, 55.4591385]]}, "properties": {"t": "fall", "g": 2, "loop": "Gamla banan", "hole": 2, "slope_pct": 4.37, "bearing": 242.4}}, {"type": "Feature", "geometry": {"type": "LineString", "coordinates": [[13.2348689, 55.4591501], [13.2348476, 55.4591455]]}, "properties": {"t": "fall", "g": 2, "loop": "Gamla banan", "hole": 2, "slope_pct": 2.4, "bearing": 249.1}}, {"type": "Feature", "geometry": {"type": "LineString", "coordinates": [[13.2349163, 55.4591508], [13.2348961, 55.4591466]]}, "properties": {"t": "fall", "g": 2, "loop": "Gamla banan", "hole": 2, "slope_pct": 2.27, "bearing": 249.8}}, {"type": "Feature", "geometry": {"type": "LineString", "coordinates": [[13.2349637, 55.4591515], [13.2349443, 55.4591484]]}, "properties": {"t": "fall", "g": 2, "loop": "Gamla banan", "hole": 2, "slope_pct": 2.12, "bearing": 254.2}}, {"type": "Feature", "geometry": {"type": "LineString", "coordinates": [[13.2350112, 55.4591522], [13.2349867, 55.4591429]]}, "properties": {"t": "fall", "g": 2, "loop": "Gamla banan", "hole": 2, "slope_pct": 3.1, "bearing": 236.3}}, {"type": "Feature", "geometry": {"type": "LineString", "coordinates": [[13.2350586, 55.4591529], [13.2350285, 55.459132]]}, "properties": {"t": "fall", "g": 2, "loop": "Gamla banan", "hole": 2, "slope_pct": 6.47, "bearing": 219.2}}, {"type": "Feature", "geometry": {"type": "LineString", "coordinates": [[13.234633, 55.4591198], [13.2345912, 55.4591142]]}, "properties": {"t": "fall", "g": 2, "loop": "Gamla banan", "hole": 2, "slope_pct": 4.52, "bearing": 256.8}}, {"type": "Feature", "geometry": {"type": "LineString", "coordinates": [[13.2346804, 55.4591204], [13.2346443, 55.4591087]]}, "properties": {"t": "fall", "g": 2, "loop": "Gamla banan", "hole": 2, "slope_pct": 4.38, "bearing": 240.1}}, {"type": "Feature", "geometry": {"type": "LineString", "coordinates": [[13.2347279, 55.4591211], [13.2346915, 55.4591102]]}, "properties": {"t": "fall", "g": 2, "loop": "Gamla banan", "hole": 2, "slope_pct": 4.32, "bearing": 242.1}}, {"type": "Feature", "geometry": {"type": "LineString", "coordinates": [[13.2347753, 55.4591218], [13.2347311, 55.4591143]]}, "properties": {"t": "fall", "g": 2, "loop": "Gamla banan", "hole": 2, "slope_pct": 4.86, "bearing": 253.3}}, {"type": "Feature", "geometry": {"type": "LineString", "coordinates": [[13.2348227, 55.4591225], [13.2347797, 55.4591165]]}, "properties": {"t": "fall", "g": 2, "loop": "Gamla banan", "hole": 2, "slope_pct": 4.65, "bearing": 256.3}}, {"type": "Feature", "geometry": {"type": "LineString", "coordinates": [[13.2348701, 55.4591232], [13.2348436, 55.4591191]]}, "properties": {"t": "fall", "g": 2, "loop": "Gamla banan", "hole": 2, "slope_pct": 2.89, "bearing": 255.0}}, {"type": "Feature", "geometry": {"type": "LineString", "coordinates": [[13.2349175, 55.4591239], [13.234896, 55.4591247]]}, "properties": {"t": "fall", "g": 2, "loop": "Gamla banan", "hole": 2, "slope_pct": 2.27, "bearing": 273.8}}, {"type": "Feature", "geometry": {"type": "LineString", "coordinates": [[13.2349649, 55.4591245], [13.2349458, 55.4591232]]}, "properties": {"t": "fall", "g": 2, "loop": "Gamla banan", "hole": 2, "slope_pct": 2.03, "bearing": 263.0}}, {"type": "Feature", "geometry": {"type": "LineString", "coordinates": [[13.2350124, 55.4591252], [13.2350011, 55.4591228]]}, "properties": {"t": "fall", "g": 2, "loop": "Gamla banan", "hole": 2, "slope_pct": 1.27, "bearing": 249.4}}, {"type": "Feature", "geometry": {"type": "LineString", "coordinates": [[13.2350598, 55.4591259], [13.2350401, 55.4591209]]}, "properties": {"t": "fall", "g": 2, "loop": "Gamla banan", "hole": 2, "slope_pct": 2.27, "bearing": 245.7}}, {"type": "Feature", "geometry": {"type": "LineString", "coordinates": [[13.2346342, 55.4590928], [13.2345969, 55.4590891]]}, "properties": {"t": "fall", "g": 2, "loop": "Gamla banan", "hole": 2, "slope_pct": 3.99, "bearing": 260.1}}, {"type": "Feature", "geometry": {"type": "LineString", "coordinates": [[13.2346816, 55.4590935], [13.2346472, 55.4590928]]}, "properties": {"t": "fall", "g": 2, "loop": "Gamla banan", "hole": 2, "slope_pct": 3.63, "bearing": 267.8}}, {"type": "Feature", "geometry": {"type": "LineString", "coordinates": [[13.2347291, 55.4590942], [13.2346897, 55.4590942]]}, "properties": {"t": "fall", "g": 2, "loop": "Gamla banan", "hole": 2, "slope_pct": 4.14, "bearing": 270.0}}, {"type": "Feature", "geometry": {"type": "LineString", "coordinates": [[13.2347765, 55.4590949], [13.2347328, 55.4590918]]}, "properties": {"t": "fall", "g": 2, "loop": "Gamla banan", "hole": 2, "slope_pct": 4.63, "bearing": 263.0}}, {"type": "Feature", "geometry": {"type": "LineString", "coordinates": [[13.2348239, 55.4590955], [13.2347807, 55.459093]]}, "properties": {"t": "fall", "g": 2, "loop": "Gamla banan", "hole": 2, "slope_pct": 4.57, "bearing": 264.2}}, {"type": "Feature", "geometry": {"type": "LineString", "coordinates": [[13.2348713, 55.4590962], [13.2348421, 55.459093]]}, "properties": {"t": "fall", "g": 2, "loop": "Gamla banan", "hole": 2, "slope_pct": 3.13, "bearing": 259.1}}, {"type": "Feature", "geometry": {"type": "LineString", "coordinates": [[13.2349187, 55.4590969], [13.234895, 55.4590903]]}, "properties": {"t": "fall", "g": 2, "loop": "Gamla banan", "hole": 2, "slope_pct": 2.78, "bearing": 243.8}}, {"type": "Feature", "geometry": {"type": "LineString", "coordinates": [[13.2349662, 55.4590976], [13.2349479, 55.4590939]]}, "properties": {"t": "fall", "g": 2, "loop": "Gamla banan", "hole": 2, "slope_pct": 2.03, "bearing": 250.4}}, {"type": "Feature", "geometry": {"type": "LineString", "coordinates": [[13.2350136, 55.4590983], [13.2350008, 55.4590949]]}, "properties": {"t": "fall", "g": 2, "loop": "Gamla banan", "hole": 2, "slope_pct": 1.49, "bearing": 245.1}}, {"type": "Feature", "geometry": {"type": "LineString", "coordinates": [[13.2346354, 55.4590659], [13.2345942, 55.4590625]]}, "properties": {"t": "fall", "g": 2, "loop": "Gamla banan", "hole": 2, "slope_pct": 4.38, "bearing": 261.8}}, {"type": "Feature", "geometry": {"type": "LineString", "coordinates": [[13.2346828, 55.4590666], [13.2346433, 55.4590651]]}, "properties": {"t": "fall", "g": 2, "loop": "Gamla banan", "hole": 2, "slope_pct": 4.17, "bearing": 266.3}}, {"type": "Feature", "geometry": {"type": "LineString", "coordinates": [[13.2347303, 55.4590672], [13.234697, 55.4590643]]}, "properties": {"t": "fall", "g": 2, "loop": "Gamla banan", "hole": 2, "slope_pct": 3.54, "bearing": 261.3}}, {"type": "Feature", "geometry": {"type": "LineString", "coordinates": [[13.2347777, 55.4590679], [13.2347407, 55.4590622]]}, "properties": {"t": "fall", "g": 2, "loop": "Gamla banan", "hole": 2, "slope_pct": 4.04, "bearing": 254.7}}, {"type": "Feature", "geometry": {"type": "LineString", "coordinates": [[13.2348251, 55.4590686], [13.2347782, 55.4590641]]}, "properties": {"t": "fall", "g": 2, "loop": "Gamla banan", "hole": 2, "slope_pct": 6.33, "bearing": 260.3}}, {"type": "Feature", "geometry": {"type": "LineString", "coordinates": [[13.2348725, 55.4590693], [13.2348582, 55.4590725]]}, "properties": {"t": "fall", "g": 2, "loop": "Gamla banan", "hole": 2, "slope_pct": 1.62, "bearing": 291.3}}, {"type": "Feature", "geometry": {"type": "LineString", "coordinates": [[13.2349199, 55.45907], [13.2348995, 55.4590647]]}, "properties": {"t": "fall", "g": 2, "loop": "Gamla banan", "hole": 2, "slope_pct": 2.36, "bearing": 245.6}}, {"type": "Feature", "geometry": {"type": "LineString", "coordinates": [[13.2349674, 55.4590707], [13.2349493, 55.4590618]]}, "properties": {"t": "fall", "g": 2, "loop": "Gamla banan", "hole": 2, "slope_pct": 2.52, "bearing": 229.0}}, {"type": "Feature", "geometry": {"type": "LineString", "coordinates": [[13.2346366, 55.4590389], [13.2345928, 55.4590285]]}, "properties": {"t": "fall", "g": 2, "loop": "Gamla banan", "hole": 2, "slope_pct": 5.39, "bearing": 247.2}}, {"type": "Feature", "geometry": {"type": "LineString", "coordinates": [[13.234684, 55.4590396], [13.2346466, 55.4590308]]}, "properties": {"t": "fall", "g": 2, "loop": "Gamla banan", "hole": 2, "slope_pct": 4.26, "bearing": 247.5}}, {"type": "Feature", "geometry": {"type": "LineString", "coordinates": [[13.2347315, 55.4590403], [13.2347006, 55.4590303]]}, "properties": {"t": "fall", "g": 2, "loop": "Gamla banan", "hole": 2, "slope_pct": 3.74, "bearing": 240.4}}, {"type": "Feature", "geometry": {"type": "LineString", "coordinates": [[13.2347789, 55.459041], [13.2347483, 55.4590302]]}, "properties": {"t": "fall", "g": 2, "loop": "Gamla banan", "hole": 2, "slope_pct": 3.79, "bearing": 238.1}}, {"type": "Feature", "geometry": {"type": "LineString", "coordinates": [[13.2346852, 55.4590127], [13.2346505, 55.4589943]]}, "properties": {"t": "fall", "g": 2, "loop": "Gamla banan", "hole": 2, "slope_pct": 5.95, "bearing": 227.0}}, {"type": "Feature", "geometry": {"type": "Point", "coordinates": [13.2348394, 55.4591172]}, "properties": {"t": "aim", "g": 2, "loop": "Gamla banan", "hole": 2, "aim_bearing": 249.5, "slope_median": 3.74, "slope_max": 7.83, "n_cells": 51}}, {"type": "Feature", "geometry": {"type": "LineString", "coordinates": [[13.238741, 55.4592149], [13.2387106, 55.4592116]]}, "properties": {"t": "fall", "g": 3, "loop": "Gamla banan", "hole": 3, "slope_pct": 3.26, "bearing": 259.1}}, {"type": "Feature", "geometry": {"type": "LineString", "coordinates": [[13.2387885, 55.4592156], [13.2387696, 55.4592091]]}, "properties": {"t": "fall", "g": 3, "loop": "Gamla banan", "hole": 3, "slope_pct": 2.33, "bearing": 238.8}}, {"type": "Feature", "geometry": {"type": "LineString", "coordinates": [[13.2388359, 55.4592163], [13.2388232, 55.4592149]]}, "properties": {"t": "fall", "g": 3, "loop": "Gamla banan", "hole": 3, "slope_pct": 1.36, "bearing": 259.0}}, {"type": "Feature", "geometry": {"type": "LineString", "coordinates": [[13.2388833, 55.4592169], [13.2388723, 55.4592165]]}, "properties": {"t": "fall", "g": 3, "loop": "Gamla banan", "hole": 3, "slope_pct": 1.16, "bearing": 265.6}}, {"type": "Feature", "geometry": {"type": "LineString", "coordinates": [[13.2389307, 55.4592176], [13.2388996, 55.4592064]]}, "properties": {"t": "fall", "g": 3, "loop": "Gamla banan", "hole": 3, "slope_pct": 3.88, "bearing": 237.6}}, {"type": "Feature", "geometry": {"type": "LineString", "coordinates": [[13.2386948, 55.4591873], [13.2386476, 55.4591903]]}, "properties": {"t": "fall", "g": 3, "loop": "Gamla banan", "hole": 3, "slope_pct": 7.76, "bearing": 276.4}}, {"type": "Feature", "geometry": {"type": "LineString", "coordinates": [[13.2387423, 55.459188], [13.2387149, 55.459186]]}, "properties": {"t": "fall", "g": 3, "loop": "Gamla banan", "hole": 3, "slope_pct": 2.9, "bearing": 262.8}}, {"type": "Feature", "geometry": {"type": "LineString", "coordinates": [[13.2387897, 55.4591886], [13.2387678, 55.4591878]]}, "properties": {"t": "fall", "g": 3, "loop": "Gamla banan", "hole": 3, "slope_pct": 2.31, "bearing": 266.2}}, {"type": "Feature", "geometry": {"type": "LineString", "coordinates": [[13.2388371, 55.4591893], [13.2388198, 55.4591886]]}, "properties": {"t": "fall", "g": 3, "loop": "Gamla banan", "hole": 3, "slope_pct": 1.82, "bearing": 266.0}}, {"type": "Feature", "geometry": {"type": "LineString", "coordinates": [[13.2388845, 55.45919], [13.2388701, 55.4591915]]}, "properties": {"t": "fall", "g": 3, "loop": "Gamla banan", "hole": 3, "slope_pct": 1.54, "bearing": 280.5}}, {"type": "Feature", "geometry": {"type": "LineString", "coordinates": [[13.2389319, 55.4591907], [13.2389168, 55.4591949]]}, "properties": {"t": "fall", "g": 3, "loop": "Gamla banan", "hole": 3, "slope_pct": 1.78, "bearing": 296.4}}, {"type": "Feature", "geometry": {"type": "LineString", "coordinates": [[13.2389793, 55.4591914], [13.2389594, 55.4591906]]}, "properties": {"t": "fall", "g": 3, "loop": "Gamla banan", "hole": 3, "slope_pct": 2.11, "bearing": 266.2}}, {"type": "Feature", "geometry": {"type": "LineString", "coordinates": [[13.238696, 55.4591603], [13.2386487, 55.459163]]}, "properties": {"t": "fall", "g": 3, "loop": "Gamla banan", "hole": 3, "slope_pct": 5.27, "bearing": 275.7}}, {"type": "Feature", "geometry": {"type": "LineString", "coordinates": [[13.2387435, 55.459161], [13.2387203, 55.4591581]]}, "properties": {"t": "fall", "g": 3, "loop": "Gamla banan", "hole": 3, "slope_pct": 2.49, "bearing": 257.5}}, {"type": "Feature", "geometry": {"type": "LineString", "coordinates": [[13.2387909, 55.4591617], [13.2387668, 55.459158]]}, "properties": {"t": "fall", "g": 3, "loop": "Gamla banan", "hole": 3, "slope_pct": 2.62, "bearing": 254.9}}, {"type": "Feature", "geometry": {"type": "LineString", "coordinates": [[13.2388383, 55.4591624], [13.2388215, 55.4591582]]}, "properties": {"t": "fall", "g": 3, "loop": "Gamla banan", "hole": 3, "slope_pct": 1.93, "bearing": 246.2}}, {"type": "Feature", "geometry": {"type": "LineString", "coordinates": [[13.2388857, 55.4591631], [13.2388677, 55.4591584]]}, "properties": {"t": "fall", "g": 3, "loop": "Gamla banan", "hole": 3, "slope_pct": 2.09, "bearing": 245.3}}, {"type": "Feature", "geometry": {"type": "LineString", "coordinates": [[13.2389331, 55.4591637], [13.2389146, 55.4591612]]}, "properties": {"t": "fall", "g": 3, "loop": "Gamla banan", "hole": 3, "slope_pct": 2.0, "bearing": 256.4}}, {"type": "Feature", "geometry": {"type": "LineString", "coordinates": [[13.2389805, 55.4591644], [13.2389671, 55.4591626]]}, "properties": {"t": "fall", "g": 3, "loop": "Gamla banan", "hole": 3, "slope_pct": 1.45, "bearing": 256.5}}, {"type": "Feature", "geometry": {"type": "LineString", "coordinates": [[13.239028, 55.4591651], [13.2390152, 55.45916]]}, "properties": {"t": "fall", "g": 3, "loop": "Gamla banan", "hole": 3, "slope_pct": 1.64, "bearing": 234.7}}, {"type": "Feature", "geometry": {"type": "LineString", "coordinates": [[13.2386972, 55.4591334], [13.238651, 55.4591396]]}, "properties": {"t": "fall", "g": 3, "loop": "Gamla banan", "hole": 3, "slope_pct": 5.12, "bearing": 283.3}}, {"type": "Feature", "geometry": {"type": "LineString", "coordinates": [[13.2387447, 55.4591341], [13.2387174, 55.459145]]}, "properties": {"t": "fall", "g": 3, "loop": "Gamla banan", "hole": 3, "slope_pct": 3.51, "bearing": 305.2}}, {"type": "Feature", "geometry": {"type": "LineString", "coordinates": [[13.2387921, 55.4591347], [13.2387776, 55.4591446]]}, "properties": {"t": "fall", "g": 3, "loop": "Gamla banan", "hole": 3, "slope_pct": 2.38, "bearing": 320.3}}, {"type": "Feature", "geometry": {"type": "LineString", "coordinates": [[13.2388395, 55.4591354], [13.2388288, 55.459135]]}, "properties": {"t": "fall", "g": 3, "loop": "Gamla banan", "hole": 3, "slope_pct": 1.13, "bearing": 265.9}}, {"type": "Feature", "geometry": {"type": "LineString", "coordinates": [[13.2388869, 55.4591361], [13.2388655, 55.4591348]]}, "properties": {"t": "fall", "g": 3, "loop": "Gamla banan", "hole": 3, "slope_pct": 2.26, "bearing": 263.9}}, {"type": "Feature", "geometry": {"type": "LineString", "coordinates": [[13.2389343, 55.4591368], [13.238912, 55.4591384]]}, "properties": {"t": "fall", "g": 3, "loop": "Gamla banan", "hole": 3, "slope_pct": 2.36, "bearing": 277.2}}, {"type": "Feature", "geometry": {"type": "LineString", "coordinates": [[13.2389817, 55.4591375], [13.2389721, 55.4591357]]}, "properties": {"t": "fall", "g": 3, "loop": "Gamla banan", "hole": 3, "slope_pct": 1.06, "bearing": 252.0}}, {"type": "Feature", "geometry": {"type": "LineString", "coordinates": [[13.2390292, 55.4591382], [13.2390256, 55.4591349]]}, "properties": {"t": "fall", "g": 3, "loop": "Gamla banan", "hole": 3, "slope_pct": 0.71, "bearing": 211.6}}, {"type": "Feature", "geometry": {"type": "LineString", "coordinates": [[13.2390766, 55.4591388], [13.2390397, 55.4591301]]}, "properties": {"t": "fall", "g": 3, "loop": "Gamla banan", "hole": 3, "slope_pct": 4.21, "bearing": 247.2}}, {"type": "Feature", "geometry": {"type": "LineString", "coordinates": [[13.2386984, 55.4591064], [13.238651, 55.4591045]]}, "properties": {"t": "fall", "g": 3, "loop": "Gamla banan", "hole": 3, "slope_pct": 7.87, "bearing": 265.9}}, {"type": "Feature", "geometry": {"type": "LineString", "coordinates": [[13.2387459, 55.4591071], [13.2387114, 55.4591239]]}, "properties": {"t": "fall", "g": 3, "loop": "Gamla banan", "hole": 3, "slope_pct": 4.78, "bearing": 310.8}}, {"type": "Feature", "geometry": {"type": "LineString", "coordinates": [[13.2387933, 55.4591078], [13.238801, 55.4591127]]}, "properties": {"t": "fall", "g": 3, "loop": "Gamla banan", "hole": 3, "slope_pct": 1.21, "bearing": 42.1}}, {"type": "Feature", "geometry": {"type": "LineString", "coordinates": [[13.2388407, 55.4591085], [13.238836, 55.45911]]}, "properties": {"t": "fall", "g": 3, "loop": "Gamla banan", "hole": 3, "slope_pct": 0.56, "bearing": 299.2}}, {"type": "Feature", "geometry": {"type": "LineString", "coordinates": [[13.2388881, 55.4591092], [13.2388615, 55.4591108]]}, "properties": {"t": "fall", "g": 3, "loop": "Gamla banan", "hole": 3, "slope_pct": 2.82, "bearing": 276.3}}, {"type": "Feature", "geometry": {"type": "LineString", "coordinates": [[13.2389355, 55.4591099], [13.2389137, 55.4591164]]}, "properties": {"t": "fall", "g": 3, "loop": "Gamla banan", "hole": 3, "slope_pct": 2.6, "bearing": 298.0}}, {"type": "Feature", "geometry": {"type": "LineString", "coordinates": [[13.2390304, 55.4591112], [13.2390316, 55.4591021]]}, "properties": {"t": "fall", "g": 3, "loop": "Gamla banan", "hole": 3, "slope_pct": 1.7, "bearing": 175.6}}, {"type": "Feature", "geometry": {"type": "LineString", "coordinates": [[13.2390778, 55.4591119], [13.239039, 55.4591042]]}, "properties": {"t": "fall", "g": 3, "loop": "Gamla banan", "hole": 3, "slope_pct": 4.32, "bearing": 250.8}}, {"type": "Feature", "geometry": {"type": "LineString", "coordinates": [[13.2387945, 55.4590809], [13.238805, 55.4590791]]}, "properties": {"t": "fall", "g": 3, "loop": "Gamla banan", "hole": 3, "slope_pct": 1.16, "bearing": 106.1}}, {"type": "Feature", "geometry": {"type": "LineString", "coordinates": [[13.2388893, 55.4590822], [13.2388516, 55.4590852]]}, "properties": {"t": "fall", "g": 3, "loop": "Gamla banan", "hole": 3, "slope_pct": 4.0, "bearing": 278.0}}, {"type": "Feature", "geometry": {"type": "LineString", "coordinates": [[13.2389367, 55.4590829], [13.2389192, 55.4590884]]}, "properties": {"t": "fall", "g": 3, "loop": "Gamla banan", "hole": 3, "slope_pct": 2.11, "bearing": 298.8}}, {"type": "Feature", "geometry": {"type": "LineString", "coordinates": [[13.2389841, 55.4590836], [13.2390058, 55.459082]]}, "properties": {"t": "fall", "g": 3, "loop": "Gamla banan", "hole": 3, "slope_pct": 2.3, "bearing": 97.4}}, {"type": "Feature", "geometry": {"type": "LineString", "coordinates": [[13.2390316, 55.4590843], [13.2390351, 55.4590786]]}, "properties": {"t": "fall", "g": 3, "loop": "Gamla banan", "hole": 3, "slope_pct": 1.12, "bearing": 160.5}}, {"type": "Feature", "geometry": {"type": "LineString", "coordinates": [[13.2388905, 55.4590553], [13.2388446, 55.4590622]]}, "properties": {"t": "fall", "g": 3, "loop": "Gamla banan", "hole": 3, "slope_pct": 5.97, "bearing": 285.0}}, {"type": "Feature", "geometry": {"type": "LineString", "coordinates": [[13.2389379, 55.459056], [13.2389232, 55.4590696]]}, "properties": {"t": "fall", "g": 3, "loop": "Gamla banan", "hole": 3, "slope_pct": 2.96, "bearing": 328.5}}, {"type": "Feature", "geometry": {"type": "LineString", "coordinates": [[13.2389853, 55.4590566], [13.2390135, 55.4590741]]}, "properties": {"t": "fall", "g": 3, "loop": "Gamla banan", "hole": 3, "slope_pct": 4.39, "bearing": 42.4}}, {"type": "Feature", "geometry": {"type": "Point", "coordinates": [13.2388706, 55.4591423]}, "properties": {"t": "aim", "g": 3, "loop": "Gamla banan", "hole": 3, "aim_bearing": 272.6, "slope_median": 2.3, "slope_max": 7.87, "n_cells": 47}}, {"type": "Feature", "geometry": {"type": "LineString", "coordinates": [[13.2395206, 55.4559188], [13.239504, 55.4559406]]}, "properties": {"t": "fall", "g": 4, "loop": "Gamla banan", "hole": 4, "slope_pct": 4.41, "bearing": 336.7}}, {"type": "Feature", "geometry": {"type": "LineString", "coordinates": [[13.239568, 55.4559195], [13.2395753, 55.4559317]]}, "properties": {"t": "fall", "g": 4, "loop": "Gamla banan", "hole": 4, "slope_pct": 2.38, "bearing": 18.8}}, {"type": "Feature", "geometry": {"type": "LineString", "coordinates": [[13.2396154, 55.4559202], [13.2396077, 55.4559264]]}, "properties": {"t": "fall", "g": 4, "loop": "Gamla banan", "hole": 4, "slope_pct": 1.41, "bearing": 325.1}}, {"type": "Feature", "geometry": {"type": "LineString", "coordinates": [[13.2396628, 55.4559209], [13.2396439, 55.4559241]]}, "properties": {"t": "fall", "g": 4, "loop": "Gamla banan", "hole": 4, "slope_pct": 2.07, "bearing": 286.7}}, {"type": "Feature", "geometry": {"type": "LineString", "coordinates": [[13.2397102, 55.4559215], [13.239684, 55.4559154]]}, "properties": {"t": "fall", "g": 4, "loop": "Gamla banan", "hole": 4, "slope_pct": 2.98, "bearing": 247.4}}, {"type": "Feature", "geometry": {"type": "LineString", "coordinates": [[13.2395218, 55.4558919], [13.2395244, 55.4558985]]}, "properties": {"t": "fall", "g": 4, "loop": "Gamla banan", "hole": 4, "slope_pct": 1.27, "bearing": 12.8}}, {"type": "Feature", "geometry": {"type": "LineString", "coordinates": [[13.2395692, 55.4558925], [13.2395858, 55.4558941]]}, "properties": {"t": "fall", "g": 4, "loop": "Gamla banan", "hole": 4, "slope_pct": 1.77, "bearing": 80.8}}, {"type": "Feature", "geometry": {"type": "LineString", "coordinates": [[13.239664, 55.4558939], [13.2396489, 55.4558896]]}, "properties": {"t": "fall", "g": 4, "loop": "Gamla banan", "hole": 4, "slope_pct": 1.79, "bearing": 243.1}}, {"type": "Feature", "geometry": {"type": "LineString", "coordinates": [[13.2397114, 55.4558946], [13.2396935, 55.455891]]}, "properties": {"t": "fall", "g": 4, "loop": "Gamla banan", "hole": 4, "slope_pct": 2.01, "bearing": 250.3}}, {"type": "Feature", "geometry": {"type": "LineString", "coordinates": [[13.2397588, 55.4558953], [13.2397176, 55.4558887]]}, "properties": {"t": "fall", "g": 4, "loop": "Gamla banan", "hole": 4, "slope_pct": 4.51, "bearing": 254.4}}, {"type": "Feature", "geometry": {"type": "LineString", "coordinates": [[13.239523, 55.4558649], [13.2395356, 55.4558714]]}, "properties": {"t": "fall", "g": 4, "loop": "Gamla banan", "hole": 4, "slope_pct": 1.8, "bearing": 47.7}}, {"type": "Feature", "geometry": {"type": "LineString", "coordinates": [[13.2395704, 55.4558656], [13.239588, 55.4558707]]}, "properties": {"t": "fall", "g": 4, "loop": "Gamla banan", "hole": 4, "slope_pct": 2.09, "bearing": 62.8}}, {"type": "Feature", "geometry": {"type": "LineString", "coordinates": [[13.2396178, 55.4558663], [13.2396176, 55.4558739]]}, "properties": {"t": "fall", "g": 4, "loop": "Gamla banan", "hole": 4, "slope_pct": 1.41, "bearing": 359.1}}, {"type": "Feature", "geometry": {"type": "LineString", "coordinates": [[13.2396652, 55.455867], [13.2396526, 55.4558741]]}, "properties": {"t": "fall", "g": 4, "loop": "Gamla banan", "hole": 4, "slope_pct": 1.87, "bearing": 315.1}}, {"type": "Feature", "geometry": {"type": "LineString", "coordinates": [[13.2397126, 55.4558676], [13.2396965, 55.4558717]]}, "properties": {"t": "fall", "g": 4, "loop": "Gamla banan", "hole": 4, "slope_pct": 1.86, "bearing": 294.1}}, {"type": "Feature", "geometry": {"type": "LineString", "coordinates": [[13.23976, 55.4558683], [13.2397426, 55.4558636]]}, "properties": {"t": "fall", "g": 4, "loop": "Gamla banan", "hole": 4, "slope_pct": 2.04, "bearing": 244.5}}, {"type": "Feature", "geometry": {"type": "LineString", "coordinates": [[13.2394768, 55.4558373], [13.2394594, 55.4558613]]}, "properties": {"t": "fall", "g": 4, "loop": "Gamla banan", "hole": 4, "slope_pct": 4.82, "bearing": 337.7}}, {"type": "Feature", "geometry": {"type": "LineString", "coordinates": [[13.2395242, 55.455838], [13.2395427, 55.4558515]]}, "properties": {"t": "fall", "g": 4, "loop": "Gamla banan", "hole": 4, "slope_pct": 3.19, "bearing": 37.8}}, {"type": "Feature", "geometry": {"type": "LineString", "coordinates": [[13.2395716, 55.4558387], [13.2395844, 55.4558518]]}, "properties": {"t": "fall", "g": 4, "loop": "Gamla banan", "hole": 4, "slope_pct": 2.79, "bearing": 28.9}}, {"type": "Feature", "geometry": {"type": "LineString", "coordinates": [[13.239619, 55.4558393], [13.2396149, 55.4558542]]}, "properties": {"t": "fall", "g": 4, "loop": "Gamla banan", "hole": 4, "slope_pct": 2.79, "bearing": 351.1}}, {"type": "Feature", "geometry": {"type": "LineString", "coordinates": [[13.2396664, 55.45584], [13.2396556, 55.455856]]}, "properties": {"t": "fall", "g": 4, "loop": "Gamla banan", "hole": 4, "slope_pct": 3.17, "bearing": 339.0}}, {"type": "Feature", "geometry": {"type": "LineString", "coordinates": [[13.2397138, 55.4558407], [13.2397073, 55.4558541]]}, "properties": {"t": "fall", "g": 4, "loop": "Gamla banan", "hole": 4, "slope_pct": 2.58, "bearing": 344.7}}, {"type": "Feature", "geometry": {"type": "LineString", "coordinates": [[13.2397612, 55.4558414], [13.2397558, 55.4558522]]}, "properties": {"t": "fall", "g": 4, "loop": "Gamla banan", "hole": 4, "slope_pct": 2.09, "bearing": 344.1}}, {"type": "Feature", "geometry": {"type": "LineString", "coordinates": [[13.239478, 55.4558103], [13.2394855, 55.4558234]]}, "properties": {"t": "fall", "g": 4, "loop": "Gamla banan", "hole": 4, "slope_pct": 2.54, "bearing": 18.2}}, {"type": "Feature", "geometry": {"type": "LineString", "coordinates": [[13.2395254, 55.455811], [13.2395528, 55.4558204]]}, "properties": {"t": "fall", "g": 4, "loop": "Gamla banan", "hole": 4, "slope_pct": 3.37, "bearing": 58.9}}, {"type": "Feature", "geometry": {"type": "LineString", "coordinates": [[13.2395728, 55.4558117], [13.2395832, 55.4558234]]}, "properties": {"t": "fall", "g": 4, "loop": "Gamla banan", "hole": 4, "slope_pct": 2.43, "bearing": 26.8}}, {"type": "Feature", "geometry": {"type": "LineString", "coordinates": [[13.2396202, 55.4558124], [13.2396146, 55.4558261]]}, "properties": {"t": "fall", "g": 4, "loop": "Gamla banan", "hole": 4, "slope_pct": 2.61, "bearing": 346.9}}, {"type": "Feature", "geometry": {"type": "LineString", "coordinates": [[13.2396676, 55.4558131], [13.2396572, 55.4558256]]}, "properties": {"t": "fall", "g": 4, "loop": "Gamla banan", "hole": 4, "slope_pct": 2.57, "bearing": 334.9}}, {"type": "Feature", "geometry": {"type": "LineString", "coordinates": [[13.239715, 55.4558138], [13.2397058, 55.455833]]}, "properties": {"t": "fall", "g": 4, "loop": "Gamla banan", "hole": 4, "slope_pct": 3.71, "bearing": 344.8}}, {"type": "Feature", "geometry": {"type": "LineString", "coordinates": [[13.2397624, 55.4558144], [13.2397509, 55.4558406]]}, "properties": {"t": "fall", "g": 4, "loop": "Gamla banan", "hole": 4, "slope_pct": 5.18, "bearing": 346.0}}, {"type": "Feature", "geometry": {"type": "LineString", "coordinates": [[13.2394317, 55.4557827], [13.2393902, 55.4557696]]}, "properties": {"t": "fall", "g": 4, "loop": "Gamla banan", "hole": 4, "slope_pct": 5.37, "bearing": 240.9}}, {"type": "Feature", "geometry": {"type": "LineString", "coordinates": [[13.2394792, 55.4557834], [13.2394862, 55.4557659]]}, "properties": {"t": "fall", "g": 4, "loop": "Gamla banan", "hole": 4, "slope_pct": 3.33, "bearing": 167.1}}, {"type": "Feature", "geometry": {"type": "LineString", "coordinates": [[13.2395266, 55.4557841], [13.2395385, 55.4557792]]}, "properties": {"t": "fall", "g": 4, "loop": "Gamla banan", "hole": 4, "slope_pct": 1.55, "bearing": 126.0}}, {"type": "Feature", "geometry": {"type": "LineString", "coordinates": [[13.239574, 55.4557848], [13.2395765, 55.4557874]]}, "properties": {"t": "fall", "g": 4, "loop": "Gamla banan", "hole": 4, "slope_pct": 0.55, "bearing": 29.1}}, {"type": "Feature", "geometry": {"type": "LineString", "coordinates": [[13.2396214, 55.4557854], [13.2396166, 55.4557889]]}, "properties": {"t": "fall", "g": 4, "loop": "Gamla banan", "hole": 4, "slope_pct": 0.81, "bearing": 321.3}}, {"type": "Feature", "geometry": {"type": "LineString", "coordinates": [[13.2396688, 55.4557861], [13.2396574, 55.4557874]]}, "properties": {"t": "fall", "g": 4, "loop": "Gamla banan", "hole": 4, "slope_pct": 1.22, "bearing": 280.9}}, {"type": "Feature", "geometry": {"type": "LineString", "coordinates": [[13.2397162, 55.4557868], [13.2396805, 55.4557907]]}, "properties": {"t": "fall", "g": 4, "loop": "Gamla banan", "hole": 4, "slope_pct": 3.82, "bearing": 280.8}}, {"type": "Feature", "geometry": {"type": "LineString", "coordinates": [[13.2394329, 55.4557558], [13.2393998, 55.4557587]]}, "properties": {"t": "fall", "g": 4, "loop": "Gamla banan", "hole": 4, "slope_pct": 3.52, "bearing": 278.8}}, {"type": "Feature", "geometry": {"type": "LineString", "coordinates": [[13.2394804, 55.4557565], [13.2394752, 55.4557568]]}, "properties": {"t": "fall", "g": 4, "loop": "Gamla banan", "hole": 4, "slope_pct": 0.55, "bearing": 276.0}}, {"type": "Feature", "geometry": {"type": "LineString", "coordinates": [[13.2395278, 55.4557571], [13.239525, 55.4557613]]}, "properties": {"t": "fall", "g": 4, "loop": "Gamla banan", "hole": 4, "slope_pct": 0.82, "bearing": 339.2}}, {"type": "Feature", "geometry": {"type": "LineString", "coordinates": [[13.2395752, 55.4557578], [13.2395767, 55.4557649]]}, "properties": {"t": "fall", "g": 4, "loop": "Gamla banan", "hole": 4, "slope_pct": 1.32, "bearing": 6.8}}, {"type": "Feature", "geometry": {"type": "LineString", "coordinates": [[13.23967, 55.4557592], [13.2396648, 55.4557585]]}, "properties": {"t": "fall", "g": 4, "loop": "Gamla banan", "hole": 4, "slope_pct": 0.56, "bearing": 257.2}}, {"type": "Feature", "geometry": {"type": "LineString", "coordinates": [[13.2394341, 55.4557288], [13.2394098, 55.4557274]]}, "properties": {"t": "fall", "g": 4, "loop": "Gamla banan", "hole": 4, "slope_pct": 2.57, "bearing": 264.1}}, {"type": "Feature", "geometry": {"type": "LineString", "coordinates": [[13.2394816, 55.4557295], [13.2394767, 55.4557309]]}, "properties": {"t": "fall", "g": 4, "loop": "Gamla banan", "hole": 4, "slope_pct": 0.57, "bearing": 296.4}}, {"type": "Feature", "geometry": {"type": "LineString", "coordinates": [[13.239529, 55.4557302], [13.2395229, 55.4557314]]}, "properties": {"t": "fall", "g": 4, "loop": "Gamla banan", "hole": 4, "slope_pct": 0.68, "bearing": 289.5}}, {"type": "Feature", "geometry": {"type": "LineString", "coordinates": [[13.2396238, 55.4557316], [13.2396294, 55.4557331]]}, "properties": {"t": "fall", "g": 4, "loop": "Gamla banan", "hole": 4, "slope_pct": 0.66, "bearing": 64.7}}, {"type": "Feature", "geometry": {"type": "LineString", "coordinates": [[13.2394353, 55.4557019], [13.2393984, 55.455685]]}, "properties": {"t": "fall", "g": 4, "loop": "Gamla banan", "hole": 4, "slope_pct": 5.87, "bearing": 231.1}}, {"type": "Feature", "geometry": {"type": "LineString", "coordinates": [[13.2394828, 55.4557026], [13.2394654, 55.4556947]]}, "properties": {"t": "fall", "g": 4, "loop": "Gamla banan", "hole": 4, "slope_pct": 2.34, "bearing": 231.4}}, {"type": "Feature", "geometry": {"type": "LineString", "coordinates": [[13.2395302, 55.4557033], [13.2395256, 55.4556996]]}, "properties": {"t": "fall", "g": 4, "loop": "Gamla banan", "hole": 4, "slope_pct": 0.82, "bearing": 215.5}}, {"type": "Feature", "geometry": {"type": "LineString", "coordinates": [[13.239625, 55.4557046], [13.2396316, 55.4557067]]}, "properties": {"t": "fall", "g": 4, "loop": "Gamla banan", "hole": 4, "slope_pct": 0.79, "bearing": 61.1}}, {"type": "Feature", "geometry": {"type": "LineString", "coordinates": [[13.2396724, 55.4557053], [13.2396837, 55.4557036]]}, "properties": {"t": "fall", "g": 4, "loop": "Gamla banan", "hole": 4, "slope_pct": 1.23, "bearing": 104.9}}, {"type": "Feature", "geometry": {"type": "LineString", "coordinates": [[13.239484, 55.4556756], [13.2394573, 55.4556682]]}, "properties": {"t": "fall", "g": 4, "loop": "Gamla banan", "hole": 4, "slope_pct": 3.12, "bearing": 244.0}}, {"type": "Feature", "geometry": {"type": "LineString", "coordinates": [[13.2395314, 55.4556763], [13.2395168, 55.4556771]]}, "properties": {"t": "fall", "g": 4, "loop": "Gamla banan", "hole": 4, "slope_pct": 1.54, "bearing": 275.2}}, {"type": "Feature", "geometry": {"type": "LineString", "coordinates": [[13.2395788, 55.455677], [13.2395723, 55.455684]]}, "properties": {"t": "fall", "g": 4, "loop": "Gamla banan", "hole": 4, "slope_pct": 1.46, "bearing": 332.3}}, {"type": "Feature", "geometry": {"type": "LineString", "coordinates": [[13.2396262, 55.4556777], [13.2396403, 55.4556792]]}, "properties": {"t": "fall", "g": 4, "loop": "Gamla banan", "hole": 4, "slope_pct": 1.51, "bearing": 79.3}}, {"type": "Feature", "geometry": {"type": "LineString", "coordinates": [[13.2396736, 55.4556784], [13.2396865, 55.4556754]]}, "properties": {"t": "fall", "g": 4, "loop": "Gamla banan", "hole": 4, "slope_pct": 1.46, "bearing": 112.4}}, {"type": "Feature", "geometry": {"type": "LineString", "coordinates": [[13.2394852, 55.4556487], [13.2394488, 55.4556313]]}, "properties": {"t": "fall", "g": 4, "loop": "Gamla banan", "hole": 4, "slope_pct": 5.76, "bearing": 229.9}}, {"type": "Feature", "geometry": {"type": "LineString", "coordinates": [[13.2395326, 55.4556494], [13.2394888, 55.4556486]]}, "properties": {"t": "fall", "g": 4, "loop": "Gamla banan", "hole": 4, "slope_pct": 4.61, "bearing": 268.2}}, {"type": "Feature", "geometry": {"type": "LineString", "coordinates": [[13.23958, 55.45565], [13.2395758, 55.455659]]}, "properties": {"t": "fall", "g": 4, "loop": "Gamla banan", "hole": 4, "slope_pct": 1.72, "bearing": 345.0}}, {"type": "Feature", "geometry": {"type": "LineString", "coordinates": [[13.2396274, 55.4556507], [13.2396534, 55.4556554]]}, "properties": {"t": "fall", "g": 4, "loop": "Gamla banan", "hole": 4, "slope_pct": 2.87, "bearing": 72.6}}, {"type": "Feature", "geometry": {"type": "Point", "coordinates": [13.2395955, 55.4557899]}, "properties": {"t": "aim", "g": 4, "loop": "Gamla banan", "hole": 4, "aim_bearing": 313.1, "slope_median": 2.01, "slope_max": 5.87, "n_cells": 65}}, {"type": "Feature", "geometry": {"type": "LineString", "coordinates": [[13.2411933, 55.4549363], [13.2411925, 55.4549429]]}, "properties": {"t": "fall", "g": 5, "loop": "Gamla banan", "hole": 5, "slope_pct": 1.23, "bearing": 356.1}}, {"type": "Feature", "geometry": {"type": "LineString", "coordinates": [[13.2410996, 55.454908], [13.2410716, 55.4549208]]}, "properties": {"t": "fall", "g": 5, "loop": "Gamla banan", "hole": 5, "slope_pct": 3.79, "bearing": 308.8}}, {"type": "Feature", "geometry": {"type": "LineString", "coordinates": [[13.241147, 55.4549087], [13.2411411, 55.4549155]]}, "properties": {"t": "fall", "g": 5, "loop": "Gamla banan", "hole": 5, "slope_pct": 1.41, "bearing": 333.9}}, {"type": "Feature", "geometry": {"type": "LineString", "coordinates": [[13.2411945, 55.4549093], [13.2411913, 55.4549145]]}, "properties": {"t": "fall", "g": 5, "loop": "Gamla banan", "hole": 5, "slope_pct": 1.01, "bearing": 340.8}}, {"type": "Feature", "geometry": {"type": "LineString", "coordinates": [[13.2412419, 55.45491], [13.241239, 55.4549184]]}, "properties": {"t": "fall", "g": 5, "loop": "Gamla banan", "hole": 5, "slope_pct": 1.59, "bearing": 348.9}}, {"type": "Feature", "geometry": {"type": "LineString", "coordinates": [[13.2412893, 55.4549107], [13.2412956, 55.4549294]]}, "properties": {"t": "fall", "g": 5, "loop": "Gamla banan", "hole": 5, "slope_pct": 3.54, "bearing": 10.9}}, {"type": "Feature", "geometry": {"type": "LineString", "coordinates": [[13.2411008, 55.454881], [13.241083, 55.4548895]]}, "properties": {"t": "fall", "g": 5, "loop": "Gamla banan", "hole": 5, "slope_pct": 2.45, "bearing": 309.9}}, {"type": "Feature", "geometry": {"type": "LineString", "coordinates": [[13.2411482, 55.4548817], [13.2411478, 55.4548863]]}, "properties": {"t": "fall", "g": 5, "loop": "Gamla banan", "hole": 5, "slope_pct": 0.85, "bearing": 357.1}}, {"type": "Feature", "geometry": {"type": "LineString", "coordinates": [[13.2411957, 55.4548824], [13.2411914, 55.454885]]}, "properties": {"t": "fall", "g": 5, "loop": "Gamla banan", "hole": 5, "slope_pct": 0.66, "bearing": 317.6}}, {"type": "Feature", "geometry": {"type": "LineString", "coordinates": [[13.2412431, 55.4548831], [13.2412284, 55.4548887]]}, "properties": {"t": "fall", "g": 5, "loop": "Gamla banan", "hole": 5, "slope_pct": 1.86, "bearing": 304.0}}, {"type": "Feature", "geometry": {"type": "LineString", "coordinates": [[13.2412905, 55.4548838], [13.2412897, 55.4548901]]}, "properties": {"t": "fall", "g": 5, "loop": "Gamla banan", "hole": 5, "slope_pct": 1.17, "bearing": 355.9}}, {"type": "Feature", "geometry": {"type": "LineString", "coordinates": [[13.2413379, 55.4548844], [13.2413458, 55.4548921]]}, "properties": {"t": "fall", "g": 5, "loop": "Gamla banan", "hole": 5, "slope_pct": 1.65, "bearing": 30.4}}, {"type": "Feature", "geometry": {"type": "LineString", "coordinates": [[13.241102, 55.4548541], [13.2410916, 55.4548716]]}, "properties": {"t": "fall", "g": 5, "loop": "Gamla banan", "hole": 5, "slope_pct": 3.43, "bearing": 341.3}}, {"type": "Feature", "geometry": {"type": "LineString", "coordinates": [[13.2411494, 55.4548548], [13.2411527, 55.4548706]]}, "properties": {"t": "fall", "g": 5, "loop": "Gamla banan", "hole": 5, "slope_pct": 2.95, "bearing": 6.7}}, {"type": "Feature", "geometry": {"type": "LineString", "coordinates": [[13.2411969, 55.4548555], [13.241198, 55.4548685]]}, "properties": {"t": "fall", "g": 5, "loop": "Gamla banan", "hole": 5, "slope_pct": 2.42, "bearing": 3.0}}, {"type": "Feature", "geometry": {"type": "LineString", "coordinates": [[13.2412443, 55.4548561], [13.241237, 55.4548607]]}, "properties": {"t": "fall", "g": 5, "loop": "Gamla banan", "hole": 5, "slope_pct": 1.14, "bearing": 317.6}}, {"type": "Feature", "geometry": {"type": "LineString", "coordinates": [[13.2413391, 55.4548575], [13.2413432, 55.4548593]]}, "properties": {"t": "fall", "g": 5, "loop": "Gamla banan", "hole": 5, "slope_pct": 0.54, "bearing": 52.3}}, {"type": "Feature", "geometry": {"type": "LineString", "coordinates": [[13.2411032, 55.4548271], [13.2410996, 55.454837]]}, "properties": {"t": "fall", "g": 5, "loop": "Gamla banan", "hole": 5, "slope_pct": 1.87, "bearing": 348.2}}, {"type": "Feature", "geometry": {"type": "LineString", "coordinates": [[13.2411506, 55.4548278], [13.2411553, 55.4548369]]}, "properties": {"t": "fall", "g": 5, "loop": "Gamla banan", "hole": 5, "slope_pct": 1.75, "bearing": 16.1}}, {"type": "Feature", "geometry": {"type": "LineString", "coordinates": [[13.2411981, 55.4548285], [13.2412019, 55.4548386]]}, "properties": {"t": "fall", "g": 5, "loop": "Gamla banan", "hole": 5, "slope_pct": 1.91, "bearing": 12.1}}, {"type": "Feature", "geometry": {"type": "LineString", "coordinates": [[13.2412455, 55.4548292], [13.2412519, 55.4548381]]}, "properties": {"t": "fall", "g": 5, "loop": "Gamla banan", "hole": 5, "slope_pct": 1.78, "bearing": 22.4}}, {"type": "Feature", "geometry": {"type": "LineString", "coordinates": [[13.2412929, 55.4548299], [13.2412966, 55.4548321]]}, "properties": {"t": "fall", "g": 5, "loop": "Gamla banan", "hole": 5, "slope_pct": 0.56, "bearing": 43.9}}, {"type": "Feature", "geometry": {"type": "LineString", "coordinates": [[13.2411044, 55.4548002], [13.2410895, 55.4547905]]}, "properties": {"t": "fall", "g": 5, "loop": "Gamla banan", "hole": 5, "slope_pct": 2.4, "bearing": 221.1}}, {"type": "Feature", "geometry": {"type": "LineString", "coordinates": [[13.2411993, 55.4548016], [13.2412015, 55.4548061]]}, "properties": {"t": "fall", "g": 5, "loop": "Gamla banan", "hole": 5, "slope_pct": 0.87, "bearing": 15.5}}, {"type": "Feature", "geometry": {"type": "LineString", "coordinates": [[13.2412467, 55.4548022], [13.2412541, 55.4548075]]}, "properties": {"t": "fall", "g": 5, "loop": "Gamla banan", "hole": 5, "slope_pct": 1.26, "bearing": 38.7}}, {"type": "Feature", "geometry": {"type": "LineString", "coordinates": [[13.2412941, 55.4548029], [13.2413063, 55.4548099]]}, "properties": {"t": "fall", "g": 5, "loop": "Gamla banan", "hole": 5, "slope_pct": 1.83, "bearing": 44.8}}, {"type": "Feature", "geometry": {"type": "LineString", "coordinates": [[13.2413415, 55.4548036], [13.2413431, 55.4548077]]}, "properties": {"t": "fall", "g": 5, "loop": "Gamla banan", "hole": 5, "slope_pct": 0.78, "bearing": 12.2}}, {"type": "Feature", "geometry": {"type": "LineString", "coordinates": [[13.241153, 55.4547739], [13.2411339, 55.4547574]]}, "properties": {"t": "fall", "g": 5, "loop": "Gamla banan", "hole": 5, "slope_pct": 3.67, "bearing": 213.3}}, {"type": "Feature", "geometry": {"type": "LineString", "coordinates": [[13.2412005, 55.4547746], [13.2411929, 55.4547678]]}, "properties": {"t": "fall", "g": 5, "loop": "Gamla banan", "hole": 5, "slope_pct": 1.49, "bearing": 212.0}}, {"type": "Feature", "geometry": {"type": "LineString", "coordinates": [[13.2412953, 55.454776], [13.241301, 55.4547823]]}, "properties": {"t": "fall", "g": 5, "loop": "Gamla banan", "hole": 5, "slope_pct": 1.32, "bearing": 27.1}}, {"type": "Feature", "geometry": {"type": "LineString", "coordinates": [[13.2412017, 55.4547477], [13.2411697, 55.4547334]]}, "properties": {"t": "fall", "g": 5, "loop": "Gamla banan", "hole": 5, "slope_pct": 4.28, "bearing": 231.9}}, {"type": "Feature", "geometry": {"type": "LineString", "coordinates": [[13.2412491, 55.4547484], [13.2412368, 55.4547474]]}, "properties": {"t": "fall", "g": 5, "loop": "Gamla banan", "hole": 5, "slope_pct": 1.31, "bearing": 262.6}}, {"type": "Feature", "geometry": {"type": "Point", "coordinates": [13.2412143, 55.4548439]}, "properties": {"t": "aim", "g": 5, "loop": "Gamla banan", "hole": 5, "aim_bearing": 338.3, "slope_median": 1.49, "slope_max": 4.28, "n_cells": 35}}, {"type": "Feature", "geometry": {"type": "LineString", "coordinates": [[13.233614, 55.4539643], [13.2335771, 55.4539813]]}, "properties": {"t": "fall", "g": 6, "loop": "Gamla banan", "hole": 6, "slope_pct": 9.05, "bearing": 309.1}}, {"type": "Feature", "geometry": {"type": "LineString", "coordinates": [[13.2336614, 55.453965], [13.2336383, 55.4539827]]}, "properties": {"t": "fall", "g": 6, "loop": "Gamla banan", "hole": 6, "slope_pct": 4.08, "bearing": 323.5}}, {"type": "Feature", "geometry": {"type": "LineString", "coordinates": [[13.2337088, 55.4539657], [13.2336846, 55.4539759]]}, "properties": {"t": "fall", "g": 6, "loop": "Gamla banan", "hole": 6, "slope_pct": 3.18, "bearing": 306.7}}, {"type": "Feature", "geometry": {"type": "LineString", "coordinates": [[13.2337562, 55.4539664], [13.2337213, 55.4539565]]}, "properties": {"t": "fall", "g": 6, "loop": "Gamla banan", "hole": 6, "slope_pct": 4.11, "bearing": 243.4}}, {"type": "Feature", "geometry": {"type": "LineString", "coordinates": [[13.2338036, 55.4539671], [13.233803, 55.4539505]]}, "properties": {"t": "fall", "g": 6, "loop": "Gamla banan", "hole": 6, "slope_pct": 3.07, "bearing": 181.3}}, {"type": "Feature", "geometry": {"type": "LineString", "coordinates": [[13.233851, 55.4539678], [13.2338426, 55.4539572]]}, "properties": {"t": "fall", "g": 6, "loop": "Gamla banan", "hole": 6, "slope_pct": 2.15, "bearing": 204.4}}, {"type": "Feature", "geometry": {"type": "LineString", "coordinates": [[13.2338985, 55.4539684], [13.2338818, 55.4539496]]}, "properties": {"t": "fall", "g": 6, "loop": "Gamla banan", "hole": 6, "slope_pct": 3.92, "bearing": 206.6}}, {"type": "Feature", "geometry": {"type": "LineString", "coordinates": [[13.2339459, 55.4539691], [13.2339248, 55.453945]]}, "properties": {"t": "fall", "g": 6, "loop": "Gamla banan", "hole": 6, "slope_pct": 5.74, "bearing": 206.3}}, {"type": "Feature", "geometry": {"type": "LineString", "coordinates": [[13.2336152, 55.4539374], [13.2335701, 55.4539459]]}, "properties": {"t": "fall", "g": 6, "loop": "Gamla banan", "hole": 6, "slope_pct": 5.52, "bearing": 288.3}}, {"type": "Feature", "geometry": {"type": "LineString", "coordinates": [[13.2336626, 55.4539381], [13.2336436, 55.4539456]]}, "properties": {"t": "fall", "g": 6, "loop": "Gamla banan", "hole": 6, "slope_pct": 2.44, "bearing": 305.1}}, {"type": "Feature", "geometry": {"type": "LineString", "coordinates": [[13.23371, 55.4539388], [13.2336946, 55.4539449]]}, "properties": {"t": "fall", "g": 6, "loop": "Gamla banan", "hole": 6, "slope_pct": 1.98, "bearing": 305.2}}, {"type": "Feature", "geometry": {"type": "LineString", "coordinates": [[13.2337574, 55.4539394], [13.2337432, 55.4539449]]}, "properties": {"t": "fall", "g": 6, "loop": "Gamla banan", "hole": 6, "slope_pct": 1.8, "bearing": 304.1}}, {"type": "Feature", "geometry": {"type": "LineString", "coordinates": [[13.2338523, 55.4539408], [13.23385, 55.4539384]]}, "properties": {"t": "fall", "g": 6, "loop": "Gamla banan", "hole": 6, "slope_pct": 0.51, "bearing": 208.0}}, {"type": "Feature", "geometry": {"type": "LineString", "coordinates": [[13.2338997, 55.4539415], [13.2338926, 55.4539368]]}, "properties": {"t": "fall", "g": 6, "loop": "Gamla banan", "hole": 6, "slope_pct": 1.14, "bearing": 220.9}}, {"type": "Feature", "geometry": {"type": "LineString", "coordinates": [[13.2339471, 55.4539422], [13.2339447, 55.4539312]]}, "properties": {"t": "fall", "g": 6, "loop": "Gamla banan", "hole": 6, "slope_pct": 2.05, "bearing": 187.0}}, {"type": "Feature", "geometry": {"type": "LineString", "coordinates": [[13.2339945, 55.4539429], [13.2340307, 55.4539254]]}, "properties": {"t": "fall", "g": 6, "loop": "Gamla banan", "hole": 6, "slope_pct": 6.18, "bearing": 130.4}}, {"type": "Feature", "geometry": {"type": "LineString", "coordinates": [[13.2336164, 55.4539104], [13.233571, 55.4539025]]}, "properties": {"t": "fall", "g": 6, "loop": "Gamla banan", "hole": 6, "slope_pct": 6.28, "bearing": 252.8}}, {"type": "Feature", "geometry": {"type": "LineString", "coordinates": [[13.2336638, 55.4539111], [13.2336477, 55.4539045]]}, "properties": {"t": "fall", "g": 6, "loop": "Gamla banan", "hole": 6, "slope_pct": 2.09, "bearing": 234.2}}, {"type": "Feature", "geometry": {"type": "LineString", "coordinates": [[13.2337112, 55.4539118], [13.2336933, 55.453906]]}, "properties": {"t": "fall", "g": 6, "loop": "Gamla banan", "hole": 6, "slope_pct": 2.17, "bearing": 240.4}}, {"type": "Feature", "geometry": {"type": "LineString", "coordinates": [[13.2337586, 55.4539125], [13.233746, 55.453907]]}, "properties": {"t": "fall", "g": 6, "loop": "Gamla banan", "hole": 6, "slope_pct": 1.67, "bearing": 232.7}}, {"type": "Feature", "geometry": {"type": "LineString", "coordinates": [[13.233806, 55.4539132], [13.2338055, 55.4539093]]}, "properties": {"t": "fall", "g": 6, "loop": "Gamla banan", "hole": 6, "slope_pct": 0.72, "bearing": 184.7}}, {"type": "Feature", "geometry": {"type": "LineString", "coordinates": [[13.2339009, 55.4539146], [13.2339016, 55.45391]]}, "properties": {"t": "fall", "g": 6, "loop": "Gamla banan", "hole": 6, "slope_pct": 0.84, "bearing": 174.8}}, {"type": "Feature", "geometry": {"type": "LineString", "coordinates": [[13.2339483, 55.4539152], [13.2339597, 55.4539056]]}, "properties": {"t": "fall", "g": 6, "loop": "Gamla banan", "hole": 6, "slope_pct": 2.16, "bearing": 146.2}}, {"type": "Feature", "geometry": {"type": "LineString", "coordinates": [[13.2339957, 55.4539159], [13.2340213, 55.4539104]]}, "properties": {"t": "fall", "g": 6, "loop": "Gamla banan", "hole": 6, "slope_pct": 2.89, "bearing": 110.9}}, {"type": "Feature", "geometry": {"type": "LineString", "coordinates": [[13.233665, 55.4538842], [13.2336348, 55.4538634]]}, "properties": {"t": "fall", "g": 6, "loop": "Gamla banan", "hole": 6, "slope_pct": 5.26, "bearing": 219.4}}, {"type": "Feature", "geometry": {"type": "LineString", "coordinates": [[13.2337124, 55.4538849], [13.2336953, 55.4538722]]}, "properties": {"t": "fall", "g": 6, "loop": "Gamla banan", "hole": 6, "slope_pct": 2.96, "bearing": 217.5}}, {"type": "Feature", "geometry": {"type": "LineString", "coordinates": [[13.2337598, 55.4538856], [13.2337446, 55.453874]]}, "properties": {"t": "fall", "g": 6, "loop": "Gamla banan", "hole": 6, "slope_pct": 2.68, "bearing": 216.8}}, {"type": "Feature", "geometry": {"type": "LineString", "coordinates": [[13.2338072, 55.4538862], [13.2337927, 55.4538858]]}, "properties": {"t": "fall", "g": 6, "loop": "Gamla banan", "hole": 6, "slope_pct": 1.54, "bearing": 267.3}}, {"type": "Feature", "geometry": {"type": "LineString", "coordinates": [[13.2338547, 55.4538869], [13.2338507, 55.4538933]]}, "properties": {"t": "fall", "g": 6, "loop": "Gamla banan", "hole": 6, "slope_pct": 1.25, "bearing": 340.7}}, {"type": "Feature", "geometry": {"type": "LineString", "coordinates": [[13.2339021, 55.4538876], [13.2339123, 55.4538887]]}, "properties": {"t": "fall", "g": 6, "loop": "Gamla banan", "hole": 6, "slope_pct": 1.09, "bearing": 79.4}}, {"type": "Feature", "geometry": {"type": "LineString", "coordinates": [[13.2339495, 55.4538883], [13.2339621, 55.4538867]]}, "properties": {"t": "fall", "g": 6, "loop": "Gamla banan", "hole": 6, "slope_pct": 1.36, "bearing": 102.9}}, {"type": "Feature", "geometry": {"type": "LineString", "coordinates": [[13.2339969, 55.453889], [13.234014, 55.4538858]]}, "properties": {"t": "fall", "g": 6, "loop": "Gamla banan", "hole": 6, "slope_pct": 1.9, "bearing": 108.1}}, {"type": "Feature", "geometry": {"type": "LineString", "coordinates": [[13.2340443, 55.4538897], [13.2340755, 55.453896]]}, "properties": {"t": "fall", "g": 6, "loop": "Gamla banan", "hole": 6, "slope_pct": 3.49, "bearing": 70.2}}, {"type": "Feature", "geometry": {"type": "LineString", "coordinates": [[13.2339033, 55.4538607], [13.2339401, 55.4538721]]}, "properties": {"t": "fall", "g": 6, "loop": "Gamla banan", "hole": 6, "slope_pct": 4.41, "bearing": 61.2}}, {"type": "Feature", "geometry": {"type": "LineString", "coordinates": [[13.2339507, 55.4538613], [13.2339675, 55.4538587]]}, "properties": {"t": "fall", "g": 6, "loop": "Gamla banan", "hole": 6, "slope_pct": 1.83, "bearing": 105.7}}, {"type": "Feature", "geometry": {"type": "LineString", "coordinates": [[13.2339981, 55.453862], [13.2340146, 55.4538601]]}, "properties": {"t": "fall", "g": 6, "loop": "Gamla banan", "hole": 6, "slope_pct": 1.77, "bearing": 101.5}}, {"type": "Feature", "geometry": {"type": "LineString", "coordinates": [[13.2340455, 55.4538627], [13.2340611, 55.4538609]]}, "properties": {"t": "fall", "g": 6, "loop": "Gamla banan", "hole": 6, "slope_pct": 1.67, "bearing": 101.4}}, {"type": "Feature", "geometry": {"type": "LineString", "coordinates": [[13.2340929, 55.4538634], [13.234123, 55.4538585]]}, "properties": {"t": "fall", "g": 6, "loop": "Gamla banan", "hole": 6, "slope_pct": 3.29, "bearing": 105.9}}, {"type": "Feature", "geometry": {"type": "LineString", "coordinates": [[13.2339045, 55.4538337], [13.2339347, 55.4538166]]}, "properties": {"t": "fall", "g": 6, "loop": "Gamla banan", "hole": 6, "slope_pct": 4.48, "bearing": 134.9}}, {"type": "Feature", "geometry": {"type": "LineString", "coordinates": [[13.2339519, 55.4538344], [13.2339766, 55.4538271]]}, "properties": {"t": "fall", "g": 6, "loop": "Gamla banan", "hole": 6, "slope_pct": 2.93, "bearing": 117.4}}, {"type": "Feature", "geometry": {"type": "LineString", "coordinates": [[13.2339993, 55.4538351], [13.2340117, 55.4538262]]}, "properties": {"t": "fall", "g": 6, "loop": "Gamla banan", "hole": 6, "slope_pct": 2.1, "bearing": 141.6}}, {"type": "Feature", "geometry": {"type": "LineString", "coordinates": [[13.2340467, 55.4538358], [13.2340681, 55.4538262]]}, "properties": {"t": "fall", "g": 6, "loop": "Gamla banan", "hole": 6, "slope_pct": 2.86, "bearing": 128.2}}, {"type": "Feature", "geometry": {"type": "LineString", "coordinates": [[13.2340941, 55.4538365], [13.2341306, 55.4538262]]}, "properties": {"t": "fall", "g": 6, "loop": "Gamla banan", "hole": 6, "slope_pct": 4.28, "bearing": 116.5}}, {"type": "Feature", "geometry": {"type": "LineString", "coordinates": [[13.2339531, 55.4538075], [13.2339783, 55.4537915]]}, "properties": {"t": "fall", "g": 6, "loop": "Gamla banan", "hole": 6, "slope_pct": 3.98, "bearing": 138.1}}, {"type": "Feature", "geometry": {"type": "LineString", "coordinates": [[13.2340005, 55.4538081], [13.234017, 55.4537899]]}, "properties": {"t": "fall", "g": 6, "loop": "Gamla banan", "hole": 6, "slope_pct": 3.81, "bearing": 152.9}}, {"type": "Feature", "geometry": {"type": "LineString", "coordinates": [[13.2340479, 55.4538088], [13.2340665, 55.4537907]]}, "properties": {"t": "fall", "g": 6, "loop": "Gamla banan", "hole": 6, "slope_pct": 3.89, "bearing": 149.8}}, {"type": "Feature", "geometry": {"type": "LineString", "coordinates": [[13.2340017, 55.4537812], [13.2340261, 55.4537658]]}, "properties": {"t": "fall", "g": 6, "loop": "Gamla banan", "hole": 6, "slope_pct": 3.85, "bearing": 138.1}}, {"type": "Feature", "geometry": {"type": "LineString", "coordinates": [[13.2340491, 55.4537819], [13.2340699, 55.4537596]]}, "properties": {"t": "fall", "g": 6, "loop": "Gamla banan", "hole": 6, "slope_pct": 4.68, "bearing": 152.1}}, {"type": "Feature", "geometry": {"type": "Point", "coordinates": [13.2338627, 55.4538988]}, "properties": {"t": "aim", "g": 6, "loop": "Gamla banan", "hole": 6, "aim_bearing": 180.0, "slope_median": 2.77, "slope_max": 9.05, "n_cells": 50}}, {"type": "Feature", "geometry": {"type": "LineString", "coordinates": [[13.2386757, 55.4560684], [13.2386813, 55.4560599]]}, "properties": {"t": "fall", "g": 7, "loop": "Gamla banan", "hole": 7, "slope_pct": 1.68, "bearing": 159.7}}, {"type": "Feature", "geometry": {"type": "LineString", "coordinates": [[13.2385821, 55.4560401], [13.238623, 55.4560264]]}, "properties": {"t": "fall", "g": 7, "loop": "Gamla banan", "hole": 7, "slope_pct": 5.03, "bearing": 120.5}}, {"type": "Feature", "geometry": {"type": "LineString", "coordinates": [[13.2386295, 55.4560408], [13.2386197, 55.4560401]]}, "properties": {"t": "fall", "g": 7, "loop": "Gamla banan", "hole": 7, "slope_pct": 1.03, "bearing": 262.6}}, {"type": "Feature", "geometry": {"type": "LineString", "coordinates": [[13.2386769, 55.4560415], [13.2386731, 55.456047]]}, "properties": {"t": "fall", "g": 7, "loop": "Gamla banan", "hole": 7, "slope_pct": 1.1, "bearing": 338.9}}, {"type": "Feature", "geometry": {"type": "LineString", "coordinates": [[13.2387243, 55.4560422], [13.2387322, 55.4560498]]}, "properties": {"t": "fall", "g": 7, "loop": "Gamla banan", "hole": 7, "slope_pct": 1.65, "bearing": 30.3}}, {"type": "Feature", "geometry": {"type": "LineString", "coordinates": [[13.2387717, 55.4560428], [13.2387767, 55.4560498]]}, "properties": {"t": "fall", "g": 7, "loop": "Gamla banan", "hole": 7, "slope_pct": 1.39, "bearing": 22.3}}, {"type": "Feature", "geometry": {"type": "LineString", "coordinates": [[13.2385833, 55.4560132], [13.2385918, 55.4560096]]}, "properties": {"t": "fall", "g": 7, "loop": "Gamla banan", "hole": 7, "slope_pct": 1.12, "bearing": 126.3}}, {"type": "Feature", "geometry": {"type": "LineString", "coordinates": [[13.2386307, 55.4560138], [13.2386181, 55.4560185]]}, "properties": {"t": "fall", "g": 7, "loop": "Gamla banan", "hole": 7, "slope_pct": 1.58, "bearing": 303.0}}, {"type": "Feature", "geometry": {"type": "LineString", "coordinates": [[13.2386781, 55.4560145], [13.2386709, 55.456017]]}, "properties": {"t": "fall", "g": 7, "loop": "Gamla banan", "hole": 7, "slope_pct": 0.88, "bearing": 300.8}}, {"type": "Feature", "geometry": {"type": "LineString", "coordinates": [[13.2387255, 55.4560152], [13.2387288, 55.4560187]]}, "properties": {"t": "fall", "g": 7, "loop": "Gamla banan", "hole": 7, "slope_pct": 0.73, "bearing": 28.5}}, {"type": "Feature", "geometry": {"type": "LineString", "coordinates": [[13.2387729, 55.4560159], [13.2387819, 55.4560206]]}, "properties": {"t": "fall", "g": 7, "loop": "Gamla banan", "hole": 7, "slope_pct": 1.28, "bearing": 47.2}}, {"type": "Feature", "geometry": {"type": "LineString", "coordinates": [[13.2388203, 55.4560166], [13.2388233, 55.4560191]]}, "properties": {"t": "fall", "g": 7, "loop": "Gamla banan", "hole": 7, "slope_pct": 0.56, "bearing": 33.1}}, {"type": "Feature", "geometry": {"type": "LineString", "coordinates": [[13.2385845, 55.4559862], [13.2385701, 55.455988]]}, "properties": {"t": "fall", "g": 7, "loop": "Gamla banan", "hole": 7, "slope_pct": 1.55, "bearing": 282.0}}, {"type": "Feature", "geometry": {"type": "LineString", "coordinates": [[13.2386319, 55.4559869], [13.2386227, 55.4559911]]}, "properties": {"t": "fall", "g": 7, "loop": "Gamla banan", "hole": 7, "slope_pct": 1.24, "bearing": 308.4}}, {"type": "Feature", "geometry": {"type": "LineString", "coordinates": [[13.2387741, 55.455989], [13.2387901, 55.4559843]]}, "properties": {"t": "fall", "g": 7, "loop": "Gamla banan", "hole": 7, "slope_pct": 1.89, "bearing": 117.3}}, {"type": "Feature", "geometry": {"type": "LineString", "coordinates": [[13.2388215, 55.4559896], [13.2388349, 55.4559729]]}, "properties": {"t": "fall", "g": 7, "loop": "Gamla banan", "hole": 7, "slope_pct": 3.41, "bearing": 155.7}}, {"type": "Feature", "geometry": {"type": "LineString", "coordinates": [[13.2385857, 55.4559593], [13.2385628, 55.4559525]]}, "properties": {"t": "fall", "g": 7, "loop": "Gamla banan", "hole": 7, "slope_pct": 2.72, "bearing": 242.5}}, {"type": "Feature", "geometry": {"type": "LineString", "coordinates": [[13.2386331, 55.45596], [13.23862, 55.4559545]]}, "properties": {"t": "fall", "g": 7, "loop": "Gamla banan", "hole": 7, "slope_pct": 1.7, "bearing": 233.6}}, {"type": "Feature", "geometry": {"type": "LineString", "coordinates": [[13.2386805, 55.4559606], [13.238683, 55.4559583]]}, "properties": {"t": "fall", "g": 7, "loop": "Gamla banan", "hole": 7, "slope_pct": 0.51, "bearing": 148.5}}, {"type": "Feature", "geometry": {"type": "LineString", "coordinates": [[13.2387279, 55.4559613], [13.2387393, 55.4559531]]}, "properties": {"t": "fall", "g": 7, "loop": "Gamla banan", "hole": 7, "slope_pct": 1.94, "bearing": 141.9}}, {"type": "Feature", "geometry": {"type": "LineString", "coordinates": [[13.2387753, 55.455962], [13.2388041, 55.4559464]]}, "properties": {"t": "fall", "g": 7, "loop": "Gamla banan", "hole": 7, "slope_pct": 4.18, "bearing": 133.7}}, {"type": "Feature", "geometry": {"type": "LineString", "coordinates": [[13.2388227, 55.4559627], [13.2388432, 55.4559484]]}, "properties": {"t": "fall", "g": 7, "loop": "Gamla banan", "hole": 7, "slope_pct": 3.42, "bearing": 140.8}}, {"type": "Feature", "geometry": {"type": "LineString", "coordinates": [[13.2385869, 55.4559323], [13.2385596, 55.4559247]]}, "properties": {"t": "fall", "g": 7, "loop": "Gamla banan", "hole": 7, "slope_pct": 3.2, "bearing": 243.8}}, {"type": "Feature", "geometry": {"type": "LineString", "coordinates": [[13.2386343, 55.455933], [13.2386188, 55.4559274]]}, "properties": {"t": "fall", "g": 7, "loop": "Gamla banan", "hole": 7, "slope_pct": 1.93, "bearing": 237.3}}, {"type": "Feature", "geometry": {"type": "LineString", "coordinates": [[13.2386817, 55.4559337], [13.2386826, 55.4559275]]}, "properties": {"t": "fall", "g": 7, "loop": "Gamla banan", "hole": 7, "slope_pct": 1.16, "bearing": 175.3}}, {"type": "Feature", "geometry": {"type": "LineString", "coordinates": [[13.2387291, 55.4559344], [13.2387588, 55.4559216]]}, "properties": {"t": "fall", "g": 7, "loop": "Gamla banan", "hole": 7, "slope_pct": 3.92, "bearing": 127.1}}, {"type": "Feature", "geometry": {"type": "LineString", "coordinates": [[13.2387765, 55.4559351], [13.2388017, 55.4559193]]}, "properties": {"t": "fall", "g": 7, "loop": "Gamla banan", "hole": 7, "slope_pct": 3.95, "bearing": 137.9}}, {"type": "Feature", "geometry": {"type": "LineString", "coordinates": [[13.2388239, 55.4559357], [13.2388333, 55.4559264]]}, "properties": {"t": "fall", "g": 7, "loop": "Gamla banan", "hole": 7, "slope_pct": 1.99, "bearing": 150.5}}, {"type": "Feature", "geometry": {"type": "LineString", "coordinates": [[13.2386355, 55.4559061], [13.2386275, 55.4559128]]}, "properties": {"t": "fall", "g": 7, "loop": "Gamla banan", "hole": 7, "slope_pct": 1.51, "bearing": 325.9}}, {"type": "Feature", "geometry": {"type": "LineString", "coordinates": [[13.2386829, 55.4559068], [13.2387004, 55.4558978]]}, "properties": {"t": "fall", "g": 7, "loop": "Gamla banan", "hole": 7, "slope_pct": 2.49, "bearing": 132.1}}, {"type": "Feature", "geometry": {"type": "LineString", "coordinates": [[13.2387303, 55.4559074], [13.2387664, 55.4558899]]}, "properties": {"t": "fall", "g": 7, "loop": "Gamla banan", "hole": 7, "slope_pct": 5.0, "bearing": 130.7}}, {"type": "Feature", "geometry": {"type": "LineString", "coordinates": [[13.2387777, 55.4559081], [13.2387959, 55.455895]]}, "properties": {"t": "fall", "g": 7, "loop": "Gamla banan", "hole": 7, "slope_pct": 3.1, "bearing": 141.8}}, {"type": "Feature", "geometry": {"type": "LineString", "coordinates": [[13.2388251, 55.4559088], [13.2388273, 55.4559001]]}, "properties": {"t": "fall", "g": 7, "loop": "Gamla banan", "hole": 7, "slope_pct": 1.64, "bearing": 172.2}}, {"type": "Feature", "geometry": {"type": "LineString", "coordinates": [[13.2386841, 55.4558798], [13.2387222, 55.4558637]]}, "properties": {"t": "fall", "g": 7, "loop": "Gamla banan", "hole": 7, "slope_pct": 6.75, "bearing": 126.7}}, {"type": "Feature", "geometry": {"type": "LineString", "coordinates": [[13.2387315, 55.4558805], [13.2387581, 55.4558581]]}, "properties": {"t": "fall", "g": 7, "loop": "Gamla banan", "hole": 7, "slope_pct": 5.35, "bearing": 146.0}}, {"type": "Feature", "geometry": {"type": "LineString", "coordinates": [[13.2387789, 55.4558812], [13.2387836, 55.4558669]]}, "properties": {"t": "fall", "g": 7, "loop": "Gamla banan", "hole": 7, "slope_pct": 2.69, "bearing": 169.5}}, {"type": "Feature", "geometry": {"type": "LineString", "coordinates": [[13.2388263, 55.4558819], [13.2388201, 55.4558743]]}, "properties": {"t": "fall", "g": 7, "loop": "Gamla banan", "hole": 7, "slope_pct": 1.55, "bearing": 204.9}}, {"type": "Feature", "geometry": {"type": "LineString", "coordinates": [[13.2386853, 55.4558529], [13.2387103, 55.4558299]]}, "properties": {"t": "fall", "g": 7, "loop": "Gamla banan", "hole": 7, "slope_pct": 8.39, "bearing": 148.3}}, {"type": "Feature", "geometry": {"type": "LineString", "coordinates": [[13.2387327, 55.4558535], [13.2387436, 55.4558304]]}, "properties": {"t": "fall", "g": 7, "loop": "Gamla banan", "hole": 7, "slope_pct": 4.44, "bearing": 165.1}}, {"type": "Feature", "geometry": {"type": "LineString", "coordinates": [[13.2387801, 55.4558542], [13.2387706, 55.4558377]]}, "properties": {"t": "fall", "g": 7, "loop": "Gamla banan", "hole": 7, "slope_pct": 3.23, "bearing": 198.2}}, {"type": "Feature", "geometry": {"type": "LineString", "coordinates": [[13.2388275, 55.4558549], [13.238816, 55.4558417]]}, "properties": {"t": "fall", "g": 7, "loop": "Gamla banan", "hole": 7, "slope_pct": 2.74, "bearing": 206.4}}, {"type": "Feature", "geometry": {"type": "LineString", "coordinates": [[13.2386865, 55.4558259], [13.238698, 55.4558019]]}, "properties": {"t": "fall", "g": 7, "loop": "Gamla banan", "hole": 7, "slope_pct": 4.62, "bearing": 164.8}}, {"type": "Feature", "geometry": {"type": "LineString", "coordinates": [[13.2387339, 55.4558266], [13.2387341, 55.4558088]]}, "properties": {"t": "fall", "g": 7, "loop": "Gamla banan", "hole": 7, "slope_pct": 3.31, "bearing": 179.6}}, {"type": "Feature", "geometry": {"type": "LineString", "coordinates": [[13.2387813, 55.4558273], [13.2387723, 55.4558085]]}, "properties": {"t": "fall", "g": 7, "loop": "Gamla banan", "hole": 7, "slope_pct": 3.61, "bearing": 195.3}}, {"type": "Feature", "geometry": {"type": "LineString", "coordinates": [[13.2388287, 55.455828], [13.2388228, 55.4558041]]}, "properties": {"t": "fall", "g": 7, "loop": "Gamla banan", "hole": 7, "slope_pct": 4.47, "bearing": 188.1}}, {"type": "Feature", "geometry": {"type": "LineString", "coordinates": [[13.2386877, 55.455799], [13.2386912, 55.4557803]]}, "properties": {"t": "fall", "g": 7, "loop": "Gamla banan", "hole": 7, "slope_pct": 3.48, "bearing": 173.9}}, {"type": "Feature", "geometry": {"type": "LineString", "coordinates": [[13.2387351, 55.4557997], [13.2387323, 55.455786]]}, "properties": {"t": "fall", "g": 7, "loop": "Gamla banan", "hole": 7, "slope_pct": 2.56, "bearing": 186.7}}, {"type": "Feature", "geometry": {"type": "LineString", "coordinates": [[13.2387825, 55.4558003], [13.2387761, 55.4557885]]}, "properties": {"t": "fall", "g": 7, "loop": "Gamla banan", "hole": 7, "slope_pct": 2.3, "bearing": 197.2}}, {"type": "Feature", "geometry": {"type": "LineString", "coordinates": [[13.2388299, 55.455801], [13.2388224, 55.4557915]]}, "properties": {"t": "fall", "g": 7, "loop": "Gamla banan", "hole": 7, "slope_pct": 1.94, "bearing": 204.3}}, {"type": "Feature", "geometry": {"type": "LineString", "coordinates": [[13.2386889, 55.455772], [13.2386769, 55.4557597]]}, "properties": {"t": "fall", "g": 7, "loop": "Gamla banan", "hole": 7, "slope_pct": 2.61, "bearing": 209.0}}, {"type": "Feature", "geometry": {"type": "LineString", "coordinates": [[13.2387363, 55.4557727], [13.2387285, 55.4557656]]}, "properties": {"t": "fall", "g": 7, "loop": "Gamla banan", "hole": 7, "slope_pct": 1.56, "bearing": 211.9}}, {"type": "Feature", "geometry": {"type": "LineString", "coordinates": [[13.2387837, 55.4557734], [13.2387743, 55.4557688]]}, "properties": {"t": "fall", "g": 7, "loop": "Gamla banan", "hole": 7, "slope_pct": 1.31, "bearing": 229.3}}, {"type": "Feature", "geometry": {"type": "LineString", "coordinates": [[13.2388312, 55.4557741], [13.238817, 55.4557726]]}, "properties": {"t": "fall", "g": 7, "loop": "Gamla banan", "hole": 7, "slope_pct": 1.51, "bearing": 259.9}}, {"type": "Feature", "geometry": {"type": "LineString", "coordinates": [[13.2386901, 55.4557451], [13.2386749, 55.4557417]]}, "properties": {"t": "fall", "g": 7, "loop": "Gamla banan", "hole": 7, "slope_pct": 1.71, "bearing": 248.6}}, {"type": "Feature", "geometry": {"type": "LineString", "coordinates": [[13.2387375, 55.4557458], [13.2387229, 55.4557435]]}, "properties": {"t": "fall", "g": 7, "loop": "Gamla banan", "hole": 7, "slope_pct": 1.59, "bearing": 254.7}}, {"type": "Feature", "geometry": {"type": "LineString", "coordinates": [[13.2387849, 55.4557465], [13.238771, 55.4557473]]}, "properties": {"t": "fall", "g": 7, "loop": "Gamla banan", "hole": 7, "slope_pct": 1.47, "bearing": 276.0}}, {"type": "Feature", "geometry": {"type": "LineString", "coordinates": [[13.2387387, 55.4557188], [13.2387161, 55.4557237]]}, "properties": {"t": "fall", "g": 7, "loop": "Gamla banan", "hole": 7, "slope_pct": 2.55, "bearing": 290.9}}, {"type": "Feature", "geometry": {"type": "Point", "coordinates": [13.238726, 55.4559073]}, "properties": {"t": "aim", "g": 7, "loop": "Gamla banan", "hole": 7, "aim_bearing": 169.7, "slope_median": 1.94, "slope_max": 8.39, "n_cells": 59}}, {"type": "Feature", "geometry": {"type": "LineString", "coordinates": [[13.2308701, 55.4548504], [13.2308902, 55.4548465]]}, "properties": {"t": "fall", "g": 8, "loop": "Gamla banan", "hole": 8, "slope_pct": 2.24, "bearing": 108.8}}, {"type": "Feature", "geometry": {"type": "LineString", "coordinates": [[13.2309175, 55.4548511], [13.2309217, 55.4548575]]}, "properties": {"t": "fall", "g": 8, "loop": "Gamla banan", "hole": 8, "slope_pct": 1.27, "bearing": 20.5}}, {"type": "Feature", "geometry": {"type": "LineString", "coordinates": [[13.2309649, 55.4548518], [13.2309786, 55.4548583]]}, "properties": {"t": "fall", "g": 8, "loop": "Gamla banan", "hole": 8, "slope_pct": 1.88, "bearing": 49.7}}, {"type": "Feature", "geometry": {"type": "LineString", "coordinates": [[13.2310123, 55.4548524], [13.2310586, 55.4548464]]}, "properties": {"t": "fall", "g": 8, "loop": "Gamla banan", "hole": 8, "slope_pct": 8.58, "bearing": 103.1}}, {"type": "Feature", "geometry": {"type": "LineString", "coordinates": [[13.2310597, 55.4548531], [13.2311033, 55.4548424]]}, "properties": {"t": "fall", "g": 8, "loop": "Gamla banan", "hole": 8, "slope_pct": 11.61, "bearing": 113.4}}, {"type": "Feature", "geometry": {"type": "LineString", "coordinates": [[13.2311071, 55.4548538], [13.2311405, 55.4548494]]}, "properties": {"t": "fall", "g": 8, "loop": "Gamla banan", "hole": 8, "slope_pct": 3.6, "bearing": 103.2}}, {"type": "Feature", "geometry": {"type": "LineString", "coordinates": [[13.2311545, 55.4548545], [13.2311506, 55.4548561]]}, "properties": {"t": "fall", "g": 8, "loop": "Gamla banan", "hole": 8, "slope_pct": 0.51, "bearing": 306.0}}, {"type": "Feature", "geometry": {"type": "LineString", "coordinates": [[13.2312494, 55.4548559], [13.2312969, 55.4548552]]}, "properties": {"t": "fall", "g": 8, "loop": "Gamla banan", "hole": 8, "slope_pct": 5.23, "bearing": 91.4}}, {"type": "Feature", "geometry": {"type": "LineString", "coordinates": [[13.2308239, 55.4548228], [13.2308677, 55.4548123]]}, "properties": {"t": "fall", "g": 8, "loop": "Gamla banan", "hole": 8, "slope_pct": 5.13, "bearing": 112.8}}, {"type": "Feature", "geometry": {"type": "LineString", "coordinates": [[13.2309187, 55.4548241], [13.2309244, 55.4548238]]}, "properties": {"t": "fall", "g": 8, "loop": "Gamla banan", "hole": 8, "slope_pct": 0.61, "bearing": 95.7}}, {"type": "Feature", "geometry": {"type": "LineString", "coordinates": [[13.2309661, 55.4548248], [13.2309821, 55.4548226]]}, "properties": {"t": "fall", "g": 8, "loop": "Gamla banan", "hole": 8, "slope_pct": 1.73, "bearing": 103.5}}, {"type": "Feature", "geometry": {"type": "LineString", "coordinates": [[13.2310135, 55.4548255], [13.231061, 55.4548255]]}, "properties": {"t": "fall", "g": 8, "loop": "Gamla banan", "hole": 8, "slope_pct": 10.7, "bearing": 90.0}}, {"type": "Feature", "geometry": {"type": "LineString", "coordinates": [[13.2310609, 55.4548262], [13.2311084, 55.4548268]]}, "properties": {"t": "fall", "g": 8, "loop": "Gamla banan", "hole": 8, "slope_pct": 9.34, "bearing": 88.7}}, {"type": "Feature", "geometry": {"type": "LineString", "coordinates": [[13.2311083, 55.4548269], [13.2311288, 55.4548303]]}, "properties": {"t": "fall", "g": 8, "loop": "Gamla banan", "hole": 8, "slope_pct": 2.24, "bearing": 73.5}}, {"type": "Feature", "geometry": {"type": "LineString", "coordinates": [[13.2312032, 55.4548282], [13.2312126, 55.4548228]]}, "properties": {"t": "fall", "g": 8, "loop": "Gamla banan", "hole": 8, "slope_pct": 1.42, "bearing": 135.6}}, {"type": "Feature", "geometry": {"type": "LineString", "coordinates": [[13.2312506, 55.4548289], [13.2312959, 55.4548209]]}, "properties": {"t": "fall", "g": 8, "loop": "Gamla banan", "hole": 8, "slope_pct": 5.27, "bearing": 107.4}}, {"type": "Feature", "geometry": {"type": "LineString", "coordinates": [[13.2308725, 55.4547965], [13.230872, 55.4547898]]}, "properties": {"t": "fall", "g": 8, "loop": "Gamla banan", "hole": 8, "slope_pct": 1.25, "bearing": 182.2}}, {"type": "Feature", "geometry": {"type": "LineString", "coordinates": [[13.2309199, 55.4547972], [13.2309248, 55.4547913]]}, "properties": {"t": "fall", "g": 8, "loop": "Gamla banan", "hole": 8, "slope_pct": 1.2, "bearing": 154.5}}, {"type": "Feature", "geometry": {"type": "LineString", "coordinates": [[13.2309673, 55.4547979], [13.2309875, 55.4547911]]}, "properties": {"t": "fall", "g": 8, "loop": "Gamla banan", "hole": 8, "slope_pct": 2.47, "bearing": 120.6}}, {"type": "Feature", "geometry": {"type": "LineString", "coordinates": [[13.2310147, 55.4547986], [13.2310621, 55.4547966]]}, "properties": {"t": "fall", "g": 8, "loop": "Gamla banan", "hole": 8, "slope_pct": 9.46, "bearing": 94.2}}, {"type": "Feature", "geometry": {"type": "LineString", "coordinates": [[13.2310621, 55.4547992], [13.2311096, 55.4547998]]}, "properties": {"t": "fall", "g": 8, "loop": "Gamla banan", "hole": 8, "slope_pct": 9.05, "bearing": 88.8}}, {"type": "Feature", "geometry": {"type": "LineString", "coordinates": [[13.2311095, 55.4547999], [13.231134, 55.4547994]]}, "properties": {"t": "fall", "g": 8, "loop": "Gamla banan", "hole": 8, "slope_pct": 2.58, "bearing": 92.4}}, {"type": "Feature", "geometry": {"type": "LineString", "coordinates": [[13.231157, 55.4548006], [13.2311692, 55.4547972]]}, "properties": {"t": "fall", "g": 8, "loop": "Gamla banan", "hole": 8, "slope_pct": 1.43, "bearing": 115.9}}, {"type": "Feature", "geometry": {"type": "LineString", "coordinates": [[13.2312044, 55.4548013], [13.2312205, 55.454794]]}, "properties": {"t": "fall", "g": 8, "loop": "Gamla banan", "hole": 8, "slope_pct": 2.16, "bearing": 128.4}}, {"type": "Feature", "geometry": {"type": "LineString", "coordinates": [[13.2312518, 55.454802], [13.2312974, 55.4547944]]}, "properties": {"t": "fall", "g": 8, "loop": "Gamla banan", "hole": 8, "slope_pct": 5.76, "bearing": 106.2}}, {"type": "Feature", "geometry": {"type": "LineString", "coordinates": [[13.2308737, 55.4547696], [13.2308864, 55.4547661]]}, "properties": {"t": "fall", "g": 8, "loop": "Gamla banan", "hole": 8, "slope_pct": 1.48, "bearing": 115.8}}, {"type": "Feature", "geometry": {"type": "LineString", "coordinates": [[13.2309211, 55.4547702], [13.2309229, 55.4547609]]}, "properties": {"t": "fall", "g": 8, "loop": "Gamla banan", "hole": 8, "slope_pct": 1.75, "bearing": 173.8}}, {"type": "Feature", "geometry": {"type": "LineString", "coordinates": [[13.2309685, 55.4547709], [13.2309863, 55.4547638]]}, "properties": {"t": "fall", "g": 8, "loop": "Gamla banan", "hole": 8, "slope_pct": 2.3, "bearing": 125.4}}, {"type": "Feature", "geometry": {"type": "LineString", "coordinates": [[13.2310159, 55.4547716], [13.2310634, 55.4547719]]}, "properties": {"t": "fall", "g": 8, "loop": "Gamla banan", "hole": 8, "slope_pct": 7.62, "bearing": 89.4}}, {"type": "Feature", "geometry": {"type": "LineString", "coordinates": [[13.2310633, 55.4547723], [13.2311103, 55.4547762]]}, "properties": {"t": "fall", "g": 8, "loop": "Gamla banan", "hole": 8, "slope_pct": 9.49, "bearing": 81.6}}, {"type": "Feature", "geometry": {"type": "LineString", "coordinates": [[13.2311107, 55.454773], [13.2311377, 55.4547769]]}, "properties": {"t": "fall", "g": 8, "loop": "Gamla banan", "hole": 8, "slope_pct": 2.93, "bearing": 75.7}}, {"type": "Feature", "geometry": {"type": "LineString", "coordinates": [[13.2311582, 55.4547737], [13.2311749, 55.4547762]]}, "properties": {"t": "fall", "g": 8, "loop": "Gamla banan", "hole": 8, "slope_pct": 1.82, "bearing": 75.2}}, {"type": "Feature", "geometry": {"type": "LineString", "coordinates": [[13.2312056, 55.4547743], [13.2312302, 55.4547731]]}, "properties": {"t": "fall", "g": 8, "loop": "Gamla banan", "hole": 8, "slope_pct": 2.6, "bearing": 95.0}}, {"type": "Feature", "geometry": {"type": "LineString", "coordinates": [[13.231253, 55.454775], [13.2312981, 55.4547666]]}, "properties": {"t": "fall", "g": 8, "loop": "Gamla banan", "hole": 8, "slope_pct": 6.93, "bearing": 108.3}}, {"type": "Feature", "geometry": {"type": "LineString", "coordinates": [[13.2309223, 55.4547433], [13.2309314, 55.4547398]]}, "properties": {"t": "fall", "g": 8, "loop": "Gamla banan", "hole": 8, "slope_pct": 1.16, "bearing": 123.7}}, {"type": "Feature", "geometry": {"type": "LineString", "coordinates": [[13.2309697, 55.454744], [13.2309885, 55.4547376]]}, "properties": {"t": "fall", "g": 8, "loop": "Gamla banan", "hole": 8, "slope_pct": 2.3, "bearing": 120.8}}, {"type": "Feature", "geometry": {"type": "LineString", "coordinates": [[13.2310171, 55.4547447], [13.2310601, 55.4547332]]}, "properties": {"t": "fall", "g": 8, "loop": "Gamla banan", "hole": 8, "slope_pct": 7.25, "bearing": 115.2}}, {"type": "Feature", "geometry": {"type": "LineString", "coordinates": [[13.2310645, 55.4547453], [13.2311112, 55.4547403]]}, "properties": {"t": "fall", "g": 8, "loop": "Gamla banan", "hole": 8, "slope_pct": 8.36, "bearing": 100.8}}, {"type": "Feature", "geometry": {"type": "LineString", "coordinates": [[13.231112, 55.454746], [13.2311413, 55.454746]]}, "properties": {"t": "fall", "g": 8, "loop": "Gamla banan", "hole": 8, "slope_pct": 3.09, "bearing": 90.0}}, {"type": "Feature", "geometry": {"type": "LineString", "coordinates": [[13.2311594, 55.4547467], [13.2311775, 55.4547478]]}, "properties": {"t": "fall", "g": 8, "loop": "Gamla banan", "hole": 8, "slope_pct": 1.92, "bearing": 83.9}}, {"type": "Feature", "geometry": {"type": "LineString", "coordinates": [[13.2312068, 55.4547474], [13.2312477, 55.4547428]]}, "properties": {"t": "fall", "g": 8, "loop": "Gamla banan", "hole": 8, "slope_pct": 4.39, "bearing": 101.3}}, {"type": "Feature", "geometry": {"type": "LineString", "coordinates": [[13.2312542, 55.4547481], [13.2312973, 55.4547367]]}, "properties": {"t": "fall", "g": 8, "loop": "Gamla banan", "hole": 8, "slope_pct": 10.93, "bearing": 114.9}}, {"type": "Feature", "geometry": {"type": "LineString", "coordinates": [[13.2310657, 55.4547184], [13.2311114, 55.454711]]}, "properties": {"t": "fall", "g": 8, "loop": "Gamla banan", "hole": 8, "slope_pct": 5.98, "bearing": 106.0}}, {"type": "Feature", "geometry": {"type": "LineString", "coordinates": [[13.2311132, 55.4547191], [13.2311325, 55.4547153]]}, "properties": {"t": "fall", "g": 8, "loop": "Gamla banan", "hole": 8, "slope_pct": 2.15, "bearing": 109.1}}, {"type": "Feature", "geometry": {"type": "LineString", "coordinates": [[13.2311606, 55.4547198], [13.2311865, 55.4547144]]}, "properties": {"t": "fall", "g": 8, "loop": "Gamla banan", "hole": 8, "slope_pct": 2.91, "bearing": 110.0}}, {"type": "Feature", "geometry": {"type": "LineString", "coordinates": [[13.231208, 55.4547205], [13.2312498, 55.4547077]]}, "properties": {"t": "fall", "g": 8, "loop": "Gamla banan", "hole": 8, "slope_pct": 8.97, "bearing": 118.3}}, {"type": "Feature", "geometry": {"type": "Point", "coordinates": [13.2310647, 55.454797]}, "properties": {"t": "aim", "g": 8, "loop": "Gamla banan", "hole": 8, "aim_bearing": 102.2, "slope_median": 2.58, "slope_max": 11.61, "n_cells": 49}}, {"type": "Feature", "geometry": {"type": "LineString", "coordinates": [[13.2345237, 55.4566107], [13.2345245, 55.4566153]]}, "properties": {"t": "fall", "g": 9, "loop": "Gamla banan", "hole": 9, "slope_pct": 0.86, "bearing": 5.7}}, {"type": "Feature", "geometry": {"type": "LineString", "coordinates": [[13.2345711, 55.4566114], [13.2345279, 55.456614]]}, "properties": {"t": "fall", "g": 9, "loop": "Gamla banan", "hole": 9, "slope_pct": 4.57, "bearing": 276.0}}, {"type": "Feature", "geometry": {"type": "LineString", "coordinates": [[13.2346185, 55.4566121], [13.2345777, 55.4565983]]}, "properties": {"t": "fall", "g": 9, "loop": "Gamla banan", "hole": 9, "slope_pct": 6.08, "bearing": 239.2}}, {"type": "Feature", "geometry": {"type": "LineString", "coordinates": [[13.2344775, 55.4565831], [13.2344565, 55.4565865]]}, "properties": {"t": "fall", "g": 9, "loop": "Gamla banan", "hole": 9, "slope_pct": 2.29, "bearing": 285.9}}, {"type": "Feature", "geometry": {"type": "LineString", "coordinates": [[13.2345249, 55.4565838], [13.2345209, 55.4565808]]}, "properties": {"t": "fall", "g": 9, "loop": "Gamla banan", "hole": 9, "slope_pct": 0.7, "bearing": 217.0}}, {"type": "Feature", "geometry": {"type": "LineString", "coordinates": [[13.2345723, 55.4565845], [13.2345581, 55.4565736]]}, "properties": {"t": "fall", "g": 9, "loop": "Gamla banan", "hole": 9, "slope_pct": 2.51, "bearing": 216.7}}, {"type": "Feature", "geometry": {"type": "LineString", "coordinates": [[13.2346197, 55.4565852], [13.2346048, 55.4565605]]}, "properties": {"t": "fall", "g": 9, "loop": "Gamla banan", "hole": 9, "slope_pct": 4.84, "bearing": 198.9}}, {"type": "Feature", "geometry": {"type": "LineString", "coordinates": [[13.2346671, 55.4565858], [13.2346537, 55.4565728]]}, "properties": {"t": "fall", "g": 9, "loop": "Gamla banan", "hole": 9, "slope_pct": 2.8, "bearing": 210.3}}, {"type": "Feature", "geometry": {"type": "LineString", "coordinates": [[13.2345261, 55.4565568], [13.2345299, 55.4565496]]}, "properties": {"t": "fall", "g": 9, "loop": "Gamla banan", "hole": 9, "slope_pct": 1.41, "bearing": 163.6}}, {"type": "Feature", "geometry": {"type": "LineString", "coordinates": [[13.2345735, 55.4565575], [13.2345748, 55.4565473]]}, "properties": {"t": "fall", "g": 9, "loop": "Gamla banan", "hole": 9, "slope_pct": 1.91, "bearing": 175.9}}, {"type": "Feature", "geometry": {"type": "LineString", "coordinates": [[13.2346209, 55.4565582], [13.2346034, 55.4565464]]}, "properties": {"t": "fall", "g": 9, "loop": "Gamla banan", "hole": 9, "slope_pct": 2.87, "bearing": 220.2}}, {"type": "Feature", "geometry": {"type": "LineString", "coordinates": [[13.2346683, 55.4565589], [13.2346229, 55.456551]]}, "properties": {"t": "fall", "g": 9, "loop": "Gamla banan", "hole": 9, "slope_pct": 5.35, "bearing": 252.9}}, {"type": "Feature", "geometry": {"type": "LineString", "coordinates": [[13.2344799, 55.4565292], [13.234489, 55.4565224]]}, "properties": {"t": "fall", "g": 9, "loop": "Gamla banan", "hole": 9, "slope_pct": 1.58, "bearing": 142.7}}, {"type": "Feature", "geometry": {"type": "LineString", "coordinates": [[13.2345273, 55.4565299], [13.2345339, 55.4565226]]}, "properties": {"t": "fall", "g": 9, "loop": "Gamla banan", "hole": 9, "slope_pct": 1.52, "bearing": 152.8}}, {"type": "Feature", "geometry": {"type": "LineString", "coordinates": [[13.2345747, 55.4565306], [13.2345794, 55.4565221]]}, "properties": {"t": "fall", "g": 9, "loop": "Gamla banan", "hole": 9, "slope_pct": 1.65, "bearing": 162.8}}, {"type": "Feature", "geometry": {"type": "LineString", "coordinates": [[13.2346221, 55.4565313], [13.2346164, 55.4565159]]}, "properties": {"t": "fall", "g": 9, "loop": "Gamla banan", "hole": 9, "slope_pct": 2.91, "bearing": 191.9}}, {"type": "Feature", "geometry": {"type": "LineString", "coordinates": [[13.2346696, 55.456532], [13.2346557, 55.4565062]]}, "properties": {"t": "fall", "g": 9, "loop": "Gamla banan", "hole": 9, "slope_pct": 6.95, "bearing": 196.9}}, {"type": "Feature", "geometry": {"type": "LineString", "coordinates": [[13.2344337, 55.4565016], [13.2344413, 55.4564995]]}, "properties": {"t": "fall", "g": 9, "loop": "Gamla banan", "hole": 9, "slope_pct": 0.89, "bearing": 115.8}}, {"type": "Feature", "geometry": {"type": "LineString", "coordinates": [[13.2344811, 55.4565023], [13.2344908, 55.4564961]]}, "properties": {"t": "fall", "g": 9, "loop": "Gamla banan", "hole": 9, "slope_pct": 1.53, "bearing": 138.4}}, {"type": "Feature", "geometry": {"type": "LineString", "coordinates": [[13.2345285, 55.456503], [13.2345307, 55.4564977]]}, "properties": {"t": "fall", "g": 9, "loop": "Gamla banan", "hole": 9, "slope_pct": 1.01, "bearing": 166.6}}, {"type": "Feature", "geometry": {"type": "LineString", "coordinates": [[13.2345759, 55.4565036], [13.2345818, 55.4565025]]}, "properties": {"t": "fall", "g": 9, "loop": "Gamla banan", "hole": 9, "slope_pct": 0.65, "bearing": 108.4}}, {"type": "Feature", "geometry": {"type": "LineString", "coordinates": [[13.2346233, 55.4565043], [13.2346297, 55.4565055]]}, "properties": {"t": "fall", "g": 9, "loop": "Gamla banan", "hole": 9, "slope_pct": 0.7, "bearing": 72.6}}, {"type": "Feature", "geometry": {"type": "LineString", "coordinates": [[13.2346708, 55.456505], [13.234678, 55.4565119]]}, "properties": {"t": "fall", "g": 9, "loop": "Gamla banan", "hole": 9, "slope_pct": 1.48, "bearing": 31.0}}, {"type": "Feature", "geometry": {"type": "LineString", "coordinates": [[13.2344349, 55.4564746], [13.2344525, 55.4564724]]}, "properties": {"t": "fall", "g": 9, "loop": "Gamla banan", "hole": 9, "slope_pct": 1.9, "bearing": 102.6}}, {"type": "Feature", "geometry": {"type": "LineString", "coordinates": [[13.2344823, 55.4564753], [13.2344947, 55.456472]]}, "properties": {"t": "fall", "g": 9, "loop": "Gamla banan", "hole": 9, "slope_pct": 1.45, "bearing": 115.4}}, {"type": "Feature", "geometry": {"type": "LineString", "coordinates": [[13.2345297, 55.456476], [13.2345364, 55.4564645]]}, "properties": {"t": "fall", "g": 9, "loop": "Gamla banan", "hole": 9, "slope_pct": 2.24, "bearing": 161.7}}, {"type": "Feature", "geometry": {"type": "LineString", "coordinates": [[13.2345771, 55.4564767], [13.2345809, 55.4564595]]}, "properties": {"t": "fall", "g": 9, "loop": "Gamla banan", "hole": 9, "slope_pct": 3.22, "bearing": 173.0}}, {"type": "Feature", "geometry": {"type": "LineString", "coordinates": [[13.2343887, 55.456447], [13.234425, 55.4564518]]}, "properties": {"t": "fall", "g": 9, "loop": "Gamla banan", "hole": 9, "slope_pct": 3.92, "bearing": 76.9}}, {"type": "Feature", "geometry": {"type": "LineString", "coordinates": [[13.2344361, 55.4564477], [13.2344522, 55.4564501]]}, "properties": {"t": "fall", "g": 9, "loop": "Gamla banan", "hole": 9, "slope_pct": 1.76, "bearing": 75.1}}, {"type": "Feature", "geometry": {"type": "LineString", "coordinates": [[13.2344835, 55.4564484], [13.2345098, 55.4564463]]}, "properties": {"t": "fall", "g": 9, "loop": "Gamla banan", "hole": 9, "slope_pct": 2.8, "bearing": 98.1}}, {"type": "Feature", "geometry": {"type": "LineString", "coordinates": [[13.2345309, 55.4564491], [13.2345544, 55.4564395]]}, "properties": {"t": "fall", "g": 9, "loop": "Gamla banan", "hole": 9, "slope_pct": 3.04, "bearing": 125.6}}, {"type": "Feature", "geometry": {"type": "LineString", "coordinates": [[13.2343899, 55.4564201], [13.2344315, 55.4564247]]}, "properties": {"t": "fall", "g": 9, "loop": "Gamla banan", "hole": 9, "slope_pct": 4.47, "bearing": 78.8}}, {"type": "Feature", "geometry": {"type": "LineString", "coordinates": [[13.2344373, 55.4564208], [13.2344628, 55.4564192]]}, "properties": {"t": "fall", "g": 9, "loop": "Gamla banan", "hole": 9, "slope_pct": 2.7, "bearing": 96.2}}, {"type": "Feature", "geometry": {"type": "LineString", "coordinates": [[13.2344847, 55.4564214], [13.2345215, 55.4564115]]}, "properties": {"t": "fall", "g": 9, "loop": "Gamla banan", "hole": 9, "slope_pct": 4.29, "bearing": 115.5}}, {"type": "Feature", "geometry": {"type": "LineString", "coordinates": [[13.2345321, 55.4564221], [13.2345756, 55.4564113]]}, "properties": {"t": "fall", "g": 9, "loop": "Gamla banan", "hole": 9, "slope_pct": 5.27, "bearing": 113.7}}, {"type": "Feature", "geometry": {"type": "LineString", "coordinates": [[13.2343911, 55.4563931], [13.2344376, 55.4563877]]}, "properties": {"t": "fall", "g": 9, "loop": "Gamla banan", "hole": 9, "slope_pct": 5.3, "bearing": 101.6}}, {"type": "Feature", "geometry": {"type": "LineString", "coordinates": [[13.2344385, 55.4563938], [13.2344797, 55.4563834]]}, "properties": {"t": "fall", "g": 9, "loop": "Gamla banan", "hole": 9, "slope_pct": 4.75, "bearing": 114.1}}, {"type": "Feature", "geometry": {"type": "LineString", "coordinates": [[13.2344859, 55.4563945], [13.234523, 55.4563818]]}, "properties": {"t": "fall", "g": 9, "loop": "Gamla banan", "hole": 9, "slope_pct": 4.56, "bearing": 121.2}}, {"type": "Feature", "geometry": {"type": "LineString", "coordinates": [[13.2344397, 55.4563669], [13.2344821, 55.4563547]]}, "properties": {"t": "fall", "g": 9, "loop": "Gamla banan", "hole": 9, "slope_pct": 5.84, "bearing": 116.9}}, {"type": "Feature", "geometry": {"type": "LineString", "coordinates": [[13.2344871, 55.4563676], [13.2345233, 55.4563501]]}, "properties": {"t": "fall", "g": 9, "loop": "Gamla banan", "hole": 9, "slope_pct": 5.06, "bearing": 130.4}}, {"type": "Feature", "geometry": {"type": "Point", "coordinates": [13.2345224, 55.4565021]}, "properties": {"t": "aim", "g": 9, "loop": "Gamla banan", "hole": 9, "aim_bearing": 148.5, "slope_median": 2.7, "slope_max": 6.95, "n_cells": 41}}, {"type": "Feature", "geometry": {"type": "LineString", "coordinates": [[13.2360002, 55.4561287], [13.2359936, 55.4561554]]}, "properties": {"t": "fall", "g": 10, "loop": "Gamla banan", "hole": 10, "slope_pct": 5.0, "bearing": 352.0}}, {"type": "Feature", "geometry": {"type": "LineString", "coordinates": [[13.2360476, 55.4561294], [13.2360344, 55.4561379]]}, "properties": {"t": "fall", "g": 10, "loop": "Gamla banan", "hole": 10, "slope_pct": 2.11, "bearing": 318.4}}, {"type": "Feature", "geometry": {"type": "LineString", "coordinates": [[13.235954, 55.4561011], [13.2359069, 55.4561044]]}, "properties": {"t": "fall", "g": 10, "loop": "Gamla banan", "hole": 10, "slope_pct": 10.01, "bearing": 277.1}}, {"type": "Feature", "geometry": {"type": "LineString", "coordinates": [[13.2360488, 55.4561025], [13.2360409, 55.4561109]]}, "properties": {"t": "fall", "g": 10, "loop": "Gamla banan", "hole": 10, "slope_pct": 1.78, "bearing": 331.8}}, {"type": "Feature", "geometry": {"type": "LineString", "coordinates": [[13.2360963, 55.4561032], [13.2360682, 55.4561068]]}, "properties": {"t": "fall", "g": 10, "loop": "Gamla banan", "hole": 10, "slope_pct": 3.03, "bearing": 282.8}}, {"type": "Feature", "geometry": {"type": "LineString", "coordinates": [[13.2359552, 55.4560742], [13.2359077, 55.4560739]]}, "properties": {"t": "fall", "g": 10, "loop": "Gamla banan", "hole": 10, "slope_pct": 9.1, "bearing": 269.4}}, {"type": "Feature", "geometry": {"type": "LineString", "coordinates": [[13.2360026, 55.4560749], [13.2359852, 55.4560822]]}, "properties": {"t": "fall", "g": 10, "loop": "Gamla banan", "hole": 10, "slope_pct": 2.29, "bearing": 306.5}}, {"type": "Feature", "geometry": {"type": "LineString", "coordinates": [[13.2360501, 55.4560755], [13.236036, 55.4560909]]}, "properties": {"t": "fall", "g": 10, "loop": "Gamla banan", "hole": 10, "slope_pct": 3.21, "bearing": 332.7}}, {"type": "Feature", "geometry": {"type": "LineString", "coordinates": [[13.2360975, 55.4560762], [13.2360822, 55.4560928]]}, "properties": {"t": "fall", "g": 10, "loop": "Gamla banan", "hole": 10, "slope_pct": 3.47, "bearing": 332.4}}, {"type": "Feature", "geometry": {"type": "LineString", "coordinates": [[13.2361449, 55.4560769], [13.2360978, 55.4560806]]}, "properties": {"t": "fall", "g": 10, "loop": "Gamla banan", "hole": 10, "slope_pct": 5.97, "bearing": 277.8}}, {"type": "Feature", "geometry": {"type": "LineString", "coordinates": [[13.2359564, 55.4560472], [13.2359126, 55.4560577]]}, "properties": {"t": "fall", "g": 10, "loop": "Gamla banan", "hole": 10, "slope_pct": 8.26, "bearing": 292.9}}, {"type": "Feature", "geometry": {"type": "LineString", "coordinates": [[13.2360038, 55.4560479], [13.2359698, 55.4560619]]}, "properties": {"t": "fall", "g": 10, "loop": "Gamla banan", "hole": 10, "slope_pct": 4.42, "bearing": 306.0}}, {"type": "Feature", "geometry": {"type": "LineString", "coordinates": [[13.2360513, 55.4560486], [13.2360251, 55.4560699]]}, "properties": {"t": "fall", "g": 10, "loop": "Gamla banan", "hole": 10, "slope_pct": 4.82, "bearing": 325.2}}, {"type": "Feature", "geometry": {"type": "LineString", "coordinates": [[13.2360987, 55.4560493], [13.236087, 55.4560753]]}, "properties": {"t": "fall", "g": 10, "loop": "Gamla banan", "hole": 10, "slope_pct": 4.98, "bearing": 345.7}}, {"type": "Feature", "geometry": {"type": "LineString", "coordinates": [[13.2361461, 55.45605], [13.2361239, 55.4560685]]}, "properties": {"t": "fall", "g": 10, "loop": "Gamla banan", "hole": 10, "slope_pct": 4.15, "bearing": 325.8}}, {"type": "Feature", "geometry": {"type": "LineString", "coordinates": [[13.2359576, 55.4560203], [13.2359201, 55.4560281]]}, "properties": {"t": "fall", "g": 10, "loop": "Gamla banan", "hole": 10, "slope_pct": 4.21, "bearing": 290.3}}, {"type": "Feature", "geometry": {"type": "LineString", "coordinates": [[13.236005, 55.456021], [13.2359647, 55.456025]]}, "properties": {"t": "fall", "g": 10, "loop": "Gamla banan", "hole": 10, "slope_pct": 4.31, "bearing": 279.9}}, {"type": "Feature", "geometry": {"type": "LineString", "coordinates": [[13.2360525, 55.4560216], [13.2360094, 55.4560331]]}, "properties": {"t": "fall", "g": 10, "loop": "Gamla banan", "hole": 10, "slope_pct": 5.1, "bearing": 295.1}}, {"type": "Feature", "geometry": {"type": "LineString", "coordinates": [[13.2360999, 55.4560223], [13.2360897, 55.4560366]]}, "properties": {"t": "fall", "g": 10, "loop": "Gamla banan", "hole": 10, "slope_pct": 2.86, "bearing": 338.0}}, {"type": "Feature", "geometry": {"type": "LineString", "coordinates": [[13.2361473, 55.456023], [13.2361393, 55.4560422]]}, "properties": {"t": "fall", "g": 10, "loop": "Gamla banan", "hole": 10, "slope_pct": 3.65, "bearing": 346.6}}, {"type": "Feature", "geometry": {"type": "LineString", "coordinates": [[13.2359114, 55.4559927], [13.2358713, 55.4560071]]}, "properties": {"t": "fall", "g": 10, "loop": "Gamla banan", "hole": 10, "slope_pct": 18.41, "bearing": 302.4}}, {"type": "Feature", "geometry": {"type": "LineString", "coordinates": [[13.2359588, 55.4559933], [13.235946, 55.4559939]]}, "properties": {"t": "fall", "g": 10, "loop": "Gamla banan", "hole": 10, "slope_pct": 1.35, "bearing": 274.3}}, {"type": "Feature", "geometry": {"type": "LineString", "coordinates": [[13.2360062, 55.455994], [13.2359614, 55.4559951]]}, "properties": {"t": "fall", "g": 10, "loop": "Gamla banan", "hole": 10, "slope_pct": 4.73, "bearing": 272.4}}, {"type": "Feature", "geometry": {"type": "LineString", "coordinates": [[13.2360537, 55.4559947], [13.2360062, 55.4559959]]}, "properties": {"t": "fall", "g": 10, "loop": "Gamla banan", "hole": 10, "slope_pct": 5.07, "bearing": 272.5}}, {"type": "Feature", "geometry": {"type": "LineString", "coordinates": [[13.2361011, 55.4559954], [13.2360789, 55.4560009]]}, "properties": {"t": "fall", "g": 10, "loop": "Gamla banan", "hole": 10, "slope_pct": 2.55, "bearing": 293.7}}, {"type": "Feature", "geometry": {"type": "LineString", "coordinates": [[13.2358652, 55.455965], [13.2358307, 55.4559835]]}, "properties": {"t": "fall", "g": 10, "loop": "Gamla banan", "hole": 10, "slope_pct": 17.51, "bearing": 313.4}}, {"type": "Feature", "geometry": {"type": "LineString", "coordinates": [[13.2359126, 55.4559657], [13.2358909, 55.4559682]]}, "properties": {"t": "fall", "g": 10, "loop": "Gamla banan", "hole": 10, "slope_pct": 2.34, "bearing": 281.6}}, {"type": "Feature", "geometry": {"type": "LineString", "coordinates": [[13.23596, 55.4559664], [13.2359428, 55.4559662]]}, "properties": {"t": "fall", "g": 10, "loop": "Gamla banan", "hole": 10, "slope_pct": 1.81, "bearing": 268.7}}, {"type": "Feature", "geometry": {"type": "LineString", "coordinates": [[13.2360074, 55.4559671], [13.2359603, 55.4559701]]}, "properties": {"t": "fall", "g": 10, "loop": "Gamla banan", "hole": 10, "slope_pct": 4.99, "bearing": 276.5}}, {"type": "Feature", "geometry": {"type": "LineString", "coordinates": [[13.2360549, 55.4559678], [13.2360096, 55.4559689]]}, "properties": {"t": "fall", "g": 10, "loop": "Gamla banan", "hole": 10, "slope_pct": 4.77, "bearing": 272.5}}, {"type": "Feature", "geometry": {"type": "LineString", "coordinates": [[13.2361023, 55.4559684], [13.2360739, 55.4559652]]}, "properties": {"t": "fall", "g": 10, "loop": "Gamla banan", "hole": 10, "slope_pct": 3.04, "bearing": 258.6}}, {"type": "Feature", "geometry": {"type": "LineString", "coordinates": [[13.2358664, 55.4559381], [13.2358487, 55.4559474]]}, "properties": {"t": "fall", "g": 10, "loop": "Gamla banan", "hole": 10, "slope_pct": 2.54, "bearing": 312.7}}, {"type": "Feature", "geometry": {"type": "LineString", "coordinates": [[13.2359138, 55.4559388], [13.2359015, 55.4559343]]}, "properties": {"t": "fall", "g": 10, "loop": "Gamla banan", "hole": 10, "slope_pct": 1.54, "bearing": 237.3}}, {"type": "Feature", "geometry": {"type": "LineString", "coordinates": [[13.2359612, 55.4559394], [13.2359366, 55.4559372]]}, "properties": {"t": "fall", "g": 10, "loop": "Gamla banan", "hole": 10, "slope_pct": 2.63, "bearing": 261.0}}, {"type": "Feature", "geometry": {"type": "LineString", "coordinates": [[13.2360087, 55.4559401], [13.2359629, 55.4559475]]}, "properties": {"t": "fall", "g": 10, "loop": "Gamla banan", "hole": 10, "slope_pct": 5.94, "bearing": 285.9}}, {"type": "Feature", "geometry": {"type": "LineString", "coordinates": [[13.2360561, 55.4559408], [13.2360274, 55.4559434]]}, "properties": {"t": "fall", "g": 10, "loop": "Gamla banan", "hole": 10, "slope_pct": 3.05, "bearing": 278.9}}, {"type": "Feature", "geometry": {"type": "LineString", "coordinates": [[13.2361035, 55.4559415], [13.236088, 55.4559341]]}, "properties": {"t": "fall", "g": 10, "loop": "Gamla banan", "hole": 10, "slope_pct": 2.13, "bearing": 229.9}}, {"type": "Feature", "geometry": {"type": "LineString", "coordinates": [[13.235915, 55.4559118], [13.2359101, 55.455905]]}, "properties": {"t": "fall", "g": 10, "loop": "Gamla banan", "hole": 10, "slope_pct": 1.37, "bearing": 202.2}}, {"type": "Feature", "geometry": {"type": "LineString", "coordinates": [[13.2359624, 55.4559125], [13.235915, 55.4559105]]}, "properties": {"t": "fall", "g": 10, "loop": "Gamla banan", "hole": 10, "slope_pct": 5.17, "bearing": 265.8}}, {"type": "Feature", "geometry": {"type": "LineString", "coordinates": [[13.2360099, 55.4559132], [13.2359639, 55.4559201]]}, "properties": {"t": "fall", "g": 10, "loop": "Gamla banan", "hole": 10, "slope_pct": 6.42, "bearing": 284.9}}, {"type": "Feature", "geometry": {"type": "LineString", "coordinates": [[13.2360573, 55.4559139], [13.2360487, 55.4559104]]}, "properties": {"t": "fall", "g": 10, "loop": "Gamla banan", "hole": 10, "slope_pct": 1.11, "bearing": 234.2}}, {"type": "Feature", "geometry": {"type": "LineString", "coordinates": [[13.2361047, 55.4559146], [13.2360975, 55.4559075]]}, "properties": {"t": "fall", "g": 10, "loop": "Gamla banan", "hole": 10, "slope_pct": 1.52, "bearing": 209.8}}, {"type": "Feature", "geometry": {"type": "Point", "coordinates": [13.2360225, 55.4560059]}, "properties": {"t": "aim", "g": 10, "loop": "Gamla banan", "hole": 10, "aim_bearing": 294.0, "slope_median": 3.65, "slope_max": 18.41, "n_cells": 43}}, {"type": "Feature", "geometry": {"type": "LineString", "coordinates": [[13.2353489, 55.4593817], [13.2353819, 55.4593784]]}, "properties": {"t": "fall", "g": 11, "loop": "Gamla banan", "hole": 11, "slope_pct": 3.53, "bearing": 100.1}}, {"type": "Feature", "geometry": {"type": "LineString", "coordinates": [[13.2353963, 55.4593824], [13.2353975, 55.4593891]]}, "properties": {"t": "fall", "g": 11, "loop": "Gamla banan", "hole": 11, "slope_pct": 1.25, "bearing": 5.8}}, {"type": "Feature", "geometry": {"type": "LineString", "coordinates": [[13.2354437, 55.4593831], [13.2354567, 55.4593904]]}, "properties": {"t": "fall", "g": 11, "loop": "Gamla banan", "hole": 11, "slope_pct": 1.93, "bearing": 45.1}}, {"type": "Feature", "geometry": {"type": "LineString", "coordinates": [[13.2354911, 55.4593838], [13.2355209, 55.4593904]]}, "properties": {"t": "fall", "g": 11, "loop": "Gamla banan", "hole": 11, "slope_pct": 3.37, "bearing": 68.7}}, {"type": "Feature", "geometry": {"type": "LineString", "coordinates": [[13.2353501, 55.4593548], [13.2353574, 55.4593594]]}, "properties": {"t": "fall", "g": 11, "loop": "Gamla banan", "hole": 11, "slope_pct": 1.16, "bearing": 41.5}}, {"type": "Feature", "geometry": {"type": "LineString", "coordinates": [[13.2353975, 55.4593555], [13.2354031, 55.459362]]}, "properties": {"t": "fall", "g": 11, "loop": "Gamla banan", "hole": 11, "slope_pct": 1.35, "bearing": 25.8}}, {"type": "Feature", "geometry": {"type": "LineString", "coordinates": [[13.2354449, 55.4593561], [13.2354552, 55.4593612]]}, "properties": {"t": "fall", "g": 11, "loop": "Gamla banan", "hole": 11, "slope_pct": 1.42, "bearing": 49.1}}, {"type": "Feature", "geometry": {"type": "LineString", "coordinates": [[13.2354923, 55.4593568], [13.2355145, 55.459365]]}, "properties": {"t": "fall", "g": 11, "loop": "Gamla banan", "hole": 11, "slope_pct": 2.79, "bearing": 56.9}}, {"type": "Feature", "geometry": {"type": "LineString", "coordinates": [[13.2353987, 55.4593285], [13.2354052, 55.4593297]]}, "properties": {"t": "fall", "g": 11, "loop": "Gamla banan", "hole": 11, "slope_pct": 0.72, "bearing": 72.1}}, {"type": "Feature", "geometry": {"type": "LineString", "coordinates": [[13.2354461, 55.4593292], [13.2354554, 55.4593309]]}, "properties": {"t": "fall", "g": 11, "loop": "Gamla banan", "hole": 11, "slope_pct": 1.02, "bearing": 72.3}}, {"type": "Feature", "geometry": {"type": "LineString", "coordinates": [[13.2354935, 55.4593299], [13.2355003, 55.4593369]]}, "properties": {"t": "fall", "g": 11, "loop": "Gamla banan", "hole": 11, "slope_pct": 1.49, "bearing": 28.5}}, {"type": "Feature", "geometry": {"type": "LineString", "coordinates": [[13.2353525, 55.4593009], [13.2353594, 55.4592968]]}, "properties": {"t": "fall", "g": 11, "loop": "Gamla banan", "hole": 11, "slope_pct": 1.06, "bearing": 136.5}}, {"type": "Feature", "geometry": {"type": "LineString", "coordinates": [[13.2353999, 55.4593016], [13.2354075, 55.4592996]]}, "properties": {"t": "fall", "g": 11, "loop": "Gamla banan", "hole": 11, "slope_pct": 0.88, "bearing": 114.7}}, {"type": "Feature", "geometry": {"type": "LineString", "coordinates": [[13.2354473, 55.4593023], [13.2354518, 55.4593013]]}, "properties": {"t": "fall", "g": 11, "loop": "Gamla banan", "hole": 11, "slope_pct": 0.5, "bearing": 111.4}}, {"type": "Feature", "geometry": {"type": "LineString", "coordinates": [[13.2353537, 55.4592739], [13.2353616, 55.4592738]]}, "properties": {"t": "fall", "g": 11, "loop": "Gamla banan", "hole": 11, "slope_pct": 0.83, "bearing": 92.5}}, {"type": "Feature", "geometry": {"type": "LineString", "coordinates": [[13.2354485, 55.4592753], [13.2354556, 55.4592754]]}, "properties": {"t": "fall", "g": 11, "loop": "Gamla banan", "hole": 11, "slope_pct": 0.74, "bearing": 88.4}}, {"type": "Feature", "geometry": {"type": "LineString", "coordinates": [[13.2354959, 55.459276], [13.2354922, 55.4592739]]}, "properties": {"t": "fall", "g": 11, "loop": "Gamla banan", "hole": 11, "slope_pct": 0.56, "bearing": 224.9}}, {"type": "Feature", "geometry": {"type": "LineString", "coordinates": [[13.2354023, 55.4592477], [13.2354051, 55.4592444]]}, "properties": {"t": "fall", "g": 11, "loop": "Gamla banan", "hole": 11, "slope_pct": 0.67, "bearing": 153.9}}, {"type": "Feature", "geometry": {"type": "LineString", "coordinates": [[13.2354497, 55.4592484], [13.2354601, 55.4592402]]}, "properties": {"t": "fall", "g": 11, "loop": "Gamla banan", "hole": 11, "slope_pct": 1.87, "bearing": 144.5}}, {"type": "Feature", "geometry": {"type": "LineString", "coordinates": [[13.2354971, 55.4592491], [13.2355185, 55.4592275]]}, "properties": {"t": "fall", "g": 11, "loop": "Gamla banan", "hole": 11, "slope_pct": 4.59, "bearing": 150.6}}, {"type": "Feature", "geometry": {"type": "LineString", "coordinates": [[13.2354509, 55.4592214], [13.2354754, 55.4591983]]}, "properties": {"t": "fall", "g": 11, "loop": "Gamla banan", "hole": 11, "slope_pct": 6.59, "bearing": 149.0}}, {"type": "Feature", "geometry": {"type": "LineString", "coordinates": [[13.2354983, 55.4592221], [13.2355241, 55.4591995]]}, "properties": {"t": "fall", "g": 11, "loop": "Gamla banan", "hole": 11, "slope_pct": 7.19, "bearing": 147.1}}, {"type": "Feature", "geometry": {"type": "LineString", "coordinates": [[13.2355458, 55.4592228], [13.2355715, 55.4592001]]}, "properties": {"t": "fall", "g": 11, "loop": "Gamla banan", "hole": 11, "slope_pct": 5.24, "bearing": 147.2}}, {"type": "Feature", "geometry": {"type": "LineString", "coordinates": [[13.2354521, 55.4591945], [13.2354835, 55.4591742]]}, "properties": {"t": "fall", "g": 11, "loop": "Gamla banan", "hole": 11, "slope_pct": 6.83, "bearing": 138.7}}, {"type": "Feature", "geometry": {"type": "LineString", "coordinates": [[13.2354996, 55.4591952], [13.2355107, 55.4591764]]}, "properties": {"t": "fall", "g": 11, "loop": "Gamla banan", "hole": 11, "slope_pct": 3.68, "bearing": 161.4}}, {"type": "Feature", "geometry": {"type": "LineString", "coordinates": [[13.235547, 55.4591959], [13.2355581, 55.4591889]]}, "properties": {"t": "fall", "g": 11, "loop": "Gamla banan", "hole": 11, "slope_pct": 1.74, "bearing": 137.8}}, {"type": "Feature", "geometry": {"type": "LineString", "coordinates": [[13.2355944, 55.4591965], [13.2356077, 55.4591921]]}, "properties": {"t": "fall", "g": 11, "loop": "Gamla banan", "hole": 11, "slope_pct": 1.62, "bearing": 120.2}}, {"type": "Feature", "geometry": {"type": "LineString", "coordinates": [[13.2354533, 55.4591675], [13.2354997, 55.4591648]]}, "properties": {"t": "fall", "g": 11, "loop": "Gamla banan", "hole": 11, "slope_pct": 4.9, "bearing": 95.9}}, {"type": "Feature", "geometry": {"type": "LineString", "coordinates": [[13.2355482, 55.4591689], [13.2355527, 55.4591664]]}, "properties": {"t": "fall", "g": 11, "loop": "Gamla banan", "hole": 11, "slope_pct": 0.67, "bearing": 134.6}}, {"type": "Feature", "geometry": {"type": "LineString", "coordinates": [[13.2355956, 55.4591696], [13.2356064, 55.4591691]]}, "properties": {"t": "fall", "g": 11, "loop": "Gamla banan", "hole": 11, "slope_pct": 1.14, "bearing": 94.9}}, {"type": "Feature", "geometry": {"type": "LineString", "coordinates": [[13.235643, 55.4591703], [13.2356552, 55.4591766]]}, "properties": {"t": "fall", "g": 11, "loop": "Gamla banan", "hole": 11, "slope_pct": 1.74, "bearing": 47.3}}, {"type": "Feature", "geometry": {"type": "LineString", "coordinates": [[13.2355968, 55.4591426], [13.2356011, 55.4591456]]}, "properties": {"t": "fall", "g": 11, "loop": "Gamla banan", "hole": 11, "slope_pct": 0.72, "bearing": 39.3}}, {"type": "Feature", "geometry": {"type": "LineString", "coordinates": [[13.2356442, 55.4591433], [13.2356475, 55.4591475]]}, "properties": {"t": "fall", "g": 11, "loop": "Gamla banan", "hole": 11, "slope_pct": 0.85, "bearing": 23.8}}, {"type": "Feature", "geometry": {"type": "LineString", "coordinates": [[13.2356454, 55.4591164], [13.2356511, 55.4591134]]}, "properties": {"t": "fall", "g": 11, "loop": "Gamla banan", "hole": 11, "slope_pct": 0.82, "bearing": 133.1}}, {"type": "Feature", "geometry": {"type": "LineString", "coordinates": [[13.2355044, 55.4590874], [13.235503, 55.4590846]]}, "properties": {"t": "fall", "g": 11, "loop": "Gamla banan", "hole": 11, "slope_pct": 0.53, "bearing": 195.9}}, {"type": "Feature", "geometry": {"type": "LineString", "coordinates": [[13.2355992, 55.4590888], [13.2356124, 55.4590822]]}, "properties": {"t": "fall", "g": 11, "loop": "Gamla banan", "hole": 11, "slope_pct": 1.85, "bearing": 131.5}}, {"type": "Feature", "geometry": {"type": "LineString", "coordinates": [[13.2356466, 55.4590894], [13.2356676, 55.4590712]]}, "properties": {"t": "fall", "g": 11, "loop": "Gamla banan", "hole": 11, "slope_pct": 4.04, "bearing": 146.9}}, {"type": "Feature", "geometry": {"type": "Point", "coordinates": [13.235493, 55.4592301]}, "properties": {"t": "aim", "g": 11, "loop": "Gamla banan", "hole": 11, "aim_bearing": 119.3, "slope_median": 1.1, "slope_max": 7.19, "n_cells": 46}}, {"type": "Feature", "geometry": {"type": "LineString", "coordinates": [[13.2279613, 55.4608208], [13.2279922, 55.4608037]]}, "properties": {"t": "fall", "g": 12, "loop": "Gamla banan", "hole": 12, "slope_pct": 4.53, "bearing": 134.2}}, {"type": "Feature", "geometry": {"type": "LineString", "coordinates": [[13.2280087, 55.4608215], [13.228015, 55.4608079]]}, "properties": {"t": "fall", "g": 12, "loop": "Gamla banan", "hole": 12, "slope_pct": 2.6, "bearing": 165.2}}, {"type": "Feature", "geometry": {"type": "LineString", "coordinates": [[13.2280561, 55.4608222], [13.2280508, 55.4608062]]}, "properties": {"t": "fall", "g": 12, "loop": "Gamla banan", "hole": 12, "slope_pct": 3.02, "bearing": 190.6}}, {"type": "Feature", "geometry": {"type": "LineString", "coordinates": [[13.2281035, 55.4608228], [13.2280917, 55.4607991]]}, "properties": {"t": "fall", "g": 12, "loop": "Gamla banan", "hole": 12, "slope_pct": 4.57, "bearing": 195.8}}, {"type": "Feature", "geometry": {"type": "LineString", "coordinates": [[13.2279625, 55.4607938], [13.227981, 55.4607841]]}, "properties": {"t": "fall", "g": 12, "loop": "Gamla banan", "hole": 12, "slope_pct": 2.66, "bearing": 133.0}}, {"type": "Feature", "geometry": {"type": "LineString", "coordinates": [[13.2280099, 55.4607945], [13.2280182, 55.4607873]]}, "properties": {"t": "fall", "g": 12, "loop": "Gamla banan", "hole": 12, "slope_pct": 1.6, "bearing": 146.9}}, {"type": "Feature", "geometry": {"type": "LineString", "coordinates": [[13.2280573, 55.4607952], [13.2280556, 55.4607875]]}, "properties": {"t": "fall", "g": 12, "loop": "Gamla banan", "hole": 12, "slope_pct": 1.45, "bearing": 187.1}}, {"type": "Feature", "geometry": {"type": "LineString", "coordinates": [[13.2281047, 55.4607959], [13.2281077, 55.4607851]]}, "properties": {"t": "fall", "g": 12, "loop": "Gamla banan", "hole": 12, "slope_pct": 2.02, "bearing": 171.1}}, {"type": "Feature", "geometry": {"type": "LineString", "coordinates": [[13.2281522, 55.4607966], [13.228159, 55.4607828]]}, "properties": {"t": "fall", "g": 12, "loop": "Gamla banan", "hole": 12, "slope_pct": 2.65, "bearing": 164.3}}, {"type": "Feature", "geometry": {"type": "LineString", "coordinates": [[13.2279637, 55.4607669], [13.2279789, 55.4607576]]}, "properties": {"t": "fall", "g": 12, "loop": "Gamla banan", "hole": 12, "slope_pct": 2.35, "bearing": 137.0}}, {"type": "Feature", "geometry": {"type": "LineString", "coordinates": [[13.2280111, 55.4607676], [13.2280139, 55.4607597]]}, "properties": {"t": "fall", "g": 12, "loop": "Gamla banan", "hole": 12, "slope_pct": 1.5, "bearing": 168.5}}, {"type": "Feature", "geometry": {"type": "LineString", "coordinates": [[13.2280585, 55.4607683], [13.2280614, 55.4607597]]}, "properties": {"t": "fall", "g": 12, "loop": "Gamla banan", "hole": 12, "slope_pct": 1.63, "bearing": 169.1}}, {"type": "Feature", "geometry": {"type": "LineString", "coordinates": [[13.2281059, 55.460769], [13.2281142, 55.460759]]}, "properties": {"t": "fall", "g": 12, "loop": "Gamla banan", "hole": 12, "slope_pct": 2.05, "bearing": 154.7}}, {"type": "Feature", "geometry": {"type": "LineString", "coordinates": [[13.2281534, 55.4607696], [13.2281609, 55.4607577]]}, "properties": {"t": "fall", "g": 12, "loop": "Gamla banan", "hole": 12, "slope_pct": 2.35, "bearing": 160.3}}, {"type": "Feature", "geometry": {"type": "LineString", "coordinates": [[13.2279649, 55.46074], [13.2279866, 55.4607338]]}, "properties": {"t": "fall", "g": 12, "loop": "Gamla banan", "hole": 12, "slope_pct": 2.55, "bearing": 116.4}}, {"type": "Feature", "geometry": {"type": "LineString", "coordinates": [[13.2280123, 55.4607406], [13.2280198, 55.4607302]]}, "properties": {"t": "fall", "g": 12, "loop": "Gamla banan", "hole": 12, "slope_pct": 2.1, "bearing": 158.0}}, {"type": "Feature", "geometry": {"type": "LineString", "coordinates": [[13.2280597, 55.4607413], [13.2280661, 55.4607275]]}, "properties": {"t": "fall", "g": 12, "loop": "Gamla banan", "hole": 12, "slope_pct": 2.64, "bearing": 165.4}}, {"type": "Feature", "geometry": {"type": "LineString", "coordinates": [[13.2281072, 55.460742], [13.2281202, 55.4607217]]}, "properties": {"t": "fall", "g": 12, "loop": "Gamla banan", "hole": 12, "slope_pct": 4.01, "bearing": 159.9}}, {"type": "Feature", "geometry": {"type": "LineString", "coordinates": [[13.2281546, 55.4607427], [13.2281621, 55.4607186]]}, "properties": {"t": "fall", "g": 12, "loop": "Gamla banan", "hole": 12, "slope_pct": 4.53, "bearing": 170.0}}, {"type": "Feature", "geometry": {"type": "LineString", "coordinates": [[13.2279661, 55.460713], [13.2279905, 55.460697]]}, "properties": {"t": "fall", "g": 12, "loop": "Gamla banan", "hole": 12, "slope_pct": 3.92, "bearing": 139.1}}, {"type": "Feature", "geometry": {"type": "LineString", "coordinates": [[13.2280135, 55.4607137], [13.2280253, 55.4606989]]}, "properties": {"t": "fall", "g": 12, "loop": "Gamla banan", "hole": 12, "slope_pct": 3.01, "bearing": 155.7}}, {"type": "Feature", "geometry": {"type": "LineString", "coordinates": [[13.2280609, 55.4607144], [13.2280845, 55.460691]]}, "properties": {"t": "fall", "g": 12, "loop": "Gamla banan", "hole": 12, "slope_pct": 5.56, "bearing": 150.2}}, {"type": "Feature", "geometry": {"type": "LineString", "coordinates": [[13.2281084, 55.4607151], [13.2281279, 55.4606905]]}, "properties": {"t": "fall", "g": 12, "loop": "Gamla banan", "hole": 12, "slope_pct": 8.67, "bearing": 155.7}}, {"type": "Feature", "geometry": {"type": "LineString", "coordinates": [[13.2281558, 55.4607158], [13.2281625, 55.4606891]]}, "properties": {"t": "fall", "g": 12, "loop": "Gamla banan", "hole": 12, "slope_pct": 8.72, "bearing": 171.9}}, {"type": "Feature", "geometry": {"type": "LineString", "coordinates": [[13.2282032, 55.4607164], [13.2282033, 55.4606895]]}, "properties": {"t": "fall", "g": 12, "loop": "Gamla banan", "hole": 12, "slope_pct": 9.18, "bearing": 179.9}}, {"type": "Feature", "geometry": {"type": "LineString", "coordinates": [[13.2279673, 55.4606861], [13.2279793, 55.46066]]}, "properties": {"t": "fall", "g": 12, "loop": "Gamla banan", "hole": 12, "slope_pct": 8.34, "bearing": 165.3}}, {"type": "Feature", "geometry": {"type": "LineString", "coordinates": [[13.2280147, 55.4606867], [13.2280248, 55.4606604]]}, "properties": {"t": "fall", "g": 12, "loop": "Gamla banan", "hole": 12, "slope_pct": 8.27, "bearing": 167.8}}, {"type": "Feature", "geometry": {"type": "LineString", "coordinates": [[13.2280621, 55.4606874], [13.228086, 55.4606641]]}, "properties": {"t": "fall", "g": 12, "loop": "Gamla banan", "hole": 12, "slope_pct": 8.98, "bearing": 149.9}}, {"type": "Feature", "geometry": {"type": "LineString", "coordinates": [[13.2281096, 55.4606881], [13.2281319, 55.4606643]]}, "properties": {"t": "fall", "g": 12, "loop": "Gamla banan", "hole": 12, "slope_pct": 6.16, "bearing": 152.0}}, {"type": "Feature", "geometry": {"type": "LineString", "coordinates": [[13.228157, 55.4606888], [13.2281662, 55.4606682]]}, "properties": {"t": "fall", "g": 12, "loop": "Gamla banan", "hole": 12, "slope_pct": 3.94, "bearing": 165.7}}, {"type": "Feature", "geometry": {"type": "LineString", "coordinates": [[13.2282044, 55.4606895], [13.2282063, 55.4606688]]}, "properties": {"t": "fall", "g": 12, "loop": "Gamla banan", "hole": 12, "slope_pct": 3.84, "bearing": 177.1}}, {"type": "Feature", "geometry": {"type": "LineString", "coordinates": [[13.2282518, 55.4606902], [13.2282564, 55.4606731]]}, "properties": {"t": "fall", "g": 12, "loop": "Gamla banan", "hole": 12, "slope_pct": 3.21, "bearing": 171.3}}, {"type": "Feature", "geometry": {"type": "LineString", "coordinates": [[13.2279685, 55.4606591], [13.2279953, 55.4606368]]}, "properties": {"t": "fall", "g": 12, "loop": "Gamla banan", "hole": 12, "slope_pct": 7.05, "bearing": 145.7}}, {"type": "Feature", "geometry": {"type": "LineString", "coordinates": [[13.2280159, 55.4606598], [13.2280221, 55.4606331]]}, "properties": {"t": "fall", "g": 12, "loop": "Gamla banan", "hole": 12, "slope_pct": 5.9, "bearing": 172.5}}, {"type": "Feature", "geometry": {"type": "LineString", "coordinates": [[13.2280634, 55.4606605], [13.22808, 55.4606409]]}, "properties": {"t": "fall", "g": 12, "loop": "Gamla banan", "hole": 12, "slope_pct": 4.03, "bearing": 154.3}}, {"type": "Feature", "geometry": {"type": "LineString", "coordinates": [[13.2281108, 55.4606612], [13.2281188, 55.4606508]]}, "properties": {"t": "fall", "g": 12, "loop": "Gamla banan", "hole": 12, "slope_pct": 2.1, "bearing": 156.3}}, {"type": "Feature", "geometry": {"type": "LineString", "coordinates": [[13.2281582, 55.4606619], [13.2281626, 55.4606558]]}, "properties": {"t": "fall", "g": 12, "loop": "Gamla banan", "hole": 12, "slope_pct": 1.21, "bearing": 157.5}}, {"type": "Feature", "geometry": {"type": "LineString", "coordinates": [[13.2282056, 55.4606626], [13.2282127, 55.4606566]]}, "properties": {"t": "fall", "g": 12, "loop": "Gamla banan", "hole": 12, "slope_pct": 1.33, "bearing": 146.0}}, {"type": "Feature", "geometry": {"type": "LineString", "coordinates": [[13.228253, 55.4606632], [13.2282549, 55.4606528]]}, "properties": {"t": "fall", "g": 12, "loop": "Gamla banan", "hole": 12, "slope_pct": 1.95, "bearing": 174.1}}, {"type": "Feature", "geometry": {"type": "LineString", "coordinates": [[13.2279697, 55.4606322], [13.2280171, 55.4606298]]}, "properties": {"t": "fall", "g": 12, "loop": "Gamla banan", "hole": 12, "slope_pct": 5.48, "bearing": 95.1}}, {"type": "Feature", "geometry": {"type": "LineString", "coordinates": [[13.2280171, 55.4606329], [13.2280184, 55.4606219]]}, "properties": {"t": "fall", "g": 12, "loop": "Gamla banan", "hole": 12, "slope_pct": 2.03, "bearing": 176.4}}, {"type": "Feature", "geometry": {"type": "LineString", "coordinates": [[13.2280646, 55.4606335], [13.2280725, 55.4606228]]}, "properties": {"t": "fall", "g": 12, "loop": "Gamla banan", "hole": 12, "slope_pct": 2.16, "bearing": 157.4}}, {"type": "Feature", "geometry": {"type": "LineString", "coordinates": [[13.228112, 55.4606342], [13.2281148, 55.4606258]]}, "properties": {"t": "fall", "g": 12, "loop": "Gamla banan", "hole": 12, "slope_pct": 1.59, "bearing": 169.2}}, {"type": "Feature", "geometry": {"type": "LineString", "coordinates": [[13.2281594, 55.4606349], [13.2281614, 55.4606253]]}, "properties": {"t": "fall", "g": 12, "loop": "Gamla banan", "hole": 12, "slope_pct": 1.8, "bearing": 173.3}}, {"type": "Feature", "geometry": {"type": "LineString", "coordinates": [[13.2282068, 55.4606356], [13.2282131, 55.4606273]]}, "properties": {"t": "fall", "g": 12, "loop": "Gamla banan", "hole": 12, "slope_pct": 1.67, "bearing": 156.9}}, {"type": "Feature", "geometry": {"type": "LineString", "coordinates": [[13.2282542, 55.4606363], [13.2282667, 55.4606281]]}, "properties": {"t": "fall", "g": 12, "loop": "Gamla banan", "hole": 12, "slope_pct": 2.0, "bearing": 139.3}}, {"type": "Feature", "geometry": {"type": "LineString", "coordinates": [[13.2283017, 55.460637], [13.2283058, 55.4606252]]}, "properties": {"t": "fall", "g": 12, "loop": "Gamla banan", "hole": 12, "slope_pct": 2.22, "bearing": 168.6}}, {"type": "Feature", "geometry": {"type": "LineString", "coordinates": [[13.2280184, 55.4606059], [13.228031, 55.460603]]}, "properties": {"t": "fall", "g": 12, "loop": "Gamla banan", "hole": 12, "slope_pct": 1.44, "bearing": 111.7}}, {"type": "Feature", "geometry": {"type": "LineString", "coordinates": [[13.2280658, 55.4606066], [13.2280684, 55.4606018]]}, "properties": {"t": "fall", "g": 12, "loop": "Gamla banan", "hole": 12, "slope_pct": 0.94, "bearing": 162.8}}, {"type": "Feature", "geometry": {"type": "LineString", "coordinates": [[13.2281132, 55.4606073], [13.2281197, 55.4606008]]}, "properties": {"t": "fall", "g": 12, "loop": "Gamla banan", "hole": 12, "slope_pct": 1.39, "bearing": 150.6}}, {"type": "Feature", "geometry": {"type": "LineString", "coordinates": [[13.2281606, 55.460608], [13.2281665, 55.4605976]]}, "properties": {"t": "fall", "g": 12, "loop": "Gamla banan", "hole": 12, "slope_pct": 2.02, "bearing": 162.3}}, {"type": "Feature", "geometry": {"type": "LineString", "coordinates": [[13.228208, 55.4606087], [13.2282113, 55.4605981]]}, "properties": {"t": "fall", "g": 12, "loop": "Gamla banan", "hole": 12, "slope_pct": 1.99, "bearing": 170.2}}, {"type": "Feature", "geometry": {"type": "LineString", "coordinates": [[13.2282555, 55.4606093], [13.2282645, 55.4606025]]}, "properties": {"t": "fall", "g": 12, "loop": "Gamla banan", "hole": 12, "slope_pct": 1.59, "bearing": 143.1}}, {"type": "Feature", "geometry": {"type": "LineString", "coordinates": [[13.2283029, 55.46061], [13.2283117, 55.4606047]]}, "properties": {"t": "fall", "g": 12, "loop": "Gamla banan", "hole": 12, "slope_pct": 1.35, "bearing": 136.9}}, {"type": "Feature", "geometry": {"type": "LineString", "coordinates": [[13.228067, 55.4605797], [13.2280805, 55.4605902]]}, "properties": {"t": "fall", "g": 12, "loop": "Gamla banan", "hole": 12, "slope_pct": 2.42, "bearing": 36.0}}, {"type": "Feature", "geometry": {"type": "LineString", "coordinates": [[13.2281144, 55.4605803], [13.2281314, 55.4605759]]}, "properties": {"t": "fall", "g": 12, "loop": "Gamla banan", "hole": 12, "slope_pct": 1.97, "bearing": 114.8}}, {"type": "Feature", "geometry": {"type": "LineString", "coordinates": [[13.2281618, 55.460581], [13.2281687, 55.4605728]]}, "properties": {"t": "fall", "g": 12, "loop": "Gamla banan", "hole": 12, "slope_pct": 1.69, "bearing": 154.7}}, {"type": "Feature", "geometry": {"type": "LineString", "coordinates": [[13.2282092, 55.4605817], [13.2282065, 55.4605766]]}, "properties": {"t": "fall", "g": 12, "loop": "Gamla banan", "hole": 12, "slope_pct": 0.99, "bearing": 196.6}}, {"type": "Feature", "geometry": {"type": "LineString", "coordinates": [[13.2281156, 55.4605534], [13.2281531, 55.46057]]}, "properties": {"t": "fall", "g": 12, "loop": "Gamla banan", "hole": 12, "slope_pct": 8.2, "bearing": 52.0}}, {"type": "Feature", "geometry": {"type": "LineString", "coordinates": [[13.228163, 55.4605541], [13.2281774, 55.4605547]]}, "properties": {"t": "fall", "g": 12, "loop": "Gamla banan", "hole": 12, "slope_pct": 1.51, "bearing": 85.7}}, {"type": "Feature", "geometry": {"type": "LineString", "coordinates": [[13.2282104, 55.4605548], [13.2282071, 55.4605488]]}, "properties": {"t": "fall", "g": 12, "loop": "Gamla banan", "hole": 12, "slope_pct": 1.16, "bearing": 197.9}}, {"type": "Feature", "geometry": {"type": "LineString", "coordinates": [[13.2282579, 55.4605555], [13.2282539, 55.460546]]}, "properties": {"t": "fall", "g": 12, "loop": "Gamla banan", "hole": 12, "slope_pct": 1.81, "bearing": 193.3}}, {"type": "Feature", "geometry": {"type": "Point", "coordinates": [13.2281067, 55.4606861]}, "properties": {"t": "aim", "g": 12, "loop": "Gamla banan", "hole": 12, "aim_bearing": 155.8, "slope_median": 2.22, "slope_max": 9.18, "n_cells": 63}}, {"type": "Feature", "geometry": {"type": "LineString", "coordinates": [[13.2217402, 55.4605778], [13.2217357, 55.4606046]]}, "properties": {"t": "fall", "g": 13, "loop": "Gamla banan", "hole": 13, "slope_pct": 8.19, "bearing": 354.5}}, {"type": "Feature", "geometry": {"type": "LineString", "coordinates": [[13.2217877, 55.4605784], [13.2217841, 55.4606053]]}, "properties": {"t": "fall", "g": 13, "loop": "Gamla banan", "hole": 13, "slope_pct": 5.48, "bearing": 355.7}}, {"type": "Feature", "geometry": {"type": "LineString", "coordinates": [[13.2218351, 55.4605791], [13.2218481, 55.4606051]]}, "properties": {"t": "fall", "g": 13, "loop": "Gamla banan", "hole": 13, "slope_pct": 6.02, "bearing": 15.9}}, {"type": "Feature", "geometry": {"type": "LineString", "coordinates": [[13.2218825, 55.4605798], [13.221911, 55.4606014]]}, "properties": {"t": "fall", "g": 13, "loop": "Gamla banan", "hole": 13, "slope_pct": 8.28, "bearing": 36.8}}, {"type": "Feature", "geometry": {"type": "LineString", "coordinates": [[13.221694, 55.4605501], [13.2216725, 55.4605742]]}, "properties": {"t": "fall", "g": 13, "loop": "Gamla banan", "hole": 13, "slope_pct": 15.1, "bearing": 333.1}}, {"type": "Feature", "geometry": {"type": "LineString", "coordinates": [[13.2217415, 55.4605508], [13.2217707, 55.4605674]]}, "properties": {"t": "fall", "g": 13, "loop": "Gamla banan", "hole": 13, "slope_pct": 4.35, "bearing": 45.0}}, {"type": "Feature", "geometry": {"type": "LineString", "coordinates": [[13.2217889, 55.4605515], [13.2217864, 55.4605688]]}, "properties": {"t": "fall", "g": 13, "loop": "Gamla banan", "hole": 13, "slope_pct": 3.21, "bearing": 355.4}}, {"type": "Feature", "geometry": {"type": "LineString", "coordinates": [[13.2218363, 55.4605522], [13.2218504, 55.4605694]]}, "properties": {"t": "fall", "g": 13, "loop": "Gamla banan", "hole": 13, "slope_pct": 3.52, "bearing": 24.9}}, {"type": "Feature", "geometry": {"type": "LineString", "coordinates": [[13.2218837, 55.4605529], [13.2219185, 55.4605712]]}, "properties": {"t": "fall", "g": 13, "loop": "Gamla banan", "hole": 13, "slope_pct": 5.32, "bearing": 47.1}}, {"type": "Feature", "geometry": {"type": "LineString", "coordinates": [[13.2214581, 55.4605197], [13.2214205, 55.4605362]]}, "properties": {"t": "fall", "g": 13, "loop": "Gamla banan", "hole": 13, "slope_pct": 5.21, "bearing": 307.7}}, {"type": "Feature", "geometry": {"type": "LineString", "coordinates": [[13.2215056, 55.4605204], [13.221468, 55.4605361]]}, "properties": {"t": "fall", "g": 13, "loop": "Gamla banan", "hole": 13, "slope_pct": 4.91, "bearing": 306.3}}, {"type": "Feature", "geometry": {"type": "LineString", "coordinates": [[13.221553, 55.4605211], [13.2215198, 55.4605368]]}, "properties": {"t": "fall", "g": 13, "loop": "Gamla banan", "hole": 13, "slope_pct": 4.54, "bearing": 309.7}}, {"type": "Feature", "geometry": {"type": "LineString", "coordinates": [[13.2216478, 55.4605225], [13.2216671, 55.4605471]]}, "properties": {"t": "fall", "g": 13, "loop": "Gamla banan", "hole": 13, "slope_pct": 5.08, "bearing": 24.0}}, {"type": "Feature", "geometry": {"type": "LineString", "coordinates": [[13.2216952, 55.4605232], [13.2217377, 55.4605232]]}, "properties": {"t": "fall", "g": 13, "loop": "Gamla banan", "hole": 13, "slope_pct": 4.47, "bearing": 89.9}}, {"type": "Feature", "geometry": {"type": "LineString", "coordinates": [[13.2217427, 55.4605239], [13.2217633, 55.4605284]]}, "properties": {"t": "fall", "g": 13, "loop": "Gamla banan", "hole": 13, "slope_pct": 2.33, "bearing": 68.9}}, {"type": "Feature", "geometry": {"type": "LineString", "coordinates": [[13.2217901, 55.4605246], [13.221791, 55.4605286]]}, "properties": {"t": "fall", "g": 13, "loop": "Gamla banan", "hole": 13, "slope_pct": 0.76, "bearing": 6.9}}, {"type": "Feature", "geometry": {"type": "LineString", "coordinates": [[13.2218375, 55.4605252], [13.2218473, 55.4605275]]}, "properties": {"t": "fall", "g": 13, "loop": "Gamla banan", "hole": 13, "slope_pct": 1.11, "bearing": 68.2}}, {"type": "Feature", "geometry": {"type": "LineString", "coordinates": [[13.2218849, 55.4605259], [13.2219017, 55.4605383]]}, "properties": {"t": "fall", "g": 13, "loop": "Gamla banan", "hole": 13, "slope_pct": 2.89, "bearing": 37.5}}, {"type": "Feature", "geometry": {"type": "LineString", "coordinates": [[13.2214594, 55.4604928], [13.2214238, 55.4605017]]}, "properties": {"t": "fall", "g": 13, "loop": "Gamla banan", "hole": 13, "slope_pct": 4.09, "bearing": 293.8}}, {"type": "Feature", "geometry": {"type": "LineString", "coordinates": [[13.2215068, 55.4604935], [13.2214756, 55.4605003]]}, "properties": {"t": "fall", "g": 13, "loop": "Gamla banan", "hole": 13, "slope_pct": 3.52, "bearing": 291.0}}, {"type": "Feature", "geometry": {"type": "LineString", "coordinates": [[13.2215542, 55.4604942], [13.2215319, 55.4604956]]}, "properties": {"t": "fall", "g": 13, "loop": "Gamla banan", "hole": 13, "slope_pct": 2.36, "bearing": 276.3}}, {"type": "Feature", "geometry": {"type": "LineString", "coordinates": [[13.2216016, 55.4604949], [13.2215922, 55.4604929]]}, "properties": {"t": "fall", "g": 13, "loop": "Gamla banan", "hole": 13, "slope_pct": 1.06, "bearing": 249.4}}, {"type": "Feature", "geometry": {"type": "LineString", "coordinates": [[13.221649, 55.4604955], [13.2216708, 55.4604978]]}, "properties": {"t": "fall", "g": 13, "loop": "Gamla banan", "hole": 13, "slope_pct": 2.33, "bearing": 79.6}}, {"type": "Feature", "geometry": {"type": "LineString", "coordinates": [[13.2216965, 55.4604962], [13.2217354, 55.4605061]]}, "properties": {"t": "fall", "g": 13, "loop": "Gamla banan", "hole": 13, "slope_pct": 4.49, "bearing": 65.8}}, {"type": "Feature", "geometry": {"type": "LineString", "coordinates": [[13.2217439, 55.4604969], [13.2217641, 55.4605042]]}, "properties": {"t": "fall", "g": 13, "loop": "Gamla banan", "hole": 13, "slope_pct": 2.52, "bearing": 57.8}}, {"type": "Feature", "geometry": {"type": "LineString", "coordinates": [[13.2217913, 55.4604976], [13.2218026, 55.4604989]]}, "properties": {"t": "fall", "g": 13, "loop": "Gamla banan", "hole": 13, "slope_pct": 1.22, "bearing": 78.7}}, {"type": "Feature", "geometry": {"type": "LineString", "coordinates": [[13.2218387, 55.4604983], [13.2218471, 55.460495]]}, "properties": {"t": "fall", "g": 13, "loop": "Gamla banan", "hole": 13, "slope_pct": 1.08, "bearing": 125.3}}, {"type": "Feature", "geometry": {"type": "LineString", "coordinates": [[13.2218861, 55.460499], [13.2218635, 55.4605116]]}, "properties": {"t": "fall", "g": 13, "loop": "Gamla banan", "hole": 13, "slope_pct": 3.34, "bearing": 314.6}}, {"type": "Feature", "geometry": {"type": "LineString", "coordinates": [[13.221508, 55.4604665], [13.2214861, 55.4604717]]}, "properties": {"t": "fall", "g": 13, "loop": "Gamla banan", "hole": 13, "slope_pct": 2.5, "bearing": 292.7}}, {"type": "Feature", "geometry": {"type": "LineString", "coordinates": [[13.2215554, 55.4604672], [13.2215343, 55.4604676]]}, "properties": {"t": "fall", "g": 13, "loop": "Gamla banan", "hole": 13, "slope_pct": 2.22, "bearing": 272.0}}, {"type": "Feature", "geometry": {"type": "LineString", "coordinates": [[13.2216028, 55.4604679], [13.2215901, 55.460467]]}, "properties": {"t": "fall", "g": 13, "loop": "Gamla banan", "hole": 13, "slope_pct": 1.35, "bearing": 262.5}}, {"type": "Feature", "geometry": {"type": "LineString", "coordinates": [[13.2216503, 55.4604686], [13.2216588, 55.4604724]]}, "properties": {"t": "fall", "g": 13, "loop": "Gamla banan", "hole": 13, "slope_pct": 1.15, "bearing": 51.7}}, {"type": "Feature", "geometry": {"type": "LineString", "coordinates": [[13.2216977, 55.4604693], [13.2217328, 55.46048]]}, "properties": {"t": "fall", "g": 13, "loop": "Gamla banan", "hole": 13, "slope_pct": 4.2, "bearing": 61.8}}, {"type": "Feature", "geometry": {"type": "LineString", "coordinates": [[13.2217451, 55.46047], [13.2217805, 55.4604739]]}, "properties": {"t": "fall", "g": 13, "loop": "Gamla banan", "hole": 13, "slope_pct": 3.8, "bearing": 78.9}}, {"type": "Feature", "geometry": {"type": "LineString", "coordinates": [[13.2217925, 55.4604707], [13.2218116, 55.4604692]]}, "properties": {"t": "fall", "g": 13, "loop": "Gamla banan", "hole": 13, "slope_pct": 2.03, "bearing": 97.8}}, {"type": "Feature", "geometry": {"type": "LineString", "coordinates": [[13.2218399, 55.4604714], [13.2218254, 55.4604847]]}, "properties": {"t": "fall", "g": 13, "loop": "Gamla banan", "hole": 13, "slope_pct": 2.91, "bearing": 328.3}}, {"type": "Feature", "geometry": {"type": "LineString", "coordinates": [[13.2215566, 55.4604403], [13.2215643, 55.4604669]]}, "properties": {"t": "fall", "g": 13, "loop": "Gamla banan", "hole": 13, "slope_pct": 8.57, "bearing": 9.3}}, {"type": "Feature", "geometry": {"type": "LineString", "coordinates": [[13.221604, 55.460441], [13.2216046, 55.4604573]]}, "properties": {"t": "fall", "g": 13, "loop": "Gamla banan", "hole": 13, "slope_pct": 3.04, "bearing": 1.0}}, {"type": "Feature", "geometry": {"type": "LineString", "coordinates": [[13.2216515, 55.4604417], [13.2216523, 55.4604483]]}, "properties": {"t": "fall", "g": 13, "loop": "Gamla banan", "hole": 13, "slope_pct": 1.23, "bearing": 3.9}}, {"type": "Feature", "geometry": {"type": "LineString", "coordinates": [[13.2216989, 55.4604423], [13.2217321, 55.4604488]]}, "properties": {"t": "fall", "g": 13, "loop": "Gamla banan", "hole": 13, "slope_pct": 3.7, "bearing": 71.0}}, {"type": "Feature", "geometry": {"type": "LineString", "coordinates": [[13.2217463, 55.460443], [13.22179, 55.4604537]]}, "properties": {"t": "fall", "g": 13, "loop": "Gamla banan", "hole": 13, "slope_pct": 5.16, "bearing": 66.7}}, {"type": "Feature", "geometry": {"type": "LineString", "coordinates": [[13.2217937, 55.4604437], [13.2217904, 55.4604656]]}, "properties": {"t": "fall", "g": 13, "loop": "Gamla banan", "hole": 13, "slope_pct": 4.08, "bearing": 355.0}}, {"type": "Feature", "geometry": {"type": "Point", "coordinates": [13.2216994, 55.460504]}, "properties": {"t": "aim", "g": 13, "loop": "Gamla banan", "hole": 13, "aim_bearing": 9.2, "slope_median": 3.52, "slope_max": 15.1, "n_cells": 42}}, {"type": "Feature", "geometry": {"type": "LineString", "coordinates": [[13.2215565, 55.4625523], [13.2215311, 55.4625501]]}, "properties": {"t": "fall", "g": 14, "loop": "Gamla banan", "hole": 14, "slope_pct": 2.7, "bearing": 261.2}}, {"type": "Feature", "geometry": {"type": "LineString", "coordinates": [[13.2216039, 55.462553], [13.2215816, 55.4625496]]}, "properties": {"t": "fall", "g": 14, "loop": "Gamla banan", "hole": 14, "slope_pct": 2.43, "bearing": 255.2}}, {"type": "Feature", "geometry": {"type": "LineString", "coordinates": [[13.2216513, 55.4625537], [13.221641, 55.4625489]]}, "properties": {"t": "fall", "g": 14, "loop": "Gamla banan", "hole": 14, "slope_pct": 1.4, "bearing": 230.6}}, {"type": "Feature", "geometry": {"type": "LineString", "coordinates": [[13.2216987, 55.4625544], [13.2216972, 55.4625462]]}, "properties": {"t": "fall", "g": 14, "loop": "Gamla banan", "hole": 14, "slope_pct": 1.53, "bearing": 186.0}}, {"type": "Feature", "geometry": {"type": "LineString", "coordinates": [[13.2217461, 55.462555], [13.2217613, 55.4625467]]}, "properties": {"t": "fall", "g": 14, "loop": "Gamla banan", "hole": 14, "slope_pct": 2.22, "bearing": 134.2}}, {"type": "Feature", "geometry": {"type": "LineString", "coordinates": [[13.2217936, 55.4625557], [13.2218133, 55.4625513]]}, "properties": {"t": "fall", "g": 14, "loop": "Gamla banan", "hole": 14, "slope_pct": 2.23, "bearing": 111.6}}, {"type": "Feature", "geometry": {"type": "LineString", "coordinates": [[13.221841, 55.4625564], [13.2218339, 55.4625523]]}, "properties": {"t": "fall", "g": 14, "loop": "Gamla banan", "hole": 14, "slope_pct": 1.07, "bearing": 224.2}}, {"type": "Feature", "geometry": {"type": "LineString", "coordinates": [[13.2215102, 55.4625247], [13.2214666, 55.4625225]]}, "properties": {"t": "fall", "g": 14, "loop": "Gamla banan", "hole": 14, "slope_pct": 4.61, "bearing": 265.1}}, {"type": "Feature", "geometry": {"type": "LineString", "coordinates": [[13.2215577, 55.4625253], [13.2215332, 55.4625211]]}, "properties": {"t": "fall", "g": 14, "loop": "Gamla banan", "hole": 14, "slope_pct": 2.7, "bearing": 252.9}}, {"type": "Feature", "geometry": {"type": "LineString", "coordinates": [[13.2216051, 55.462526], [13.221585, 55.462522]]}, "properties": {"t": "fall", "g": 14, "loop": "Gamla banan", "hole": 14, "slope_pct": 2.24, "bearing": 250.6}}, {"type": "Feature", "geometry": {"type": "LineString", "coordinates": [[13.2216525, 55.4625267], [13.2216414, 55.4625254]]}, "properties": {"t": "fall", "g": 14, "loop": "Gamla banan", "hole": 14, "slope_pct": 1.2, "bearing": 258.1}}, {"type": "Feature", "geometry": {"type": "LineString", "coordinates": [[13.2217474, 55.4625281], [13.2217602, 55.4625289]]}, "properties": {"t": "fall", "g": 14, "loop": "Gamla banan", "hole": 14, "slope_pct": 1.36, "bearing": 84.1}}, {"type": "Feature", "geometry": {"type": "LineString", "coordinates": [[13.2217948, 55.4625288], [13.2218094, 55.4625318]]}, "properties": {"t": "fall", "g": 14, "loop": "Gamla banan", "hole": 14, "slope_pct": 1.64, "bearing": 70.2}}, {"type": "Feature", "geometry": {"type": "LineString", "coordinates": [[13.2218422, 55.4625295], [13.2218431, 55.4625332]]}, "properties": {"t": "fall", "g": 14, "loop": "Gamla banan", "hole": 14, "slope_pct": 0.7, "bearing": 8.1}}, {"type": "Feature", "geometry": {"type": "LineString", "coordinates": [[13.2218896, 55.4625302], [13.221886, 55.4625245]]}, "properties": {"t": "fall", "g": 14, "loop": "Gamla banan", "hole": 14, "slope_pct": 1.12, "bearing": 200.0}}, {"type": "Feature", "geometry": {"type": "LineString", "coordinates": [[13.2219371, 55.4625309], [13.221918, 55.4625082]]}, "properties": {"t": "fall", "g": 14, "loop": "Gamla banan", "hole": 14, "slope_pct": 4.65, "bearing": 205.5}}, {"type": "Feature", "geometry": {"type": "LineString", "coordinates": [[13.2215115, 55.4624977], [13.2214687, 55.4624912]]}, "properties": {"t": "fall", "g": 14, "loop": "Gamla banan", "hole": 14, "slope_pct": 4.66, "bearing": 255.0}}, {"type": "Feature", "geometry": {"type": "LineString", "coordinates": [[13.2215589, 55.4624984], [13.2215374, 55.462493]]}, "properties": {"t": "fall", "g": 14, "loop": "Gamla banan", "hole": 14, "slope_pct": 2.47, "bearing": 246.1}}, {"type": "Feature", "geometry": {"type": "LineString", "coordinates": [[13.2216063, 55.4624991], [13.2215832, 55.4624923]]}, "properties": {"t": "fall", "g": 14, "loop": "Gamla banan", "hole": 14, "slope_pct": 2.74, "bearing": 242.7}}, {"type": "Feature", "geometry": {"type": "LineString", "coordinates": [[13.2216537, 55.4624998], [13.2216358, 55.4624954]]}, "properties": {"t": "fall", "g": 14, "loop": "Gamla banan", "hole": 14, "slope_pct": 2.06, "bearing": 246.5}}, {"type": "Feature", "geometry": {"type": "LineString", "coordinates": [[13.2217012, 55.4625005], [13.2216985, 55.4624969]]}, "properties": {"t": "fall", "g": 14, "loop": "Gamla banan", "hole": 14, "slope_pct": 0.72, "bearing": 202.4}}, {"type": "Feature", "geometry": {"type": "LineString", "coordinates": [[13.2217486, 55.4625012], [13.2217597, 55.4624991]]}, "properties": {"t": "fall", "g": 14, "loop": "Gamla banan", "hole": 14, "slope_pct": 1.23, "bearing": 108.5}}, {"type": "Feature", "geometry": {"type": "LineString", "coordinates": [[13.221796, 55.4625018], [13.2218063, 55.4625019]]}, "properties": {"t": "fall", "g": 14, "loop": "Gamla banan", "hole": 14, "slope_pct": 1.09, "bearing": 89.7}}, {"type": "Feature", "geometry": {"type": "LineString", "coordinates": [[13.2218434, 55.4625025], [13.2218503, 55.4625015]]}, "properties": {"t": "fall", "g": 14, "loop": "Gamla banan", "hole": 14, "slope_pct": 0.75, "bearing": 104.6}}, {"type": "Feature", "geometry": {"type": "LineString", "coordinates": [[13.2218908, 55.4625032], [13.2218973, 55.4625005]]}, "properties": {"t": "fall", "g": 14, "loop": "Gamla banan", "hole": 14, "slope_pct": 0.85, "bearing": 126.9}}, {"type": "Feature", "geometry": {"type": "LineString", "coordinates": [[13.2219383, 55.4625039], [13.22194, 55.4624983]]}, "properties": {"t": "fall", "g": 14, "loop": "Gamla banan", "hole": 14, "slope_pct": 1.05, "bearing": 169.8}}, {"type": "Feature", "geometry": {"type": "LineString", "coordinates": [[13.2215127, 55.4624708], [13.2214734, 55.4624556]]}, "properties": {"t": "fall", "g": 14, "loop": "Gamla banan", "hole": 14, "slope_pct": 5.39, "bearing": 235.8}}, {"type": "Feature", "geometry": {"type": "LineString", "coordinates": [[13.2215601, 55.4624715], [13.2215347, 55.4624571]]}, "properties": {"t": "fall", "g": 14, "loop": "Gamla banan", "hole": 14, "slope_pct": 3.77, "bearing": 225.1}}, {"type": "Feature", "geometry": {"type": "LineString", "coordinates": [[13.2216075, 55.4624721], [13.2215821, 55.4624623]]}, "properties": {"t": "fall", "g": 14, "loop": "Gamla banan", "hole": 14, "slope_pct": 3.23, "bearing": 235.7}}, {"type": "Feature", "geometry": {"type": "LineString", "coordinates": [[13.2216549, 55.4624728], [13.221636, 55.4624631]]}, "properties": {"t": "fall", "g": 14, "loop": "Gamla banan", "hole": 14, "slope_pct": 2.69, "bearing": 228.0}}, {"type": "Feature", "geometry": {"type": "LineString", "coordinates": [[13.2217024, 55.4624735], [13.2216938, 55.4624703]]}, "properties": {"t": "fall", "g": 14, "loop": "Gamla banan", "hole": 14, "slope_pct": 1.08, "bearing": 236.6}}, {"type": "Feature", "geometry": {"type": "LineString", "coordinates": [[13.2217498, 55.4624742], [13.2217617, 55.462472]]}, "properties": {"t": "fall", "g": 14, "loop": "Gamla banan", "hole": 14, "slope_pct": 1.32, "bearing": 108.0}}, {"type": "Feature", "geometry": {"type": "LineString", "coordinates": [[13.2217972, 55.4624749], [13.2218076, 55.4624668]]}, "properties": {"t": "fall", "g": 14, "loop": "Gamla banan", "hole": 14, "slope_pct": 1.86, "bearing": 144.0}}, {"type": "Feature", "geometry": {"type": "LineString", "coordinates": [[13.2218446, 55.4624756], [13.2218502, 55.4624706]]}, "properties": {"t": "fall", "g": 14, "loop": "Gamla banan", "hole": 14, "slope_pct": 1.09, "bearing": 147.7}}, {"type": "Feature", "geometry": {"type": "LineString", "coordinates": [[13.2218921, 55.4624763], [13.2219011, 55.4624715]]}, "properties": {"t": "fall", "g": 14, "loop": "Gamla banan", "hole": 14, "slope_pct": 1.31, "bearing": 133.3}}, {"type": "Feature", "geometry": {"type": "LineString", "coordinates": [[13.2219395, 55.462477], [13.2219432, 55.4624724]]}, "properties": {"t": "fall", "g": 14, "loop": "Gamla banan", "hole": 14, "slope_pct": 0.94, "bearing": 155.5}}, {"type": "Feature", "geometry": {"type": "LineString", "coordinates": [[13.2215139, 55.4624438], [13.2214825, 55.4624258]]}, "properties": {"t": "fall", "g": 14, "loop": "Gamla banan", "hole": 14, "slope_pct": 4.69, "bearing": 224.7}}, {"type": "Feature", "geometry": {"type": "LineString", "coordinates": [[13.2215613, 55.4624445], [13.22153, 55.4624242]]}, "properties": {"t": "fall", "g": 14, "loop": "Gamla banan", "hole": 14, "slope_pct": 5.35, "bearing": 221.2}}, {"type": "Feature", "geometry": {"type": "LineString", "coordinates": [[13.2216087, 55.4624452], [13.2215823, 55.462423]]}, "properties": {"t": "fall", "g": 14, "loop": "Gamla banan", "hole": 14, "slope_pct": 4.98, "bearing": 214.0}}, {"type": "Feature", "geometry": {"type": "LineString", "coordinates": [[13.2216562, 55.4624459], [13.2216331, 55.4624223]]}, "properties": {"t": "fall", "g": 14, "loop": "Gamla banan", "hole": 14, "slope_pct": 5.06, "bearing": 209.0}}, {"type": "Feature", "geometry": {"type": "LineString", "coordinates": [[13.2215625, 55.4624176], [13.2215384, 55.4623943]]}, "properties": {"t": "fall", "g": 14, "loop": "Gamla banan", "hole": 14, "slope_pct": 5.24, "bearing": 210.4}}, {"type": "Feature", "geometry": {"type": "LineString", "coordinates": [[13.2216099, 55.4624183], [13.2215963, 55.4623924]]}, "properties": {"t": "fall", "g": 14, "loop": "Gamla banan", "hole": 14, "slope_pct": 6.17, "bearing": 196.7}}, {"type": "Feature", "geometry": {"type": "Point", "coordinates": [13.2216934, 55.4625014]}, "properties": {"t": "aim", "g": 14, "loop": "Gamla banan", "hole": 14, "aim_bearing": 217.2, "slope_median": 2.06, "slope_max": 6.17, "n_cells": 43}}, {"type": "Feature", "geometry": {"type": "LineString", "coordinates": [[13.2200246, 55.4607415], [13.2200329, 55.4607496]]}, "properties": {"t": "fall", "g": 15, "loop": "Gamla banan", "hole": 15, "slope_pct": 1.73, "bearing": 30.3}}, {"type": "Feature", "geometry": {"type": "LineString", "coordinates": [[13.220072, 55.4607422], [13.2200935, 55.4607561]]}, "properties": {"t": "fall", "g": 15, "loop": "Gamla banan", "hole": 15, "slope_pct": 3.42, "bearing": 41.3}}, {"type": "Feature", "geometry": {"type": "LineString", "coordinates": [[13.2200258, 55.4607146], [13.2200191, 55.4607184]]}, "properties": {"t": "fall", "g": 15, "loop": "Gamla banan", "hole": 15, "slope_pct": 0.99, "bearing": 314.9}}, {"type": "Feature", "geometry": {"type": "LineString", "coordinates": [[13.2200733, 55.4607153], [13.220086, 55.4607262]]}, "properties": {"t": "fall", "g": 15, "loop": "Gamla banan", "hole": 15, "slope_pct": 2.43, "bearing": 33.6}}, {"type": "Feature", "geometry": {"type": "LineString", "coordinates": [[13.220027, 55.4606877], [13.220011, 55.460687]]}, "properties": {"t": "fall", "g": 15, "loop": "Gamla banan", "hole": 15, "slope_pct": 1.69, "bearing": 265.9}}, {"type": "Feature", "geometry": {"type": "LineString", "coordinates": [[13.2200745, 55.4606884], [13.2200755, 55.4606921]]}, "properties": {"t": "fall", "g": 15, "loop": "Gamla banan", "hole": 15, "slope_pct": 0.7, "bearing": 9.0}}, {"type": "Feature", "geometry": {"type": "LineString", "coordinates": [[13.2201219, 55.460689], [13.2201625, 55.460703]]}, "properties": {"t": "fall", "g": 15, "loop": "Gamla banan", "hole": 15, "slope_pct": 6.22, "bearing": 58.8}}, {"type": "Feature", "geometry": {"type": "LineString", "coordinates": [[13.2200283, 55.4606607], [13.2200208, 55.4606611]]}, "properties": {"t": "fall", "g": 15, "loop": "Gamla banan", "hole": 15, "slope_pct": 0.79, "bearing": 275.4}}, {"type": "Feature", "geometry": {"type": "LineString", "coordinates": [[13.2200757, 55.4606614], [13.2200703, 55.460661]]}, "properties": {"t": "fall", "g": 15, "loop": "Gamla banan", "hole": 15, "slope_pct": 0.57, "bearing": 262.6}}, {"type": "Feature", "geometry": {"type": "LineString", "coordinates": [[13.2201231, 55.4606621], [13.2201284, 55.4606673]]}, "properties": {"t": "fall", "g": 15, "loop": "Gamla banan", "hole": 15, "slope_pct": 1.12, "bearing": 30.0}}, {"type": "Feature", "geometry": {"type": "LineString", "coordinates": [[13.2200295, 55.4606338], [13.2200339, 55.4606391]]}, "properties": {"t": "fall", "g": 15, "loop": "Gamla banan", "hole": 15, "slope_pct": 1.09, "bearing": 25.3}}, {"type": "Feature", "geometry": {"type": "LineString", "coordinates": [[13.2200769, 55.4606345], [13.2200599, 55.4606436]]}, "properties": {"t": "fall", "g": 15, "loop": "Gamla banan", "hole": 15, "slope_pct": 2.46, "bearing": 313.5}}, {"type": "Feature", "geometry": {"type": "LineString", "coordinates": [[13.2201243, 55.4606352], [13.2201194, 55.4606513]]}, "properties": {"t": "fall", "g": 15, "loop": "Gamla banan", "hole": 15, "slope_pct": 3.04, "bearing": 350.2}}, {"type": "Feature", "geometry": {"type": "LineString", "coordinates": [[13.2201717, 55.4606358], [13.2201866, 55.4606547]]}, "properties": {"t": "fall", "g": 15, "loop": "Gamla banan", "hole": 15, "slope_pct": 3.84, "bearing": 24.0}}, {"type": "Feature", "geometry": {"type": "LineString", "coordinates": [[13.2200781, 55.4606075], [13.2200529, 55.4606284]]}, "properties": {"t": "fall", "g": 15, "loop": "Gamla banan", "hole": 15, "slope_pct": 4.7, "bearing": 325.7}}, {"type": "Feature", "geometry": {"type": "LineString", "coordinates": [[13.2201255, 55.4606082], [13.2201217, 55.4606254]]}, "properties": {"t": "fall", "g": 15, "loop": "Gamla banan", "hole": 15, "slope_pct": 3.21, "bearing": 352.8}}, {"type": "Feature", "geometry": {"type": "LineString", "coordinates": [[13.2201729, 55.4606089], [13.2201892, 55.4606211]]}, "properties": {"t": "fall", "g": 15, "loop": "Gamla banan", "hole": 15, "slope_pct": 2.84, "bearing": 37.0}}, {"type": "Feature", "geometry": {"type": "LineString", "coordinates": [[13.2202204, 55.4606096], [13.2202549, 55.4606245]]}, "properties": {"t": "fall", "g": 15, "loop": "Gamla banan", "hole": 15, "slope_pct": 4.57, "bearing": 52.7}}, {"type": "Feature", "geometry": {"type": "LineString", "coordinates": [[13.2201267, 55.4605813], [13.2201306, 55.4605874]]}, "properties": {"t": "fall", "g": 15, "loop": "Gamla banan", "hole": 15, "slope_pct": 1.21, "bearing": 19.6}}, {"type": "Feature", "geometry": {"type": "LineString", "coordinates": [[13.2201742, 55.460582], [13.2201923, 55.4605866]]}, "properties": {"t": "fall", "g": 15, "loop": "Gamla banan", "hole": 15, "slope_pct": 2.09, "bearing": 65.6}}, {"type": "Feature", "geometry": {"type": "LineString", "coordinates": [[13.2202216, 55.4605826], [13.220247, 55.4605909]]}, "properties": {"t": "fall", "g": 15, "loop": "Gamla banan", "hole": 15, "slope_pct": 3.08, "bearing": 60.3}}, {"type": "Feature", "geometry": {"type": "LineString", "coordinates": [[13.220269, 55.4605833], [13.2203096, 55.4605925]]}, "properties": {"t": "fall", "g": 15, "loop": "Gamla banan", "hole": 15, "slope_pct": 4.59, "bearing": 68.4}}, {"type": "Feature", "geometry": {"type": "LineString", "coordinates": [[13.2201754, 55.460555], [13.220195, 55.4605583]]}, "properties": {"t": "fall", "g": 15, "loop": "Gamla banan", "hole": 15, "slope_pct": 2.15, "bearing": 73.5}}, {"type": "Feature", "geometry": {"type": "LineString", "coordinates": [[13.2202228, 55.4605557], [13.2202414, 55.4605568]]}, "properties": {"t": "fall", "g": 15, "loop": "Gamla banan", "hole": 15, "slope_pct": 1.97, "bearing": 84.3}}, {"type": "Feature", "geometry": {"type": "LineString", "coordinates": [[13.2202702, 55.4605564], [13.2203056, 55.4605635]]}, "properties": {"t": "fall", "g": 15, "loop": "Gamla banan", "hole": 15, "slope_pct": 3.95, "bearing": 70.5}}, {"type": "Feature", "geometry": {"type": "LineString", "coordinates": [[13.2201766, 55.4605281], [13.2201904, 55.4605279]]}, "properties": {"t": "fall", "g": 15, "loop": "Gamla banan", "hole": 15, "slope_pct": 1.46, "bearing": 91.4}}, {"type": "Feature", "geometry": {"type": "LineString", "coordinates": [[13.220224, 55.4605288], [13.2202502, 55.4605281]]}, "properties": {"t": "fall", "g": 15, "loop": "Gamla banan", "hole": 15, "slope_pct": 2.76, "bearing": 92.6}}, {"type": "Feature", "geometry": {"type": "LineString", "coordinates": [[13.2202714, 55.4605294], [13.2202868, 55.4605268]]}, "properties": {"t": "fall", "g": 15, "loop": "Gamla banan", "hole": 15, "slope_pct": 1.68, "bearing": 106.6}}, {"type": "Feature", "geometry": {"type": "Point", "coordinates": [13.2201343, 55.4606299]}, "properties": {"t": "aim", "g": 15, "loop": "Gamla banan", "hole": 15, "aim_bearing": 38.6, "slope_median": 2.29, "slope_max": 6.22, "n_cells": 28}}, {"type": "Feature", "geometry": {"type": "LineString", "coordinates": [[13.2269226, 55.4582354], [13.2269171, 55.4582411]]}, "properties": {"t": "fall", "g": 16, "loop": "Gamla banan", "hole": 16, "slope_pct": 1.2, "bearing": 331.3}}, {"type": "Feature", "geometry": {"type": "LineString", "coordinates": [[13.2268764, 55.4582077], [13.2268812, 55.4582074]]}, "properties": {"t": "fall", "g": 16, "loop": "Gamla banan", "hole": 16, "slope_pct": 0.51, "bearing": 96.5}}, {"type": "Feature", "geometry": {"type": "LineString", "coordinates": [[13.2269238, 55.4582084], [13.2269203, 55.4582125]]}, "properties": {"t": "fall", "g": 16, "loop": "Gamla banan", "hole": 16, "slope_pct": 0.85, "bearing": 333.8}}, {"type": "Feature", "geometry": {"type": "LineString", "coordinates": [[13.2269713, 55.4582091], [13.2269461, 55.458213]]}, "properties": {"t": "fall", "g": 16, "loop": "Gamla banan", "hole": 16, "slope_pct": 2.75, "bearing": 285.1}}, {"type": "Feature", "geometry": {"type": "LineString", "coordinates": [[13.226688, 55.4581781], [13.2266818, 55.4582038]]}, "properties": {"t": "fall", "g": 16, "loop": "Gamla banan", "hole": 16, "slope_pct": 4.82, "bearing": 352.3}}, {"type": "Feature", "geometry": {"type": "LineString", "coordinates": [[13.2268302, 55.4581801], [13.2268524, 55.4581759]]}, "properties": {"t": "fall", "g": 16, "loop": "Gamla banan", "hole": 16, "slope_pct": 2.46, "bearing": 108.6}}, {"type": "Feature", "geometry": {"type": "LineString", "coordinates": [[13.2268776, 55.4581808], [13.2268684, 55.4581782]]}, "properties": {"t": "fall", "g": 16, "loop": "Gamla banan", "hole": 16, "slope_pct": 1.08, "bearing": 243.8}}, {"type": "Feature", "geometry": {"type": "LineString", "coordinates": [[13.2269251, 55.4581815], [13.2269199, 55.4581814]]}, "properties": {"t": "fall", "g": 16, "loop": "Gamla banan", "hole": 16, "slope_pct": 0.55, "bearing": 268.4}}, {"type": "Feature", "geometry": {"type": "LineString", "coordinates": [[13.2269725, 55.4581822], [13.2269503, 55.4581805]]}, "properties": {"t": "fall", "g": 16, "loop": "Gamla banan", "hole": 16, "slope_pct": 2.35, "bearing": 262.4}}, {"type": "Feature", "geometry": {"type": "LineString", "coordinates": [[13.2266418, 55.4581504], [13.2266321, 55.4581541]]}, "properties": {"t": "fall", "g": 16, "loop": "Gamla banan", "hole": 16, "slope_pct": 1.22, "bearing": 303.9}}, {"type": "Feature", "geometry": {"type": "LineString", "coordinates": [[13.2266892, 55.4581511], [13.2266731, 55.4581558]]}, "properties": {"t": "fall", "g": 16, "loop": "Gamla banan", "hole": 16, "slope_pct": 1.9, "bearing": 297.3}}, {"type": "Feature", "geometry": {"type": "LineString", "coordinates": [[13.2267366, 55.4581518], [13.2266914, 55.4581435]]}, "properties": {"t": "fall", "g": 16, "loop": "Gamla banan", "hole": 16, "slope_pct": 6.72, "bearing": 252.0}}, {"type": "Feature", "geometry": {"type": "LineString", "coordinates": [[13.226784, 55.4581525], [13.2267864, 55.4581422]]}, "properties": {"t": "fall", "g": 16, "loop": "Gamla banan", "hole": 16, "slope_pct": 1.93, "bearing": 172.6}}, {"type": "Feature", "geometry": {"type": "LineString", "coordinates": [[13.2268314, 55.4581532], [13.2268625, 55.4581519]]}, "properties": {"t": "fall", "g": 16, "loop": "Gamla banan", "hole": 16, "slope_pct": 3.28, "bearing": 94.1}}, {"type": "Feature", "geometry": {"type": "LineString", "coordinates": [[13.2268788, 55.4581539], [13.2268639, 55.458153]]}, "properties": {"t": "fall", "g": 16, "loop": "Gamla banan", "hole": 16, "slope_pct": 1.58, "bearing": 264.3}}, {"type": "Feature", "geometry": {"type": "LineString", "coordinates": [[13.2269263, 55.4581545], [13.2269196, 55.4581539]]}, "properties": {"t": "fall", "g": 16, "loop": "Gamla banan", "hole": 16, "slope_pct": 0.71, "bearing": 260.6}}, {"type": "Feature", "geometry": {"type": "LineString", "coordinates": [[13.2269737, 55.4581552], [13.226962, 55.4581531]]}, "properties": {"t": "fall", "g": 16, "loop": "Gamla banan", "hole": 16, "slope_pct": 1.29, "bearing": 252.0}}, {"type": "Feature", "geometry": {"type": "LineString", "coordinates": [[13.226643, 55.4581235], [13.2266338, 55.4581268]]}, "properties": {"t": "fall", "g": 16, "loop": "Gamla banan", "hole": 16, "slope_pct": 1.14, "bearing": 302.2}}, {"type": "Feature", "geometry": {"type": "LineString", "coordinates": [[13.2266904, 55.4581242], [13.2266763, 55.458129]]}, "properties": {"t": "fall", "g": 16, "loop": "Gamla banan", "hole": 16, "slope_pct": 1.72, "bearing": 301.0}}, {"type": "Feature", "geometry": {"type": "LineString", "coordinates": [[13.2267378, 55.4581249], [13.2267088, 55.4581243]]}, "properties": {"t": "fall", "g": 16, "loop": "Gamla banan", "hole": 16, "slope_pct": 3.05, "bearing": 268.0}}, {"type": "Feature", "geometry": {"type": "LineString", "coordinates": [[13.2267852, 55.4581255], [13.2267565, 55.4581229]]}, "properties": {"t": "fall", "g": 16, "loop": "Gamla banan", "hole": 16, "slope_pct": 3.07, "bearing": 260.9}}, {"type": "Feature", "geometry": {"type": "LineString", "coordinates": [[13.2268326, 55.4581262], [13.2268641, 55.4581347]]}, "properties": {"t": "fall", "g": 16, "loop": "Gamla banan", "hole": 16, "slope_pct": 3.66, "bearing": 64.7}}, {"type": "Feature", "geometry": {"type": "LineString", "coordinates": [[13.2268801, 55.4581269], [13.2268691, 55.4581303]]}, "properties": {"t": "fall", "g": 16, "loop": "Gamla banan", "hole": 16, "slope_pct": 1.31, "bearing": 298.7}}, {"type": "Feature", "geometry": {"type": "LineString", "coordinates": [[13.2269749, 55.4581283], [13.2269592, 55.4581284]]}, "properties": {"t": "fall", "g": 16, "loop": "Gamla banan", "hole": 16, "slope_pct": 1.66, "bearing": 270.6}}, {"type": "Feature", "geometry": {"type": "LineString", "coordinates": [[13.2266442, 55.4580965], [13.2266516, 55.4581047]]}, "properties": {"t": "fall", "g": 16, "loop": "Gamla banan", "hole": 16, "slope_pct": 1.7, "bearing": 27.1}}, {"type": "Feature", "geometry": {"type": "LineString", "coordinates": [[13.2266916, 55.4580972], [13.2266712, 55.4580991]]}, "properties": {"t": "fall", "g": 16, "loop": "Gamla banan", "hole": 16, "slope_pct": 2.18, "bearing": 279.3}}, {"type": "Feature", "geometry": {"type": "LineString", "coordinates": [[13.226739, 55.4580979], [13.2267234, 55.4581022]]}, "properties": {"t": "fall", "g": 16, "loop": "Gamla banan", "hole": 16, "slope_pct": 1.83, "bearing": 296.1}}, {"type": "Feature", "geometry": {"type": "LineString", "coordinates": [[13.2267864, 55.4580986], [13.2267595, 55.4580896]]}, "properties": {"t": "fall", "g": 16, "loop": "Gamla banan", "hole": 16, "slope_pct": 3.29, "bearing": 239.6}}, {"type": "Feature", "geometry": {"type": "LineString", "coordinates": [[13.2268338, 55.4580993], [13.2268524, 55.4580926]]}, "properties": {"t": "fall", "g": 16, "loop": "Gamla banan", "hole": 16, "slope_pct": 2.32, "bearing": 122.6}}, {"type": "Feature", "geometry": {"type": "LineString", "coordinates": [[13.2268813, 55.4581], [13.2268714, 55.4581018]]}, "properties": {"t": "fall", "g": 16, "loop": "Gamla banan", "hole": 16, "slope_pct": 1.1, "bearing": 288.5}}, {"type": "Feature", "geometry": {"type": "LineString", "coordinates": [[13.2269287, 55.4581007], [13.226915, 55.4581118]]}, "properties": {"t": "fall", "g": 16, "loop": "Gamla banan", "hole": 16, "slope_pct": 2.51, "bearing": 325.1}}, {"type": "Feature", "geometry": {"type": "LineString", "coordinates": [[13.2269761, 55.4581013], [13.2269571, 55.4581261]]}, "properties": {"t": "fall", "g": 16, "loop": "Gamla banan", "hole": 16, "slope_pct": 5.74, "bearing": 336.5}}, {"type": "Feature", "geometry": {"type": "LineString", "coordinates": [[13.2266454, 55.4580696], [13.2266816, 55.458087]]}, "properties": {"t": "fall", "g": 16, "loop": "Gamla banan", "hole": 16, "slope_pct": 8.49, "bearing": 49.6}}, {"type": "Feature", "geometry": {"type": "LineString", "coordinates": [[13.2266928, 55.4580703], [13.2266792, 55.4580734]]}, "properties": {"t": "fall", "g": 16, "loop": "Gamla banan", "hole": 16, "slope_pct": 1.54, "bearing": 291.9}}, {"type": "Feature", "geometry": {"type": "LineString", "coordinates": [[13.2267402, 55.458071], [13.2267277, 55.4580674]]}, "properties": {"t": "fall", "g": 16, "loop": "Gamla banan", "hole": 16, "slope_pct": 1.47, "bearing": 243.4}}, {"type": "Feature", "geometry": {"type": "LineString", "coordinates": [[13.2267876, 55.4580717], [13.2267776, 55.4580683]]}, "properties": {"t": "fall", "g": 16, "loop": "Gamla banan", "hole": 16, "slope_pct": 1.23, "bearing": 239.6}}, {"type": "Feature", "geometry": {"type": "LineString", "coordinates": [[13.2268825, 55.458073], [13.2268747, 55.4580716]]}, "properties": {"t": "fall", "g": 16, "loop": "Gamla banan", "hole": 16, "slope_pct": 0.87, "bearing": 251.9}}, {"type": "Feature", "geometry": {"type": "LineString", "coordinates": [[13.2269299, 55.4580737], [13.2268958, 55.4580643]]}, "properties": {"t": "fall", "g": 16, "loop": "Gamla banan", "hole": 16, "slope_pct": 3.99, "bearing": 243.9}}, {"type": "Feature", "geometry": {"type": "LineString", "coordinates": [[13.2269773, 55.4580744], [13.2269303, 55.4580784]]}, "properties": {"t": "fall", "g": 16, "loop": "Gamla banan", "hole": 16, "slope_pct": 8.11, "bearing": 278.6}}, {"type": "Feature", "geometry": {"type": "LineString", "coordinates": [[13.226694, 55.4580433], [13.2267219, 55.4580652]]}, "properties": {"t": "fall", "g": 16, "loop": "Gamla banan", "hole": 16, "slope_pct": 5.73, "bearing": 35.9}}, {"type": "Feature", "geometry": {"type": "LineString", "coordinates": [[13.2267414, 55.458044], [13.2267363, 55.4580465]]}, "properties": {"t": "fall", "g": 16, "loop": "Gamla banan", "hole": 16, "slope_pct": 0.7, "bearing": 310.1}}, {"type": "Feature", "geometry": {"type": "LineString", "coordinates": [[13.2267888, 55.4580447], [13.2267755, 55.4580411]]}, "properties": {"t": "fall", "g": 16, "loop": "Gamla banan", "hole": 16, "slope_pct": 1.56, "bearing": 244.4}}, {"type": "Feature", "geometry": {"type": "LineString", "coordinates": [[13.2268363, 55.4580454], [13.2268351, 55.4580417]]}, "properties": {"t": "fall", "g": 16, "loop": "Gamla banan", "hole": 16, "slope_pct": 0.69, "bearing": 190.3}}, {"type": "Feature", "geometry": {"type": "LineString", "coordinates": [[13.2268837, 55.4580461], [13.2268831, 55.4580406]]}, "properties": {"t": "fall", "g": 16, "loop": "Gamla banan", "hole": 16, "slope_pct": 1.02, "bearing": 183.7}}, {"type": "Feature", "geometry": {"type": "LineString", "coordinates": [[13.2269311, 55.4580468], [13.2269118, 55.4580415]]}, "properties": {"t": "fall", "g": 16, "loop": "Gamla banan", "hole": 16, "slope_pct": 2.26, "bearing": 244.2}}, {"type": "Feature", "geometry": {"type": "LineString", "coordinates": [[13.2267901, 55.4580178], [13.2267992, 55.4580442]]}, "properties": {"t": "fall", "g": 16, "loop": "Gamla banan", "hole": 16, "slope_pct": 6.55, "bearing": 11.1}}, {"type": "Feature", "geometry": {"type": "LineString", "coordinates": [[13.2268375, 55.4580184], [13.2268451, 55.4580376]]}, "properties": {"t": "fall", "g": 16, "loop": "Gamla banan", "hole": 16, "slope_pct": 3.64, "bearing": 12.8}}, {"type": "Feature", "geometry": {"type": "LineString", "coordinates": [[13.2268849, 55.4580191], [13.2268773, 55.4580387]]}, "properties": {"t": "fall", "g": 16, "loop": "Gamla banan", "hole": 16, "slope_pct": 3.72, "bearing": 347.6}}, {"type": "Feature", "geometry": {"type": "Point", "coordinates": [13.2268278, 55.4581188]}, "properties": {"t": "aim", "g": 16, "loop": "Gamla banan", "hole": 16, "aim_bearing": 308.4, "slope_median": 1.78, "slope_max": 8.49, "n_cells": 50}}, {"type": "Feature", "geometry": {"type": "LineString", "coordinates": [[13.2264884, 55.4591009], [13.2264813, 55.4591141]]}, "properties": {"t": "fall", "g": 17, "loop": "Gamla banan", "hole": 17, "slope_pct": 2.57, "bearing": 343.2}}, {"type": "Feature", "geometry": {"type": "LineString", "coordinates": [[13.2263948, 55.4590725], [13.2263843, 55.4590803]]}, "properties": {"t": "fall", "g": 17, "loop": "Gamla banan", "hole": 17, "slope_pct": 1.82, "bearing": 322.5}}, {"type": "Feature", "geometry": {"type": "LineString", "coordinates": [[13.2264422, 55.4590732], [13.2264346, 55.4590834]]}, "properties": {"t": "fall", "g": 17, "loop": "Gamla banan", "hole": 17, "slope_pct": 2.05, "bearing": 337.2}}, {"type": "Feature", "geometry": {"type": "LineString", "coordinates": [[13.2264896, 55.4590739], [13.2264848, 55.4590842]]}, "properties": {"t": "fall", "g": 17, "loop": "Gamla banan", "hole": 17, "slope_pct": 1.98, "bearing": 345.2}}, {"type": "Feature", "geometry": {"type": "LineString", "coordinates": [[13.226537, 55.4590746], [13.2265416, 55.4590842]]}, "properties": {"t": "fall", "g": 17, "loop": "Gamla banan", "hole": 17, "slope_pct": 1.85, "bearing": 15.1}}, {"type": "Feature", "geometry": {"type": "LineString", "coordinates": [[13.2263486, 55.4590449], [13.2263208, 55.4590591]]}, "properties": {"t": "fall", "g": 17, "loop": "Gamla banan", "hole": 17, "slope_pct": 3.93, "bearing": 312.0}}, {"type": "Feature", "geometry": {"type": "LineString", "coordinates": [[13.226396, 55.4590456], [13.2263871, 55.4590562]]}, "properties": {"t": "fall", "g": 17, "loop": "Gamla banan", "hole": 17, "slope_pct": 2.18, "bearing": 334.6}}, {"type": "Feature", "geometry": {"type": "LineString", "coordinates": [[13.2264434, 55.4590463], [13.2264347, 55.4590552]]}, "properties": {"t": "fall", "g": 17, "loop": "Gamla banan", "hole": 17, "slope_pct": 1.89, "bearing": 330.9}}, {"type": "Feature", "geometry": {"type": "LineString", "coordinates": [[13.2264908, 55.459047], [13.2264882, 55.4590564]]}, "properties": {"t": "fall", "g": 17, "loop": "Gamla banan", "hole": 17, "slope_pct": 1.78, "bearing": 351.0}}, {"type": "Feature", "geometry": {"type": "LineString", "coordinates": [[13.2265382, 55.4590477], [13.2265423, 55.4590571]]}, "properties": {"t": "fall", "g": 17, "loop": "Gamla banan", "hole": 17, "slope_pct": 1.8, "bearing": 13.9}}, {"type": "Feature", "geometry": {"type": "LineString", "coordinates": [[13.2263023, 55.4590173], [13.2262815, 55.4590359]]}, "properties": {"t": "fall", "g": 17, "loop": "Gamla banan", "hole": 17, "slope_pct": 4.09, "bearing": 327.6}}, {"type": "Feature", "geometry": {"type": "LineString", "coordinates": [[13.2263498, 55.459018], [13.2263317, 55.4590298]]}, "properties": {"t": "fall", "g": 17, "loop": "Gamla banan", "hole": 17, "slope_pct": 2.9, "bearing": 319.2}}, {"type": "Feature", "geometry": {"type": "LineString", "coordinates": [[13.2263972, 55.4590186], [13.2263917, 55.4590289]]}, "properties": {"t": "fall", "g": 17, "loop": "Gamla banan", "hole": 17, "slope_pct": 1.98, "bearing": 343.0}}, {"type": "Feature", "geometry": {"type": "LineString", "coordinates": [[13.2264446, 55.4590193], [13.2264371, 55.4590302]]}, "properties": {"t": "fall", "g": 17, "loop": "Gamla banan", "hole": 17, "slope_pct": 2.17, "bearing": 338.6}}, {"type": "Feature", "geometry": {"type": "LineString", "coordinates": [[13.226492, 55.45902], [13.2264868, 55.459031]]}, "properties": {"t": "fall", "g": 17, "loop": "Gamla banan", "hole": 17, "slope_pct": 2.11, "bearing": 344.9}}, {"type": "Feature", "geometry": {"type": "LineString", "coordinates": [[13.2263036, 55.4589903], [13.2262866, 55.4589969]]}, "properties": {"t": "fall", "g": 17, "loop": "Gamla banan", "hole": 17, "slope_pct": 2.16, "bearing": 304.3}}, {"type": "Feature", "geometry": {"type": "LineString", "coordinates": [[13.226351, 55.458991], [13.2263348, 55.4589994]]}, "properties": {"t": "fall", "g": 17, "loop": "Gamla banan", "hole": 17, "slope_pct": 2.3, "bearing": 312.4}}, {"type": "Feature", "geometry": {"type": "LineString", "coordinates": [[13.2263984, 55.4589917], [13.2263894, 55.4590026]]}, "properties": {"t": "fall", "g": 17, "loop": "Gamla banan", "hole": 17, "slope_pct": 2.23, "bearing": 334.9}}, {"type": "Feature", "geometry": {"type": "LineString", "coordinates": [[13.2264458, 55.4589924], [13.2264394, 55.4590035]]}, "properties": {"t": "fall", "g": 17, "loop": "Gamla banan", "hole": 17, "slope_pct": 2.17, "bearing": 342.0}}, {"type": "Feature", "geometry": {"type": "LineString", "coordinates": [[13.2264932, 55.4589931], [13.2264863, 55.4590042]]}, "properties": {"t": "fall", "g": 17, "loop": "Gamla banan", "hole": 17, "slope_pct": 2.19, "bearing": 340.6}}, {"type": "Feature", "geometry": {"type": "LineString", "coordinates": [[13.2263048, 55.4589634], [13.2262802, 55.4589684]]}, "properties": {"t": "fall", "g": 17, "loop": "Gamla banan", "hole": 17, "slope_pct": 2.74, "bearing": 289.8}}, {"type": "Feature", "geometry": {"type": "LineString", "coordinates": [[13.2263522, 55.4589641], [13.2263315, 55.4589721]]}, "properties": {"t": "fall", "g": 17, "loop": "Gamla banan", "hole": 17, "slope_pct": 2.64, "bearing": 304.5}}, {"type": "Feature", "geometry": {"type": "LineString", "coordinates": [[13.2263996, 55.4589648], [13.2263899, 55.4589731]]}, "properties": {"t": "fall", "g": 17, "loop": "Gamla banan", "hole": 17, "slope_pct": 1.85, "bearing": 326.5}}, {"type": "Feature", "geometry": {"type": "LineString", "coordinates": [[13.226447, 55.4589654], [13.2264409, 55.4589745]]}, "properties": {"t": "fall", "g": 17, "loop": "Gamla banan", "hole": 17, "slope_pct": 1.79, "bearing": 339.0}}, {"type": "Feature", "geometry": {"type": "LineString", "coordinates": [[13.2264944, 55.4589661], [13.2264874, 55.4589756]]}, "properties": {"t": "fall", "g": 17, "loop": "Gamla banan", "hole": 17, "slope_pct": 1.91, "bearing": 337.1}}, {"type": "Feature", "geometry": {"type": "LineString", "coordinates": [[13.2265419, 55.4589668], [13.2265201, 55.4589777]]}, "properties": {"t": "fall", "g": 17, "loop": "Gamla banan", "hole": 17, "slope_pct": 3.06, "bearing": 311.4}}, {"type": "Feature", "geometry": {"type": "LineString", "coordinates": [[13.226306, 55.4589364], [13.2262638, 55.4589385]]}, "properties": {"t": "fall", "g": 17, "loop": "Gamla banan", "hole": 17, "slope_pct": 4.45, "bearing": 274.9}}, {"type": "Feature", "geometry": {"type": "LineString", "coordinates": [[13.2264482, 55.4589385], [13.226451, 55.4589568]]}, "properties": {"t": "fall", "g": 17, "loop": "Gamla banan", "hole": 17, "slope_pct": 3.41, "bearing": 4.9}}, {"type": "Feature", "geometry": {"type": "LineString", "coordinates": [[13.2264956, 55.4589392], [13.2264927, 55.458946]]}, "properties": {"t": "fall", "g": 17, "loop": "Gamla banan", "hole": 17, "slope_pct": 1.3, "bearing": 346.2}}, {"type": "Feature", "geometry": {"type": "LineString", "coordinates": [[13.2265431, 55.4589399], [13.2265275, 55.4589413]]}, "properties": {"t": "fall", "g": 17, "loop": "Gamla banan", "hole": 17, "slope_pct": 1.66, "bearing": 279.2}}, {"type": "Feature", "geometry": {"type": "LineString", "coordinates": [[13.2265443, 55.4589129], [13.226538, 55.4589074]]}, "properties": {"t": "fall", "g": 17, "loop": "Gamla banan", "hole": 17, "slope_pct": 1.22, "bearing": 212.9}}, {"type": "Feature", "geometry": {"type": "Point", "coordinates": [13.2264317, 55.4590046]}, "properties": {"t": "aim", "g": 17, "loop": "Gamla banan", "hole": 17, "aim_bearing": 326.5, "slope_median": 2.16, "slope_max": 4.45, "n_cells": 31}}, {"type": "Feature", "geometry": {"type": "LineString", "coordinates": [[13.2328475, 55.4594355], [13.232849, 55.4594406]]}, "properties": {"t": "fall", "g": 18, "loop": "Gamla banan", "hole": 18, "slope_pct": 0.97, "bearing": 9.5}}, {"type": "Feature", "geometry": {"type": "LineString", "coordinates": [[13.2328949, 55.4594362], [13.2328939, 55.4594409]]}, "properties": {"t": "fall", "g": 18, "loop": "Gamla banan", "hole": 18, "slope_pct": 0.88, "bearing": 353.5}}, {"type": "Feature", "geometry": {"type": "LineString", "coordinates": [[13.2329423, 55.4594369], [13.232929, 55.4594258]]}, "properties": {"t": "fall", "g": 18, "loop": "Gamla banan", "hole": 18, "slope_pct": 2.48, "bearing": 214.3}}, {"type": "Feature", "geometry": {"type": "LineString", "coordinates": [[13.2327538, 55.4594072], [13.2327341, 55.459404]]}, "properties": {"t": "fall", "g": 18, "loop": "Gamla banan", "hole": 18, "slope_pct": 2.16, "bearing": 254.0}}, {"type": "Feature", "geometry": {"type": "LineString", "coordinates": [[13.2328012, 55.4594079], [13.2327903, 55.4594089]]}, "properties": {"t": "fall", "g": 18, "loop": "Gamla banan", "hole": 18, "slope_pct": 1.17, "bearing": 279.8}}, {"type": "Feature", "geometry": {"type": "LineString", "coordinates": [[13.2328487, 55.4594086], [13.2328479, 55.4594127]]}, "properties": {"t": "fall", "g": 18, "loop": "Gamla banan", "hole": 18, "slope_pct": 0.77, "bearing": 354.0}}, {"type": "Feature", "geometry": {"type": "LineString", "coordinates": [[13.2328961, 55.4594092], [13.232902, 55.4594101]]}, "properties": {"t": "fall", "g": 18, "loop": "Gamla banan", "hole": 18, "slope_pct": 0.64, "bearing": 76.0}}, {"type": "Feature", "geometry": {"type": "LineString", "coordinates": [[13.2329435, 55.4594099], [13.2329524, 55.4594105]]}, "properties": {"t": "fall", "g": 18, "loop": "Gamla banan", "hole": 18, "slope_pct": 0.95, "bearing": 83.0}}, {"type": "Feature", "geometry": {"type": "LineString", "coordinates": [[13.232755, 55.4593802], [13.2327294, 55.4593824]]}, "properties": {"t": "fall", "g": 18, "loop": "Gamla banan", "hole": 18, "slope_pct": 2.72, "bearing": 278.6}}, {"type": "Feature", "geometry": {"type": "LineString", "coordinates": [[13.2328024, 55.4593809], [13.2327884, 55.4593853]]}, "properties": {"t": "fall", "g": 18, "loop": "Gamla banan", "hole": 18, "slope_pct": 1.68, "bearing": 298.7}}, {"type": "Feature", "geometry": {"type": "LineString", "coordinates": [[13.2328499, 55.4593816], [13.2328505, 55.4593846]]}, "properties": {"t": "fall", "g": 18, "loop": "Gamla banan", "hole": 18, "slope_pct": 0.57, "bearing": 6.9}}, {"type": "Feature", "geometry": {"type": "LineString", "coordinates": [[13.2328973, 55.4593823], [13.232907, 55.4593841]]}, "properties": {"t": "fall", "g": 18, "loop": "Gamla banan", "hole": 18, "slope_pct": 1.07, "bearing": 72.2}}, {"type": "Feature", "geometry": {"type": "LineString", "coordinates": [[13.2329447, 55.459383], [13.2329524, 55.4593826]]}, "properties": {"t": "fall", "g": 18, "loop": "Gamla banan", "hole": 18, "slope_pct": 0.81, "bearing": 94.6}}, {"type": "Feature", "geometry": {"type": "LineString", "coordinates": [[13.2328036, 55.459354], [13.2327864, 55.4593539]]}, "properties": {"t": "fall", "g": 18, "loop": "Gamla banan", "hole": 18, "slope_pct": 1.82, "bearing": 269.8}}, {"type": "Feature", "geometry": {"type": "LineString", "coordinates": [[13.2328511, 55.4593547], [13.2328573, 55.4593541]]}, "properties": {"t": "fall", "g": 18, "loop": "Gamla banan", "hole": 18, "slope_pct": 0.66, "bearing": 99.3}}, {"type": "Feature", "geometry": {"type": "LineString", "coordinates": [[13.2328985, 55.4593554], [13.2329117, 55.4593499]]}, "properties": {"t": "fall", "g": 18, "loop": "Gamla banan", "hole": 18, "slope_pct": 1.71, "bearing": 125.9}}, {"type": "Feature", "geometry": {"type": "LineString", "coordinates": [[13.2329459, 55.459356], [13.232942, 55.4593584]]}, "properties": {"t": "fall", "g": 18, "loop": "Gamla banan", "hole": 18, "slope_pct": 0.6, "bearing": 316.9}}, {"type": "Feature", "geometry": {"type": "Point", "coordinates": [13.2328532, 55.4593971]}, "properties": {"t": "aim", "g": 18, "loop": "Gamla banan", "hole": 18, "aim_bearing": 290.1, "slope_median": 0.96, "slope_max": 2.72, "n_cells": 18}}, {"type": "Feature", "geometry": {"type": "LineString", "coordinates": [[13.2283716, 55.4559017], [13.2283963, 55.4558883]]}, "properties": {"t": "fall", "g": 19, "loop": "Nya banan", "hole": 1, "slope_pct": 3.6, "bearing": 133.8}}, {"type": "Feature", "geometry": {"type": "LineString", "coordinates": [[13.2284191, 55.4559024], [13.2284297, 55.4558955]]}, "properties": {"t": "fall", "g": 19, "loop": "Nya banan", "hole": 1, "slope_pct": 1.7, "bearing": 138.9}}, {"type": "Feature", "geometry": {"type": "LineString", "coordinates": [[13.2284665, 55.4559031], [13.2284808, 55.4559034]]}, "properties": {"t": "fall", "g": 19, "loop": "Nya banan", "hole": 1, "slope_pct": 1.51, "bearing": 87.9}}, {"type": "Feature", "geometry": {"type": "LineString", "coordinates": [[13.2285139, 55.4559038], [13.2285239, 55.4559122]]}, "properties": {"t": "fall", "g": 19, "loop": "Nya banan", "hole": 1, "slope_pct": 1.89, "bearing": 33.9}}, {"type": "Feature", "geometry": {"type": "LineString", "coordinates": [[13.2285613, 55.4559044], [13.2285574, 55.4559175]]}, "properties": {"t": "fall", "g": 19, "loop": "Nya banan", "hole": 1, "slope_pct": 2.46, "bearing": 350.5}}, {"type": "Feature", "geometry": {"type": "LineString", "coordinates": [[13.2282306, 55.4558727], [13.2282352, 55.455874]]}, "properties": {"t": "fall", "g": 19, "loop": "Nya banan", "hole": 1, "slope_pct": 0.54, "bearing": 63.1}}, {"type": "Feature", "geometry": {"type": "LineString", "coordinates": [[13.228278, 55.4558734], [13.2282921, 55.4558609]]}, "properties": {"t": "fall", "g": 19, "loop": "Nya banan", "hole": 1, "slope_pct": 2.75, "bearing": 147.5}}, {"type": "Feature", "geometry": {"type": "LineString", "coordinates": [[13.2283254, 55.4558741], [13.2283395, 55.4558642]]}, "properties": {"t": "fall", "g": 19, "loop": "Nya banan", "hole": 1, "slope_pct": 2.36, "bearing": 141.1}}, {"type": "Feature", "geometry": {"type": "LineString", "coordinates": [[13.2283728, 55.4558748], [13.2283789, 55.4558748]]}, "properties": {"t": "fall", "g": 19, "loop": "Nya banan", "hole": 1, "slope_pct": 0.64, "bearing": 89.2}}, {"type": "Feature", "geometry": {"type": "LineString", "coordinates": [[13.2284203, 55.4558754], [13.2284218, 55.4558814]]}, "properties": {"t": "fall", "g": 19, "loop": "Nya banan", "hole": 1, "slope_pct": 1.12, "bearing": 8.3}}, {"type": "Feature", "geometry": {"type": "LineString", "coordinates": [[13.2284677, 55.4558761], [13.2284689, 55.4558872]]}, "properties": {"t": "fall", "g": 19, "loop": "Nya banan", "hole": 1, "slope_pct": 2.05, "bearing": 3.7}}, {"type": "Feature", "geometry": {"type": "LineString", "coordinates": [[13.2285151, 55.4558768], [13.2285171, 55.4558932]]}, "properties": {"t": "fall", "g": 19, "loop": "Nya banan", "hole": 1, "slope_pct": 3.05, "bearing": 4.0}}, {"type": "Feature", "geometry": {"type": "LineString", "coordinates": [[13.2285625, 55.4558775], [13.2285613, 55.4558924]]}, "properties": {"t": "fall", "g": 19, "loop": "Nya banan", "hole": 1, "slope_pct": 2.77, "bearing": 357.3}}, {"type": "Feature", "geometry": {"type": "LineString", "coordinates": [[13.2280896, 55.4558437], [13.2281102, 55.4558408]]}, "properties": {"t": "fall", "g": 19, "loop": "Nya banan", "hole": 1, "slope_pct": 2.23, "bearing": 103.9}}, {"type": "Feature", "geometry": {"type": "LineString", "coordinates": [[13.228137, 55.4558444], [13.2281514, 55.4558412]]}, "properties": {"t": "fall", "g": 19, "loop": "Nya banan", "hole": 1, "slope_pct": 1.63, "bearing": 111.5}}, {"type": "Feature", "geometry": {"type": "LineString", "coordinates": [[13.2281844, 55.4558451], [13.2281867, 55.4558415]]}, "properties": {"t": "fall", "g": 19, "loop": "Nya banan", "hole": 1, "slope_pct": 0.7, "bearing": 159.6}}, {"type": "Feature", "geometry": {"type": "LineString", "coordinates": [[13.2282792, 55.4558464], [13.2282833, 55.4558554]]}, "properties": {"t": "fall", "g": 19, "loop": "Nya banan", "hole": 1, "slope_pct": 1.73, "bearing": 14.4}}, {"type": "Feature", "geometry": {"type": "LineString", "coordinates": [[13.2283266, 55.4558471], [13.2283302, 55.4558613]]}, "properties": {"t": "fall", "g": 19, "loop": "Nya banan", "hole": 1, "slope_pct": 2.67, "bearing": 8.1}}, {"type": "Feature", "geometry": {"type": "LineString", "coordinates": [[13.2283741, 55.4558478], [13.2283734, 55.4558621]]}, "properties": {"t": "fall", "g": 19, "loop": "Nya banan", "hole": 1, "slope_pct": 2.65, "bearing": 358.4}}, {"type": "Feature", "geometry": {"type": "LineString", "coordinates": [[13.2284215, 55.4558485], [13.2284154, 55.4558663]]}, "properties": {"t": "fall", "g": 19, "loop": "Nya banan", "hole": 1, "slope_pct": 3.36, "bearing": 349.0}}, {"type": "Feature", "geometry": {"type": "LineString", "coordinates": [[13.2284689, 55.4558492], [13.2284637, 55.45587]]}, "properties": {"t": "fall", "g": 19, "loop": "Nya banan", "hole": 1, "slope_pct": 3.9, "bearing": 351.9}}, {"type": "Feature", "geometry": {"type": "LineString", "coordinates": [[13.2285163, 55.4558499], [13.2285151, 55.4558726]]}, "properties": {"t": "fall", "g": 19, "loop": "Nya banan", "hole": 1, "slope_pct": 4.22, "bearing": 358.3}}, {"type": "Feature", "geometry": {"type": "LineString", "coordinates": [[13.2285637, 55.4558506], [13.2285649, 55.4558735]]}, "properties": {"t": "fall", "g": 19, "loop": "Nya banan", "hole": 1, "slope_pct": 4.25, "bearing": 1.6}}, {"type": "Feature", "geometry": {"type": "LineString", "coordinates": [[13.2280434, 55.4558161], [13.228059, 55.4558285]]}, "properties": {"t": "fall", "g": 19, "loop": "Nya banan", "hole": 1, "slope_pct": 2.84, "bearing": 35.4}}, {"type": "Feature", "geometry": {"type": "LineString", "coordinates": [[13.2280908, 55.4558167], [13.2281077, 55.4558286]]}, "properties": {"t": "fall", "g": 19, "loop": "Nya banan", "hole": 1, "slope_pct": 2.84, "bearing": 38.9}}, {"type": "Feature", "geometry": {"type": "LineString", "coordinates": [[13.2281382, 55.4558174], [13.2281458, 55.4558327]]}, "properties": {"t": "fall", "g": 19, "loop": "Nya banan", "hole": 1, "slope_pct": 2.95, "bearing": 15.8}}, {"type": "Feature", "geometry": {"type": "LineString", "coordinates": [[13.2281856, 55.4558181], [13.2281854, 55.4558378]]}, "properties": {"t": "fall", "g": 19, "loop": "Nya banan", "hole": 1, "slope_pct": 3.66, "bearing": 359.6}}, {"type": "Feature", "geometry": {"type": "LineString", "coordinates": [[13.228233, 55.4558188], [13.2282307, 55.4558401]]}, "properties": {"t": "fall", "g": 19, "loop": "Nya banan", "hole": 1, "slope_pct": 3.95, "bearing": 356.5}}, {"type": "Feature", "geometry": {"type": "LineString", "coordinates": [[13.2282804, 55.4558195], [13.2282784, 55.4558407]]}, "properties": {"t": "fall", "g": 19, "loop": "Nya banan", "hole": 1, "slope_pct": 3.94, "bearing": 356.8}}, {"type": "Feature", "geometry": {"type": "LineString", "coordinates": [[13.2283278, 55.4558202], [13.2283309, 55.4558414]]}, "properties": {"t": "fall", "g": 19, "loop": "Nya banan", "hole": 1, "slope_pct": 3.96, "bearing": 4.6}}, {"type": "Feature", "geometry": {"type": "LineString", "coordinates": [[13.2283753, 55.4558209], [13.2283748, 55.4558415]]}, "properties": {"t": "fall", "g": 19, "loop": "Nya banan", "hole": 1, "slope_pct": 3.83, "bearing": 359.3}}, {"type": "Feature", "geometry": {"type": "LineString", "coordinates": [[13.2284227, 55.4558216], [13.228412, 55.4558417]]}, "properties": {"t": "fall", "g": 19, "loop": "Nya banan", "hole": 1, "slope_pct": 3.9, "bearing": 343.3}}, {"type": "Feature", "geometry": {"type": "LineString", "coordinates": [[13.2284701, 55.4558222], [13.2284626, 55.4558429]]}, "properties": {"t": "fall", "g": 19, "loop": "Nya banan", "hole": 1, "slope_pct": 3.91, "bearing": 348.4}}, {"type": "Feature", "geometry": {"type": "LineString", "coordinates": [[13.2285175, 55.4558229], [13.2285174, 55.4558412]]}, "properties": {"t": "fall", "g": 19, "loop": "Nya banan", "hole": 1, "slope_pct": 3.39, "bearing": 359.9}}, {"type": "Feature", "geometry": {"type": "LineString", "coordinates": [[13.2285649, 55.4558236], [13.2285648, 55.4558428]]}, "properties": {"t": "fall", "g": 19, "loop": "Nya banan", "hole": 1, "slope_pct": 3.56, "bearing": 359.7}}, {"type": "Feature", "geometry": {"type": "LineString", "coordinates": [[13.228092, 55.4557898], [13.2281061, 55.4558052]]}, "properties": {"t": "fall", "g": 19, "loop": "Nya banan", "hole": 1, "slope_pct": 3.22, "bearing": 27.5}}, {"type": "Feature", "geometry": {"type": "LineString", "coordinates": [[13.2281394, 55.4557905], [13.228142, 55.4558068]]}, "properties": {"t": "fall", "g": 19, "loop": "Nya banan", "hole": 1, "slope_pct": 3.04, "bearing": 5.1}}, {"type": "Feature", "geometry": {"type": "LineString", "coordinates": [[13.2281868, 55.4557912], [13.22818, 55.4558101]]}, "properties": {"t": "fall", "g": 19, "loop": "Nya banan", "hole": 1, "slope_pct": 3.58, "bearing": 348.5}}, {"type": "Feature", "geometry": {"type": "LineString", "coordinates": [[13.2282342, 55.4557919], [13.2282292, 55.4558148]]}, "properties": {"t": "fall", "g": 19, "loop": "Nya banan", "hole": 1, "slope_pct": 4.3, "bearing": 352.9}}, {"type": "Feature", "geometry": {"type": "LineString", "coordinates": [[13.2282816, 55.4557925], [13.2282772, 55.4558194]]}, "properties": {"t": "fall", "g": 19, "loop": "Nya banan", "hole": 1, "slope_pct": 5.03, "bearing": 354.6}}, {"type": "Feature", "geometry": {"type": "LineString", "coordinates": [[13.2283291, 55.4557932], [13.2283385, 55.4558187]]}, "properties": {"t": "fall", "g": 19, "loop": "Nya banan", "hole": 1, "slope_pct": 4.83, "bearing": 11.9}}, {"type": "Feature", "geometry": {"type": "LineString", "coordinates": [[13.2283765, 55.4557939], [13.228378, 55.4558142]]}, "properties": {"t": "fall", "g": 19, "loop": "Nya banan", "hole": 1, "slope_pct": 3.77, "bearing": 2.4}}, {"type": "Feature", "geometry": {"type": "LineString", "coordinates": [[13.2284239, 55.4557946], [13.2284198, 55.455809]]}, "properties": {"t": "fall", "g": 19, "loop": "Nya banan", "hole": 1, "slope_pct": 2.7, "bearing": 351.0}}, {"type": "Feature", "geometry": {"type": "LineString", "coordinates": [[13.2284713, 55.4557953], [13.2284672, 55.4558039]]}, "properties": {"t": "fall", "g": 19, "loop": "Nya banan", "hole": 1, "slope_pct": 1.65, "bearing": 344.8}}, {"type": "Feature", "geometry": {"type": "LineString", "coordinates": [[13.2285187, 55.455796], [13.2285205, 55.4558036]]}, "properties": {"t": "fall", "g": 19, "loop": "Nya banan", "hole": 1, "slope_pct": 1.43, "bearing": 7.7}}, {"type": "Feature", "geometry": {"type": "Point", "coordinates": [13.228346, 55.455841]}, "properties": {"t": "aim", "g": 19, "loop": "Nya banan", "hole": 1, "aim_bearing": 9.5, "slope_median": 2.89, "slope_max": 5.03, "n_cells": 46}}, {"type": "Feature", "geometry": {"type": "LineString", "coordinates": [[13.2257914, 55.4559542], [13.2257839, 55.4559394]]}, "properties": {"t": "fall", "g": 20, "loop": "Nya banan", "hole": 2, "slope_pct": 2.85, "bearing": 196.1}}, {"type": "Feature", "geometry": {"type": "LineString", "coordinates": [[13.2258388, 55.4559549], [13.2258244, 55.4559376]]}, "properties": {"t": "fall", "g": 20, "loop": "Nya banan", "hole": 2, "slope_pct": 3.55, "bearing": 205.3}}, {"type": "Feature", "geometry": {"type": "LineString", "coordinates": [[13.2256978, 55.4559259], [13.2257061, 55.4559173]]}, "properties": {"t": "fall", "g": 20, "loop": "Nya banan", "hole": 2, "slope_pct": 1.82, "bearing": 151.4}}, {"type": "Feature", "geometry": {"type": "LineString", "coordinates": [[13.2257452, 55.4559266], [13.2257509, 55.4559139]]}, "properties": {"t": "fall", "g": 20, "loop": "Nya banan", "hole": 2, "slope_pct": 2.43, "bearing": 165.6}}, {"type": "Feature", "geometry": {"type": "LineString", "coordinates": [[13.2257926, 55.4559272], [13.2257918, 55.4559106]]}, "properties": {"t": "fall", "g": 20, "loop": "Nya banan", "hole": 2, "slope_pct": 3.09, "bearing": 181.5}}, {"type": "Feature", "geometry": {"type": "LineString", "coordinates": [[13.22584, 55.4559279], [13.2258348, 55.4559069]]}, "properties": {"t": "fall", "g": 20, "loop": "Nya banan", "hole": 2, "slope_pct": 3.93, "bearing": 188.1}}, {"type": "Feature", "geometry": {"type": "LineString", "coordinates": [[13.2258874, 55.4559286], [13.2258678, 55.4559041]]}, "properties": {"t": "fall", "g": 20, "loop": "Nya banan", "hole": 2, "slope_pct": 5.08, "bearing": 204.4}}, {"type": "Feature", "geometry": {"type": "LineString", "coordinates": [[13.2259349, 55.4559293], [13.2259144, 55.455905]]}, "properties": {"t": "fall", "g": 20, "loop": "Nya banan", "hole": 2, "slope_pct": 5.28, "bearing": 205.5}}, {"type": "Feature", "geometry": {"type": "LineString", "coordinates": [[13.2259823, 55.45593], [13.2259701, 55.4559131]]}, "properties": {"t": "fall", "g": 20, "loop": "Nya banan", "hole": 2, "slope_pct": 3.38, "bearing": 202.2}}, {"type": "Feature", "geometry": {"type": "LineString", "coordinates": [[13.225699, 55.4558989], [13.225712, 55.4558917]]}, "properties": {"t": "fall", "g": 20, "loop": "Nya banan", "hole": 2, "slope_pct": 1.91, "bearing": 134.4}}, {"type": "Feature", "geometry": {"type": "LineString", "coordinates": [[13.2257464, 55.4558996], [13.2257565, 55.455892]]}, "properties": {"t": "fall", "g": 20, "loop": "Nya banan", "hole": 2, "slope_pct": 1.77, "bearing": 143.3}}, {"type": "Feature", "geometry": {"type": "LineString", "coordinates": [[13.2257938, 55.4559003], [13.2258013, 55.4558912]]}, "properties": {"t": "fall", "g": 20, "loop": "Nya banan", "hole": 2, "slope_pct": 1.87, "bearing": 155.0}}, {"type": "Feature", "geometry": {"type": "LineString", "coordinates": [[13.2258412, 55.455901], [13.2258407, 55.4558877]]}, "properties": {"t": "fall", "g": 20, "loop": "Nya banan", "hole": 2, "slope_pct": 2.47, "bearing": 181.4}}, {"type": "Feature", "geometry": {"type": "LineString", "coordinates": [[13.2258887, 55.4559017], [13.2258727, 55.455887]]}, "properties": {"t": "fall", "g": 20, "loop": "Nya banan", "hole": 2, "slope_pct": 3.19, "bearing": 211.8}}, {"type": "Feature", "geometry": {"type": "LineString", "coordinates": [[13.2259361, 55.4559024], [13.2259051, 55.4558885]]}, "properties": {"t": "fall", "g": 20, "loop": "Nya banan", "hole": 2, "slope_pct": 4.15, "bearing": 231.7}}, {"type": "Feature", "geometry": {"type": "LineString", "coordinates": [[13.2259835, 55.455903], [13.2259618, 55.4558906]]}, "properties": {"t": "fall", "g": 20, "loop": "Nya banan", "hole": 2, "slope_pct": 3.24, "bearing": 224.8}}, {"type": "Feature", "geometry": {"type": "LineString", "coordinates": [[13.2257002, 55.455872], [13.2257144, 55.4558638]]}, "properties": {"t": "fall", "g": 20, "loop": "Nya banan", "hole": 2, "slope_pct": 2.13, "bearing": 135.5}}, {"type": "Feature", "geometry": {"type": "LineString", "coordinates": [[13.2257476, 55.4558727], [13.2257571, 55.4558643]]}, "properties": {"t": "fall", "g": 20, "loop": "Nya banan", "hole": 2, "slope_pct": 1.84, "bearing": 147.2}}, {"type": "Feature", "geometry": {"type": "LineString", "coordinates": [[13.225795, 55.4558734], [13.2258033, 55.455867]]}, "properties": {"t": "fall", "g": 20, "loop": "Nya banan", "hole": 2, "slope_pct": 1.47, "bearing": 143.8}}, {"type": "Feature", "geometry": {"type": "LineString", "coordinates": [[13.2258425, 55.455874], [13.2258447, 55.4558679]]}, "properties": {"t": "fall", "g": 20, "loop": "Nya banan", "hole": 2, "slope_pct": 1.17, "bearing": 168.1}}, {"type": "Feature", "geometry": {"type": "LineString", "coordinates": [[13.2258899, 55.4558747], [13.2258786, 55.4558678]]}, "properties": {"t": "fall", "g": 20, "loop": "Nya banan", "hole": 2, "slope_pct": 1.74, "bearing": 222.8}}, {"type": "Feature", "geometry": {"type": "LineString", "coordinates": [[13.2259373, 55.4558754], [13.2259112, 55.4558629]]}, "properties": {"t": "fall", "g": 20, "loop": "Nya banan", "hole": 2, "slope_pct": 3.59, "bearing": 229.8}}, {"type": "Feature", "geometry": {"type": "LineString", "coordinates": [[13.2259847, 55.4558761], [13.2259629, 55.4558587]]}, "properties": {"t": "fall", "g": 20, "loop": "Nya banan", "hole": 2, "slope_pct": 3.97, "bearing": 215.3}}, {"type": "Feature", "geometry": {"type": "LineString", "coordinates": [[13.2257014, 55.455845], [13.2257167, 55.4558394]]}, "properties": {"t": "fall", "g": 20, "loop": "Nya banan", "hole": 2, "slope_pct": 1.91, "bearing": 122.9}}, {"type": "Feature", "geometry": {"type": "LineString", "coordinates": [[13.2257488, 55.4558457], [13.2257581, 55.4558388]]}, "properties": {"t": "fall", "g": 20, "loop": "Nya banan", "hole": 2, "slope_pct": 1.6, "bearing": 142.8}}, {"type": "Feature", "geometry": {"type": "LineString", "coordinates": [[13.2257962, 55.4558464], [13.2258048, 55.4558375]]}, "properties": {"t": "fall", "g": 20, "loop": "Nya banan", "hole": 2, "slope_pct": 1.88, "bearing": 151.6}}, {"type": "Feature", "geometry": {"type": "LineString", "coordinates": [[13.2258437, 55.4558471], [13.225844, 55.4558387]]}, "properties": {"t": "fall", "g": 20, "loop": "Nya banan", "hole": 2, "slope_pct": 1.56, "bearing": 178.8}}, {"type": "Feature", "geometry": {"type": "LineString", "coordinates": [[13.2258911, 55.4558478], [13.2258822, 55.4558415]]}, "properties": {"t": "fall", "g": 20, "loop": "Nya banan", "hole": 2, "slope_pct": 1.49, "bearing": 219.0}}, {"type": "Feature", "geometry": {"type": "LineString", "coordinates": [[13.2259385, 55.4558485], [13.2259267, 55.4558375]]}, "properties": {"t": "fall", "g": 20, "loop": "Nya banan", "hole": 2, "slope_pct": 2.39, "bearing": 211.3}}, {"type": "Feature", "geometry": {"type": "LineString", "coordinates": [[13.2259859, 55.4558492], [13.2259717, 55.4558307]]}, "properties": {"t": "fall", "g": 20, "loop": "Nya banan", "hole": 2, "slope_pct": 3.74, "bearing": 203.5}}, {"type": "Feature", "geometry": {"type": "LineString", "coordinates": [[13.2257026, 55.4558181], [13.2257176, 55.4558113]]}, "properties": {"t": "fall", "g": 20, "loop": "Nya banan", "hole": 2, "slope_pct": 2.02, "bearing": 128.7}}, {"type": "Feature", "geometry": {"type": "LineString", "coordinates": [[13.22575, 55.4558188], [13.2257622, 55.4558125]]}, "properties": {"t": "fall", "g": 20, "loop": "Nya banan", "hole": 2, "slope_pct": 1.73, "bearing": 132.4}}, {"type": "Feature", "geometry": {"type": "LineString", "coordinates": [[13.2257975, 55.4558195], [13.2258048, 55.4558145]]}, "properties": {"t": "fall", "g": 20, "loop": "Nya banan", "hole": 2, "slope_pct": 1.21, "bearing": 140.2}}, {"type": "Feature", "geometry": {"type": "LineString", "coordinates": [[13.2258449, 55.4558202], [13.2258424, 55.4558174]]}, "properties": {"t": "fall", "g": 20, "loop": "Nya banan", "hole": 2, "slope_pct": 0.57, "bearing": 207.3}}, {"type": "Feature", "geometry": {"type": "LineString", "coordinates": [[13.2258923, 55.4558208], [13.2258864, 55.4558156]]}, "properties": {"t": "fall", "g": 20, "loop": "Nya banan", "hole": 2, "slope_pct": 1.15, "bearing": 212.5}}, {"type": "Feature", "geometry": {"type": "LineString", "coordinates": [[13.2259397, 55.4558215], [13.2259383, 55.4558126]]}, "properties": {"t": "fall", "g": 20, "loop": "Nya banan", "hole": 2, "slope_pct": 1.67, "bearing": 185.1}}, {"type": "Feature", "geometry": {"type": "LineString", "coordinates": [[13.2257038, 55.4557911], [13.2257092, 55.4557805]]}, "properties": {"t": "fall", "g": 20, "loop": "Nya banan", "hole": 2, "slope_pct": 2.06, "bearing": 164.0}}, {"type": "Feature", "geometry": {"type": "LineString", "coordinates": [[13.2257513, 55.4557918], [13.225762, 55.4557851]]}, "properties": {"t": "fall", "g": 20, "loop": "Nya banan", "hole": 2, "slope_pct": 1.68, "bearing": 137.8}}, {"type": "Feature", "geometry": {"type": "LineString", "coordinates": [[13.2257987, 55.4557925], [13.2258038, 55.4557865]]}, "properties": {"t": "fall", "g": 20, "loop": "Nya banan", "hole": 2, "slope_pct": 1.24, "bearing": 154.3}}, {"type": "Feature", "geometry": {"type": "LineString", "coordinates": [[13.2258461, 55.4557932], [13.2258456, 55.4557844]]}, "properties": {"t": "fall", "g": 20, "loop": "Nya banan", "hole": 2, "slope_pct": 1.64, "bearing": 181.9}}, {"type": "Feature", "geometry": {"type": "LineString", "coordinates": [[13.2258935, 55.4557939], [13.2258947, 55.4557825]]}, "properties": {"t": "fall", "g": 20, "loop": "Nya banan", "hole": 2, "slope_pct": 2.12, "bearing": 176.5}}, {"type": "Feature", "geometry": {"type": "LineString", "coordinates": [[13.2257999, 55.4557656], [13.2258113, 55.4557538]]}, "properties": {"t": "fall", "g": 20, "loop": "Nya banan", "hole": 2, "slope_pct": 2.49, "bearing": 151.2}}, {"type": "Feature", "geometry": {"type": "LineString", "coordinates": [[13.2258473, 55.4557663], [13.2258496, 55.455752]]}, "properties": {"t": "fall", "g": 20, "loop": "Nya banan", "hole": 2, "slope_pct": 2.65, "bearing": 174.6}}, {"type": "Feature", "geometry": {"type": "LineString", "coordinates": [[13.2258947, 55.455767], [13.2259104, 55.4557452]]}, "properties": {"t": "fall", "g": 20, "loop": "Nya banan", "hole": 2, "slope_pct": 4.36, "bearing": 157.7}}, {"type": "Feature", "geometry": {"type": "Point", "coordinates": [13.2258325, 55.455862]}, "properties": {"t": "aim", "g": 20, "loop": "Nya banan", "hole": 2, "aim_bearing": 183.7, "slope_median": 2.04, "slope_max": 5.28, "n_cells": 44}}, {"type": "Feature", "geometry": {"type": "LineString", "coordinates": [[13.2283661, 55.4577889], [13.2283644, 55.4577645]]}, "properties": {"t": "fall", "g": 21, "loop": "Nya banan", "hole": 3, "slope_pct": 4.54, "bearing": 182.3}}, {"type": "Feature", "geometry": {"type": "LineString", "coordinates": [[13.2284135, 55.4577896], [13.2284048, 55.457774]]}, "properties": {"t": "fall", "g": 21, "loop": "Nya banan", "hole": 3, "slope_pct": 3.04, "bearing": 197.7}}, {"type": "Feature", "geometry": {"type": "LineString", "coordinates": [[13.2284609, 55.4577903], [13.228453, 55.4577754]]}, "properties": {"t": "fall", "g": 21, "loop": "Nya banan", "hole": 3, "slope_pct": 2.9, "bearing": 196.7}}, {"type": "Feature", "geometry": {"type": "LineString", "coordinates": [[13.2281302, 55.4577586], [13.2281454, 55.457733]]}, "properties": {"t": "fall", "g": 21, "loop": "Nya banan", "hole": 3, "slope_pct": 8.45, "bearing": 161.3}}, {"type": "Feature", "geometry": {"type": "LineString", "coordinates": [[13.2281776, 55.4577593], [13.2281678, 55.4577329]]}, "properties": {"t": "fall", "g": 21, "loop": "Nya banan", "hole": 3, "slope_pct": 7.16, "bearing": 191.9}}, {"type": "Feature", "geometry": {"type": "LineString", "coordinates": [[13.2282251, 55.4577599], [13.2282087, 55.4577346]]}, "properties": {"t": "fall", "g": 21, "loop": "Nya banan", "hole": 3, "slope_pct": 9.03, "bearing": 200.1}}, {"type": "Feature", "geometry": {"type": "LineString", "coordinates": [[13.2282725, 55.4577606], [13.2282617, 55.4577344]]}, "properties": {"t": "fall", "g": 21, "loop": "Nya banan", "hole": 3, "slope_pct": 7.6, "bearing": 193.1}}, {"type": "Feature", "geometry": {"type": "LineString", "coordinates": [[13.2283199, 55.4577613], [13.2283007, 55.4577416]]}, "properties": {"t": "fall", "g": 21, "loop": "Nya banan", "hole": 3, "slope_pct": 4.19, "bearing": 208.9}}, {"type": "Feature", "geometry": {"type": "LineString", "coordinates": [[13.2283673, 55.457762], [13.2283504, 55.4577484]]}, "properties": {"t": "fall", "g": 21, "loop": "Nya banan", "hole": 3, "slope_pct": 3.1, "bearing": 215.1}}, {"type": "Feature", "geometry": {"type": "LineString", "coordinates": [[13.2284147, 55.4577627], [13.2284048, 55.4577496]]}, "properties": {"t": "fall", "g": 21, "loop": "Nya banan", "hole": 3, "slope_pct": 2.64, "bearing": 203.2}}, {"type": "Feature", "geometry": {"type": "LineString", "coordinates": [[13.2284621, 55.4577634], [13.2284534, 55.4577506]]}, "properties": {"t": "fall", "g": 21, "loop": "Nya banan", "hole": 3, "slope_pct": 2.54, "bearing": 201.3}}, {"type": "Feature", "geometry": {"type": "LineString", "coordinates": [[13.2285096, 55.4577641], [13.2284989, 55.4577496]]}, "properties": {"t": "fall", "g": 21, "loop": "Nya banan", "hole": 3, "slope_pct": 2.9, "bearing": 202.8}}, {"type": "Feature", "geometry": {"type": "LineString", "coordinates": [[13.228084, 55.4577309], [13.2281243, 55.4577166]]}, "properties": {"t": "fall", "g": 21, "loop": "Nya banan", "hole": 3, "slope_pct": 10.8, "bearing": 122.0}}, {"type": "Feature", "geometry": {"type": "LineString", "coordinates": [[13.2281314, 55.4577316], [13.2281377, 55.4577156]]}, "properties": {"t": "fall", "g": 21, "loop": "Nya banan", "hole": 3, "slope_pct": 3.05, "bearing": 167.6}}, {"type": "Feature", "geometry": {"type": "LineString", "coordinates": [[13.2281789, 55.4577323], [13.2281668, 55.4577174]]}, "properties": {"t": "fall", "g": 21, "loop": "Nya banan", "hole": 3, "slope_pct": 3.04, "bearing": 204.6}}, {"type": "Feature", "geometry": {"type": "LineString", "coordinates": [[13.2282263, 55.457733], [13.2282031, 55.4577189]]}, "properties": {"t": "fall", "g": 21, "loop": "Nya banan", "hole": 3, "slope_pct": 3.58, "bearing": 222.9}}, {"type": "Feature", "geometry": {"type": "LineString", "coordinates": [[13.2282737, 55.4577337], [13.2282401, 55.4577201]]}, "properties": {"t": "fall", "g": 21, "loop": "Nya banan", "hole": 3, "slope_pct": 4.34, "bearing": 234.6}}, {"type": "Feature", "geometry": {"type": "LineString", "coordinates": [[13.2283211, 55.4577344], [13.2282914, 55.4577256]]}, "properties": {"t": "fall", "g": 21, "loop": "Nya banan", "hole": 3, "slope_pct": 3.52, "bearing": 242.6}}, {"type": "Feature", "geometry": {"type": "LineString", "coordinates": [[13.2283685, 55.4577351], [13.2283534, 55.4577253]]}, "properties": {"t": "fall", "g": 21, "loop": "Nya banan", "hole": 3, "slope_pct": 2.4, "bearing": 221.3}}, {"type": "Feature", "geometry": {"type": "LineString", "coordinates": [[13.2284159, 55.4577357], [13.2284039, 55.4577258]]}, "properties": {"t": "fall", "g": 21, "loop": "Nya banan", "hole": 3, "slope_pct": 2.24, "bearing": 214.3}}, {"type": "Feature", "geometry": {"type": "LineString", "coordinates": [[13.2284634, 55.4577364], [13.2284569, 55.4577265]]}, "properties": {"t": "fall", "g": 21, "loop": "Nya banan", "hole": 3, "slope_pct": 1.97, "bearing": 200.2}}, {"type": "Feature", "geometry": {"type": "LineString", "coordinates": [[13.2285108, 55.4577371], [13.2285018, 55.4577274]]}, "properties": {"t": "fall", "g": 21, "loop": "Nya banan", "hole": 3, "slope_pct": 2.03, "bearing": 207.6}}, {"type": "Feature", "geometry": {"type": "LineString", "coordinates": [[13.2280852, 55.457704], [13.2281287, 55.4576931]]}, "properties": {"t": "fall", "g": 21, "loop": "Nya banan", "hole": 3, "slope_pct": 6.71, "bearing": 113.8}}, {"type": "Feature", "geometry": {"type": "LineString", "coordinates": [[13.2281326, 55.4577047], [13.2281359, 55.4576944]]}, "properties": {"t": "fall", "g": 21, "loop": "Nya banan", "hole": 3, "slope_pct": 1.95, "bearing": 169.8}}, {"type": "Feature", "geometry": {"type": "LineString", "coordinates": [[13.2281801, 55.4577054], [13.2281704, 55.4576939]]}, "properties": {"t": "fall", "g": 21, "loop": "Nya banan", "hole": 3, "slope_pct": 2.36, "bearing": 205.5}}, {"type": "Feature", "geometry": {"type": "LineString", "coordinates": [[13.2282275, 55.4577061], [13.2282035, 55.457693]]}, "properties": {"t": "fall", "g": 21, "loop": "Nya banan", "hole": 3, "slope_pct": 3.49, "bearing": 226.3}}, {"type": "Feature", "geometry": {"type": "LineString", "coordinates": [[13.2282749, 55.4577067], [13.2282379, 55.4576935]]}, "properties": {"t": "fall", "g": 21, "loop": "Nya banan", "hole": 3, "slope_pct": 4.61, "bearing": 237.7}}, {"type": "Feature", "geometry": {"type": "LineString", "coordinates": [[13.2283223, 55.4577074], [13.2282883, 55.457695]]}, "properties": {"t": "fall", "g": 21, "loop": "Nya banan", "hole": 3, "slope_pct": 4.25, "bearing": 237.2}}, {"type": "Feature", "geometry": {"type": "LineString", "coordinates": [[13.2283697, 55.4577081], [13.2283542, 55.4576982]]}, "properties": {"t": "fall", "g": 21, "loop": "Nya banan", "hole": 3, "slope_pct": 2.46, "bearing": 221.5}}, {"type": "Feature", "geometry": {"type": "LineString", "coordinates": [[13.2284171, 55.4577088], [13.2284034, 55.4577009]]}, "properties": {"t": "fall", "g": 21, "loop": "Nya banan", "hole": 3, "slope_pct": 2.06, "bearing": 224.6}}, {"type": "Feature", "geometry": {"type": "LineString", "coordinates": [[13.2284646, 55.4577095], [13.2284535, 55.4577047]]}, "properties": {"t": "fall", "g": 21, "loop": "Nya banan", "hole": 3, "slope_pct": 1.46, "bearing": 232.7}}, {"type": "Feature", "geometry": {"type": "LineString", "coordinates": [[13.2281339, 55.4576777], [13.2281353, 55.4576699]]}, "properties": {"t": "fall", "g": 21, "loop": "Nya banan", "hole": 3, "slope_pct": 1.46, "bearing": 173.9}}, {"type": "Feature", "geometry": {"type": "LineString", "coordinates": [[13.2281813, 55.4576784], [13.2281727, 55.457673]]}, "properties": {"t": "fall", "g": 21, "loop": "Nya banan", "hole": 3, "slope_pct": 1.35, "bearing": 221.7}}, {"type": "Feature", "geometry": {"type": "LineString", "coordinates": [[13.2282287, 55.4576791], [13.228209, 55.4576731]]}, "properties": {"t": "fall", "g": 21, "loop": "Nya banan", "hole": 3, "slope_pct": 2.36, "bearing": 241.7}}, {"type": "Feature", "geometry": {"type": "LineString", "coordinates": [[13.2282761, 55.4576798], [13.228246, 55.4576661]]}, "properties": {"t": "fall", "g": 21, "loop": "Nya banan", "hole": 3, "slope_pct": 4.06, "bearing": 231.3}}, {"type": "Feature", "geometry": {"type": "LineString", "coordinates": [[13.2284184, 55.4576819], [13.2284047, 55.4576561]]}, "properties": {"t": "fall", "g": 21, "loop": "Nya banan", "hole": 3, "slope_pct": 6.36, "bearing": 196.8}}, {"type": "Feature", "geometry": {"type": "LineString", "coordinates": [[13.2281351, 55.4576508], [13.2281375, 55.4576431]]}, "properties": {"t": "fall", "g": 21, "loop": "Nya banan", "hole": 3, "slope_pct": 1.46, "bearing": 170.0}}, {"type": "Feature", "geometry": {"type": "Point", "coordinates": [13.2283046, 55.4577306]}, "properties": {"t": "aim", "g": 21, "loop": "Nya banan", "hole": 3, "aim_bearing": 196.8, "slope_median": 3.04, "slope_max": 10.8, "n_cells": 37}}, {"type": "Feature", "geometry": {"type": "LineString", "coordinates": [[13.2245996, 55.4560807], [13.2246097, 55.4560909]]}, "properties": {"t": "fall", "g": 22, "loop": "Nya banan", "hole": 4, "slope_pct": 2.17, "bearing": 29.3}}, {"type": "Feature", "geometry": {"type": "LineString", "coordinates": [[13.224647, 55.4560814], [13.2246564, 55.4560953]]}, "properties": {"t": "fall", "g": 22, "loop": "Nya banan", "hole": 4, "slope_pct": 2.76, "bearing": 20.9}}, {"type": "Feature", "geometry": {"type": "LineString", "coordinates": [[13.2246944, 55.4560821], [13.2246907, 55.4560982]]}, "properties": {"t": "fall", "g": 22, "loop": "Nya banan", "hole": 4, "slope_pct": 3.01, "bearing": 352.6}}, {"type": "Feature", "geometry": {"type": "LineString", "coordinates": [[13.2245534, 55.4560531], [13.2245521, 55.456068]]}, "properties": {"t": "fall", "g": 22, "loop": "Nya banan", "hole": 4, "slope_pct": 2.77, "bearing": 357.3}}, {"type": "Feature", "geometry": {"type": "LineString", "coordinates": [[13.2246008, 55.4560538], [13.2246078, 55.4560658]]}, "properties": {"t": "fall", "g": 22, "loop": "Nya banan", "hole": 4, "slope_pct": 2.35, "bearing": 18.4}}, {"type": "Feature", "geometry": {"type": "LineString", "coordinates": [[13.2246482, 55.4560544], [13.2246502, 55.4560682]]}, "properties": {"t": "fall", "g": 22, "loop": "Nya banan", "hole": 4, "slope_pct": 2.56, "bearing": 4.7}}, {"type": "Feature", "geometry": {"type": "LineString", "coordinates": [[13.2246956, 55.4560551], [13.2246934, 55.4560695]]}, "properties": {"t": "fall", "g": 22, "loop": "Nya banan", "hole": 4, "slope_pct": 2.68, "bearing": 355.1}}, {"type": "Feature", "geometry": {"type": "LineString", "coordinates": [[13.224743, 55.4560558], [13.2247578, 55.4560671]]}, "properties": {"t": "fall", "g": 22, "loop": "Nya banan", "hole": 4, "slope_pct": 2.62, "bearing": 36.5}}, {"type": "Feature", "geometry": {"type": "LineString", "coordinates": [[13.2245546, 55.4560261], [13.2245599, 55.4560441]]}, "properties": {"t": "fall", "g": 22, "loop": "Nya banan", "hole": 4, "slope_pct": 3.39, "bearing": 9.6}}, {"type": "Feature", "geometry": {"type": "LineString", "coordinates": [[13.224602, 55.4560268], [13.2246127, 55.4560425]]}, "properties": {"t": "fall", "g": 22, "loop": "Nya banan", "hole": 4, "slope_pct": 3.12, "bearing": 21.2}}, {"type": "Feature", "geometry": {"type": "LineString", "coordinates": [[13.2246494, 55.4560275], [13.2246498, 55.4560408]]}, "properties": {"t": "fall", "g": 22, "loop": "Nya banan", "hole": 4, "slope_pct": 2.48, "bearing": 1.0}}, {"type": "Feature", "geometry": {"type": "LineString", "coordinates": [[13.2246968, 55.4560282], [13.2246971, 55.4560423]]}, "properties": {"t": "fall", "g": 22, "loop": "Nya banan", "hole": 4, "slope_pct": 2.61, "bearing": 0.5}}, {"type": "Feature", "geometry": {"type": "LineString", "coordinates": [[13.2247443, 55.4560289], [13.2247637, 55.4560413]]}, "properties": {"t": "fall", "g": 22, "loop": "Nya banan", "hole": 4, "slope_pct": 3.08, "bearing": 41.5}}, {"type": "Feature", "geometry": {"type": "LineString", "coordinates": [[13.2245558, 55.4559992], [13.22455, 55.4560125]]}, "properties": {"t": "fall", "g": 22, "loop": "Nya banan", "hole": 4, "slope_pct": 2.54, "bearing": 346.2}}, {"type": "Feature", "geometry": {"type": "LineString", "coordinates": [[13.2246032, 55.4559999], [13.224618, 55.4560138]]}, "properties": {"t": "fall", "g": 22, "loop": "Nya banan", "hole": 4, "slope_pct": 3.02, "bearing": 30.9}}, {"type": "Feature", "geometry": {"type": "LineString", "coordinates": [[13.2246506, 55.4560006], [13.2246527, 55.456015]]}, "properties": {"t": "fall", "g": 22, "loop": "Nya banan", "hole": 4, "slope_pct": 2.69, "bearing": 4.7}}, {"type": "Feature", "geometry": {"type": "LineString", "coordinates": [[13.224698, 55.4560012], [13.2246986, 55.4560135]]}, "properties": {"t": "fall", "g": 22, "loop": "Nya banan", "hole": 4, "slope_pct": 2.28, "bearing": 1.4}}, {"type": "Feature", "geometry": {"type": "LineString", "coordinates": [[13.2247455, 55.4560019], [13.2247714, 55.4560128]]}, "properties": {"t": "fall", "g": 22, "loop": "Nya banan", "hole": 4, "slope_pct": 3.39, "bearing": 53.4}}, {"type": "Feature", "geometry": {"type": "LineString", "coordinates": [[13.224557, 55.4559722], [13.2245358, 55.4559794]]}, "properties": {"t": "fall", "g": 22, "loop": "Nya banan", "hole": 4, "slope_pct": 2.59, "bearing": 300.6}}, {"type": "Feature", "geometry": {"type": "LineString", "coordinates": [[13.2246044, 55.4559729], [13.2246189, 55.4559834]]}, "properties": {"t": "fall", "g": 22, "loop": "Nya banan", "hole": 4, "slope_pct": 2.47, "bearing": 38.0}}, {"type": "Feature", "geometry": {"type": "LineString", "coordinates": [[13.2246518, 55.4559736], [13.2246506, 55.4559868]]}, "properties": {"t": "fall", "g": 22, "loop": "Nya banan", "hole": 4, "slope_pct": 2.45, "bearing": 356.8}}, {"type": "Feature", "geometry": {"type": "LineString", "coordinates": [[13.2246993, 55.4559743], [13.2247026, 55.4559889]]}, "properties": {"t": "fall", "g": 22, "loop": "Nya banan", "hole": 4, "slope_pct": 2.73, "bearing": 7.3}}, {"type": "Feature", "geometry": {"type": "LineString", "coordinates": [[13.2247467, 55.455975], [13.2247703, 55.4559909]]}, "properties": {"t": "fall", "g": 22, "loop": "Nya banan", "hole": 4, "slope_pct": 3.86, "bearing": 40.1}}, {"type": "Feature", "geometry": {"type": "LineString", "coordinates": [[13.2245582, 55.4559453], [13.2245445, 55.4559551]]}, "properties": {"t": "fall", "g": 22, "loop": "Nya banan", "hole": 4, "slope_pct": 2.33, "bearing": 321.6}}, {"type": "Feature", "geometry": {"type": "LineString", "coordinates": [[13.2246056, 55.455946], [13.2246104, 55.4559551]]}, "properties": {"t": "fall", "g": 22, "loop": "Nya banan", "hole": 4, "slope_pct": 1.77, "bearing": 16.5}}, {"type": "Feature", "geometry": {"type": "LineString", "coordinates": [[13.2246531, 55.4559467], [13.2246496, 55.4559586]]}, "properties": {"t": "fall", "g": 22, "loop": "Nya banan", "hole": 4, "slope_pct": 2.24, "bearing": 350.7}}, {"type": "Feature", "geometry": {"type": "LineString", "coordinates": [[13.2247005, 55.4559474], [13.2247018, 55.4559601]]}, "properties": {"t": "fall", "g": 22, "loop": "Nya banan", "hole": 4, "slope_pct": 2.36, "bearing": 3.4}}, {"type": "Feature", "geometry": {"type": "LineString", "coordinates": [[13.2247479, 55.455948], [13.2247668, 55.4559641]]}, "properties": {"t": "fall", "g": 22, "loop": "Nya banan", "hole": 4, "slope_pct": 3.59, "bearing": 33.7}}, {"type": "Feature", "geometry": {"type": "LineString", "coordinates": [[13.2245594, 55.4559183], [13.224564, 55.4559305]]}, "properties": {"t": "fall", "g": 22, "loop": "Nya banan", "hole": 4, "slope_pct": 2.3, "bearing": 12.1}}, {"type": "Feature", "geometry": {"type": "LineString", "coordinates": [[13.2246068, 55.455919], [13.2246102, 55.4559309]]}, "properties": {"t": "fall", "g": 22, "loop": "Nya banan", "hole": 4, "slope_pct": 2.22, "bearing": 9.2}}, {"type": "Feature", "geometry": {"type": "LineString", "coordinates": [[13.2246543, 55.4559197], [13.2246484, 55.4559331]]}, "properties": {"t": "fall", "g": 22, "loop": "Nya banan", "hole": 4, "slope_pct": 2.56, "bearing": 346.2}}, {"type": "Feature", "geometry": {"type": "LineString", "coordinates": [[13.2247017, 55.4559204], [13.224699, 55.4559349]]}, "properties": {"t": "fall", "g": 22, "loop": "Nya banan", "hole": 4, "slope_pct": 2.7, "bearing": 354.1}}, {"type": "Feature", "geometry": {"type": "LineString", "coordinates": [[13.2247491, 55.4559211], [13.2247593, 55.4559371]]}, "properties": {"t": "fall", "g": 22, "loop": "Nya banan", "hole": 4, "slope_pct": 3.15, "bearing": 20.0}}, {"type": "Feature", "geometry": {"type": "LineString", "coordinates": [[13.2245606, 55.4558914], [13.2245693, 55.4559009]]}, "properties": {"t": "fall", "g": 22, "loop": "Nya banan", "hole": 4, "slope_pct": 1.99, "bearing": 27.4}}, {"type": "Feature", "geometry": {"type": "LineString", "coordinates": [[13.2246081, 55.4558921], [13.2246036, 55.4559055]]}, "properties": {"t": "fall", "g": 22, "loop": "Nya banan", "hole": 4, "slope_pct": 2.54, "bearing": 349.4}}, {"type": "Feature", "geometry": {"type": "LineString", "coordinates": [[13.2246555, 55.4558928], [13.224649, 55.455909]]}, "properties": {"t": "fall", "g": 22, "loop": "Nya banan", "hole": 4, "slope_pct": 3.09, "bearing": 347.3}}, {"type": "Feature", "geometry": {"type": "LineString", "coordinates": [[13.2247029, 55.4558935], [13.2247067, 55.4559055]]}, "properties": {"t": "fall", "g": 22, "loop": "Nya banan", "hole": 4, "slope_pct": 2.28, "bearing": 10.1}}, {"type": "Feature", "geometry": {"type": "LineString", "coordinates": [[13.2247503, 55.4558942], [13.2247608, 55.4559013]]}, "properties": {"t": "fall", "g": 22, "loop": "Nya banan", "hole": 4, "slope_pct": 1.72, "bearing": 40.1}}, {"type": "Feature", "geometry": {"type": "LineString", "coordinates": [[13.2245619, 55.4558645], [13.2245671, 55.4558821]]}, "properties": {"t": "fall", "g": 22, "loop": "Nya banan", "hole": 4, "slope_pct": 3.32, "bearing": 9.6}}, {"type": "Feature", "geometry": {"type": "LineString", "coordinates": [[13.2246093, 55.4558651], [13.2246046, 55.45588]]}, "properties": {"t": "fall", "g": 22, "loop": "Nya banan", "hole": 4, "slope_pct": 2.8, "bearing": 349.8}}, {"type": "Feature", "geometry": {"type": "LineString", "coordinates": [[13.2246567, 55.4558658], [13.2246536, 55.4558755]]}, "properties": {"t": "fall", "g": 22, "loop": "Nya banan", "hole": 4, "slope_pct": 1.81, "bearing": 349.7}}, {"type": "Feature", "geometry": {"type": "LineString", "coordinates": [[13.2247041, 55.4558665], [13.2247154, 55.4558748]]}, "properties": {"t": "fall", "g": 22, "loop": "Nya banan", "hole": 4, "slope_pct": 1.94, "bearing": 37.8}}, {"type": "Feature", "geometry": {"type": "LineString", "coordinates": [[13.2247515, 55.4558672], [13.2247643, 55.4558731]]}, "properties": {"t": "fall", "g": 22, "loop": "Nya banan", "hole": 4, "slope_pct": 1.73, "bearing": 51.0}}, {"type": "Feature", "geometry": {"type": "LineString", "coordinates": [[13.2245631, 55.4558375], [13.2245642, 55.4558506]]}, "properties": {"t": "fall", "g": 22, "loop": "Nya banan", "hole": 4, "slope_pct": 2.44, "bearing": 2.8}}, {"type": "Feature", "geometry": {"type": "LineString", "coordinates": [[13.2246105, 55.4558382], [13.2246158, 55.4558497]]}, "properties": {"t": "fall", "g": 22, "loop": "Nya banan", "hole": 4, "slope_pct": 2.21, "bearing": 14.7}}, {"type": "Feature", "geometry": {"type": "LineString", "coordinates": [[13.2246579, 55.4558389], [13.2246606, 55.4558464]]}, "properties": {"t": "fall", "g": 22, "loop": "Nya banan", "hole": 4, "slope_pct": 1.43, "bearing": 11.4}}, {"type": "Feature", "geometry": {"type": "LineString", "coordinates": [[13.2247053, 55.4558396], [13.2247219, 55.4558439]]}, "properties": {"t": "fall", "g": 22, "loop": "Nya banan", "hole": 4, "slope_pct": 1.92, "bearing": 65.4}}, {"type": "Feature", "geometry": {"type": "LineString", "coordinates": [[13.2247527, 55.4558403], [13.2247632, 55.4558441]]}, "properties": {"t": "fall", "g": 22, "loop": "Nya banan", "hole": 4, "slope_pct": 1.32, "bearing": 57.2}}, {"type": "Feature", "geometry": {"type": "Point", "coordinates": [13.2246525, 55.4559533]}, "properties": {"t": "aim", "g": 22, "loop": "Nya banan", "hole": 4, "aim_bearing": 11.8, "slope_median": 2.54, "slope_max": 3.86, "n_cells": 48}}, {"type": "Feature", "geometry": {"type": "LineString", "coordinates": [[13.2254072, 55.457818], [13.2254032, 55.4578033]]}, "properties": {"t": "fall", "g": 23, "loop": "Nya banan", "hole": 5, "slope_pct": 2.75, "bearing": 188.9}}, {"type": "Feature", "geometry": {"type": "LineString", "coordinates": [[13.2254546, 55.4578187], [13.2254525, 55.4578059]]}, "properties": {"t": "fall", "g": 23, "loop": "Nya banan", "hole": 5, "slope_pct": 2.38, "bearing": 185.4}}, {"type": "Feature", "geometry": {"type": "LineString", "coordinates": [[13.2255021, 55.4578193], [13.2255158, 55.457813]]}, "properties": {"t": "fall", "g": 23, "loop": "Nya banan", "hole": 5, "slope_pct": 1.86, "bearing": 129.3}}, {"type": "Feature", "geometry": {"type": "LineString", "coordinates": [[13.2255495, 55.45782], [13.2255519, 55.4578245]]}, "properties": {"t": "fall", "g": 23, "loop": "Nya banan", "hole": 5, "slope_pct": 0.87, "bearing": 17.0}}, {"type": "Feature", "geometry": {"type": "LineString", "coordinates": [[13.225361, 55.4577903], [13.2253514, 55.4577779]]}, "properties": {"t": "fall", "g": 23, "loop": "Nya banan", "hole": 5, "slope_pct": 2.52, "bearing": 203.5}}, {"type": "Feature", "geometry": {"type": "LineString", "coordinates": [[13.2254084, 55.457791], [13.2254048, 55.4577785]]}, "properties": {"t": "fall", "g": 23, "loop": "Nya banan", "hole": 5, "slope_pct": 2.35, "bearing": 189.2}}, {"type": "Feature", "geometry": {"type": "LineString", "coordinates": [[13.2254558, 55.4577917], [13.2254504, 55.4577785]]}, "properties": {"t": "fall", "g": 23, "loop": "Nya banan", "hole": 5, "slope_pct": 2.52, "bearing": 193.1}}, {"type": "Feature", "geometry": {"type": "LineString", "coordinates": [[13.2255033, 55.4577924], [13.2255043, 55.4577836]]}, "properties": {"t": "fall", "g": 23, "loop": "Nya banan", "hole": 5, "slope_pct": 1.63, "bearing": 176.1}}, {"type": "Feature", "geometry": {"type": "LineString", "coordinates": [[13.2255507, 55.4577931], [13.2255371, 55.4577899]]}, "properties": {"t": "fall", "g": 23, "loop": "Nya banan", "hole": 5, "slope_pct": 1.55, "bearing": 247.2}}, {"type": "Feature", "geometry": {"type": "LineString", "coordinates": [[13.2255981, 55.4577938], [13.2255815, 55.4577949]]}, "properties": {"t": "fall", "g": 23, "loop": "Nya banan", "hole": 5, "slope_pct": 1.76, "bearing": 276.8}}, {"type": "Feature", "geometry": {"type": "LineString", "coordinates": [[13.2256455, 55.4577945], [13.2256373, 55.457804]]}, "properties": {"t": "fall", "g": 23, "loop": "Nya banan", "hole": 5, "slope_pct": 1.97, "bearing": 333.9}}, {"type": "Feature", "geometry": {"type": "LineString", "coordinates": [[13.2253622, 55.4577634], [13.2253563, 55.4577452]]}, "properties": {"t": "fall", "g": 23, "loop": "Nya banan", "hole": 5, "slope_pct": 3.43, "bearing": 190.5}}, {"type": "Feature", "geometry": {"type": "LineString", "coordinates": [[13.2254096, 55.4577641], [13.2254092, 55.4577442]]}, "properties": {"t": "fall", "g": 23, "loop": "Nya banan", "hole": 5, "slope_pct": 3.69, "bearing": 180.7}}, {"type": "Feature", "geometry": {"type": "LineString", "coordinates": [[13.2254571, 55.4577648], [13.2254528, 55.4577414]]}, "properties": {"t": "fall", "g": 23, "loop": "Nya banan", "hole": 5, "slope_pct": 4.37, "bearing": 185.9}}, {"type": "Feature", "geometry": {"type": "LineString", "coordinates": [[13.2255045, 55.4577655], [13.225494, 55.4577411]]}, "properties": {"t": "fall", "g": 23, "loop": "Nya banan", "hole": 5, "slope_pct": 4.65, "bearing": 193.7}}, {"type": "Feature", "geometry": {"type": "LineString", "coordinates": [[13.2255519, 55.4577661], [13.2255314, 55.45775]]}, "properties": {"t": "fall", "g": 23, "loop": "Nya banan", "hole": 5, "slope_pct": 3.69, "bearing": 215.6}}, {"type": "Feature", "geometry": {"type": "LineString", "coordinates": [[13.2255993, 55.4577668], [13.2255721, 55.4577589]]}, "properties": {"t": "fall", "g": 23, "loop": "Nya banan", "hole": 5, "slope_pct": 3.22, "bearing": 242.7}}, {"type": "Feature", "geometry": {"type": "LineString", "coordinates": [[13.2256467, 55.4577675], [13.2256324, 55.4577627]]}, "properties": {"t": "fall", "g": 23, "loop": "Nya banan", "hole": 5, "slope_pct": 1.75, "bearing": 239.1}}, {"type": "Feature", "geometry": {"type": "LineString", "coordinates": [[13.2256941, 55.4577682], [13.2256944, 55.4577648]]}, "properties": {"t": "fall", "g": 23, "loop": "Nya banan", "hole": 5, "slope_pct": 0.63, "bearing": 177.9}}, {"type": "Feature", "geometry": {"type": "LineString", "coordinates": [[13.2253634, 55.4577365], [13.2253648, 55.4577095]]}, "properties": {"t": "fall", "g": 23, "loop": "Nya banan", "hole": 5, "slope_pct": 8.34, "bearing": 178.4}}, {"type": "Feature", "geometry": {"type": "LineString", "coordinates": [[13.2254109, 55.4577371], [13.2254135, 55.4577102]]}, "properties": {"t": "fall", "g": 23, "loop": "Nya banan", "hole": 5, "slope_pct": 9.13, "bearing": 176.8}}, {"type": "Feature", "geometry": {"type": "LineString", "coordinates": [[13.2254583, 55.4577378], [13.2254605, 55.4577109]]}, "properties": {"t": "fall", "g": 23, "loop": "Nya banan", "hole": 5, "slope_pct": 9.31, "bearing": 177.3}}, {"type": "Feature", "geometry": {"type": "LineString", "coordinates": [[13.2255057, 55.4577385], [13.2254975, 55.457712]]}, "properties": {"t": "fall", "g": 23, "loop": "Nya banan", "hole": 5, "slope_pct": 8.97, "bearing": 189.9}}, {"type": "Feature", "geometry": {"type": "LineString", "coordinates": [[13.2255531, 55.4577392], [13.2255263, 55.4577169]]}, "properties": {"t": "fall", "g": 23, "loop": "Nya banan", "hole": 5, "slope_pct": 9.37, "bearing": 214.3}}, {"type": "Feature", "geometry": {"type": "LineString", "coordinates": [[13.2256005, 55.4577399], [13.2255649, 55.4577221]]}, "properties": {"t": "fall", "g": 23, "loop": "Nya banan", "hole": 5, "slope_pct": 6.73, "bearing": 228.6}}, {"type": "Feature", "geometry": {"type": "LineString", "coordinates": [[13.2256479, 55.4577406], [13.2256271, 55.4577293]]}, "properties": {"t": "fall", "g": 23, "loop": "Nya banan", "hole": 5, "slope_pct": 3.02, "bearing": 226.4}}, {"type": "Feature", "geometry": {"type": "LineString", "coordinates": [[13.2256954, 55.4577413], [13.2256932, 55.4577331]]}, "properties": {"t": "fall", "g": 23, "loop": "Nya banan", "hole": 5, "slope_pct": 1.53, "bearing": 188.6}}, {"type": "Feature", "geometry": {"type": "LineString", "coordinates": [[13.2253646, 55.4577095], [13.225371, 55.457684]]}, "properties": {"t": "fall", "g": 23, "loop": "Nya banan", "hole": 5, "slope_pct": 4.79, "bearing": 172.0}}, {"type": "Feature", "geometry": {"type": "LineString", "coordinates": [[13.2254121, 55.4577102], [13.2254145, 55.4576853]]}, "properties": {"t": "fall", "g": 23, "loop": "Nya banan", "hole": 5, "slope_pct": 4.62, "bearing": 176.9}}, {"type": "Feature", "geometry": {"type": "LineString", "coordinates": [[13.2254595, 55.4577109], [13.2254543, 55.4576903]]}, "properties": {"t": "fall", "g": 23, "loop": "Nya banan", "hole": 5, "slope_pct": 3.86, "bearing": 188.1}}, {"type": "Feature", "geometry": {"type": "LineString", "coordinates": [[13.2255069, 55.4577116], [13.2254903, 55.4576934]]}, "properties": {"t": "fall", "g": 23, "loop": "Nya banan", "hole": 5, "slope_pct": 3.81, "bearing": 207.4}}, {"type": "Feature", "geometry": {"type": "LineString", "coordinates": [[13.2255543, 55.4577123], [13.2255248, 55.4576911]]}, "properties": {"t": "fall", "g": 23, "loop": "Nya banan", "hole": 5, "slope_pct": 6.56, "bearing": 218.4}}, {"type": "Feature", "geometry": {"type": "LineString", "coordinates": [[13.2256017, 55.4577129], [13.2255665, 55.4576949]]}, "properties": {"t": "fall", "g": 23, "loop": "Nya banan", "hole": 5, "slope_pct": 10.67, "bearing": 227.9}}, {"type": "Feature", "geometry": {"type": "LineString", "coordinates": [[13.2256491, 55.4577136], [13.2256155, 55.4576946]]}, "properties": {"t": "fall", "g": 23, "loop": "Nya banan", "hole": 5, "slope_pct": 5.8, "bearing": 225.0}}, {"type": "Feature", "geometry": {"type": "LineString", "coordinates": [[13.2253184, 55.4576819], [13.2253119, 55.4576622]]}, "properties": {"t": "fall", "g": 23, "loop": "Nya banan", "hole": 5, "slope_pct": 3.71, "bearing": 190.8}}, {"type": "Feature", "geometry": {"type": "LineString", "coordinates": [[13.2253659, 55.4576826], [13.2253706, 55.4576641]]}, "properties": {"t": "fall", "g": 23, "loop": "Nya banan", "hole": 5, "slope_pct": 3.46, "bearing": 171.7}}, {"type": "Feature", "geometry": {"type": "LineString", "coordinates": [[13.2254133, 55.4576832], [13.2254108, 55.4576666]]}, "properties": {"t": "fall", "g": 23, "loop": "Nya banan", "hole": 5, "slope_pct": 3.09, "bearing": 184.8}}, {"type": "Feature", "geometry": {"type": "LineString", "coordinates": [[13.2254607, 55.4576839], [13.2254524, 55.4576694]]}, "properties": {"t": "fall", "g": 23, "loop": "Nya banan", "hole": 5, "slope_pct": 2.84, "bearing": 197.9}}, {"type": "Feature", "geometry": {"type": "LineString", "coordinates": [[13.2255081, 55.4576846], [13.2254914, 55.4576717]]}, "properties": {"t": "fall", "g": 23, "loop": "Nya banan", "hole": 5, "slope_pct": 2.97, "bearing": 216.2}}, {"type": "Feature", "geometry": {"type": "LineString", "coordinates": [[13.2255555, 55.4576853], [13.2255438, 55.4576692]]}, "properties": {"t": "fall", "g": 23, "loop": "Nya banan", "hole": 5, "slope_pct": 3.24, "bearing": 202.4}}, {"type": "Feature", "geometry": {"type": "LineString", "coordinates": [[13.2256029, 55.457686], [13.2255707, 55.4576662]]}, "properties": {"t": "fall", "g": 23, "loop": "Nya banan", "hole": 5, "slope_pct": 8.7, "bearing": 222.7}}, {"type": "Feature", "geometry": {"type": "LineString", "coordinates": [[13.2253671, 55.4576556], [13.2253684, 55.4576293]]}, "properties": {"t": "fall", "g": 23, "loop": "Nya banan", "hole": 5, "slope_pct": 4.88, "bearing": 178.3}}, {"type": "Feature", "geometry": {"type": "LineString", "coordinates": [[13.2254145, 55.4576563], [13.2254052, 55.4576368]]}, "properties": {"t": "fall", "g": 23, "loop": "Nya banan", "hole": 5, "slope_pct": 3.74, "bearing": 195.1}}, {"type": "Feature", "geometry": {"type": "LineString", "coordinates": [[13.2254619, 55.457657], [13.2254464, 55.457643]]}, "properties": {"t": "fall", "g": 23, "loop": "Nya banan", "hole": 5, "slope_pct": 3.06, "bearing": 212.2}}, {"type": "Feature", "geometry": {"type": "LineString", "coordinates": [[13.2255093, 55.4576577], [13.2254883, 55.4576489]]}, "properties": {"t": "fall", "g": 23, "loop": "Nya banan", "hole": 5, "slope_pct": 2.75, "bearing": 233.6}}, {"type": "Feature", "geometry": {"type": "LineString", "coordinates": [[13.2255567, 55.4576584], [13.2255553, 55.457648]]}, "properties": {"t": "fall", "g": 23, "loop": "Nya banan", "hole": 5, "slope_pct": 1.93, "bearing": 184.6}}, {"type": "Feature", "geometry": {"type": "LineString", "coordinates": [[13.2254157, 55.4576294], [13.225392, 55.4576112]]}, "properties": {"t": "fall", "g": 23, "loop": "Nya banan", "hole": 5, "slope_pct": 4.18, "bearing": 216.5}}, {"type": "Feature", "geometry": {"type": "LineString", "coordinates": [[13.2254631, 55.45763], [13.2254419, 55.457617]]}, "properties": {"t": "fall", "g": 23, "loop": "Nya banan", "hole": 5, "slope_pct": 3.29, "bearing": 222.7}}, {"type": "Feature", "geometry": {"type": "LineString", "coordinates": [[13.2255105, 55.4576307], [13.2254934, 55.4576128]]}, "properties": {"t": "fall", "g": 23, "loop": "Nya banan", "hole": 5, "slope_pct": 3.79, "bearing": 208.4}}, {"type": "Feature", "geometry": {"type": "Point", "coordinates": [13.225489, 55.4577313]}, "properties": {"t": "aim", "g": 23, "loop": "Nya banan", "hole": 5, "aim_bearing": 201.4, "slope_median": 3.43, "slope_max": 10.67, "n_cells": 49}}, {"type": "Feature", "geometry": {"type": "LineString", "coordinates": [[13.218683, 55.4599761], [13.2186904, 55.4599707]]}, "properties": {"t": "fall", "g": 24, "loop": "Nya banan", "hole": 6, "slope_pct": 1.27, "bearing": 142.4}}, {"type": "Feature", "geometry": {"type": "LineString", "coordinates": [[13.2187305, 55.4599768], [13.2187395, 55.4599699]]}, "properties": {"t": "fall", "g": 24, "loop": "Nya banan", "hole": 6, "slope_pct": 1.58, "bearing": 143.3}}, {"type": "Feature", "geometry": {"type": "LineString", "coordinates": [[13.2187779, 55.4599775], [13.2187946, 55.4599717]]}, "properties": {"t": "fall", "g": 24, "loop": "Nya banan", "hole": 6, "slope_pct": 2.07, "bearing": 121.5}}, {"type": "Feature", "geometry": {"type": "LineString", "coordinates": [[13.2186368, 55.4599484], [13.2186413, 55.4599411]]}, "properties": {"t": "fall", "g": 24, "loop": "Nya banan", "hole": 6, "slope_pct": 1.44, "bearing": 161.1}}, {"type": "Feature", "geometry": {"type": "LineString", "coordinates": [[13.2186843, 55.4599491], [13.218691, 55.4599401]]}, "properties": {"t": "fall", "g": 24, "loop": "Nya banan", "hole": 6, "slope_pct": 1.83, "bearing": 157.0}}, {"type": "Feature", "geometry": {"type": "LineString", "coordinates": [[13.2187317, 55.4599498], [13.2187402, 55.4599421]]}, "properties": {"t": "fall", "g": 24, "loop": "Nya banan", "hole": 6, "slope_pct": 1.69, "bearing": 147.8}}, {"type": "Feature", "geometry": {"type": "LineString", "coordinates": [[13.2187791, 55.4599505], [13.2187942, 55.4599441]]}, "properties": {"t": "fall", "g": 24, "loop": "Nya banan", "hole": 6, "slope_pct": 1.99, "bearing": 126.9}}, {"type": "Feature", "geometry": {"type": "LineString", "coordinates": [[13.2188265, 55.4599512], [13.2188408, 55.4599477]]}, "properties": {"t": "fall", "g": 24, "loop": "Nya banan", "hole": 6, "slope_pct": 1.64, "bearing": 113.6}}, {"type": "Feature", "geometry": {"type": "LineString", "coordinates": [[13.2188739, 55.4599519], [13.2188833, 55.4599517]]}, "properties": {"t": "fall", "g": 24, "loop": "Nya banan", "hole": 6, "slope_pct": 0.98, "bearing": 92.2}}, {"type": "Feature", "geometry": {"type": "LineString", "coordinates": [[13.218638, 55.4599215], [13.21865, 55.459913]]}, "properties": {"t": "fall", "g": 24, "loop": "Nya banan", "hole": 6, "slope_pct": 2.02, "bearing": 141.5}}, {"type": "Feature", "geometry": {"type": "LineString", "coordinates": [[13.2186855, 55.4599222], [13.2186966, 55.4599082]]}, "properties": {"t": "fall", "g": 24, "loop": "Nya banan", "hole": 6, "slope_pct": 2.85, "bearing": 155.8}}, {"type": "Feature", "geometry": {"type": "LineString", "coordinates": [[13.2187329, 55.4599229], [13.2187384, 55.4599072]]}, "properties": {"t": "fall", "g": 24, "loop": "Nya banan", "hole": 6, "slope_pct": 2.97, "bearing": 168.8}}, {"type": "Feature", "geometry": {"type": "LineString", "coordinates": [[13.2187803, 55.4599236], [13.2187908, 55.4599108]]}, "properties": {"t": "fall", "g": 24, "loop": "Nya banan", "hole": 6, "slope_pct": 2.61, "bearing": 154.9}}, {"type": "Feature", "geometry": {"type": "LineString", "coordinates": [[13.2188277, 55.4599243], [13.2188338, 55.4599163]]}, "properties": {"t": "fall", "g": 24, "loop": "Nya banan", "hole": 6, "slope_pct": 1.61, "bearing": 156.6}}, {"type": "Feature", "geometry": {"type": "LineString", "coordinates": [[13.2188751, 55.459925], [13.2188784, 55.4599175]]}, "properties": {"t": "fall", "g": 24, "loop": "Nya banan", "hole": 6, "slope_pct": 1.43, "bearing": 166.1}}, {"type": "Feature", "geometry": {"type": "LineString", "coordinates": [[13.2186393, 55.4598946], [13.2186555, 55.4598873]]}, "properties": {"t": "fall", "g": 24, "loop": "Nya banan", "hole": 6, "slope_pct": 2.18, "bearing": 128.2}}, {"type": "Feature", "geometry": {"type": "LineString", "coordinates": [[13.2186867, 55.4598953], [13.2187039, 55.4598874]]}, "properties": {"t": "fall", "g": 24, "loop": "Nya banan", "hole": 6, "slope_pct": 2.33, "bearing": 128.9}}, {"type": "Feature", "geometry": {"type": "LineString", "coordinates": [[13.2187341, 55.4598959], [13.2187409, 55.4598863]]}, "properties": {"t": "fall", "g": 24, "loop": "Nya banan", "hole": 6, "slope_pct": 1.93, "bearing": 158.3}}, {"type": "Feature", "geometry": {"type": "LineString", "coordinates": [[13.2187815, 55.4598966], [13.218783, 55.459887]]}, "properties": {"t": "fall", "g": 24, "loop": "Nya banan", "hole": 6, "slope_pct": 1.79, "bearing": 174.9}}, {"type": "Feature", "geometry": {"type": "LineString", "coordinates": [[13.2188289, 55.4598973], [13.2188352, 55.4598889]]}, "properties": {"t": "fall", "g": 24, "loop": "Nya banan", "hole": 6, "slope_pct": 1.69, "bearing": 157.1}}, {"type": "Feature", "geometry": {"type": "LineString", "coordinates": [[13.2188764, 55.459898], [13.2188841, 55.4598881]]}, "properties": {"t": "fall", "g": 24, "loop": "Nya banan", "hole": 6, "slope_pct": 2.02, "bearing": 156.2}}, {"type": "Feature", "geometry": {"type": "LineString", "coordinates": [[13.2189238, 55.4598987], [13.2189363, 55.4598871]]}, "properties": {"t": "fall", "g": 24, "loop": "Nya banan", "hole": 6, "slope_pct": 2.52, "bearing": 148.5}}, {"type": "Feature", "geometry": {"type": "LineString", "coordinates": [[13.2186879, 55.4598683], [13.2187061, 55.4598633]]}, "properties": {"t": "fall", "g": 24, "loop": "Nya banan", "hole": 6, "slope_pct": 2.12, "bearing": 115.7}}, {"type": "Feature", "geometry": {"type": "LineString", "coordinates": [[13.2187353, 55.459869], [13.2187426, 55.4598644]]}, "properties": {"t": "fall", "g": 24, "loop": "Nya banan", "hole": 6, "slope_pct": 1.14, "bearing": 137.9}}, {"type": "Feature", "geometry": {"type": "LineString", "coordinates": [[13.2187827, 55.4598697], [13.218787, 55.4598638]]}, "properties": {"t": "fall", "g": 24, "loop": "Nya banan", "hole": 6, "slope_pct": 1.18, "bearing": 158.0}}, {"type": "Feature", "geometry": {"type": "LineString", "coordinates": [[13.2188302, 55.4598704], [13.2188357, 55.4598633]]}, "properties": {"t": "fall", "g": 24, "loop": "Nya banan", "hole": 6, "slope_pct": 1.44, "bearing": 156.2}}, {"type": "Feature", "geometry": {"type": "LineString", "coordinates": [[13.2188776, 55.4598711], [13.2188885, 55.4598639]]}, "properties": {"t": "fall", "g": 24, "loop": "Nya banan", "hole": 6, "slope_pct": 1.76, "bearing": 139.1}}, {"type": "Feature", "geometry": {"type": "LineString", "coordinates": [[13.218925, 55.4598718], [13.2189395, 55.4598629]]}, "properties": {"t": "fall", "g": 24, "loop": "Nya banan", "hole": 6, "slope_pct": 2.24, "bearing": 137.2}}, {"type": "Feature", "geometry": {"type": "LineString", "coordinates": [[13.2187365, 55.4598421], [13.2187427, 55.459837]]}, "properties": {"t": "fall", "g": 24, "loop": "Nya banan", "hole": 6, "slope_pct": 1.14, "bearing": 145.1}}, {"type": "Feature", "geometry": {"type": "LineString", "coordinates": [[13.218784, 55.4598427], [13.2187894, 55.4598407]]}, "properties": {"t": "fall", "g": 24, "loop": "Nya banan", "hole": 6, "slope_pct": 0.69, "bearing": 123.5}}, {"type": "Feature", "geometry": {"type": "LineString", "coordinates": [[13.2188314, 55.4598434], [13.2188432, 55.4598376]]}, "properties": {"t": "fall", "g": 24, "loop": "Nya banan", "hole": 6, "slope_pct": 1.65, "bearing": 131.3}}, {"type": "Feature", "geometry": {"type": "LineString", "coordinates": [[13.2188788, 55.4598441], [13.21889, 55.4598344]]}, "properties": {"t": "fall", "g": 24, "loop": "Nya banan", "hole": 6, "slope_pct": 2.16, "bearing": 146.8}}, {"type": "Feature", "geometry": {"type": "LineString", "coordinates": [[13.2189262, 55.4598448], [13.2189392, 55.4598368]]}, "properties": {"t": "fall", "g": 24, "loop": "Nya banan", "hole": 6, "slope_pct": 2.02, "bearing": 137.4}}, {"type": "Feature", "geometry": {"type": "LineString", "coordinates": [[13.2187852, 55.4598158], [13.218788, 55.4598125]]}, "properties": {"t": "fall", "g": 24, "loop": "Nya banan", "hole": 6, "slope_pct": 0.67, "bearing": 154.0}}, {"type": "Feature", "geometry": {"type": "LineString", "coordinates": [[13.2188326, 55.4598165], [13.2188521, 55.4598146]]}, "properties": {"t": "fall", "g": 24, "loop": "Nya banan", "hole": 6, "slope_pct": 2.08, "bearing": 99.6}}, {"type": "Feature", "geometry": {"type": "LineString", "coordinates": [[13.21888, 55.4598172], [13.2188941, 55.4598132]]}, "properties": {"t": "fall", "g": 24, "loop": "Nya banan", "hole": 6, "slope_pct": 1.65, "bearing": 116.6}}, {"type": "Feature", "geometry": {"type": "Point", "coordinates": [13.218782, 55.4598997]}, "properties": {"t": "aim", "g": 24, "loop": "Nya banan", "hole": 6, "aim_bearing": 142.6, "slope_median": 1.78, "slope_max": 2.97, "n_cells": 36}}, {"type": "Feature", "geometry": {"type": "LineString", "coordinates": [[13.2208631, 55.4600348], [13.2208428, 55.4600461]]}, "properties": {"t": "fall", "g": 25, "loop": "Nya banan", "hole": 7, "slope_pct": 3.0, "bearing": 314.6}}, {"type": "Feature", "geometry": {"type": "LineString", "coordinates": [[13.2209105, 55.4600354], [13.220885, 55.460045]]}, "properties": {"t": "fall", "g": 25, "loop": "Nya banan", "hole": 7, "slope_pct": 3.22, "bearing": 303.6}}, {"type": "Feature", "geometry": {"type": "LineString", "coordinates": [[13.220958, 55.4600361], [13.2209378, 55.4600463]]}, "properties": {"t": "fall", "g": 25, "loop": "Nya banan", "hole": 7, "slope_pct": 2.84, "bearing": 311.6}}, {"type": "Feature", "geometry": {"type": "LineString", "coordinates": [[13.2210054, 55.4600368], [13.2209855, 55.4600452]]}, "properties": {"t": "fall", "g": 25, "loop": "Nya banan", "hole": 7, "slope_pct": 2.6, "bearing": 306.6}}, {"type": "Feature", "geometry": {"type": "LineString", "coordinates": [[13.2210528, 55.4600375], [13.2210438, 55.4600392]]}, "properties": {"t": "fall", "g": 25, "loop": "Nya banan", "hole": 7, "slope_pct": 1.0, "bearing": 288.6}}, {"type": "Feature", "geometry": {"type": "LineString", "coordinates": [[13.2208169, 55.4600071], [13.2207877, 55.4600061]]}, "properties": {"t": "fall", "g": 25, "loop": "Nya banan", "hole": 7, "slope_pct": 3.08, "bearing": 266.4}}, {"type": "Feature", "geometry": {"type": "LineString", "coordinates": [[13.2208643, 55.4600078], [13.2208428, 55.4600109]]}, "properties": {"t": "fall", "g": 25, "loop": "Nya banan", "hole": 7, "slope_pct": 2.34, "bearing": 284.1}}, {"type": "Feature", "geometry": {"type": "LineString", "coordinates": [[13.2209118, 55.4600085], [13.2208879, 55.4600127]]}, "properties": {"t": "fall", "g": 25, "loop": "Nya banan", "hole": 7, "slope_pct": 2.63, "bearing": 287.4}}, {"type": "Feature", "geometry": {"type": "LineString", "coordinates": [[13.2209592, 55.4600092], [13.2209351, 55.4600129]]}, "properties": {"t": "fall", "g": 25, "loop": "Nya banan", "hole": 7, "slope_pct": 2.63, "bearing": 285.2}}, {"type": "Feature", "geometry": {"type": "LineString", "coordinates": [[13.2210066, 55.4600099], [13.2209923, 55.4600146]]}, "properties": {"t": "fall", "g": 25, "loop": "Nya banan", "hole": 7, "slope_pct": 1.75, "bearing": 300.3}}, {"type": "Feature", "geometry": {"type": "LineString", "coordinates": [[13.221054, 55.4600106], [13.2210504, 55.4600139]]}, "properties": {"t": "fall", "g": 25, "loop": "Nya banan", "hole": 7, "slope_pct": 0.72, "bearing": 328.3}}, {"type": "Feature", "geometry": {"type": "LineString", "coordinates": [[13.2208181, 55.4599802], [13.2207882, 55.4599785]]}, "properties": {"t": "fall", "g": 25, "loop": "Nya banan", "hole": 7, "slope_pct": 3.17, "bearing": 264.5}}, {"type": "Feature", "geometry": {"type": "LineString", "coordinates": [[13.2208655, 55.4599809], [13.2208401, 55.4599802]]}, "properties": {"t": "fall", "g": 25, "loop": "Nya banan", "hole": 7, "slope_pct": 2.68, "bearing": 267.2}}, {"type": "Feature", "geometry": {"type": "LineString", "coordinates": [[13.220913, 55.4599816], [13.2208871, 55.4599815]]}, "properties": {"t": "fall", "g": 25, "loop": "Nya banan", "hole": 7, "slope_pct": 2.72, "bearing": 269.9}}, {"type": "Feature", "geometry": {"type": "LineString", "coordinates": [[13.2209604, 55.4599823], [13.2209368, 55.4599835]]}, "properties": {"t": "fall", "g": 25, "loop": "Nya banan", "hole": 7, "slope_pct": 2.5, "bearing": 275.2}}, {"type": "Feature", "geometry": {"type": "LineString", "coordinates": [[13.2210078, 55.4599829], [13.2209935, 55.4599839]]}, "properties": {"t": "fall", "g": 25, "loop": "Nya banan", "hole": 7, "slope_pct": 1.52, "bearing": 276.5}}, {"type": "Feature", "geometry": {"type": "LineString", "coordinates": [[13.2210552, 55.4599836], [13.2210475, 55.4599879]]}, "properties": {"t": "fall", "g": 25, "loop": "Nya banan", "hole": 7, "slope_pct": 1.13, "bearing": 314.1}}, {"type": "Feature", "geometry": {"type": "LineString", "coordinates": [[13.2211026, 55.4599843], [13.2211067, 55.4599893]]}, "properties": {"t": "fall", "g": 25, "loop": "Nya banan", "hole": 7, "slope_pct": 1.01, "bearing": 25.2}}, {"type": "Feature", "geometry": {"type": "LineString", "coordinates": [[13.2208193, 55.4599532], [13.2207871, 55.4599515]]}, "properties": {"t": "fall", "g": 25, "loop": "Nya banan", "hole": 7, "slope_pct": 3.41, "bearing": 264.5}}, {"type": "Feature", "geometry": {"type": "LineString", "coordinates": [[13.2208668, 55.4599539], [13.2208409, 55.4599514]]}, "properties": {"t": "fall", "g": 25, "loop": "Nya banan", "hole": 7, "slope_pct": 2.76, "bearing": 260.1}}, {"type": "Feature", "geometry": {"type": "LineString", "coordinates": [[13.2209142, 55.4599546], [13.2208901, 55.4599504]]}, "properties": {"t": "fall", "g": 25, "loop": "Nya banan", "hole": 7, "slope_pct": 2.66, "bearing": 252.7}}, {"type": "Feature", "geometry": {"type": "LineString", "coordinates": [[13.2209616, 55.4599553], [13.2209344, 55.4599519]]}, "properties": {"t": "fall", "g": 25, "loop": "Nya banan", "hole": 7, "slope_pct": 2.93, "bearing": 257.4}}, {"type": "Feature", "geometry": {"type": "LineString", "coordinates": [[13.221009, 55.459956], [13.2209893, 55.4599564]]}, "properties": {"t": "fall", "g": 25, "loop": "Nya banan", "hole": 7, "slope_pct": 2.07, "bearing": 272.1}}, {"type": "Feature", "geometry": {"type": "LineString", "coordinates": [[13.2210564, 55.4599567], [13.2210422, 55.4599609]]}, "properties": {"t": "fall", "g": 25, "loop": "Nya banan", "hole": 7, "slope_pct": 1.68, "bearing": 297.4}}, {"type": "Feature", "geometry": {"type": "LineString", "coordinates": [[13.2211039, 55.4599574], [13.2211172, 55.4599626]]}, "properties": {"t": "fall", "g": 25, "loop": "Nya banan", "hole": 7, "slope_pct": 1.7, "bearing": 55.4}}, {"type": "Feature", "geometry": {"type": "LineString", "coordinates": [[13.220868, 55.459927], [13.2208431, 55.4599214]]}, "properties": {"t": "fall", "g": 25, "loop": "Nya banan", "hole": 7, "slope_pct": 2.82, "bearing": 248.4}}, {"type": "Feature", "geometry": {"type": "LineString", "coordinates": [[13.2209154, 55.4599277], [13.2208874, 55.4599261]]}, "properties": {"t": "fall", "g": 25, "loop": "Nya banan", "hole": 7, "slope_pct": 2.96, "bearing": 264.3}}, {"type": "Feature", "geometry": {"type": "LineString", "coordinates": [[13.2209628, 55.4599284], [13.2209335, 55.4599289]]}, "properties": {"t": "fall", "g": 25, "loop": "Nya banan", "hole": 7, "slope_pct": 3.08, "bearing": 272.0}}, {"type": "Feature", "geometry": {"type": "LineString", "coordinates": [[13.2210102, 55.4599291], [13.220986, 55.4599303]]}, "properties": {"t": "fall", "g": 25, "loop": "Nya banan", "hole": 7, "slope_pct": 2.56, "bearing": 275.1}}, {"type": "Feature", "geometry": {"type": "LineString", "coordinates": [[13.2210577, 55.4599297], [13.2210383, 55.4599324]]}, "properties": {"t": "fall", "g": 25, "loop": "Nya banan", "hole": 7, "slope_pct": 2.09, "bearing": 283.5}}, {"type": "Feature", "geometry": {"type": "LineString", "coordinates": [[13.2209166, 55.4599007], [13.2208837, 55.4598968]]}, "properties": {"t": "fall", "g": 25, "loop": "Nya banan", "hole": 7, "slope_pct": 3.54, "bearing": 258.0}}, {"type": "Feature", "geometry": {"type": "LineString", "coordinates": [[13.220964, 55.4599014], [13.220931, 55.4599001]]}, "properties": {"t": "fall", "g": 25, "loop": "Nya banan", "hole": 7, "slope_pct": 3.49, "bearing": 265.9}}, {"type": "Feature", "geometry": {"type": "LineString", "coordinates": [[13.2210114, 55.4599021], [13.2209866, 55.4599025]]}, "properties": {"t": "fall", "g": 25, "loop": "Nya banan", "hole": 7, "slope_pct": 2.61, "bearing": 271.6}}, {"type": "Feature", "geometry": {"type": "LineString", "coordinates": [[13.2210589, 55.4599028], [13.2210369, 55.4599036]]}, "properties": {"t": "fall", "g": 25, "loop": "Nya banan", "hole": 7, "slope_pct": 2.31, "bearing": 273.9}}, {"type": "Feature", "geometry": {"type": "LineString", "coordinates": [[13.2211063, 55.4599035], [13.2211075, 55.4599088]]}, "properties": {"t": "fall", "g": 25, "loop": "Nya banan", "hole": 7, "slope_pct": 1.0, "bearing": 7.6}}, {"type": "Feature", "geometry": {"type": "LineString", "coordinates": [[13.2209652, 55.4598745], [13.2209222, 55.4598722]]}, "properties": {"t": "fall", "g": 25, "loop": "Nya banan", "hole": 7, "slope_pct": 4.54, "bearing": 264.6}}, {"type": "Feature", "geometry": {"type": "LineString", "coordinates": [[13.2210127, 55.4598752], [13.2209853, 55.4598779]]}, "properties": {"t": "fall", "g": 25, "loop": "Nya banan", "hole": 7, "slope_pct": 2.92, "bearing": 280.0}}, {"type": "Feature", "geometry": {"type": "LineString", "coordinates": [[13.2210601, 55.4598759], [13.2210393, 55.4598786]]}, "properties": {"t": "fall", "g": 25, "loop": "Nya banan", "hole": 7, "slope_pct": 2.25, "bearing": 283.2}}, {"type": "Feature", "geometry": {"type": "LineString", "coordinates": [[13.2211075, 55.4598765], [13.2210962, 55.4598784]]}, "properties": {"t": "fall", "g": 25, "loop": "Nya banan", "hole": 7, "slope_pct": 1.23, "bearing": 286.3}}, {"type": "Feature", "geometry": {"type": "LineString", "coordinates": [[13.2209665, 55.4598475], [13.2209192, 55.4598447]]}, "properties": {"t": "fall", "g": 25, "loop": "Nya banan", "hole": 7, "slope_pct": 5.07, "bearing": 263.9}}, {"type": "Feature", "geometry": {"type": "LineString", "coordinates": [[13.2210139, 55.4598482], [13.2209874, 55.4598451]]}, "properties": {"t": "fall", "g": 25, "loop": "Nya banan", "hole": 7, "slope_pct": 2.84, "bearing": 258.4}}, {"type": "Feature", "geometry": {"type": "LineString", "coordinates": [[13.2210613, 55.4598489], [13.2210413, 55.4598459]]}, "properties": {"t": "fall", "g": 25, "loop": "Nya banan", "hole": 7, "slope_pct": 2.17, "bearing": 255.2}}, {"type": "Feature", "geometry": {"type": "LineString", "coordinates": [[13.2211087, 55.4598496], [13.2210984, 55.4598475]]}, "properties": {"t": "fall", "g": 25, "loop": "Nya banan", "hole": 7, "slope_pct": 1.16, "bearing": 250.1}}, {"type": "Feature", "geometry": {"type": "LineString", "coordinates": [[13.2210151, 55.4598213], [13.220979, 55.4598077]]}, "properties": {"t": "fall", "g": 25, "loop": "Nya banan", "hole": 7, "slope_pct": 4.55, "bearing": 236.4}}, {"type": "Feature", "geometry": {"type": "LineString", "coordinates": [[13.2210625, 55.459822], [13.2210381, 55.4598153]]}, "properties": {"t": "fall", "g": 25, "loop": "Nya banan", "hole": 7, "slope_pct": 2.85, "bearing": 244.4}}, {"type": "Feature", "geometry": {"type": "LineString", "coordinates": [[13.2211099, 55.4598227], [13.2210978, 55.459818]]}, "properties": {"t": "fall", "g": 25, "loop": "Nya banan", "hole": 7, "slope_pct": 1.54, "bearing": 235.8}}, {"type": "Feature", "geometry": {"type": "LineString", "coordinates": [[13.2210637, 55.459795], [13.2210349, 55.4597896]]}, "properties": {"t": "fall", "g": 25, "loop": "Nya banan", "hole": 7, "slope_pct": 3.19, "bearing": 251.6}}, {"type": "Feature", "geometry": {"type": "LineString", "coordinates": [[13.2211111, 55.4597957], [13.221095, 55.4597922]]}, "properties": {"t": "fall", "g": 25, "loop": "Nya banan", "hole": 7, "slope_pct": 1.82, "bearing": 248.8}}, {"type": "Feature", "geometry": {"type": "Point", "coordinates": [13.2209869, 55.4599364]}, "properties": {"t": "aim", "g": 25, "loop": "Nya banan", "hole": 7, "aim_bearing": 272.4, "slope_median": 2.63, "slope_max": 5.07, "n_cells": 48}}, {"type": "Feature", "geometry": {"type": "LineString", "coordinates": [[13.2260765, 55.4601734], [13.2260322, 55.4601832]]}, "properties": {"t": "fall", "g": 26, "loop": "Nya banan", "hole": 8, "slope_pct": 6.2, "bearing": 291.4}}, {"type": "Feature", "geometry": {"type": "LineString", "coordinates": [[13.2261239, 55.460174], [13.2260988, 55.4601707]]}, "properties": {"t": "fall", "g": 26, "loop": "Nya banan", "hole": 8, "slope_pct": 2.71, "bearing": 256.6}}, {"type": "Feature", "geometry": {"type": "LineString", "coordinates": [[13.2261713, 55.4601747], [13.226153, 55.4601675]]}, "properties": {"t": "fall", "g": 26, "loop": "Nya banan", "hole": 8, "slope_pct": 2.34, "bearing": 235.1}}, {"type": "Feature", "geometry": {"type": "LineString", "coordinates": [[13.2262187, 55.4601754], [13.2261974, 55.4601627]]}, "properties": {"t": "fall", "g": 26, "loop": "Nya banan", "hole": 8, "slope_pct": 3.26, "bearing": 223.5}}, {"type": "Feature", "geometry": {"type": "LineString", "coordinates": [[13.2260777, 55.4601464], [13.2260463, 55.4601406]]}, "properties": {"t": "fall", "g": 26, "loop": "Nya banan", "hole": 8, "slope_pct": 3.47, "bearing": 251.8}}, {"type": "Feature", "geometry": {"type": "LineString", "coordinates": [[13.2261251, 55.4601471], [13.2261048, 55.4601379]]}, "properties": {"t": "fall", "g": 26, "loop": "Nya banan", "hole": 8, "slope_pct": 2.74, "bearing": 231.3}}, {"type": "Feature", "geometry": {"type": "LineString", "coordinates": [[13.2261725, 55.4601478], [13.226159, 55.4601367]]}, "properties": {"t": "fall", "g": 26, "loop": "Nya banan", "hole": 8, "slope_pct": 2.5, "bearing": 214.6}}, {"type": "Feature", "geometry": {"type": "LineString", "coordinates": [[13.2262199, 55.4601485], [13.2262058, 55.4601354]]}, "properties": {"t": "fall", "g": 26, "loop": "Nya banan", "hole": 8, "slope_pct": 2.84, "bearing": 211.5}}, {"type": "Feature", "geometry": {"type": "LineString", "coordinates": [[13.2260789, 55.4601195], [13.2260474, 55.4601077]]}, "properties": {"t": "fall", "g": 26, "loop": "Nya banan", "hole": 8, "slope_pct": 3.97, "bearing": 236.6}}, {"type": "Feature", "geometry": {"type": "LineString", "coordinates": [[13.2261263, 55.4601202], [13.2261103, 55.4601087]]}, "properties": {"t": "fall", "g": 26, "loop": "Nya banan", "hole": 8, "slope_pct": 2.71, "bearing": 218.4}}, {"type": "Feature", "geometry": {"type": "LineString", "coordinates": [[13.2261737, 55.4601208], [13.2261616, 55.4601088]]}, "properties": {"t": "fall", "g": 26, "loop": "Nya banan", "hole": 8, "slope_pct": 2.57, "bearing": 209.7}}, {"type": "Feature", "geometry": {"type": "LineString", "coordinates": [[13.2262211, 55.4601215], [13.2262092, 55.4601132]]}, "properties": {"t": "fall", "g": 26, "loop": "Nya banan", "hole": 8, "slope_pct": 1.99, "bearing": 219.0}}, {"type": "Feature", "geometry": {"type": "LineString", "coordinates": [[13.2260801, 55.4600925], [13.2260491, 55.4600898]]}, "properties": {"t": "fall", "g": 26, "loop": "Nya banan", "hole": 8, "slope_pct": 3.3, "bearing": 261.3}}, {"type": "Feature", "geometry": {"type": "LineString", "coordinates": [[13.2261275, 55.4600932], [13.2261024, 55.460094]]}, "properties": {"t": "fall", "g": 26, "loop": "Nya banan", "hole": 8, "slope_pct": 2.64, "bearing": 273.0}}, {"type": "Feature", "geometry": {"type": "LineString", "coordinates": [[13.2261749, 55.4600939], [13.2261466, 55.4601084]]}, "properties": {"t": "fall", "g": 26, "loop": "Nya banan", "hole": 8, "slope_pct": 4.02, "bearing": 312.2}}, {"type": "Feature", "geometry": {"type": "LineString", "coordinates": [[13.2262223, 55.4600946], [13.2261997, 55.4601183]]}, "properties": {"t": "fall", "g": 26, "loop": "Nya banan", "hole": 8, "slope_pct": 5.84, "bearing": 331.5}}, {"type": "Feature", "geometry": {"type": "LineString", "coordinates": [[13.2260813, 55.4600656], [13.226038, 55.4600686]]}, "properties": {"t": "fall", "g": 26, "loop": "Nya banan", "hole": 8, "slope_pct": 4.59, "bearing": 277.0}}, {"type": "Feature", "geometry": {"type": "LineString", "coordinates": [[13.2261287, 55.4600663], [13.2260882, 55.4600801]]}, "properties": {"t": "fall", "g": 26, "loop": "Nya banan", "hole": 8, "slope_pct": 4.98, "bearing": 301.1}}, {"type": "Feature", "geometry": {"type": "LineString", "coordinates": [[13.2261761, 55.460067], [13.2261375, 55.4600827]]}, "properties": {"t": "fall", "g": 26, "loop": "Nya banan", "hole": 8, "slope_pct": 5.98, "bearing": 305.7}}, {"type": "Feature", "geometry": {"type": "LineString", "coordinates": [[13.2262236, 55.4600676], [13.2261883, 55.4600857]]}, "properties": {"t": "fall", "g": 26, "loop": "Nya banan", "hole": 8, "slope_pct": 5.63, "bearing": 312.0}}, {"type": "Feature", "geometry": {"type": "LineString", "coordinates": [[13.2261299, 55.4600393], [13.2260827, 55.4600363]]}, "properties": {"t": "fall", "g": 26, "loop": "Nya banan", "hole": 8, "slope_pct": 5.83, "bearing": 263.6}}, {"type": "Feature", "geometry": {"type": "LineString", "coordinates": [[13.2261773, 55.46004], [13.2261336, 55.4600416]]}, "properties": {"t": "fall", "g": 26, "loop": "Nya banan", "hole": 8, "slope_pct": 4.61, "bearing": 273.6}}, {"type": "Feature", "geometry": {"type": "LineString", "coordinates": [[13.2262248, 55.4600407], [13.2261856, 55.4600402]]}, "properties": {"t": "fall", "g": 26, "loop": "Nya banan", "hole": 8, "slope_pct": 4.12, "bearing": 268.7}}, {"type": "Feature", "geometry": {"type": "LineString", "coordinates": [[13.2261786, 55.4600131], [13.2261349, 55.4600025]]}, "properties": {"t": "fall", "g": 26, "loop": "Nya banan", "hole": 8, "slope_pct": 6.43, "bearing": 246.8}}, {"type": "Feature", "geometry": {"type": "LineString", "coordinates": [[13.226226, 55.4600138], [13.2261911, 55.4600073]]}, "properties": {"t": "fall", "g": 26, "loop": "Nya banan", "hole": 8, "slope_pct": 3.86, "bearing": 251.8}}, {"type": "Feature", "geometry": {"type": "Point", "coordinates": [13.2261619, 55.4601071]}, "properties": {"t": "aim", "g": 26, "loop": "Nya banan", "hole": 8, "aim_bearing": 267.4, "slope_median": 3.86, "slope_max": 6.43, "n_cells": 25}}, {"type": "Feature", "geometry": {"type": "LineString", "coordinates": [[13.2318956, 55.4598531], [13.2318614, 55.4598344]]}, "properties": {"t": "fall", "g": 27, "loop": "Nya banan", "hole": 9, "slope_pct": 6.41, "bearing": 226.0}}, {"type": "Feature", "geometry": {"type": "LineString", "coordinates": [[13.231943, 55.4598538], [13.2318972, 55.4598466]]}, "properties": {"t": "fall", "g": 27, "loop": "Nya banan", "hole": 9, "slope_pct": 6.22, "bearing": 254.4}}, {"type": "Feature", "geometry": {"type": "LineString", "coordinates": [[13.2319904, 55.4598545], [13.2319608, 55.4598551]]}, "properties": {"t": "fall", "g": 27, "loop": "Nya banan", "hole": 9, "slope_pct": 3.12, "bearing": 272.0}}, {"type": "Feature", "geometry": {"type": "LineString", "coordinates": [[13.2320853, 55.4598559], [13.2321066, 55.4598559]]}, "properties": {"t": "fall", "g": 27, "loop": "Nya banan", "hole": 9, "slope_pct": 2.24, "bearing": 90.0}}, {"type": "Feature", "geometry": {"type": "LineString", "coordinates": [[13.2318494, 55.4598255], [13.2318308, 55.459815]]}, "properties": {"t": "fall", "g": 27, "loop": "Nya banan", "hole": 9, "slope_pct": 2.76, "bearing": 224.9}}, {"type": "Feature", "geometry": {"type": "LineString", "coordinates": [[13.2318968, 55.4598262], [13.2318592, 55.459811]]}, "properties": {"t": "fall", "g": 27, "loop": "Nya banan", "hole": 9, "slope_pct": 4.86, "bearing": 234.6}}, {"type": "Feature", "geometry": {"type": "LineString", "coordinates": [[13.2319442, 55.4598269], [13.2319016, 55.4598149]]}, "properties": {"t": "fall", "g": 27, "loop": "Nya banan", "hole": 9, "slope_pct": 9.37, "bearing": 243.7}}, {"type": "Feature", "geometry": {"type": "LineString", "coordinates": [[13.2319916, 55.4598276], [13.231958, 55.4598118]]}, "properties": {"t": "fall", "g": 27, "loop": "Nya banan", "hole": 9, "slope_pct": 4.59, "bearing": 230.3}}, {"type": "Feature", "geometry": {"type": "LineString", "coordinates": [[13.232039, 55.4598283], [13.2320417, 55.4598172]]}, "properties": {"t": "fall", "g": 27, "loop": "Nya banan", "hole": 9, "slope_pct": 2.07, "bearing": 172.2}}, {"type": "Feature", "geometry": {"type": "LineString", "coordinates": [[13.2320865, 55.4598289], [13.2321068, 55.4598191]]}, "properties": {"t": "fall", "g": 27, "loop": "Nya banan", "hole": 9, "slope_pct": 2.81, "bearing": 130.4}}, {"type": "Feature", "geometry": {"type": "LineString", "coordinates": [[13.2321339, 55.4598296], [13.23216, 55.459823]]}, "properties": {"t": "fall", "g": 27, "loop": "Nya banan", "hole": 9, "slope_pct": 3.01, "bearing": 114.2}}, {"type": "Feature", "geometry": {"type": "LineString", "coordinates": [[13.2321813, 55.4598303], [13.2321958, 55.4598181]]}, "properties": {"t": "fall", "g": 27, "loop": "Nya banan", "hole": 9, "slope_pct": 2.74, "bearing": 146.1}}, {"type": "Feature", "geometry": {"type": "LineString", "coordinates": [[13.2318506, 55.4597986], [13.2318261, 55.4597883]]}, "properties": {"t": "fall", "g": 27, "loop": "Nya banan", "hole": 9, "slope_pct": 3.21, "bearing": 233.5}}, {"type": "Feature", "geometry": {"type": "LineString", "coordinates": [[13.231898, 55.4597993], [13.2318821, 55.4597879]]}, "properties": {"t": "fall", "g": 27, "loop": "Nya banan", "hole": 9, "slope_pct": 2.69, "bearing": 218.4}}, {"type": "Feature", "geometry": {"type": "LineString", "coordinates": [[13.2319454, 55.4597999], [13.2319111, 55.4597813]]}, "properties": {"t": "fall", "g": 27, "loop": "Nya banan", "hole": 9, "slope_pct": 7.87, "bearing": 226.2}}, {"type": "Feature", "geometry": {"type": "LineString", "coordinates": [[13.2319928, 55.4598006], [13.231965, 55.4597788]]}, "properties": {"t": "fall", "g": 27, "loop": "Nya banan", "hole": 9, "slope_pct": 9.4, "bearing": 215.9}}, {"type": "Feature", "geometry": {"type": "LineString", "coordinates": [[13.2320403, 55.4598013], [13.232034, 55.4597746]]}, "properties": {"t": "fall", "g": 27, "loop": "Nya banan", "hole": 9, "slope_pct": 5.97, "bearing": 187.6}}, {"type": "Feature", "geometry": {"type": "LineString", "coordinates": [[13.2320877, 55.459802], [13.2320934, 55.4597848]]}, "properties": {"t": "fall", "g": 27, "loop": "Nya banan", "hole": 9, "slope_pct": 3.25, "bearing": 169.2}}, {"type": "Feature", "geometry": {"type": "LineString", "coordinates": [[13.2321351, 55.4598027], [13.2321497, 55.4597975]]}, "properties": {"t": "fall", "g": 27, "loop": "Nya banan", "hole": 9, "slope_pct": 1.81, "bearing": 121.7}}, {"type": "Feature", "geometry": {"type": "LineString", "coordinates": [[13.2321825, 55.4598034], [13.2322002, 55.4598046]]}, "properties": {"t": "fall", "g": 27, "loop": "Nya banan", "hole": 9, "slope_pct": 1.87, "bearing": 83.1}}, {"type": "Feature", "geometry": {"type": "LineString", "coordinates": [[13.2322299, 55.459804], [13.2322395, 55.4598027]]}, "properties": {"t": "fall", "g": 27, "loop": "Nya banan", "hole": 9, "slope_pct": 1.04, "bearing": 104.3}}, {"type": "Feature", "geometry": {"type": "LineString", "coordinates": [[13.2318518, 55.4597716], [13.2318273, 55.4597579]]}, "properties": {"t": "fall", "g": 27, "loop": "Nya banan", "hole": 9, "slope_pct": 3.62, "bearing": 225.2}}, {"type": "Feature", "geometry": {"type": "LineString", "coordinates": [[13.2318992, 55.4597723], [13.2318862, 55.4597611]]}, "properties": {"t": "fall", "g": 27, "loop": "Nya banan", "hole": 9, "slope_pct": 2.48, "bearing": 213.4}}, {"type": "Feature", "geometry": {"type": "LineString", "coordinates": [[13.2319466, 55.459773], [13.2319179, 55.4597596]]}, "properties": {"t": "fall", "g": 27, "loop": "Nya banan", "hole": 9, "slope_pct": 3.91, "bearing": 230.5}}, {"type": "Feature", "geometry": {"type": "LineString", "coordinates": [[13.231994, 55.4597737], [13.2319599, 55.4597549]]}, "properties": {"t": "fall", "g": 27, "loop": "Nya banan", "hole": 9, "slope_pct": 5.68, "bearing": 225.8}}, {"type": "Feature", "geometry": {"type": "LineString", "coordinates": [[13.2320415, 55.4597744], [13.2320123, 55.4597531]]}, "properties": {"t": "fall", "g": 27, "loop": "Nya banan", "hole": 9, "slope_pct": 5.28, "bearing": 217.9}}, {"type": "Feature", "geometry": {"type": "LineString", "coordinates": [[13.2320889, 55.459775], [13.2320687, 55.4597647]]}, "properties": {"t": "fall", "g": 27, "loop": "Nya banan", "hole": 9, "slope_pct": 2.86, "bearing": 227.9}}, {"type": "Feature", "geometry": {"type": "LineString", "coordinates": [[13.2321363, 55.4597757], [13.2321384, 55.4597718]]}, "properties": {"t": "fall", "g": 27, "loop": "Nya banan", "hole": 9, "slope_pct": 0.77, "bearing": 163.2}}, {"type": "Feature", "geometry": {"type": "LineString", "coordinates": [[13.2321837, 55.4597764], [13.2321966, 55.4597759]]}, "properties": {"t": "fall", "g": 27, "loop": "Nya banan", "hole": 9, "slope_pct": 1.36, "bearing": 93.7}}, {"type": "Feature", "geometry": {"type": "LineString", "coordinates": [[13.2322311, 55.4597771], [13.2322454, 55.4597805]]}, "properties": {"t": "fall", "g": 27, "loop": "Nya banan", "hole": 9, "slope_pct": 1.63, "bearing": 67.4}}, {"type": "Feature", "geometry": {"type": "LineString", "coordinates": [[13.2322786, 55.4597778], [13.232294, 55.4597754]]}, "properties": {"t": "fall", "g": 27, "loop": "Nya banan", "hole": 9, "slope_pct": 1.68, "bearing": 105.1}}, {"type": "Feature", "geometry": {"type": "LineString", "coordinates": [[13.231853, 55.4597447], [13.2318268, 55.4597305]]}, "properties": {"t": "fall", "g": 27, "loop": "Nya banan", "hole": 9, "slope_pct": 3.81, "bearing": 226.3}}, {"type": "Feature", "geometry": {"type": "LineString", "coordinates": [[13.2319004, 55.4597454], [13.2318853, 55.4597299]]}, "properties": {"t": "fall", "g": 27, "loop": "Nya banan", "hole": 9, "slope_pct": 3.28, "bearing": 208.9}}, {"type": "Feature", "geometry": {"type": "LineString", "coordinates": [[13.2319478, 55.459746], [13.2319209, 55.4597321]]}, "properties": {"t": "fall", "g": 27, "loop": "Nya banan", "hole": 9, "slope_pct": 3.84, "bearing": 227.5}}, {"type": "Feature", "geometry": {"type": "LineString", "coordinates": [[13.2319952, 55.4597467], [13.2319627, 55.4597337]]}, "properties": {"t": "fall", "g": 27, "loop": "Nya banan", "hole": 9, "slope_pct": 4.2, "bearing": 234.7}}, {"type": "Feature", "geometry": {"type": "LineString", "coordinates": [[13.2320427, 55.4597474], [13.2319992, 55.4597381]]}, "properties": {"t": "fall", "g": 27, "loop": "Nya banan", "hole": 9, "slope_pct": 4.89, "bearing": 249.3}}, {"type": "Feature", "geometry": {"type": "LineString", "coordinates": [[13.2320901, 55.4597481], [13.2320648, 55.4597411]]}, "properties": {"t": "fall", "g": 27, "loop": "Nya banan", "hole": 9, "slope_pct": 2.96, "bearing": 244.0}}, {"type": "Feature", "geometry": {"type": "LineString", "coordinates": [[13.2321375, 55.4597488], [13.2321317, 55.4597432]]}, "properties": {"t": "fall", "g": 27, "loop": "Nya banan", "hole": 9, "slope_pct": 1.2, "bearing": 210.5}}, {"type": "Feature", "geometry": {"type": "LineString", "coordinates": [[13.2321849, 55.4597495], [13.2321949, 55.4597459]]}, "properties": {"t": "fall", "g": 27, "loop": "Nya banan", "hole": 9, "slope_pct": 1.24, "bearing": 121.9}}, {"type": "Feature", "geometry": {"type": "LineString", "coordinates": [[13.2322323, 55.4597502], [13.2322477, 55.4597441]]}, "properties": {"t": "fall", "g": 27, "loop": "Nya banan", "hole": 9, "slope_pct": 1.97, "bearing": 125.1}}, {"type": "Feature", "geometry": {"type": "LineString", "coordinates": [[13.2322798, 55.4597508], [13.2323018, 55.4597445]]}, "properties": {"t": "fall", "g": 27, "loop": "Nya banan", "hole": 9, "slope_pct": 2.6, "bearing": 117.0}}, {"type": "Feature", "geometry": {"type": "LineString", "coordinates": [[13.2319016, 55.4597184], [13.2318859, 55.4596987]]}, "properties": {"t": "fall", "g": 27, "loop": "Nya banan", "hole": 9, "slope_pct": 4.01, "bearing": 204.3}}, {"type": "Feature", "geometry": {"type": "LineString", "coordinates": [[13.231949, 55.4597191], [13.2319187, 55.4597017]]}, "properties": {"t": "fall", "g": 27, "loop": "Nya banan", "hole": 9, "slope_pct": 4.54, "bearing": 224.6}}, {"type": "Feature", "geometry": {"type": "LineString", "coordinates": [[13.2319965, 55.4597198], [13.2319668, 55.4597007]]}, "properties": {"t": "fall", "g": 27, "loop": "Nya banan", "hole": 9, "slope_pct": 4.73, "bearing": 221.3}}, {"type": "Feature", "geometry": {"type": "LineString", "coordinates": [[13.2320439, 55.4597205], [13.2320099, 55.4597016]]}, "properties": {"t": "fall", "g": 27, "loop": "Nya banan", "hole": 9, "slope_pct": 6.65, "bearing": 225.6}}, {"type": "Feature", "geometry": {"type": "LineString", "coordinates": [[13.2320913, 55.4597212], [13.2320649, 55.4596988]]}, "properties": {"t": "fall", "g": 27, "loop": "Nya banan", "hole": 9, "slope_pct": 5.67, "bearing": 213.8}}, {"type": "Feature", "geometry": {"type": "LineString", "coordinates": [[13.2321387, 55.4597218], [13.2321286, 55.459702]]}, "properties": {"t": "fall", "g": 27, "loop": "Nya banan", "hole": 9, "slope_pct": 3.83, "bearing": 196.1}}, {"type": "Feature", "geometry": {"type": "LineString", "coordinates": [[13.2321861, 55.4597225], [13.2321953, 55.459704]]}, "properties": {"t": "fall", "g": 27, "loop": "Nya banan", "hole": 9, "slope_pct": 3.57, "bearing": 164.4}}, {"type": "Feature", "geometry": {"type": "LineString", "coordinates": [[13.2322335, 55.4597232], [13.2322487, 55.4597087]]}, "properties": {"t": "fall", "g": 27, "loop": "Nya banan", "hole": 9, "slope_pct": 3.12, "bearing": 149.4}}, {"type": "Feature", "geometry": {"type": "Point", "coordinates": [13.2320465, 55.4597821]}, "properties": {"t": "aim", "g": 27, "loop": "Nya banan", "hole": 9, "aim_bearing": 211.9, "slope_median": 3.23, "slope_max": 9.4, "n_cells": 50}}], "grids": {"Gamla banan|1": {"ny": 23, "nx": 31, "lat0": 55.4566828, "lon0": 13.2309833, "dLat": 8.983e-06, "dLon": 1.5842e-05, "slope": [2.3, 2.3, 2.3, 2.9, 4.0, 4.2, 4.6, 4.9, 4.9, 4.1, 2.4, 2.6, 3.5, 3.5, 3.8, 4.6, 5.2, 4.8, 3.7, 2.6, 1.5, 0.1, 0.5, 1.3, 1.6, 2.1, 2.5, 2.8, 2.9, 2.9, 2.9, 2.6, 2.3, 2.3, 2.6, 3.5, 4.0, 4.3, 4.9, 4.9, 4.1, 2.4, 2.5, 3.5, 3.5, 3.9, 4.9, 5.2, 5.0, 4.5, 3.7, 2.6, 1.6, 0.5, 1.4, 1.9, 2.2, 2.4, 2.7, 2.9, 3.0, 2.9, 3.5, 2.6, 2.3, 2.3, 2.8, 4.0, 4.2, 4.6, 4.9, 4.2, 2.4, 2.5, 3.5, 3.6, 4.0, 4.9, 5.2, 5.1, 4.8, 4.5, 3.8, 2.5, 2.0, 2.1, 2.1, 2.1, 2.1, 2.3, 2.5, 2.7, 2.8, 3.8, 3.5, 2.7, 2.3, 2.6, 3.5, 4.0, 4.3, 5.0, 4.3, 2.5, 2.5, 3.5, 3.6, 4.0, 4.8, 5.2, 5.1, 4.9, 4.6, 4.3, 3.3, 2.7, 2.4, 2.2, 2.0, 1.9, 2.0, 2.2, 2.5, 2.7, 3.7, 3.8, 3.6, 2.7, 2.3, 2.5, 3.3, 4.3, 5.0, 4.5, 3.2, 3.0, 3.6, 3.6, 4.0, 4.8, 5.2, 5.2, 4.9, 4.4, 3.8, 3.1, 2.6, 2.3, 2.1, 2.0, 1.9, 2.0, 2.2, 2.5, 2.7, 3.6, 3.7, 3.8, 3.6, 2.8, 2.2, 2.4, 4.1, 4.9, 4.8, 3.9, 3.4, 3.3, 2.9, 3.0, 3.6, 3.9, 4.0, 3.8, 3.4, 2.8, 2.3, 2.0, 1.9, 1.9, 1.9, 2.0, 2.2, 2.4, 2.6, 2.9, 3.6, 3.6, 3.7, 3.8, 3.5, 2.2, 2.3, 3.4, 4.4, 4.5, 3.8, 3.2, 2.7, 2.2, 2.1, 2.4, 2.6, 2.7, 2.6, 2.3, 1.9, 1.6, 1.5, 1.6, 1.8, 2.0, 2.2, 2.5, 2.8, 3.0, 3.2, 3.3, 3.6, 3.6, 3.6, 3.1, 2.0, 2.0, 2.7, 3.5, 3.8, 3.4, 2.8, 2.3, 1.9, 1.7, 1.9, 2.0, 2.0, 1.9, 1.6, 1.3, 1.2, 1.3, 1.5, 1.9, 2.2, 2.6, 2.9, 3.2, 3.4, 3.7, 2.3, 3.2, 3.1, 3.1, 2.2, 1.5, 1.6, 2.1, 2.7, 3.1, 2.9, 2.4, 2.1, 1.8, 1.7, 1.8, 1.8, 1.7, 1.5, 1.3, 1.1, 1.1, 1.3, 1.7, 2.1, 2.4, 2.8, 3.2, 3.6, 4.0, 4.5, 2.1, 2.1, 2.2, 2.3, 1.6, 1.4, 1.6, 1.8, 2.2, 2.6, 2.6, 2.3, 2.1, 1.9, 1.8, 1.8, 1.7, 1.6, 1.4, 1.2, 1.1, 1.2, 1.5, 1.9, 2.3, 2.6, 3.0, 3.5, 4.1, 4.8, 5.5, 1.9, 1.9, 2.0, 1.8, 1.5, 1.5, 1.6, 1.7, 2.0, 2.3, 2.5, 2.5, 2.3, 2.1, 2.0, 1.8, 1.7, 1.5, 1.3, 1.1, 0.9, 1.0, 1.4, 1.9, 2.2, 2.5, 3.0, 3.7, 4.5, 5.5, 5.5, 1.3, 1.4, 1.7, 1.5, 1.3, 1.5, 1.6, 1.6, 1.8, 2.2, 2.5, 2.6, 2.5, 2.4, 2.2, 2.0, 1.8, 1.5, 1.3, 0.9, 0.6, 0.7, 1.3, 1.7, 2.0, 2.2, 2.9, 3.9, 5.1, 5.2, 5.6, 1.7, 1.5, 1.6, 1.3, 1.2, 1.3, 1.4, 1.4, 1.6, 2.0, 2.3, 2.5, 2.5, 2.4, 2.3, 2.1, 2.0, 1.8, 1.6, 1.1, 0.5, 0.7, 1.3, 1.6, 1.8, 2.2, 3.2, 4.9, 6.8, 6.8, 6.6, 2.7, 1.9, 1.5, 1.1, 1.1, 1.2, 1.2, 1.2, 1.4, 1.7, 2.0, 2.2, 2.3, 2.3, 2.3, 2.3, 2.3, 2.4, 2.3, 1.8, 1.1, 1.1, 1.5, 1.8, 2.2, 3.1, 4.6, 4.8, 6.8, 6.8, 6.8, 2.9, 2.2, 1.3, 1.0, 1.2, 1.2, 1.0, 1.0, 1.3, 1.5, 1.6, 1.8, 2.0, 2.2, 2.3, 2.5, 2.7, 3.1, 3.2, 2.9, 2.3, 2.1, 2.4, 3.1, 4.1, 5.7, 5.8, 4.8, 6.7, 6.8, 6.8, 3.7, 2.3, 1.0, 1.0, 1.2, 1.2, 1.0, 1.0, 1.2, 1.3, 1.4, 1.6, 1.8, 2.0, 2.3, 2.7, 3.1, 3.6, 4.0, 3.9, 3.6, 3.6, 4.4, 5.8, 7.9, 8.1, 5.9, 5.9, 4.8, 6.8, 6.8, 4.3, 2.6, 0.8, 0.7, 1.0, 1.0, 0.9, 1.0, 1.2, 1.3, 1.4, 1.5, 1.7, 2.0, 2.4, 2.8, 3.3, 3.8, 4.4, 4.8, 5.0, 5.8, 7.5, 7.8, 8.2, 8.2, 8.1, 6.0, 5.9, 6.7, 6.8, 4.0, 3.0, 0.9, 0.6, 0.7, 0.6, 0.7, 1.0, 1.2, 1.3, 1.4, 1.6, 1.8, 2.0, 2.4, 2.7, 3.2, 3.8, 4.7, 5.9, 7.2, 9.1, 9.5, 8.1, 8.2, 8.2, 8.2, 8.2, 6.0, 5.9, 6.7, 3.2, 3.2, 1.6, 1.0, 0.6, 0.4, 0.7, 1.1, 1.3, 1.4, 1.5, 1.7, 1.8, 2.0, 2.2, 2.5, 3.2, 4.4, 6.2, 8.4, 8.9, 9.7, 9.8, 9.6, 8.2, 8.2, 8.2, 8.2, 8.2, 6.1, 6.7, 3.2, 2.9, 2.1, 1.7, 1.2, 0.8, 1.1, 1.4, 1.5, 1.6, 1.7, 1.8, 1.9, 2.0, 2.3, 3.1, 4.7, 7.0, 7.8, 9.1, 9.2, 9.7, 9.8, 9.8, 9.6, 8.4, 8.2, 8.2, 8.2, 8.2, 6.2, 2.9, 2.1, 2.1, 2.3, 2.1, 1.8, 1.7, 1.7, 1.8, 2.0, 2.2, 2.3, 2.5, 2.8, 3.8, 5.8, 6.7, 8.0, 8.2, 9.1, 9.2, 9.3, 9.7, 9.8, 9.8, 9.7, 8.4, 8.2, 8.2, 8.2, 8.2, 2.1, 2.0, 2.2, 2.4, 2.6, 2.5, 2.5, 2.2, 2.2, 2.5, 3.0, 3.6, 4.3, 4.7, 4.8, 6.9, 7.3, 8.0, 8.2, 8.4, 9.1, 9.2, 9.7, 9.8, 9.8, 9.8, 8.5, 8.2, 8.2, 8.2, 8.2, 2.0, 2.2, 2.4, 2.6, 2.6, 2.6, 2.9, 2.5, 2.5, 2.9, 3.5, 4.2, 5.3, 5.5, 5.0, 6.9, 7.3, 7.5, 8.1, 8.2, 9.0, 9.2, 9.3, 9.7, 9.8, 9.8, 9.7, 8.5, 8.2, 8.2, 8.2]}, "Gamla banan|2": {"ny": 25, "nx": 32, "lat0": 55.4592229, "lon0": 13.2345872, "dLat": 8.983e-06, "dLon": 1.5843e-05, "slope": [5.0, 5.2, 5.6, 5.6, 5.2, 4.3, 2.5, 0.6, 0.6, 0.6, 0.6, 0.6, 0.4, 0.4, 0.6, 0.8, 1.0, 1.9, 2.8, 3.7, 4.9, 6.4, 7.3, 6.7, 5.8, 5.7, 5.0, 4.1, 4.1, 4.1, 4.3, 4.6, 5.0, 5.2, 5.6, 5.6, 5.4, 5.2, 4.7, 2.7, 0.6, 0.6, 0.6, 0.6, 0.6, 0.5, 0.3, 0.5, 0.9, 1.4, 1.9, 2.6, 3.4, 4.3, 5.2, 5.7, 5.7, 5.6, 4.9, 4.1, 4.1, 4.2, 4.6, 5.4, 5.0, 5.1, 5.4, 5.6, 5.6, 5.3, 4.9, 4.7, 4.1, 2.9, 0.6, 0.6, 0.6, 0.6, 0.5, 0.6, 1.2, 1.6, 1.8, 2.2, 2.6, 3.1, 3.5, 3.8, 3.8, 3.8, 3.9, 4.1, 4.2, 4.5, 5.3, 6.4, 5.0, 5.0, 5.2, 5.6, 5.6, 5.3, 4.7, 5.0, 5.6, 5.4, 4.1, 2.6, 0.6, 0.6, 0.6, 0.8, 1.3, 1.6, 1.7, 1.9, 2.2, 2.5, 2.8, 2.9, 2.9, 3.1, 3.5, 4.0, 4.5, 5.3, 6.3, 7.0, 5.0, 5.0, 5.2, 5.6, 5.6, 5.5, 5.1, 4.8, 5.0, 5.6, 5.8, 5.0, 3.7, 3.1, 1.6, 1.4, 1.5, 1.6, 1.6, 1.8, 2.0, 2.2, 2.5, 2.6, 2.6, 2.8, 3.4, 4.2, 5.3, 6.3, 7.0, 7.8, 5.0, 5.0, 5.1, 5.4, 5.6, 5.6, 5.3, 4.7, 4.8, 5.2, 5.5, 5.8, 5.3, 4.3, 3.1, 2.4, 2.1, 1.9, 1.8, 1.9, 2.0, 2.2, 2.5, 2.6, 2.6, 2.8, 3.5, 4.3, 5.4, 6.8, 7.8, 7.8, 5.0, 5.0, 5.0, 5.1, 5.6, 5.6, 5.4, 4.7, 4.8, 4.9, 5.2, 5.5, 5.8, 5.1, 4.3, 3.5, 2.8, 2.4, 2.1, 2.1, 2.1, 2.2, 2.5, 2.6, 2.6, 2.8, 3.5, 4.3, 5.4, 6.7, 7.8, 7.8, 5.0, 5.0, 5.0, 5.1, 5.6, 5.6, 5.5, 5.0, 4.7, 4.7, 4.8, 5.3, 5.5, 5.3, 4.8, 4.0, 3.3, 2.7, 2.3, 2.1, 2.1, 2.3, 2.5, 2.5, 2.4, 2.6, 3.2, 4.0, 4.9, 6.2, 7.4, 7.4, 5.0, 5.0, 5.0, 5.0, 5.2, 5.6, 5.6, 5.3, 4.9, 4.7, 4.6, 4.8, 5.0, 5.1, 4.8, 4.2, 3.5, 2.8, 2.3, 2.0, 2.1, 2.3, 2.5, 2.4, 2.1, 2.2, 2.6, 3.1, 3.9, 5.0, 6.1, 6.0, 4.9, 5.0, 5.0, 5.0, 4.8, 5.2, 5.6, 5.3, 4.9, 4.6, 4.4, 4.5, 4.8, 4.9, 4.7, 4.3, 3.7, 3.0, 2.3, 1.9, 2.0, 2.3, 2.6, 2.4, 2.0, 1.8, 2.0, 2.2, 2.6, 3.4, 4.2, 4.3, 4.9, 4.9, 5.0, 5.0, 4.7, 4.8, 5.2, 5.1, 4.8, 4.5, 4.3, 4.5, 4.8, 5.0, 4.8, 4.4, 3.9, 3.2, 2.5, 2.0, 2.0, 2.3, 2.5, 2.4, 2.0, 1.7, 1.6, 1.5, 1.7, 2.2, 3.0, 3.7, 4.8, 4.9, 4.9, 4.7, 4.4, 4.4, 4.6, 4.7, 4.6, 4.3, 4.3, 4.5, 4.9, 5.1, 5.0, 4.6, 4.1, 3.5, 2.8, 2.3, 2.2, 2.3, 2.4, 2.3, 2.0, 1.7, 1.5, 1.2, 1.2, 1.6, 2.3, 2.5, 4.8, 4.8, 4.6, 4.3, 3.9, 3.9, 4.1, 4.4, 4.4, 4.3, 4.3, 4.5, 4.9, 5.1, 5.0, 4.6, 4.2, 3.7, 3.1, 2.7, 2.4, 2.3, 2.3, 2.2, 1.9, 1.7, 1.4, 1.2, 1.1, 1.5, 2.4, 2.4, 4.6, 4.5, 4.2, 4.0, 3.7, 3.6, 3.8, 4.1, 4.2, 4.2, 4.3, 4.4, 4.8, 5.0, 4.9, 4.5, 4.2, 3.8, 3.3, 2.9, 2.7, 2.5, 2.4, 2.2, 1.9, 1.7, 1.5, 1.3, 1.3, 2.0, 3.0, 3.0, 4.4, 4.1, 3.9, 4.0, 3.8, 3.5, 3.6, 3.9, 4.1, 4.2, 4.2, 4.3, 4.7, 5.0, 4.9, 4.5, 4.1, 3.6, 3.1, 2.9, 2.8, 2.8, 2.7, 2.5, 2.0, 1.7, 1.6, 1.6, 1.9, 2.8, 2.9, 3.0, 4.5, 3.8, 3.8, 4.0, 4.0, 3.7, 3.7, 4.0, 4.1, 4.0, 3.9, 4.1, 4.5, 4.9, 5.0, 4.9, 4.3, 3.4, 2.6, 2.4, 2.6, 2.9, 3.0, 2.8, 2.2, 1.9, 1.9, 2.0, 2.6, 2.6, 2.8, 2.8, 4.6, 3.8, 3.8, 4.2, 4.2, 4.0, 3.9, 4.1, 4.0, 3.8, 3.7, 3.9, 4.3, 4.9, 5.4, 5.5, 4.8, 3.3, 2.0, 1.6, 2.2, 2.8, 3.2, 3.0, 2.4, 2.1, 2.2, 2.5, 2.5, 2.6, 2.6, 2.8, 4.8, 4.1, 3.9, 4.3, 4.4, 4.2, 4.1, 4.1, 3.9, 3.6, 3.5, 3.7, 4.1, 4.8, 5.7, 6.2, 5.5, 3.6, 1.7, 0.9, 1.4, 2.4, 3.0, 2.9, 2.5, 2.2, 2.3, 2.4, 2.5, 2.5, 2.6, 2.6, 4.9, 4.6, 4.2, 4.4, 4.5, 4.3, 4.2, 4.1, 3.8, 3.6, 3.5, 3.6, 3.9, 4.7, 5.9, 6.9, 6.5, 4.4, 1.9, 1.0, 0.9, 1.6, 2.4, 2.5, 2.2, 2.0, 2.0, 2.3, 2.4, 2.5, 2.5, 2.6, 5.4, 5.4, 4.7, 4.7, 4.6, 4.4, 4.2, 4.1, 3.9, 3.6, 3.5, 3.6, 3.8, 4.5, 5.9, 6.1, 6.6, 4.5, 2.0, 1.1, 1.5, 1.4, 1.8, 2.1, 2.1, 2.0, 2.0, 2.0, 2.3, 2.4, 2.5, 2.5, 5.9, 5.9, 5.5, 5.1, 4.8, 4.5, 4.3, 4.2, 4.0, 3.7, 3.6, 3.7, 3.8, 3.9, 5.8, 5.9, 6.6, 4.6, 2.1, 1.6, 1.6, 1.4, 1.8, 2.1, 2.1, 2.0, 2.0, 2.0, 2.0, 2.3, 2.4, 2.5, 6.5, 6.6, 6.7, 6.1, 5.5, 4.8, 4.4, 4.3, 4.1, 3.9, 3.8, 3.8, 3.8, 3.8, 5.7, 5.9, 6.0, 4.6, 1.9, 1.6, 1.6, 1.4, 1.8, 2.1, 2.1, 2.1, 2.0, 2.0, 2.0, 2.0, 2.3, 2.4, 7.3, 7.4, 7.4, 7.3, 6.5, 5.6, 4.8, 4.5, 4.3, 4.2, 4.1, 4.1, 3.8, 3.8, 4.2, 5.7, 5.9, 4.6, 2.0, 1.6, 1.6, 1.4, 1.8, 2.1, 2.1, 2.1, 2.1, 2.0, 2.0, 2.0, 2.0, 2.3, 7.4, 7.4, 7.6, 7.9, 7.1, 6.0, 5.6, 5.1, 5.0, 4.4, 4.3, 4.3, 4.2, 3.8, 3.8, 5.6, 5.9, 5.8, 2.3, 1.6, 1.6, 1.4, 1.8, 2.1, 2.1, 2.1, 2.1, 2.0, 2.0, 2.0, 2.0, 2.0, 7.4, 7.6, 7.9, 8.0, 7.2, 6.1, 5.9, 5.4, 5.3, 4.5, 4.3, 4.3, 4.3, 4.2, 3.9, 4.1, 5.6, 5.9, 2.4, 1.6, 1.6, 1.4, 1.8, 2.1, 2.1, 2.1, 2.1, 2.1, 2.0, 2.0, 2.0, 2.0]}, "Gamla banan|3": {"ny": 22, "nx": 28, "lat0": 55.4592347, "lon0": 13.2386636, "dLat": 8.983e-06, "dLon": 1.5843e-05, "slope": [7.4, 7.4, 7.4, 7.1, 5.9, 6.2, 6.2, 6.6, 6.7, 6.3, 5.7, 5.4, 5.6, 6.2, 5.8, 4.8, 5.9, 5.8, 5.3, 5.3, 5.2, 4.9, 4.4, 4.4, 4.4, 4.4, 4.1, 3.8, 8.3, 7.4, 7.4, 7.1, 5.6, 4.7, 4.3, 4.4, 4.3, 3.8, 3.1, 2.4, 2.2, 2.5, 3.4, 4.6, 5.7, 5.6, 5.3, 5.3, 4.9, 4.2, 4.4, 4.4, 4.4, 4.1, 3.8, 3.7, 9.6, 8.4, 8.3, 6.9, 4.9, 3.4, 2.6, 2.4, 2.5, 2.5, 2.0, 1.3, 0.9, 0.8, 1.3, 2.1, 2.9, 3.9, 5.0, 5.0, 4.2, 4.4, 4.4, 4.4, 4.2, 3.8, 3.7, 3.8, 10.2, 9.7, 8.7, 6.7, 4.6, 2.9, 2.0, 1.8, 2.2, 2.4, 2.2, 1.6, 1.3, 1.3, 1.5, 1.8, 2.1, 2.4, 3.0, 3.9, 4.0, 4.4, 4.4, 4.2, 3.8, 3.7, 3.8, 4.1, 10.2, 10.1, 8.5, 6.5, 4.5, 2.8, 1.9, 1.8, 2.2, 2.5, 2.3, 1.8, 1.4, 1.3, 1.6, 1.9, 2.0, 2.0, 2.2, 2.5, 3.1, 4.1, 4.2, 3.8, 3.7, 3.7, 4.0, 4.5, 9.9, 9.6, 7.9, 6.2, 4.4, 2.9, 2.0, 1.9, 2.3, 2.6, 2.3, 1.8, 1.5, 1.4, 1.6, 1.8, 1.8, 1.8, 1.9, 2.0, 2.0, 2.4, 3.4, 3.7, 3.7, 4.0, 4.5, 4.5, 9.7, 8.6, 7.1, 5.7, 4.2, 2.9, 2.1, 2.1, 2.5, 2.7, 2.3, 1.8, 1.6, 1.6, 1.9, 1.9, 1.8, 1.6, 1.7, 1.7, 1.6, 1.5, 2.0, 3.4, 4.0, 4.5, 4.5, 4.4, 8.8, 7.4, 6.2, 5.1, 3.8, 2.8, 2.2, 2.2, 2.6, 2.8, 2.4, 1.9, 1.6, 1.7, 2.1, 2.3, 2.1, 1.8, 1.7, 1.7, 1.5, 1.2, 1.3, 2.3, 4.1, 4.1, 4.4, 4.3, 7.7, 6.5, 5.5, 4.5, 3.5, 2.6, 2.1, 2.1, 2.6, 2.8, 2.5, 1.9, 1.6, 1.7, 2.1, 2.4, 2.3, 2.0, 1.9, 1.7, 1.4, 1.1, 1.0, 1.5, 3.0, 3.6, 4.3, 4.3, 7.1, 6.1, 5.1, 4.2, 3.3, 2.4, 2.0, 2.0, 2.4, 2.6, 2.3, 1.9, 1.6, 1.6, 2.1, 2.4, 2.4, 2.2, 1.9, 1.6, 1.3, 1.0, 0.8, 1.0, 2.1, 3.9, 3.9, 4.2, 7.1, 6.2, 5.1, 4.1, 3.3, 2.7, 2.3, 2.3, 2.3, 2.2, 1.9, 1.6, 1.4, 1.6, 2.1, 2.6, 2.6, 2.3, 1.8, 1.4, 1.2, 1.0, 0.8, 0.8, 1.4, 2.9, 3.5, 4.2, 7.5, 6.5, 5.2, 4.3, 3.7, 3.4, 3.1, 2.8, 2.4, 1.9, 1.4, 1.2, 1.2, 1.5, 2.2, 2.8, 2.9, 2.4, 1.7, 1.1, 1.0, 1.0, 0.8, 0.8, 1.2, 2.4, 4.0, 4.1, 7.7, 7.0, 5.6, 4.7, 4.4, 4.2, 3.8, 3.2, 2.4, 1.6, 1.1, 0.9, 1.0, 1.5, 2.3, 3.0, 3.2, 2.5, 1.5, 0.8, 0.7, 0.9, 0.9, 1.0, 1.3, 2.2, 3.7, 3.9, 7.8, 7.7, 6.3, 5.4, 5.1, 4.8, 4.0, 2.9, 2.0, 1.2, 0.8, 0.7, 0.9, 1.5, 2.5, 3.3, 3.5, 2.7, 1.5, 0.6, 0.4, 0.8, 1.1, 1.4, 1.6, 2.4, 3.9, 4.1, 7.9, 7.9, 7.5, 6.6, 5.9, 5.0, 3.5, 2.1, 1.4, 0.8, 0.4, 0.5, 0.8, 1.5, 2.6, 3.7, 3.9, 2.8, 1.3, 0.7, 0.6, 0.9, 1.4, 1.7, 1.9, 2.6, 4.2, 4.4, 7.9, 7.9, 7.9, 8.4, 6.9, 4.7, 2.4, 1.4, 1.3, 0.8, 0.2, 0.4, 0.7, 1.5, 2.8, 4.1, 4.2, 2.8, 1.1, 1.1, 1.2, 1.3, 1.6, 1.8, 1.8, 2.7, 3.9, 4.6, 7.9, 7.9, 8.6, 9.0, 7.3, 4.7, 1.3, 1.2, 1.4, 0.8, 0.2, 0.3, 0.8, 1.7, 3.2, 4.5, 4.4, 2.7, 1.1, 1.5, 1.8, 1.7, 1.7, 1.6, 1.5, 2.6, 2.9, 3.8, 7.9, 8.5, 9.0, 9.1, 5.8, 4.2, 2.7, 1.7, 1.3, 0.7, 0.3, 0.2, 0.7, 1.9, 3.6, 4.9, 4.6, 2.7, 1.3, 2.0, 2.4, 2.0, 1.6, 1.0, 1.2, 2.2, 2.8, 2.9, 8.5, 9.0, 9.1, 6.4, 4.4, 3.2, 2.7, 1.8, 2.0, 1.4, 0.6, 0.3, 0.8, 2.2, 4.0, 5.2, 4.7, 2.7, 1.7, 2.4, 2.9, 2.4, 1.6, 0.7, 1.2, 1.4, 2.2, 2.8, 9.0, 9.1, 9.1, 5.6, 3.3, 2.7, 2.6, 2.3, 2.3, 1.5, 2.8, 2.5, 1.9, 2.9, 4.6, 5.5, 4.9, 3.0, 2.2, 3.0, 3.5, 3.2, 2.5, 2.0, 1.5, 1.4, 1.4, 2.1, 9.1, 9.1, 6.7, 3.8, 2.7, 2.6, 2.4, 2.3, 2.3, 3.1, 3.7, 2.6, 3.9, 4.9, 5.6, 6.1, 5.3, 3.6, 3.0, 3.7, 4.4, 4.4, 3.9, 3.6, 2.5, 1.5, 1.4, 1.4, 9.1, 9.1, 5.3, 2.7, 2.6, 2.6, 2.4, 2.3, 3.1, 3.7, 3.7, 4.4, 4.8, 4.9, 5.6, 6.5, 5.8, 4.2, 3.6, 4.1, 4.9, 5.1, 4.1, 3.6, 3.6, 2.5, 1.6, 1.4]}, "Gamla banan|4": {"ny": 36, "nx": 26, "lat0": 55.4559393, "lon0": 13.2394017, "dLat": 8.983e-06, "dLon": 1.5842e-05, "slope": [4.7, 4.7, 4.7, 4.7, 4.7, 4.5, 4.5, 4.7, 4.8, 4.3, 4.1, 3.6, 2.8, 2.3, 2.2, 2.4, 2.9, 3.8, 5.2, 5.9, 6.4, 6.7, 6.7, 6.0, 5.6, 5.7, 4.6, 4.7, 4.7, 4.7, 4.7, 4.7, 4.5, 4.5, 4.7, 4.3, 3.6, 2.9, 2.3, 1.9, 1.9, 2.0, 2.3, 2.7, 3.4, 4.5, 5.9, 6.6, 6.0, 5.6, 5.7, 5.8, 4.2, 4.4, 4.5, 4.7, 4.7, 4.7, 4.7, 4.5, 4.1, 3.4, 2.8, 2.2, 1.7, 1.5, 1.5, 1.8, 2.0, 2.1, 2.3, 2.7, 3.5, 4.7, 5.5, 5.7, 5.8, 6.0, 4.1, 4.1, 4.2, 4.3, 4.5, 4.7, 4.7, 4.1, 3.0, 2.4, 2.1, 1.7, 1.2, 0.9, 1.1, 1.5, 1.8, 1.9, 1.9, 2.0, 2.4, 3.4, 4.8, 5.7, 6.0, 6.1, 4.1, 4.1, 4.1, 4.1, 4.2, 4.3, 4.0, 3.1, 2.1, 1.8, 1.8, 1.5, 0.8, 0.4, 0.8, 1.3, 1.7, 1.8, 1.8, 1.9, 2.1, 2.9, 4.2, 5.5, 6.1, 6.1, 4.1, 4.1, 4.1, 4.1, 4.1, 4.1, 3.4, 2.0, 1.5, 1.6, 1.7, 1.5, 0.9, 0.4, 0.7, 1.3, 1.7, 1.8, 1.9, 2.0, 2.1, 2.7, 3.8, 5.0, 5.6, 5.8, 3.5, 3.5, 3.5, 3.5, 3.4, 3.4, 2.7, 1.4, 1.3, 1.6, 1.8, 1.6, 1.1, 0.4, 0.4, 1.0, 1.4, 1.7, 1.9, 2.0, 2.1, 2.4, 3.3, 4.4, 5.4, 5.9, 2.7, 2.7, 2.7, 2.7, 2.7, 2.7, 2.1, 1.3, 1.5, 1.9, 2.0, 1.7, 1.2, 0.7, 0.6, 0.9, 1.2, 1.5, 1.8, 1.9, 1.9, 2.0, 2.5, 3.5, 4.6, 5.2, 3.7, 3.3, 2.3, 2.3, 2.3, 2.3, 2.0, 1.5, 1.8, 2.1, 2.2, 1.9, 1.5, 1.3, 1.4, 1.5, 1.7, 1.9, 2.0, 2.0, 1.7, 1.5, 1.6, 2.3, 3.3, 4.0, 4.8, 4.4, 3.7, 3.3, 2.2, 2.2, 2.0, 1.8, 2.1, 2.4, 2.4, 2.1, 1.8, 1.9, 2.1, 2.3, 2.5, 2.6, 2.5, 2.2, 1.8, 1.4, 1.2, 1.4, 2.1, 2.7, 4.8, 4.8, 4.8, 4.5, 3.8, 3.5, 2.4, 2.3, 2.5, 2.6, 2.6, 2.4, 2.3, 2.4, 2.6, 2.9, 3.1, 3.1, 2.9, 2.5, 2.2, 1.8, 1.6, 1.5, 1.9, 2.5, 4.8, 4.8, 4.8, 4.8, 4.8, 4.4, 3.2, 3.0, 3.0, 3.0, 2.9, 2.7, 2.6, 2.7, 2.8, 3.0, 3.1, 3.1, 3.0, 2.8, 2.5, 2.3, 2.2, 2.2, 2.6, 3.2, 4.7, 4.7, 4.5, 5.2, 5.2, 5.0, 4.2, 3.9, 3.6, 3.4, 3.1, 2.9, 2.8, 2.8, 2.8, 3.0, 3.0, 3.0, 2.9, 2.8, 2.7, 2.7, 2.7, 3.0, 3.4, 3.4, 5.2, 4.6, 4.4, 4.5, 4.6, 4.9, 4.4, 4.2, 3.9, 3.5, 3.1, 2.8, 2.7, 2.7, 2.9, 2.9, 2.9, 2.8, 2.9, 3.0, 3.2, 3.4, 3.6, 4.1, 4.6, 4.6, 5.9, 5.3, 4.6, 4.3, 3.8, 3.4, 3.6, 3.7, 3.5, 3.1, 2.7, 2.5, 2.4, 2.5, 2.6, 2.7, 2.6, 2.6, 2.9, 3.3, 3.8, 4.3, 4.8, 5.2, 5.1, 4.6, 6.0, 5.9, 5.3, 4.3, 2.2, 2.0, 2.9, 3.1, 2.7, 2.3, 2.0, 1.8, 1.8, 1.9, 2.0, 2.0, 2.0, 2.2, 2.8, 3.4, 4.1, 4.9, 5.6, 5.6, 5.2, 5.1, 6.0, 6.0, 5.8, 4.0, 2.4, 2.6, 3.0, 2.8, 2.2, 1.6, 1.2, 1.1, 1.1, 1.3, 1.3, 1.3, 1.3, 1.7, 2.4, 3.2, 3.9, 4.6, 4.8, 5.6, 5.6, 5.2, 5.9, 5.9, 5.5, 4.0, 3.4, 3.2, 2.9, 2.3, 1.6, 1.1, 0.7, 0.6, 0.8, 0.9, 0.9, 0.8, 0.9, 1.4, 2.3, 3.2, 3.8, 4.0, 4.6, 4.8, 5.5, 5.6, 5.8, 5.7, 4.9, 3.8, 3.0, 2.5, 1.9, 1.3, 0.9, 0.7, 0.7, 0.8, 0.8, 0.8, 0.6, 0.5, 0.6, 1.1, 2.1, 3.3, 4.4, 4.4, 4.4, 4.6, 4.7, 5.5, 5.4, 5.3, 4.2, 2.9, 1.9, 1.2, 0.7, 0.4, 0.6, 0.9, 1.1, 1.1, 1.0, 0.7, 0.4, 0.3, 0.5, 0.8, 1.6, 2.9, 4.4, 4.5, 4.5, 4.5, 4.5, 4.6, 6.2, 5.0, 3.6, 2.4, 1.3, 0.6, 0.3, 0.4, 0.8, 1.1, 1.3, 1.3, 1.1, 0.7, 0.4, 0.1, 0.4, 0.6, 1.0, 2.0, 2.2, 4.3, 4.5, 4.5, 4.5, 4.5, 7.2, 5.0, 3.4, 2.1, 1.2, 0.6, 0.5, 0.6, 0.8, 1.0, 1.1, 1.1, 1.1, 0.9, 0.6, 0.3, 0.3, 0.3, 0.6, 1.4, 1.4, 1.5, 4.2, 4.1, 4.1, 4.5, 7.2, 5.0, 3.1, 1.8, 1.0, 0.7, 0.5, 0.6, 0.8, 0.8, 0.7, 0.7, 1.0, 1.0, 0.7, 0.3, 0.2, 0.1, 0.5, 1.0, 1.0, 1.0, 1.0, 1.0, 1.0, 3.9, 7.2, 4.8, 2.8, 1.5, 0.9, 0.6, 0.5, 0.6, 0.7, 0.7, 0.4, 0.4, 0.9, 1.0, 0.7, 0.3, 0.1, 0.4, 0.7, 0.8, 0.8, 0.8, 0.8, 0.8, 0.8, 0.8, 7.5, 5.3, 3.3, 2.0, 1.2, 0.7, 0.5, 0.5, 0.6, 0.7, 0.4, 0.3, 0.8, 0.9, 0.7, 0.4, 0.3, 0.6, 1.0, 0.7, 0.7, 0.6, 0.6, 0.6, 0.6, 0.6, 7.9, 6.5, 4.6, 3.2, 2.2, 1.3, 0.8, 0.5, 0.6, 0.7, 0.5, 0.1, 0.6, 0.8, 0.8, 0.6, 0.6, 0.9, 1.1, 0.5, 0.4, 0.4, 0.4, 0.4, 0.4, 0.4, 7.7, 7.4, 5.7, 4.3, 3.2, 2.2, 1.3, 0.8, 0.8, 0.8, 0.7, 0.3, 0.3, 0.7, 0.8, 0.7, 0.8, 1.2, 1.2, 0.4, 0.3, 0.3, 0.3, 0.3, 0.3, 0.3, 7.4, 7.4, 6.0, 4.8, 3.8, 2.8, 1.8, 1.1, 0.9, 0.9, 0.9, 0.5, 0.3, 0.6, 0.8, 0.9, 1.1, 1.4, 1.2, 1.1, 0.4, 0.3, 0.3, 0.3, 0.3, 0.3, 7.2, 7.2, 5.8, 4.8, 4.0, 3.1, 2.1, 1.3, 1.0, 1.1, 1.1, 0.9, 0.5, 0.7, 1.0, 1.2, 1.4, 1.4, 1.0, 1.0, 1.0, 0.4, 0.3, 0.3, 0.3, 0.3, 7.2, 6.4, 5.5, 4.6, 4.0, 3.2, 2.4, 1.7, 1.4, 1.6, 1.7, 1.4, 1.1, 1.1, 1.4, 1.6, 1.6, 1.5, 0.9, 0.8, 0.8, 0.8, 0.8, 0.8, 0.4, 0.4, 6.4, 5.1, 4.8, 4.5, 4.1, 3.5, 2.9, 2.4, 2.2, 2.3, 2.3, 1.9, 1.6, 1.7, 1.9, 2.0, 1.8, 1.6, 0.9, 0.8, 0.8, 0.8, 0.8, 0.8, 0.8, 0.8, 5.1, 4.5, 4.4, 4.4, 4.7, 4.4, 3.8, 3.4, 3.2, 3.1, 2.7, 2.1, 1.9, 2.2, 2.4, 2.4, 2.1, 1.8, 1.8, 1.0, 0.8, 0.8, 0.8, 0.8, 0.8, 0.8, 4.4, 4.4, 5.3, 5.6, 5.9, 5.5, 4.9, 4.6, 4.3, 3.9, 3.1, 2.0, 1.9, 2.5, 2.8, 2.7, 2.5, 2.5, 1.9, 1.8, 1.0, 0.8, 0.8, 0.8, 0.8, 0.8, 5.2, 5.5, 6.2, 6.4, 6.4, 6.0, 5.8, 5.7, 5.5, 4.8, 3.3, 1.6, 1.7, 2.5, 2.9, 2.9, 2.9, 2.6, 2.5, 2.0, 1.8, 1.1, 0.8, 0.8, 0.8, 0.8, 6.1, 6.4, 6.4, 6.4, 6.4, 6.2, 6.1, 6.1, 6.2, 5.4, 3.6, 1.2, 1.4, 1.9, 2.7, 3.0, 2.9, 2.9, 2.6, 2.5, 2.0, 1.8, 1.1, 0.8, 0.8, 0.8, 6.4, 6.4, 6.4, 6.4, 6.3, 6.2, 6.2, 6.3, 6.4, 5.6, 3.7, 1.2, 1.3, 1.8, 2.6, 3.0, 2.9, 2.9, 2.9, 2.6, 2.5, 2.0, 1.8, 1.1, 0.8, 0.8]}, "Gamla banan|5": {"ny": 23, "nx": 20, "lat0": 55.4549365, "lon0": 13.2410688, "dLat": 8.983e-06, "dLon": 1.5842e-05, "slope": [3.7, 3.4, 3.3, 3.0, 2.9, 1.8, 1.2, 1.1, 1.3, 1.6, 1.8, 2.8, 3.8, 5.0, 5.0, 5.5, 5.5, 5.5, 5.1, 4.4, 3.8, 3.7, 3.4, 3.3, 2.9, 1.8, 1.3, 1.2, 1.3, 1.6, 2.0, 2.7, 3.7, 4.8, 5.0, 5.5, 5.5, 5.2, 4.4, 4.0, 4.3, 3.8, 3.7, 3.3, 2.3, 1.6, 1.3, 1.3, 1.3, 1.3, 1.5, 1.9, 2.6, 3.6, 4.6, 5.3, 5.2, 4.4, 4.0, 3.2, 4.5, 4.3, 3.7, 2.6, 1.8, 1.4, 1.3, 1.1, 1.0, 1.0, 1.2, 1.6, 2.2, 2.8, 3.5, 3.9, 4.2, 4.1, 3.2, 3.1, 5.3, 4.4, 3.1, 1.9, 1.3, 1.1, 0.9, 0.7, 0.6, 0.8, 1.2, 1.7, 2.0, 2.3, 2.6, 2.8, 2.9, 3.0, 2.9, 2.7, 5.6, 4.0, 2.6, 1.6, 1.0, 0.7, 0.5, 0.3, 0.4, 0.9, 1.5, 1.8, 1.8, 1.8, 1.8, 1.9, 2.0, 2.1, 2.1, 1.7, 5.3, 3.8, 2.5, 1.6, 1.1, 0.8, 0.6, 0.5, 0.7, 1.2, 1.7, 1.9, 1.6, 1.2, 1.1, 1.2, 1.4, 1.6, 1.6, 1.6, 5.2, 3.9, 2.8, 2.1, 1.8, 1.7, 1.5, 1.3, 1.3, 1.6, 1.8, 1.7, 1.3, 0.8, 0.6, 0.8, 1.0, 1.2, 1.2, 1.2, 5.1, 4.1, 3.3, 2.8, 2.6, 2.6, 2.5, 2.3, 2.0, 1.8, 1.7, 1.4, 1.0, 0.6, 0.4, 0.4, 0.7, 0.8, 0.7, 0.7, 5.0, 4.2, 3.5, 3.1, 2.9, 2.9, 2.9, 2.7, 2.4, 2.0, 1.6, 1.2, 0.8, 0.5, 0.3, 0.2, 0.3, 0.5, 0.3, 0.3, 4.4, 3.8, 3.2, 2.9, 2.8, 2.7, 2.7, 2.7, 2.5, 2.2, 1.8, 1.3, 0.8, 0.4, 0.3, 0.1, 0.2, 0.3, 0.2, 0.2, 3.6, 3.1, 2.7, 2.5, 2.3, 2.3, 2.3, 2.3, 2.3, 2.2, 2.0, 1.7, 1.2, 0.7, 0.3, 0.1, 0.2, 0.2, 0.3, 0.3, 3.5, 2.4, 2.0, 1.9, 1.8, 1.8, 1.8, 1.9, 1.9, 1.9, 1.9, 1.8, 1.6, 1.2, 0.7, 0.3, 0.2, 0.1, 0.3, 0.4, 3.5, 2.1, 1.3, 1.2, 1.3, 1.4, 1.4, 1.5, 1.5, 1.5, 1.5, 1.6, 1.7, 1.6, 1.2, 0.8, 0.4, 0.2, 0.3, 0.4, 3.0, 2.7, 1.4, 0.6, 0.5, 0.8, 1.0, 1.1, 1.2, 1.2, 1.2, 1.4, 1.6, 1.7, 1.6, 1.3, 0.8, 0.4, 0.3, 0.5, 2.8, 2.8, 2.3, 1.5, 0.8, 0.3, 0.3, 0.6, 0.8, 1.0, 1.1, 1.2, 1.4, 1.7, 1.8, 1.7, 1.4, 1.1, 0.8, 0.8, 3.4, 3.7, 3.7, 2.8, 2.1, 1.4, 0.8, 0.3, 0.3, 0.5, 0.8, 1.0, 1.3, 1.5, 1.7, 1.9, 1.9, 1.8, 1.2, 0.9, 3.8, 3.9, 3.9, 3.8, 3.3, 2.6, 1.9, 1.3, 0.7, 0.2, 0.3, 0.7, 1.0, 1.3, 1.5, 1.8, 1.9, 2.0, 2.0, 1.3, 3.9, 4.5, 4.8, 4.8, 4.4, 3.8, 3.1, 2.4, 1.7, 1.0, 0.5, 0.3, 0.6, 1.0, 1.2, 1.5, 1.5, 1.8, 2.0, 2.0, 4.8, 4.9, 5.0, 5.0, 5.6, 5.3, 4.3, 3.4, 2.6, 1.8, 1.1, 0.5, 0.4, 0.7, 1.0, 1.2, 1.3, 1.3, 1.7, 1.8, 5.0, 5.0, 5.0, 5.6, 6.0, 6.7, 6.1, 4.7, 3.5, 2.5, 1.8, 1.1, 0.6, 0.7, 0.9, 0.9, 1.1, 1.3, 1.3, 1.3, 5.0, 5.0, 5.5, 6.0, 6.7, 7.2, 6.3, 4.8, 4.2, 3.5, 2.5, 1.6, 0.9, 0.7, 0.8, 0.9, 0.9, 1.1, 1.3, 1.3, 5.0, 5.5, 6.0, 6.6, 7.2, 7.2, 6.3, 4.8, 4.3, 3.6, 2.5, 1.6, 1.0, 0.7, 0.8, 0.9, 0.9, 0.9, 1.1, 1.3]}, "Gamla banan|6": {"ny": 24, "nx": 34, "lat0": 55.4539864, "lon0": 13.233584, "dLat": 8.983e-06, "dLon": 1.5841e-05, "slope": [9.0, 9.1, 9.1, 8.8, 7.2, 6.1, 5.8, 6.3, 6.0, 6.5, 7.3, 7.4, 6.4, 5.5, 5.5, 5.0, 4.1, 3.9, 4.7, 5.5, 6.1, 6.1, 6.3, 6.3, 6.1, 5.7, 5.5, 5.0, 5.0, 4.9, 5.4, 6.3, 7.0, 8.0, 9.5, 9.0, 9.1, 8.8, 7.2, 6.0, 5.3, 5.2, 4.8, 5.1, 5.9, 6.2, 5.7, 5.0, 4.6, 3.9, 3.1, 3.1, 3.8, 4.6, 5.2, 5.8, 6.2, 6.2, 5.7, 5.5, 5.0, 5.0, 4.9, 5.4, 6.3, 6.9, 8.0, 8.0, 10.1, 9.6, 8.9, 7.5, 5.8, 4.8, 4.3, 3.9, 3.5, 3.5, 4.1, 4.5, 4.3, 3.8, 3.2, 2.6, 2.1, 2.3, 2.9, 3.5, 4.0, 4.5, 5.1, 5.6, 5.6, 5.0, 5.0, 4.9, 5.3, 6.3, 6.9, 8.0, 8.0, 8.0, 10.2, 10.0, 7.9, 5.6, 4.1, 3.5, 3.3, 3.1, 2.8, 2.6, 2.7, 2.9, 2.7, 2.1, 1.7, 1.4, 1.3, 1.5, 2.0, 2.4, 2.7, 3.1, 3.7, 4.3, 4.9, 5.0, 4.9, 5.2, 6.2, 6.8, 8.0, 8.0, 8.0, 8.0, 9.8, 9.6, 6.5, 4.4, 3.3, 3.0, 2.9, 2.7, 2.4, 2.2, 2.1, 2.1, 1.7, 1.1, 0.7, 0.6, 0.7, 1.0, 1.3, 1.6, 1.7, 1.9, 2.3, 3.0, 3.8, 4.8, 5.2, 6.2, 6.7, 8.0, 8.0, 8.0, 8.0, 8.3, 11.2, 9.1, 5.7, 3.8, 2.9, 2.6, 2.5, 2.3, 2.1, 2.0, 2.0, 1.8, 1.4, 0.9, 0.4, 0.2, 0.3, 0.6, 0.9, 1.1, 1.1, 1.2, 1.5, 2.1, 3.0, 4.2, 6.0, 6.6, 8.0, 8.0, 7.9, 7.9, 8.2, 8.8, 13.1, 8.9, 5.3, 3.4, 2.5, 2.2, 2.0, 1.9, 1.8, 1.8, 1.7, 1.6, 1.2, 0.6, 0.2, 0.1, 0.2, 0.3, 0.6, 0.8, 0.9, 1.0, 1.3, 1.8, 2.7, 3.6, 5.1, 7.6, 7.6, 7.9, 7.8, 8.2, 8.8, 8.8, 13.2, 9.1, 5.4, 3.2, 2.2, 1.9, 1.9, 1.8, 1.7, 1.7, 1.6, 1.4, 1.0, 0.4, 0.2, 0.2, 0.2, 0.2, 0.4, 0.6, 0.9, 1.2, 1.5, 2.0, 2.6, 3.1, 3.8, 5.9, 6.6, 7.8, 8.1, 8.8, 8.8, 8.8, 13.1, 9.7, 6.0, 3.5, 2.3, 2.0, 2.1, 2.1, 2.1, 1.9, 1.8, 1.6, 1.3, 0.9, 0.6, 0.5, 0.3, 0.2, 0.2, 0.4, 0.8, 1.3, 1.7, 2.1, 2.5, 2.5, 2.8, 4.3, 7.4, 8.1, 8.8, 8.8, 7.8, 7.6, 11.9, 10.4, 7.2, 4.4, 2.9, 2.3, 2.4, 2.5, 2.5, 2.4, 2.3, 2.1, 1.9, 1.6, 1.2, 0.8, 0.5, 0.3, 0.2, 0.4, 0.8, 1.1, 1.5, 1.9, 2.0, 2.0, 2.2, 3.0, 5.1, 8.1, 8.1, 7.9, 5.4, 5.0, 10.6, 10.6, 8.9, 6.4, 4.3, 3.1, 2.7, 2.7, 2.7, 2.7, 2.6, 2.5, 2.3, 1.9, 1.4, 0.9, 0.6, 0.4, 0.1, 0.5, 0.8, 1.0, 1.2, 1.5, 1.7, 1.7, 1.9, 2.3, 3.4, 5.3, 5.8, 5.4, 5.0, 4.3, 10.6, 10.2, 9.7, 8.9, 6.7, 4.7, 3.5, 3.1, 2.9, 2.8, 2.8, 2.7, 2.4, 2.0, 1.5, 1.3, 1.3, 1.2, 1.0, 1.0, 1.1, 1.1, 1.2, 1.4, 1.6, 1.7, 1.9, 2.1, 2.4, 3.1, 4.6, 5.0, 4.4, 4.3, 10.2, 9.8, 9.9, 10.1, 9.8, 7.6, 5.6, 4.4, 3.8, 3.6, 3.5, 3.3, 3.1, 2.8, 2.6, 2.7, 3.0, 3.0, 2.7, 2.3, 1.9, 1.5, 1.4, 1.4, 1.6, 1.8, 1.9, 2.0, 1.9, 1.9, 2.5, 3.7, 3.7, 3.9, 9.8, 9.9, 10.1, 10.6, 11.1, 8.9, 6.5, 5.0, 4.2, 3.8, 3.7, 3.5, 3.3, 3.0, 2.8, 2.9, 3.2, 3.9, 4.1, 3.9, 3.3, 2.4, 1.8, 1.6, 1.7, 1.8, 1.9, 1.9, 1.7, 1.6, 1.7, 2.3, 2.6, 3.2, 9.9, 10.1, 10.6, 11.1, 11.1, 9.0, 6.6, 5.0, 4.2, 3.9, 3.7, 3.5, 3.3, 3.0, 2.8, 2.9, 3.8, 4.1, 3.7, 4.5, 4.4, 3.6, 2.5, 1.9, 1.7, 1.7, 1.8, 1.8, 1.7, 1.7, 1.9, 2.4, 3.3, 3.4, 10.1, 10.6, 11.1, 11.1, 11.1, 9.1, 6.7, 5.0, 4.2, 3.9, 3.7, 3.5, 3.3, 3.0, 2.8, 3.7, 1.6, 0.9, 0.8, 3.2, 4.7, 4.4, 3.3, 2.4, 1.9, 1.7, 1.7, 1.7, 1.8, 2.0, 2.4, 2.8, 3.7, 3.8, 10.5, 11.0, 11.1, 11.1, 11.1, 9.1, 6.7, 5.1, 4.2, 3.9, 3.7, 3.5, 3.3, 3.0, 2.8, 1.4, 0.7, 0.6, 0.6, 2.6, 4.3, 4.7, 3.9, 2.8, 2.2, 1.9, 1.8, 1.9, 2.1, 2.4, 2.8, 3.1, 3.9, 4.1, 11.0, 11.1, 11.1, 11.1, 11.1, 9.2, 6.8, 5.1, 4.3, 3.9, 3.7, 3.5, 3.3, 3.0, 1.4, 0.7, 0.6, 4.2, 5.4, 5.6, 4.8, 4.6, 4.1, 3.2, 2.5, 2.2, 2.2, 2.3, 2.6, 2.9, 3.2, 3.4, 4.1, 4.3, 11.1, 11.1, 11.1, 11.1, 11.1, 9.3, 6.8, 5.2, 4.3, 3.9, 3.7, 3.5, 3.3, 1.6, 0.7, 3.8, 5.1, 5.6, 5.7, 5.7, 5.3, 4.6, 4.1, 3.4, 2.9, 2.7, 2.7, 2.9, 3.2, 3.4, 3.5, 3.6, 4.3, 4.5, 11.1, 11.1, 11.1, 11.1, 11.1, 9.3, 6.9, 5.2, 4.3, 3.9, 3.7, 3.5, 3.3, 4.3, 4.9, 5.5, 5.7, 5.7, 6.4, 6.7, 6.7, 5.0, 4.1, 3.8, 3.4, 3.3, 3.3, 3.5, 3.8, 3.8, 3.7, 3.7, 4.2, 4.5, 11.1, 11.1, 11.1, 11.1, 11.1, 9.4, 6.9, 5.2, 4.3, 3.9, 3.7, 3.5, 4.6, 5.5, 5.7, 5.7, 6.3, 6.6, 6.7, 6.7, 6.7, 5.4, 4.2, 4.0, 3.8, 3.7, 3.8, 4.0, 4.0, 3.9, 3.8, 3.9, 4.0, 4.4, 11.1, 11.1, 11.1, 11.1, 11.1, 9.5, 7.0, 5.3, 4.3, 3.9, 3.7, 4.6, 5.5, 5.7, 6.2, 6.6, 6.7, 6.7, 6.7, 5.8, 5.3, 5.3, 4.1, 3.7, 3.8, 3.8, 3.8, 4.0, 4.0, 4.0, 4.0, 4.3, 4.4, 4.4, 11.1, 11.1, 11.1, 11.1, 11.1, 9.5, 7.1, 5.3, 4.3, 3.9, 3.7, 4.9, 6.2, 6.5, 6.6, 6.7, 6.7, 5.9, 5.4, 5.3, 5.3, 5.3, 3.5, 3.1, 3.5, 3.6, 3.7, 3.9, 4.0, 4.2, 4.4, 4.5, 4.5, 4.4, 11.1, 11.1, 11.1, 11.1, 11.1, 9.6, 7.1, 5.3, 4.4, 3.9, 5.1, 6.3, 6.6, 6.7, 6.7, 6.0, 5.5, 5.4, 5.3, 5.3, 5.3, 3.6, 2.6, 3.1, 3.6, 3.7, 3.8, 4.0, 4.2, 4.6, 4.7, 4.6, 4.5, 4.5]}, "Gamla banan|7": {"ny": 40, "nx": 21, "lat0": 55.4560686, "lon0": 13.2385517, "dLat": 8.983e-06, "dLon": 1.5842e-05, "slope": [5.0, 4.5, 1.9, 2.0, 2.2, 2.0, 1.3, 2.2, 1.6, 1.3, 1.2, 0.7, 0.9, 0.8, 0.8, 0.8, 1.2, 1.7, 1.7, 1.7, 1.7, 5.0, 5.0, 4.1, 1.9, 2.0, 2.0, 1.0, 0.5, 0.3, 0.3, 0.5, 0.8, 1.0, 0.8, 0.8, 1.0, 1.7, 1.7, 1.7, 1.7, 1.6, 5.5, 5.0, 4.8, 2.4, 1.8, 1.0, 0.6, 0.6, 1.0, 1.3, 1.4, 1.5, 1.6, 1.3, 1.0, 1.1, 1.7, 1.7, 1.6, 1.5, 1.5, 5.8, 5.6, 4.8, 2.4, 0.9, 1.0, 1.1, 0.9, 1.1, 1.3, 1.4, 1.7, 1.9, 1.7, 1.4, 1.3, 1.6, 1.6, 1.5, 1.2, 1.2, 5.8, 5.7, 3.8, 1.5, 0.6, 1.3, 1.4, 1.1, 1.0, 0.9, 0.9, 1.3, 1.7, 1.7, 1.4, 1.2, 1.1, 1.2, 1.2, 1.2, 1.3, 5.3, 4.8, 2.5, 0.5, 1.0, 1.5, 1.4, 1.1, 0.9, 0.7, 0.6, 0.9, 1.3, 1.5, 1.3, 0.9, 0.7, 1.0, 1.0, 1.3, 1.6, 5.1, 3.7, 1.3, 0.6, 1.4, 1.6, 1.4, 1.1, 0.9, 0.7, 0.5, 0.7, 1.1, 1.3, 1.3, 0.8, 0.4, 0.6, 0.8, 1.6, 1.6, 4.4, 2.4, 0.3, 1.3, 1.7, 1.5, 1.2, 0.9, 0.8, 0.6, 0.4, 0.5, 0.8, 1.1, 1.2, 0.8, 0.4, 0.8, 1.9, 1.9, 1.9, 3.2, 1.2, 0.9, 1.7, 1.8, 1.4, 1.0, 0.7, 0.5, 0.5, 0.4, 0.2, 0.6, 1.1, 1.4, 1.4, 1.5, 2.2, 2.9, 3.0, 3.0, 2.1, 0.6, 1.4, 1.9, 1.7, 1.3, 0.9, 0.6, 0.3, 0.4, 0.4, 0.3, 0.7, 1.4, 2.0, 2.5, 2.9, 3.6, 4.1, 4.1, 3.9, 1.7, 1.1, 1.8, 2.0, 1.6, 1.1, 0.7, 0.5, 0.3, 0.2, 0.4, 0.7, 1.3, 2.1, 2.9, 3.6, 4.0, 4.3, 4.3, 4.3, 3.6, 2.2, 1.9, 2.2, 2.2, 1.8, 1.3, 0.7, 0.1, 0.2, 0.3, 0.6, 1.2, 2.0, 2.8, 3.7, 4.2, 4.4, 4.1, 3.6, 3.3, 3.3, 3.1, 2.7, 2.7, 2.5, 2.1, 1.7, 1.2, 0.6, 0.5, 0.7, 1.2, 1.9, 2.7, 3.5, 4.1, 4.4, 4.1, 3.3, 2.6, 2.3, 2.3, 4.1, 3.5, 3.0, 2.7, 2.4, 2.1, 1.7, 1.2, 0.9, 1.1, 1.7, 2.6, 3.4, 4.0, 4.2, 4.1, 3.5, 2.6, 1.9, 1.8, 1.8, 5.0, 4.1, 3.2, 2.8, 2.4, 2.2, 1.9, 1.4, 1.1, 1.4, 2.3, 3.2, 3.9, 4.2, 4.2, 3.8, 3.1, 2.2, 1.6, 1.8, 1.8, 5.2, 4.5, 3.4, 2.7, 2.3, 2.0, 1.7, 1.4, 1.2, 1.8, 2.9, 3.8, 4.2, 4.3, 4.0, 3.5, 2.8, 2.1, 1.7, 1.7, 1.8, 5.0, 4.9, 3.7, 2.7, 2.2, 1.8, 1.4, 1.2, 1.3, 2.2, 3.4, 4.2, 4.5, 4.3, 3.8, 3.2, 2.6, 2.1, 1.7, 1.5, 1.5, 5.0, 5.0, 4.0, 2.9, 2.2, 1.6, 1.0, 0.8, 1.5, 2.7, 3.9, 4.6, 4.6, 4.2, 3.5, 2.9, 2.3, 1.9, 1.6, 1.3, 1.2, 5.0, 4.3, 3.8, 3.4, 2.7, 1.8, 0.7, 0.9, 2.1, 3.4, 4.5, 4.9, 4.7, 4.1, 3.3, 2.6, 2.1, 1.7, 1.4, 1.0, 0.9, 4.3, 3.9, 3.5, 3.4, 2.9, 2.1, 1.4, 1.9, 3.2, 4.4, 5.2, 5.3, 4.8, 3.9, 3.1, 2.4, 1.8, 1.4, 1.3, 1.0, 0.9, 3.9, 3.6, 3.4, 3.0, 2.8, 1.5, 1.8, 3.3, 4.7, 5.6, 5.9, 5.5, 4.7, 3.8, 3.0, 2.3, 1.8, 1.4, 1.4, 1.1, 1.0, 3.6, 3.4, 3.0, 2.8, 1.7, 0.9, 2.7, 5.0, 6.4, 6.8, 6.5, 5.7, 4.7, 3.8, 3.0, 2.4, 2.0, 1.7, 1.7, 1.4, 1.3, 3.4, 3.1, 2.8, 1.8, 0.9, 2.5, 3.9, 6.2, 7.9, 7.7, 6.9, 5.8, 4.7, 3.8, 3.1, 2.6, 2.3, 2.1, 2.2, 1.9, 1.7, 3.1, 2.8, 1.8, 0.9, 2.4, 6.5, 8.7, 8.9, 8.9, 8.1, 6.9, 5.5, 4.5, 3.7, 3.2, 2.9, 2.6, 2.5, 2.6, 2.4, 2.2, 2.8, 1.9, 1.0, 4.7, 8.3, 9.0, 9.2, 9.2, 8.8, 7.7, 6.3, 4.9, 4.0, 3.6, 3.3, 3.1, 2.9, 2.8, 3.0, 3.0, 2.9, 4.9, 6.8, 6.8, 7.7, 8.3, 8.3, 8.3, 8.2, 7.7, 6.6, 5.3, 4.2, 3.6, 3.4, 3.4, 3.5, 3.4, 3.5, 3.7, 3.8, 3.7, 6.3, 6.9, 6.9, 6.8, 6.8, 6.7, 6.7, 6.7, 6.2, 5.3, 4.4, 3.7, 3.4, 3.3, 3.5, 3.7, 3.9, 4.1, 4.3, 4.3, 4.3, 5.6, 6.6, 6.6, 6.6, 6.6, 6.6, 6.6, 6.6, 5.6, 4.4, 3.8, 3.4, 3.3, 3.3, 3.5, 3.7, 4.0, 4.2, 4.4, 4.2, 4.0, 4.5, 4.7, 4.7, 4.4, 4.2, 4.1, 4.1, 4.0, 4.0, 3.9, 3.5, 3.2, 3.1, 3.1, 3.2, 3.4, 3.5, 3.6, 3.6, 3.6, 3.6, 4.2, 4.2, 4.2, 4.2, 4.2, 3.9, 3.5, 3.5, 3.6, 3.6, 3.2, 3.0, 2.9, 2.8, 2.8, 2.8, 2.7, 2.6, 2.7, 3.3, 4.0, 4.2, 4.2, 4.2, 4.2, 4.2, 4.2, 4.2, 4.0, 3.6, 3.3, 2.9, 2.7, 2.5, 2.4, 2.3, 2.2, 2.0, 1.9, 2.2, 3.3, 4.3, 4.2, 4.2, 4.2, 4.2, 4.2, 4.2, 4.2, 4.0, 3.5, 3.0, 2.5, 2.3, 2.1, 1.9, 1.8, 1.7, 1.6, 1.5, 2.0, 2.7, 3.3, 4.1, 4.1, 4.1, 4.1, 4.1, 4.1, 4.0, 3.8, 3.2, 2.6, 2.2, 1.9, 1.7, 1.6, 1.5, 1.4, 1.3, 1.3, 2.0, 2.9, 2.9, 3.6, 3.6, 3.6, 3.6, 3.5, 3.5, 3.5, 3.3, 2.9, 2.5, 2.1, 1.7, 1.5, 1.4, 1.4, 1.2, 1.1, 1.3, 2.2, 3.3, 3.3, 3.1, 3.1, 3.1, 3.1, 3.0, 3.0, 3.0, 2.9, 2.6, 2.3, 2.1, 1.7, 1.5, 1.4, 1.3, 1.2, 1.2, 1.6, 2.6, 3.7, 3.8, 3.0, 3.0, 3.0, 3.0, 3.0, 3.0, 3.0, 2.8, 2.2, 2.0, 2.0, 1.7, 1.5, 1.4, 1.4, 1.3, 1.5, 2.1, 2.8, 3.1, 3.6, 3.0, 3.0, 3.0, 3.0, 3.0, 2.8, 2.1, 2.0, 1.9, 1.7, 1.8, 1.7, 1.6, 1.5, 1.5, 1.6, 2.0, 2.6, 2.8, 3.0, 3.0, 3.0, 3.0, 3.0, 2.8, 2.2, 2.1, 2.1, 2.1, 2.0, 1.6, 1.7, 1.8, 1.8, 1.7, 1.8, 2.0, 2.7, 3.5, 3.5, 3.4, 3.0, 2.8, 2.3, 2.2, 2.2, 2.1, 2.1, 2.1, 2.1, 2.0, 1.8, 1.9, 2.0, 2.1, 2.1, 2.3, 2.7, 3.4, 3.4, 3.5, 3.5, 3.5, 2.3, 2.1, 2.1, 2.1, 2.1, 2.1, 2.1, 2.0, 1.8, 1.8, 1.9, 2.1, 2.6, 2.7, 2.9, 3.0, 3.4, 3.4, 3.4, 3.5, 3.5]}, "Gamla banan|8": {"ny": 20, "nx": 31, "lat0": 55.4548734, "lon0": 13.2308239, "dLat": 8.983e-06, "dLon": 1.5842e-05, "slope": [3.8, 3.6, 3.6, 3.7, 3.7, 2.5, 1.9, 2.1, 2.6, 2.9, 2.8, 2.7, 3.5, 5.0, 12.5, 13.1, 11.8, 9.6, 9.2, 5.1, 1.8, 0.2, 1.0, 1.0, 1.1, 1.9, 2.6, 5.5, 5.5, 5.6, 5.9, 4.2, 3.8, 3.6, 3.5, 3.0, 2.0, 1.7, 1.9, 2.3, 2.6, 2.9, 3.7, 5.8, 8.4, 12.4, 13.2, 11.9, 9.1, 6.1, 2.9, 0.8, 0.5, 0.9, 0.6, 0.5, 1.7, 3.5, 5.5, 5.5, 6.2, 8.3, 4.8, 4.2, 3.7, 2.9, 1.8, 1.3, 1.3, 1.5, 1.7, 2.1, 3.3, 5.3, 8.2, 10.9, 12.3, 11.8, 9.7, 6.7, 3.7, 1.6, 0.5, 0.5, 0.7, 0.5, 0.5, 1.6, 3.2, 5.2, 5.9, 8.3, 8.3, 4.9, 4.8, 3.2, 1.7, 1.1, 1.0, 1.2, 1.2, 1.3, 1.9, 3.7, 6.6, 9.7, 11.7, 11.9, 10.4, 7.8, 5.0, 2.7, 1.2, 0.6, 0.4, 0.4, 0.4, 0.8, 1.8, 3.2, 5.5, 8.3, 8.3, 8.3, 4.9, 4.2, 2.1, 0.9, 0.6, 0.8, 0.9, 0.9, 1.0, 1.8, 3.9, 7.2, 10.5, 12.2, 11.7, 9.6, 6.8, 4.2, 2.3, 1.2, 0.7, 0.3, 0.1, 0.5, 1.1, 2.1, 3.4, 5.4, 8.1, 8.2, 8.8, 5.1, 3.1, 1.3, 0.4, 0.3, 0.4, 0.6, 0.8, 1.0, 1.8, 3.9, 7.3, 10.7, 12.4, 11.6, 9.3, 6.4, 3.9, 2.2, 1.3, 0.8, 0.5, 0.5, 0.9, 1.5, 2.3, 3.6, 5.5, 8.1, 8.6, 11.4, 4.8, 2.3, 0.9, 0.5, 0.4, 0.4, 0.7, 1.0, 1.2, 1.9, 3.8, 7.1, 10.5, 12.3, 11.6, 9.2, 6.3, 3.9, 2.2, 1.4, 0.9, 0.8, 0.9, 1.3, 1.8, 2.5, 3.7, 5.6, 8.4, 11.4, 11.4, 4.2, 2.0, 1.0, 0.9, 0.9, 0.8, 0.9, 1.2, 1.4, 2.1, 3.7, 6.7, 10.1, 12.0, 11.5, 9.2, 6.3, 3.9, 2.4, 1.6, 1.3, 1.2, 1.3, 1.6, 2.0, 2.6, 3.7, 5.7, 8.5, 11.4, 11.4, 4.0, 2.2, 1.2, 1.1, 1.2, 1.1, 1.1, 1.4, 1.7, 2.3, 3.8, 6.3, 9.5, 11.6, 11.3, 9.1, 6.4, 4.1, 2.6, 1.9, 1.5, 1.4, 1.5, 1.8, 2.2, 2.6, 3.7, 5.7, 8.5, 11.3, 11.3, 3.7, 2.7, 1.5, 1.3, 1.4, 1.4, 1.3, 1.5, 1.9, 2.5, 3.6, 5.9, 8.9, 11.1, 11.1, 9.2, 6.6, 4.2, 2.8, 2.0, 1.6, 1.5, 1.6, 1.9, 2.2, 2.6, 3.7, 5.8, 8.6, 11.1, 11.2, 3.3, 3.3, 2.0, 1.3, 1.5, 1.6, 1.5, 1.7, 2.0, 2.4, 3.4, 5.3, 8.2, 10.6, 11.0, 9.4, 6.8, 4.5, 2.9, 2.1, 1.8, 1.6, 1.8, 2.1, 2.3, 2.7, 3.9, 6.1, 8.8, 11.0, 11.3, 3.8, 3.8, 2.6, 1.5, 1.4, 1.6, 1.7, 1.8, 2.0, 2.3, 3.0, 4.8, 7.5, 10.0, 10.8, 9.6, 7.2, 4.8, 3.1, 2.2, 1.9, 1.8, 2.0, 2.3, 2.6, 3.1, 4.5, 6.8, 9.4, 9.7, 11.1, 3.7, 3.6, 3.1, 1.8, 1.2, 1.4, 1.6, 1.8, 2.0, 2.2, 2.8, 4.3, 6.8, 9.3, 10.3, 9.6, 7.5, 5.1, 3.3, 2.3, 2.0, 1.9, 2.1, 2.5, 3.0, 3.7, 5.4, 7.8, 10.4, 10.7, 10.7, 3.4, 3.3, 3.3, 2.2, 1.3, 1.1, 1.4, 1.7, 1.9, 2.2, 2.9, 4.4, 6.5, 8.6, 9.6, 9.2, 7.5, 5.3, 3.4, 2.4, 2.0, 1.9, 2.2, 2.7, 3.5, 4.6, 6.6, 9.1, 11.3, 11.7, 11.7, 3.3, 3.3, 2.9, 2.3, 1.4, 1.2, 1.2, 1.3, 1.6, 2.2, 3.2, 4.8, 6.7, 8.4, 9.1, 8.6, 7.2, 5.2, 3.4, 2.4, 1.9, 1.9, 2.3, 3.0, 4.2, 5.8, 8.1, 10.5, 10.9, 11.5, 11.7, 3.3, 3.0, 2.3, 2.2, 1.5, 1.2, 1.2, 1.0, 1.3, 2.2, 3.7, 5.6, 7.3, 8.5, 8.8, 8.1, 6.7, 4.8, 3.2, 2.2, 1.9, 2.0, 2.5, 3.6, 5.3, 7.4, 9.8, 10.3, 10.8, 10.9, 11.5, 3.0, 2.3, 2.2, 1.9, 1.4, 1.2, 1.1, 0.9, 1.2, 2.2, 4.6, 6.7, 8.2, 8.7, 8.4, 7.5, 6.0, 4.3, 2.8, 2.0, 1.8, 2.1, 3.1, 4.7, 6.8, 9.2, 9.7, 10.1, 10.3, 10.7, 10.9, 2.4, 2.2, 2.2, 1.5, 1.2, 1.1, 0.9, 0.9, 1.2, 3.7, 5.6, 7.2, 8.4, 8.8, 7.9, 6.6, 5.1, 3.7, 2.5, 1.8, 1.9, 2.6, 4.1, 6.1, 8.4, 9.0, 9.5, 9.7, 10.1, 10.3, 10.7, 2.2, 2.2, 1.9, 1.4, 1.2, 1.0, 0.9, 0.9, 3.0, 5.4, 5.9, 7.2, 8.4, 8.7, 7.8, 6.3, 4.8, 3.5, 2.4, 1.9, 2.1, 3.2, 5.0, 7.1, 7.7, 8.6, 9.0, 9.5, 9.7, 10.1, 10.2, 2.2, 2.2, 1.6, 1.2, 1.1, 0.9, 0.9, 0.9, 4.3, 5.9, 5.9, 7.6, 8.6, 8.8, 7.0, 5.9, 4.8, 3.5, 2.4, 1.9, 2.1, 3.2, 5.0, 7.1, 7.7, 7.7, 8.6, 9.0, 9.4, 9.7, 10.0]}, "Gamla banan|9": {"ny": 31, "nx": 22, "lat0": 55.4566298, "lon0": 13.2343575, "dLat": 8.983e-06, "dLon": 1.5842e-05, "slope": [2.9, 2.9, 2.9, 2.9, 2.6, 1.8, 1.2, 0.9, 0.8, 1.3, 1.6, 2.1, 4.1, 6.7, 8.4, 9.3, 9.5, 6.0, 3.4, 3.5, 4.0, 4.5, 2.9, 2.9, 2.9, 2.9, 2.9, 2.6, 1.8, 1.2, 0.9, 0.8, 1.2, 1.9, 3.2, 5.0, 6.4, 7.0, 6.6, 4.7, 3.5, 4.0, 4.5, 5.4, 3.3, 3.1, 2.9, 2.9, 2.9, 2.9, 2.7, 1.9, 1.2, 1.0, 0.9, 1.4, 2.5, 3.9, 5.2, 6.0, 6.2, 5.6, 4.8, 4.5, 5.4, 6.1, 3.6, 3.5, 3.4, 3.1, 2.9, 2.9, 2.9, 2.7, 1.9, 0.9, 0.7, 1.1, 1.8, 2.9, 4.2, 5.3, 6.1, 6.5, 6.6, 6.2, 5.9, 5.6, 3.5, 3.6, 3.6, 3.5, 3.4, 3.2, 2.9, 2.9, 2.2, 1.2, 0.8, 0.7, 1.2, 2.2, 3.4, 4.5, 5.5, 6.1, 6.1, 5.2, 4.2, 2.7, 3.2, 3.3, 3.4, 3.6, 3.6, 3.5, 3.4, 3.0, 2.0, 1.2, 0.8, 0.8, 1.2, 2.0, 2.9, 3.8, 4.5, 4.8, 4.6, 3.6, 2.3, 1.6, 3.1, 3.1, 3.2, 3.3, 3.4, 3.6, 3.6, 2.8, 1.4, 0.9, 0.8, 1.0, 1.4, 1.9, 2.6, 3.2, 3.6, 3.7, 3.4, 3.4, 3.8, 4.2, 3.1, 3.1, 3.1, 3.1, 3.2, 3.2, 2.9, 1.8, 0.8, 0.7, 0.9, 1.2, 1.5, 1.8, 2.3, 2.7, 3.0, 3.1, 3.4, 4.1, 5.0, 5.4, 3.1, 3.1, 3.1, 3.1, 3.1, 3.1, 2.4, 0.8, 0.5, 0.8, 1.2, 1.4, 1.6, 1.8, 2.0, 2.3, 2.6, 3.1, 3.9, 4.8, 5.7, 6.1, 2.9, 2.6, 2.0, 1.9, 1.9, 1.9, 1.3, 0.4, 0.8, 1.2, 1.5, 1.7, 1.8, 1.8, 1.9, 2.0, 2.4, 3.2, 4.3, 5.4, 6.5, 7.3, 2.7, 2.6, 2.2, 1.9, 0.9, 0.9, 0.8, 0.9, 1.2, 1.5, 1.6, 1.7, 1.8, 1.8, 1.9, 2.0, 2.5, 3.4, 4.5, 5.9, 7.4, 8.5, 2.7, 2.7, 2.7, 2.5, 2.1, 1.7, 0.8, 1.4, 1.5, 1.6, 1.6, 1.5, 1.6, 1.6, 1.7, 1.9, 2.4, 3.2, 4.3, 5.7, 7.3, 8.5, 2.0, 2.7, 2.7, 2.7, 2.7, 2.2, 1.1, 1.7, 1.7, 1.5, 1.4, 1.3, 1.2, 1.2, 1.3, 1.5, 1.9, 2.4, 3.2, 4.1, 5.4, 6.5, 1.2, 1.6, 1.3, 1.4, 1.3, 1.3, 1.5, 1.8, 1.7, 1.4, 1.2, 1.0, 0.9, 0.9, 0.9, 1.0, 1.1, 1.2, 1.4, 1.7, 2.3, 3.1, 1.1, 1.1, 0.9, 0.6, 0.7, 1.0, 1.8, 1.8, 1.5, 1.3, 1.1, 1.0, 0.8, 0.6, 0.7, 0.8, 0.8, 0.7, 0.8, 1.1, 1.5, 1.8, 1.1, 1.1, 1.1, 0.9, 0.8, 1.6, 1.9, 1.6, 1.4, 1.2, 1.2, 1.2, 1.0, 0.8, 0.7, 0.7, 0.6, 0.5, 1.0, 1.6, 1.6, 1.5, 2.0, 1.1, 1.1, 1.1, 1.5, 2.0, 1.8, 1.5, 1.3, 1.3, 1.5, 1.6, 1.7, 1.7, 1.6, 1.7, 1.7, 1.6, 1.6, 1.6, 1.6, 1.6, 3.3, 2.2, 2.2, 1.7, 2.0, 1.9, 1.6, 1.4, 1.4, 1.7, 1.9, 2.2, 2.5, 2.8, 3.3, 4.0, 3.7, 1.6, 1.6, 1.6, 1.6, 1.6, 3.8, 3.4, 2.8, 2.4, 2.1, 1.8, 1.6, 1.6, 1.8, 2.1, 2.5, 2.7, 3.1, 3.9, 5.1, 5.1, 3.8, 1.7, 1.6, 1.6, 1.6, 1.6, 3.9, 3.8, 3.2, 2.7, 2.1, 1.7, 1.6, 1.8, 2.2, 2.7, 2.9, 2.9, 3.4, 4.9, 5.0, 5.2, 5.1, 3.8, 1.6, 1.6, 1.6, 1.6, 4.4, 4.2, 3.7, 2.9, 2.1, 1.7, 1.8, 2.2, 2.7, 3.1, 3.1, 3.1, 3.9, 4.1, 4.9, 4.9, 5.2, 5.0, 1.8, 1.6, 1.6, 1.6, 4.8, 4.5, 4.1, 3.2, 2.3, 1.9, 2.0, 2.5, 3.2, 3.5, 3.3, 3.5, 3.6, 4.0, 4.1, 4.9, 4.9, 5.2, 5.1, 1.6, 1.6, 1.6, 4.7, 4.7, 4.3, 3.4, 2.6, 2.1, 2.4, 3.0, 3.7, 3.8, 3.5, 4.3, 4.3, 4.3, 4.0, 4.0, 4.9, 4.9, 5.2, 1.9, 1.6, 1.6, 4.5, 4.7, 4.4, 3.7, 2.9, 2.6, 3.0, 3.7, 4.2, 4.0, 3.7, 5.1, 5.2, 5.2, 5.2, 5.2, 5.3, 5.0, 5.0, 5.2, 2.0, 1.6, 4.4, 4.8, 4.6, 3.9, 3.3, 3.2, 3.7, 4.4, 4.6, 4.1, 3.7, 5.8, 5.9, 5.9, 5.9, 5.9, 5.9, 6.0, 6.0, 5.1, 5.4, 1.7, 4.3, 5.0, 4.9, 4.3, 3.8, 3.9, 4.4, 4.9, 4.7, 4.0, 3.7, 6.4, 6.6, 6.6, 6.6, 6.6, 6.7, 6.7, 6.7, 6.7, 6.7, 2.5, 4.3, 5.2, 5.2, 4.7, 4.3, 4.5, 5.0, 5.2, 4.7, 3.8, 4.0, 4.4, 6.4, 6.7, 6.7, 6.7, 6.7, 6.7, 6.7, 6.7, 6.7, 6.7, 4.4, 5.3, 5.4, 5.0, 4.8, 5.1, 5.3, 5.1, 4.4, 3.9, 5.1, 5.3, 5.6, 6.5, 6.7, 6.7, 6.7, 6.7, 6.7, 6.7, 6.7, 6.7, 4.9, 5.4, 5.4, 5.2, 5.1, 5.4, 5.5, 5.1, 4.4, 4.5, 4.8, 5.4, 5.5, 5.6, 5.6, 6.5, 6.7, 6.7, 6.7, 6.7, 6.7, 6.7, 5.4, 5.4, 5.4, 5.2, 5.4, 5.7, 5.8, 5.3, 5.0, 5.0, 4.7, 4.8, 5.4, 5.5, 5.5, 5.5, 5.5, 6.4, 6.6, 6.7, 6.7, 6.7, 5.4, 5.4, 5.4, 5.4, 5.5, 5.8, 5.8, 5.4, 5.1, 5.1, 5.0, 4.8, 4.8, 5.4, 5.5, 5.5, 5.5, 5.5, 5.5, 6.4, 6.5, 6.6]}, "Gamla banan|10": {"ny": 28, "nx": 19, "lat0": 55.4561294, "lon0": 13.2358652, "dLat": 8.983e-06, "dLon": 1.5842e-05, "slope": [11.9, 11.9, 11.9, 11.9, 11.6, 10.2, 9.0, 6.7, 4.5, 4.3, 3.0, 2.3, 2.1, 2.7, 3.2, 4.6, 6.0, 6.0, 6.1, 11.9, 11.9, 11.9, 11.9, 11.9, 11.6, 10.3, 6.7, 3.3, 2.3, 1.9, 1.6, 1.8, 2.6, 3.2, 4.6, 6.0, 6.1, 6.6, 11.9, 11.9, 11.9, 11.9, 11.9, 11.9, 9.5, 4.3, 1.3, 0.9, 1.0, 1.3, 1.7, 2.2, 3.1, 4.8, 6.0, 6.6, 7.1, 10.6, 10.5, 10.5, 10.4, 10.4, 10.3, 7.9, 3.0, 0.8, 0.4, 0.7, 1.4, 1.9, 2.1, 2.6, 3.7, 5.7, 7.0, 7.5, 9.4, 9.4, 9.4, 9.4, 9.3, 9.3, 7.2, 2.6, 0.7, 0.6, 1.3, 1.9, 2.1, 2.2, 2.3, 3.0, 4.7, 6.6, 7.7, 9.1, 9.1, 9.1, 9.1, 9.1, 9.1, 7.2, 2.8, 1.2, 1.5, 2.2, 2.5, 2.5, 2.5, 2.6, 3.0, 4.0, 5.7, 6.9, 9.1, 9.1, 9.1, 9.1, 9.1, 9.1, 7.4, 3.3, 2.0, 2.4, 3.0, 3.2, 3.2, 3.2, 3.4, 3.6, 4.0, 4.9, 5.8, 9.1, 9.1, 9.1, 9.1, 9.1, 9.1, 7.6, 3.8, 2.9, 3.3, 3.8, 3.9, 4.0, 4.2, 4.4, 4.5, 4.4, 4.5, 4.9, 13.2, 12.2, 8.9, 8.9, 8.9, 8.9, 7.7, 4.2, 3.7, 4.1, 4.4, 4.5, 4.6, 4.8, 5.0, 4.9, 4.6, 4.3, 4.3, 14.9, 14.5, 13.4, 12.3, 8.4, 8.4, 7.4, 4.2, 4.0, 4.5, 4.7, 4.8, 4.9, 5.0, 5.1, 4.9, 4.5, 4.2, 4.2, 17.8, 14.9, 14.9, 14.6, 13.6, 12.3, 6.5, 3.9, 4.0, 4.5, 4.8, 4.9, 4.9, 4.9, 4.7, 4.4, 4.3, 4.3, 4.2, 19.9, 18.8, 18.1, 14.9, 14.9, 13.1, 5.3, 3.3, 3.7, 4.4, 4.8, 5.0, 4.9, 4.5, 4.0, 3.7, 3.9, 4.1, 4.1, 20.2, 20.2, 20.0, 19.0, 18.0, 10.9, 4.1, 3.0, 3.7, 4.4, 5.1, 5.4, 4.9, 3.9, 3.1, 2.9, 3.3, 3.7, 3.5, 19.9, 19.1, 20.2, 20.2, 18.6, 8.1, 3.1, 2.7, 3.7, 4.6, 5.4, 5.7, 4.9, 3.5, 2.5, 2.4, 3.0, 3.4, 2.8, 20.0, 19.5, 18.9, 18.4, 14.2, 5.2, 2.1, 2.5, 3.7, 4.8, 5.6, 5.8, 4.9, 3.4, 2.3, 2.4, 3.2, 3.2, 3.2, 19.7, 20.0, 19.5, 17.6, 8.7, 2.9, 1.5, 2.4, 3.7, 4.8, 5.7, 5.9, 4.9, 3.4, 2.5, 2.7, 3.4, 2.7, 2.7, 19.5, 19.7, 19.6, 11.7, 4.6, 1.7, 1.5, 2.5, 3.7, 4.8, 5.7, 5.8, 5.0, 3.6, 2.7, 2.9, 3.4, 2.2, 2.0, 18.2, 19.3, 13.0, 5.9, 2.4, 1.4, 1.6, 2.6, 3.8, 4.8, 5.6, 5.8, 4.9, 3.6, 2.8, 3.1, 3.5, 3.4, 2.2, 17.5, 13.0, 6.6, 2.9, 1.6, 1.4, 1.8, 2.8, 4.0, 5.0, 5.7, 5.6, 4.7, 3.5, 2.8, 3.0, 3.3, 3.3, 3.3, 12.2, 6.8, 3.2, 1.8, 1.5, 1.5, 1.9, 3.0, 4.3, 5.3, 5.7, 5.4, 4.3, 3.1, 2.5, 2.8, 3.1, 3.1, 3.1, 6.6, 3.4, 1.9, 1.5, 1.5, 1.6, 2.1, 3.3, 4.7, 5.6, 5.6, 5.0, 3.7, 2.6, 2.2, 2.5, 2.8, 2.8, 2.8, 3.4, 1.6, 1.3, 1.5, 1.7, 1.9, 2.5, 3.9, 5.4, 5.9, 5.5, 4.5, 3.1, 2.0, 1.7, 2.1, 2.4, 2.4, 2.4, 2.5, 0.6, 1.0, 1.5, 1.9, 2.3, 3.2, 4.8, 6.1, 6.2, 5.3, 3.9, 2.5, 1.5, 1.1, 1.4, 1.8, 1.9, 1.9, 1.3, 0.6, 0.9, 1.4, 1.9, 2.6, 4.0, 5.9, 7.0, 6.5, 5.0, 3.2, 1.8, 1.0, 0.9, 1.0, 1.1, 1.8, 1.9, 0.7, 0.7, 1.1, 1.3, 1.8, 2.8, 4.8, 6.9, 7.7, 6.6, 4.3, 2.2, 1.2, 1.4, 1.6, 1.7, 1.5, 1.5, 1.8, 0.7, 1.0, 1.2, 1.3, 1.8, 3.2, 5.5, 7.7, 8.2, 6.4, 3.4, 1.5, 2.1, 3.0, 3.3, 3.3, 1.9, 1.5, 1.5, 1.0, 1.2, 1.2, 1.7, 1.9, 3.2, 5.6, 8.2, 8.3, 5.8, 2.5, 1.8, 2.2, 3.0, 3.3, 3.3, 3.3, 2.0, 1.6, 1.2, 1.2, 1.7, 1.9, 2.0, 3.2, 7.3, 8.6, 8.3, 5.8, 2.5, 1.8, 2.2, 3.0, 3.3, 3.3, 3.3, 3.3, 2.1]}, "Gamla banan|11": {"ny": 39, "nx": 25, "lat0": 55.4594098, "lon0": 13.2353189, "dLat": 8.983e-06, "dLon": 1.5843e-05, "slope": [3.4, 3.0, 3.1, 3.1, 2.8, 1.9, 2.5, 1.9, 1.7, 1.2, 1.2, 1.3, 1.6, 2.2, 3.4, 3.4, 3.4, 3.4, 3.4, 3.4, 3.4, 3.4, 3.4, 3.4, 3.4, 3.5, 3.4, 3.0, 3.1, 2.9, 1.5, 0.9, 1.0, 1.2, 1.2, 1.3, 1.6, 2.1, 3.4, 3.4, 3.4, 3.4, 3.4, 3.4, 3.4, 3.4, 3.4, 3.4, 3.4, 3.4, 4.1, 3.5, 3.4, 2.8, 1.5, 0.7, 0.9, 1.3, 1.6, 1.6, 1.6, 2.0, 3.4, 3.4, 3.4, 3.4, 3.4, 3.4, 3.4, 3.4, 3.4, 3.4, 3.4, 3.4, 3.4, 4.3, 4.1, 3.4, 2.0, 1.3, 1.2, 1.4, 1.6, 1.9, 2.0, 2.2, 3.4, 3.4, 3.4, 3.4, 3.4, 3.4, 3.4, 3.4, 3.4, 3.4, 3.4, 3.4, 3.4, 3.4, 4.3, 4.1, 2.5, 1.7, 1.6, 1.5, 1.4, 1.5, 1.9, 2.1, 2.3, 3.5, 3.5, 3.5, 3.5, 3.5, 3.5, 3.5, 3.4, 3.4, 3.4, 3.4, 3.4, 3.4, 3.4, 3.2, 3.1, 1.7, 1.5, 1.7, 1.5, 1.3, 1.3, 1.7, 1.9, 2.1, 3.2, 3.2, 3.2, 3.2, 3.2, 3.2, 3.2, 3.2, 3.1, 3.1, 3.1, 3.1, 3.1, 3.1, 3.2, 2.2, 1.2, 1.3, 1.4, 1.4, 1.2, 1.2, 1.4, 1.6, 1.6, 2.7, 2.7, 2.7, 2.7, 2.7, 2.6, 2.6, 2.6, 2.6, 2.6, 2.6, 2.6, 2.5, 2.5, 3.2, 1.5, 1.0, 1.1, 1.2, 1.2, 1.2, 1.2, 1.3, 1.4, 1.2, 2.1, 2.1, 2.1, 2.1, 2.1, 2.1, 2.1, 2.1, 2.0, 2.0, 2.0, 2.0, 2.0, 2.0, 2.9, 1.2, 0.8, 0.8, 0.9, 0.9, 0.9, 1.1, 1.3, 1.2, 1.1, 1.7, 1.7, 1.7, 1.7, 1.7, 1.7, 1.7, 1.7, 1.7, 1.7, 1.6, 1.6, 1.6, 1.6, 3.2, 1.3, 0.6, 0.5, 0.7, 0.7, 0.8, 1.0, 1.0, 1.0, 1.0, 1.4, 1.4, 1.4, 1.4, 1.4, 1.4, 1.4, 1.3, 1.3, 1.3, 1.3, 1.3, 1.3, 1.3, 4.0, 1.7, 0.6, 0.4, 0.6, 0.7, 0.9, 0.9, 0.7, 0.5, 0.6, 0.9, 0.9, 0.8, 0.8, 0.8, 0.8, 0.8, 0.7, 0.7, 1.1, 1.1, 1.1, 1.1, 1.1, 4.9, 2.3, 0.8, 0.5, 0.7, 0.8, 1.0, 0.9, 0.5, 0.2, 0.1, 0.2, 0.2, 0.2, 0.2, 0.2, 0.2, 0.5, 0.5, 0.5, 1.3, 1.3, 1.3, 3.1, 3.4, 5.1, 2.9, 1.2, 0.7, 0.7, 0.9, 0.9, 0.8, 0.5, 0.4, 0.5, 0.4, 0.4, 0.4, 0.5, 0.6, 0.6, 1.3, 1.3, 1.3, 1.3, 1.3, 3.0, 5.8, 6.1, 3.3, 3.0, 1.4, 0.9, 0.8, 0.7, 0.7, 0.7, 0.6, 0.5, 0.3, 0.6, 0.6, 0.7, 1.2, 1.3, 1.3, 1.3, 1.3, 1.3, 3.2, 3.1, 5.7, 6.1, 4.9, 3.0, 3.0, 1.3, 0.8, 0.6, 0.4, 0.4, 0.6, 0.7, 0.7, 0.3, 0.6, 0.7, 1.2, 1.3, 1.3, 1.3, 1.3, 2.8, 3.2, 6.6, 6.2, 6.1, 5.0, 3.3, 3.0, 3.0, 1.3, 0.5, 0.4, 0.3, 0.2, 0.5, 0.7, 0.7, 0.5, 0.6, 1.3, 1.5, 1.5, 2.3, 2.6, 2.9, 6.9, 7.2, 6.2, 6.1, 5.1, 3.3, 3.1, 2.4, 2.2, 2.0, 0.7, 0.4, 0.4, 0.5, 0.7, 0.8, 0.9, 1.0, 1.3, 2.2, 2.4, 2.9, 6.1, 7.0, 7.5, 7.3, 6.3, 6.1, 5.2, 3.4, 3.1, 3.2, 2.1, 2.1, 2.1, 1.5, 0.6, 0.5, 0.8, 1.0, 1.2, 1.5, 2.0, 2.7, 3.8, 4.3, 6.3, 7.0, 7.5, 7.3, 6.3, 6.1, 5.3, 3.5, 3.1, 3.2, 3.3, 2.1, 2.7, 3.0, 3.0, 1.4, 0.7, 0.9, 1.3, 1.8, 2.4, 3.4, 4.5, 5.6, 6.7, 7.0, 7.5, 7.4, 6.3, 6.1, 5.4, 3.5, 3.1, 3.2, 3.3, 3.5, 2.9, 3.1, 3.1, 3.1, 2.4, 1.3, 1.3, 2.0, 2.8, 3.8, 4.9, 6.1, 6.9, 7.4, 7.5, 7.4, 6.4, 6.1, 5.5, 3.6, 3.1, 3.1, 3.3, 3.5, 3.8, 3.1, 3.1, 3.1, 2.6, 2.2, 2.2, 2.5, 3.4, 4.5, 5.5, 6.4, 7.0, 7.2, 7.0, 6.6, 5.9, 5.7, 5.4, 3.7, 3.1, 3.1, 3.3, 3.5, 3.8, 4.0, 3.1, 3.1, 2.6, 2.2, 2.2, 2.2, 3.7, 5.3, 6.3, 7.0, 7.3, 7.2, 6.7, 5.9, 5.2, 4.4, 4.1, 3.4, 3.1, 3.1, 3.3, 3.5, 3.8, 4.0, 4.2, 3.1, 2.6, 2.2, 2.2, 2.2, 3.6, 4.5, 6.3, 7.6, 7.7, 7.4, 6.6, 5.6, 4.6, 3.8, 3.1, 2.5, 2.6, 3.0, 3.3, 3.5, 3.8, 4.0, 4.2, 4.4, 2.7, 2.2, 2.2, 2.2, 3.5, 6.5, 7.9, 8.0, 7.9, 7.4, 6.6, 5.5, 4.3, 3.3, 2.6, 2.2, 1.8, 1.8, 2.6, 3.3, 3.8, 4.0, 4.2, 4.4, 4.6, 2.3, 2.2, 2.2, 5.2, 7.7, 7.9, 8.0, 8.0, 7.3, 6.1, 5.0, 4.0, 3.0, 2.2, 1.8, 1.6, 1.5, 1.5, 1.9, 2.9, 3.8, 4.2, 4.4, 4.6, 4.9, 2.2, 4.9, 7.3, 7.7, 8.0, 8.0, 6.7, 5.6, 5.6, 4.7, 3.4, 2.4, 1.8, 1.4, 1.2, 1.2, 1.2, 1.3, 1.6, 2.0, 3.1, 4.1, 4.6, 4.9, 5.3, 4.7, 7.6, 8.0, 8.0, 6.5, 5.1, 5.0, 4.9, 4.9, 3.8, 2.1, 1.3, 0.9, 0.8, 0.8, 0.9, 1.1, 1.2, 1.4, 1.5, 2.0, 3.3, 4.5, 5.3, 5.5, 6.2, 5.4, 5.3, 5.2, 5.0, 4.9, 4.9, 4.9, 4.9, 3.6, 1.6, 0.7, 0.5, 0.5, 0.6, 0.7, 0.9, 1.0, 1.1, 1.1, 1.4, 2.1, 3.7, 4.7, 4.9, 5.2, 4.9, 4.9, 4.9, 4.9, 4.9, 4.9, 4.9, 4.9, 3.6, 1.6, 0.7, 0.5, 0.5, 0.5, 0.6, 0.7, 0.8, 0.9, 0.9, 1.1, 1.5, 2.4, 3.5, 4.5, 4.9, 4.9, 4.9, 4.9, 4.9, 4.9, 4.9, 3.8, 2.6, 2.6, 1.8, 0.8, 0.6, 0.6, 0.4, 0.4, 0.5, 0.7, 0.8, 0.8, 0.9, 1.1, 1.5, 2.6, 4.0, 4.9, 4.9, 4.9, 4.9, 4.9, 4.1, 3.0, 2.9, 2.9, 2.9, 2.1, 0.7, 0.5, 0.5, 0.3, 0.2, 0.5, 0.6, 0.8, 0.8, 0.8, 0.8, 0.9, 1.0, 2.0, 4.9, 4.3, 3.4, 3.3, 3.3, 3.2, 3.1, 3.1, 3.1, 3.2, 2.2, 0.6, 0.2, 0.5, 0.5, 0.4, 0.5, 0.6, 0.7, 0.7, 0.6, 0.5, 0.7, 1.0, 1.0, 3.6, 3.5, 3.3, 3.3, 3.3, 3.3, 3.3, 3.3, 3.3, 3.3, 2.4, 0.7, 0.5, 0.7, 0.6, 0.4, 0.4, 0.5, 0.6, 0.7, 0.6, 0.7, 1.2, 1.7, 1.8, 3.4, 3.4, 3.4, 3.4, 3.4, 3.4, 3.4, 3.4, 3.4, 3.4, 2.5, 0.7, 0.5, 0.7, 0.5, 0.3, 0.3, 0.4, 0.7, 1.0, 1.0, 1.2, 2.0, 2.8, 2.8, 3.4, 3.4, 3.4, 3.4, 3.4, 3.4, 3.4, 3.4, 3.4, 3.3, 2.5, 0.7, 0.4, 0.6, 0.4, 0.2, 0.3, 0.6, 1.1, 1.4, 1.6, 2.1, 3.0, 3.6, 3.6, 3.4, 3.4, 3.4, 3.4, 3.4, 3.4, 3.4, 3.4, 2.7, 1.1, 1.1, 0.9, 0.5, 0.6, 0.4, 0.2, 0.6, 1.0, 1.6, 2.1, 2.6, 3.2, 3.7, 3.6, 3.6, 3.4, 3.4, 3.4, 3.4, 3.4, 3.4, 2.8, 1.1, 1.1, 1.1, 1.1, 0.9, 0.7, 0.9, 0.6, 0.6, 1.1, 1.6, 2.4, 3.2, 4.1, 4.8, 4.7, 4.3, 3.6, 3.4, 3.4, 3.4, 3.4, 2.9, 1.3, 1.2, 1.1, 1.1, 1.0, 0.6, 0.6, 0.8, 1.2, 1.2, 1.4, 2.0, 2.7, 3.8, 4.9, 5.6, 6.2, 6.2, 5.7, 4.7, 3.4, 3.4, 3.0, 1.4, 1.3, 1.1, 1.1, 1.0, 0.6, 0.6, 0.6, 0.6, 0.8, 1.4, 2.0, 2.5, 3.1, 4.0, 5.2, 6.1, 6.1, 6.2, 6.2, 6.2, 6.2]}, "Gamla banan|12": {"ny": 35, "nx": 25, "lat0": 55.4608403, "lon0": 13.2279301, "dLat": 8.983e-06, "dLon": 1.5844e-05, "slope": [8.7, 8.5, 6.4, 7.0, 6.5, 6.5, 6.6, 6.8, 7.3, 7.9, 7.8, 7.1, 7.0, 6.2, 6.2, 6.2, 5.8, 4.7, 4.4, 3.8, 3.8, 3.8, 3.8, 3.8, 3.8, 8.7, 8.6, 6.2, 5.2, 4.6, 4.5, 4.5, 4.6, 4.8, 5.3, 6.1, 7.0, 6.9, 6.2, 6.2, 5.9, 4.7, 4.5, 3.8, 3.8, 3.8, 3.8, 3.8, 3.8, 3.8, 7.2, 6.8, 4.8, 3.6, 3.0, 2.8, 2.8, 2.9, 3.1, 3.4, 3.9, 4.5, 5.3, 6.0, 5.9, 4.8, 4.5, 3.8, 3.8, 3.8, 3.8, 3.8, 3.8, 3.7, 3.1, 6.8, 5.1, 3.6, 2.7, 2.1, 1.8, 1.8, 2.0, 2.1, 2.3, 2.6, 3.1, 3.6, 4.2, 4.6, 4.6, 3.8, 3.8, 3.8, 3.8, 3.8, 3.2, 3.2, 3.1, 2.0, 5.7, 4.1, 3.0, 2.2, 1.8, 1.6, 1.5, 1.6, 1.7, 1.8, 2.0, 2.4, 2.8, 3.1, 3.4, 3.6, 3.6, 3.6, 3.4, 3.3, 3.3, 2.0, 2.0, 2.0, 2.0, 4.8, 3.7, 2.7, 2.1, 1.8, 1.6, 1.4, 1.4, 1.4, 1.6, 1.7, 2.0, 2.3, 2.5, 2.6, 2.7, 2.7, 2.6, 2.0, 2.0, 2.0, 2.0, 2.0, 2.0, 2.0, 4.6, 3.5, 2.7, 2.1, 1.8, 1.5, 1.2, 1.1, 1.2, 1.4, 1.6, 1.8, 2.0, 2.1, 2.2, 2.2, 2.2, 2.0, 2.0, 2.0, 2.0, 2.0, 2.0, 2.0, 2.0, 4.7, 3.4, 2.6, 2.1, 1.7, 1.4, 1.2, 1.1, 1.2, 1.4, 1.6, 1.9, 2.0, 2.1, 2.2, 2.1, 2.0, 1.9, 1.9, 1.9, 1.9, 1.9, 1.9, 1.9, 1.9, 5.1, 3.5, 2.5, 1.9, 1.7, 1.5, 1.4, 1.5, 1.6, 1.7, 1.9, 2.0, 2.2, 2.3, 2.4, 2.3, 1.9, 1.9, 1.9, 1.9, 1.9, 1.9, 3.4, 3.7, 3.8, 5.2, 3.7, 2.4, 1.8, 1.6, 1.6, 1.8, 1.9, 2.1, 2.2, 2.2, 2.4, 2.5, 2.7, 2.8, 2.6, 2.2, 2.2, 2.2, 3.1, 3.4, 3.5, 6.6, 6.9, 6.9, 4.2, 3.9, 2.5, 1.7, 1.6, 1.8, 2.1, 2.3, 2.4, 2.5, 2.7, 3.0, 3.3, 3.5, 3.5, 3.3, 3.1, 3.1, 3.6, 6.5, 6.9, 6.9, 6.9, 6.9, 6.9, 4.2, 4.3, 2.8, 1.9, 1.8, 2.0, 2.2, 2.4, 2.6, 2.9, 3.4, 4.0, 4.5, 4.8, 4.8, 4.8, 4.8, 4.9, 6.6, 6.9, 6.9, 6.9, 6.9, 6.3, 6.1, 4.6, 4.7, 3.3, 2.3, 2.1, 2.2, 2.4, 2.6, 2.9, 3.6, 4.5, 5.5, 6.2, 6.5, 6.7, 6.8, 7.1, 7.3, 7.4, 7.4, 7.1, 7.1, 6.4, 5.1, 4.4, 5.0, 5.0, 3.7, 2.7, 2.4, 2.4, 2.6, 3.0, 3.8, 4.9, 6.1, 7.2, 7.8, 8.1, 8.3, 8.5, 8.7, 8.9, 8.9, 8.6, 7.6, 6.8, 5.2, 4.4, 3.4, 5.3, 5.3, 4.2, 3.3, 2.9, 2.9, 3.3, 4.0, 5.2, 6.6, 7.8, 8.5, 8.7, 8.7, 8.6, 8.6, 8.8, 8.9, 8.8, 7.7, 6.8, 5.3, 4.5, 3.5, 3.2, 6.1, 6.1, 5.2, 4.4, 4.0, 4.1, 4.7, 5.6, 6.9, 8.1, 8.8, 8.8, 8.4, 7.8, 7.4, 7.3, 7.3, 7.4, 7.1, 6.8, 5.3, 4.5, 3.5, 3.2, 3.2, 7.3, 7.3, 6.7, 6.1, 5.9, 6.0, 6.6, 7.5, 8.4, 8.9, 8.7, 7.9, 7.0, 6.2, 5.6, 5.3, 5.2, 5.3, 5.3, 4.8, 4.5, 3.5, 3.2, 3.1, 3.1, 8.6, 8.6, 8.2, 7.9, 7.9, 8.0, 8.4, 8.8, 9.0, 8.6, 7.7, 6.5, 5.3, 4.5, 3.9, 3.6, 3.5, 3.6, 3.7, 3.8, 3.4, 3.2, 3.1, 2.9, 2.8, 9.2, 9.2, 9.0, 8.9, 8.9, 8.9, 8.9, 8.7, 8.2, 7.3, 6.1, 4.8, 3.8, 3.0, 2.6, 2.4, 2.4, 2.4, 2.6, 2.8, 3.0, 3.1, 2.9, 2.8, 2.7, 9.2, 9.2, 8.8, 8.5, 8.4, 8.2, 7.9, 7.3, 6.4, 5.4, 4.3, 3.3, 2.5, 2.0, 1.7, 1.6, 1.6, 1.7, 1.8, 2.0, 2.3, 2.6, 2.7, 2.7, 2.7, 9.2, 9.2, 8.1, 6.9, 6.6, 6.3, 5.8, 5.1, 4.4, 3.6, 3.0, 2.3, 1.8, 1.4, 1.3, 1.2, 1.3, 1.3, 1.3, 1.5, 1.8, 2.2, 2.5, 2.6, 2.6, 9.2, 9.2, 7.5, 5.2, 4.4, 4.1, 3.8, 3.3, 2.9, 2.6, 2.3, 1.9, 1.6, 1.4, 1.3, 1.3, 1.3, 1.3, 1.3, 1.4, 1.7, 2.0, 2.3, 2.5, 2.5, 7.6, 6.1, 5.7, 4.1, 2.8, 2.6, 2.5, 2.4, 2.3, 2.2, 2.1, 1.8, 1.6, 1.6, 1.6, 1.6, 1.5, 1.5, 1.5, 1.6, 1.8, 2.0, 2.2, 2.4, 2.4, 5.9, 5.4, 5.4, 4.0, 2.2, 2.0, 2.1, 2.2, 2.2, 2.1, 1.9, 1.7, 1.6, 1.6, 1.8, 1.8, 1.8, 1.8, 1.7, 1.8, 1.9, 2.0, 2.1, 2.1, 2.1, 6.2, 6.2, 6.2, 4.6, 2.3, 1.7, 1.9, 2.0, 2.0, 1.8, 1.5, 1.4, 1.4, 1.6, 1.8, 1.9, 2.0, 2.0, 1.9, 1.9, 2.0, 2.0, 1.9, 1.8, 1.7, 6.4, 6.4, 6.4, 5.2, 2.9, 1.7, 1.5, 1.6, 1.5, 1.3, 1.2, 1.2, 1.4, 1.6, 1.8, 2.0, 2.0, 2.0, 2.0, 1.9, 1.8, 1.8, 1.7, 1.5, 1.5, 6.4, 6.4, 5.5, 4.1, 3.1, 1.9, 1.3, 1.1, 1.0, 1.0, 1.0, 1.3, 1.5, 1.7, 1.9, 2.1, 2.1, 2.0, 1.9, 1.7, 1.6, 1.5, 1.4, 1.3, 1.3, 6.4, 5.6, 4.1, 3.3, 2.4, 1.8, 1.1, 0.7, 0.6, 0.7, 1.1, 1.5, 1.8, 1.9, 2.0, 2.0, 1.9, 1.7, 1.5, 1.4, 1.2, 1.0, 1.0, 1.1, 1.3, 5.7, 4.2, 3.3, 2.4, 1.9, 1.3, 0.9, 0.6, 1.0, 1.1, 1.3, 1.7, 1.9, 2.0, 2.0, 1.8, 1.6, 1.3, 1.1, 1.0, 0.8, 0.6, 0.5, 0.9, 1.2, 4.2, 3.4, 2.4, 2.0, 1.3, 0.9, 0.3, 0.7, 1.9, 2.4, 2.4, 2.1, 2.0, 1.9, 1.8, 1.6, 1.3, 1.1, 0.9, 0.8, 0.6, 0.3, 0.4, 0.9, 1.1, 3.4, 2.5, 2.0, 1.4, 1.0, 0.4, 0.7, 1.6, 2.4, 4.1, 4.5, 3.8, 2.7, 1.9, 1.5, 1.3, 1.2, 1.1, 1.0, 0.9, 0.7, 0.6, 1.3, 2.6, 2.6, 2.5, 2.0, 1.4, 1.0, 0.4, 0.6, 1.5, 2.3, 3.8, 4.9, 7.1, 6.4, 4.8, 3.0, 1.7, 1.1, 1.0, 1.1, 1.2, 1.1, 1.1, 1.5, 2.9, 4.7, 4.9, 2.0, 1.4, 1.0, 0.4, 0.6, 1.5, 2.2, 3.8, 4.8, 7.1, 7.1, 7.3, 7.5, 5.2, 2.9, 1.4, 0.8, 0.9, 1.2, 1.4, 1.9, 2.9, 4.0, 4.2, 4.6, 1.4, 1.1, 0.4, 0.6, 1.5, 2.1, 3.8, 4.7, 7.1, 7.2, 7.4, 8.2, 8.3, 7.6, 4.8, 2.5, 1.2, 0.8, 1.4, 2.1, 3.1, 3.9, 3.9, 4.0, 4.2, 1.1, 0.4, 0.5, 1.4, 2.0, 3.7, 4.6, 7.0, 7.2, 7.4, 8.2, 8.2, 8.4, 7.7, 4.9, 2.8, 2.2, 1.3, 1.8, 2.9, 3.9, 3.9, 3.9, 3.9, 4.0]}, "Gamla banan|13": {"ny": 21, "nx": 32, "lat0": 55.4605973, "lon0": 13.2214261, "dLat": 8.983e-06, "dLon": 1.5844e-05, "slope": [5.2, 5.2, 5.3, 5.3, 5.3, 5.3, 5.3, 5.3, 5.3, 5.5, 7.4, 14.4, 15.0, 14.0, 12.0, 11.4, 8.8, 8.8, 8.8, 8.8, 8.5, 7.4, 7.0, 6.8, 7.0, 7.6, 8.4, 9.1, 9.0, 8.8, 8.7, 8.3, 5.2, 5.2, 5.3, 5.3, 5.3, 5.3, 5.3, 5.3, 5.4, 5.5, 7.0, 13.6, 14.3, 15.0, 14.4, 13.3, 11.7, 9.6, 8.8, 8.8, 8.6, 7.4, 6.7, 6.3, 6.3, 6.7, 7.4, 8.2, 8.8, 8.7, 8.3, 8.2, 5.2, 5.2, 5.3, 5.3, 5.3, 5.3, 5.3, 5.3, 5.5, 5.4, 6.0, 11.6, 13.6, 14.2, 15.0, 14.4, 13.4, 12.2, 9.8, 9.6, 8.0, 6.7, 5.9, 5.5, 5.5, 5.7, 6.2, 6.7, 7.4, 8.2, 8.2, 8.0, 5.2, 5.2, 5.3, 5.3, 5.3, 5.3, 5.3, 5.4, 5.5, 5.4, 5.3, 10.0, 11.5, 13.6, 14.2, 15.0, 14.5, 13.4, 12.4, 9.6, 6.9, 5.7, 5.1, 4.9, 4.9, 4.9, 5.2, 5.6, 6.1, 7.0, 7.9, 7.9, 5.2, 5.2, 5.2, 5.3, 5.3, 5.3, 5.3, 5.5, 5.4, 4.9, 4.8, 7.0, 9.9, 11.4, 13.6, 14.1, 15.0, 14.6, 12.8, 7.5, 5.6, 4.7, 4.3, 4.2, 4.2, 4.2, 4.4, 4.9, 5.4, 6.0, 6.8, 6.9, 5.6, 5.2, 5.2, 5.3, 5.3, 5.3, 5.4, 5.5, 5.4, 4.5, 4.4, 3.0, 7.1, 9.9, 11.2, 13.6, 14.1, 14.5, 8.6, 5.3, 4.5, 3.7, 3.3, 3.3, 3.2, 3.3, 3.6, 4.2, 4.8, 5.4, 6.0, 7.0, 6.4, 5.4, 5.2, 5.3, 5.3, 5.3, 5.5, 5.5, 5.0, 4.5, 4.3, 1.5, 5.2, 6.9, 9.8, 11.1, 13.2, 8.6, 4.7, 4.2, 3.5, 2.7, 2.3, 2.2, 2.1, 2.2, 2.7, 3.5, 4.2, 4.7, 5.3, 6.2, 6.5, 5.7, 5.3, 5.2, 5.2, 5.3, 5.5, 5.5, 4.5, 4.5, 3.1, 1.3, 2.3, 5.2, 6.8, 9.7, 7.5, 4.4, 3.9, 3.7, 2.8, 1.9, 1.4, 1.3, 1.2, 1.2, 1.8, 2.6, 3.3, 3.9, 4.5, 5.5, 6.6, 5.8, 5.3, 5.0, 4.9, 5.1, 5.3, 5.3, 4.5, 4.5, 2.1, 1.2, 0.4, 2.8, 5.1, 6.0, 4.7, 4.2, 3.9, 3.2, 2.4, 1.7, 1.1, 0.8, 0.6, 0.6, 1.1, 1.8, 2.3, 2.9, 3.7, 4.9, 6.8, 5.7, 5.1, 4.8, 4.7, 4.8, 4.9, 4.7, 4.1, 3.7, 2.2, 1.2, 0.4, 1.4, 3.7, 4.4, 4.8, 4.5, 3.7, 2.9, 2.2, 1.6, 1.2, 0.8, 0.5, 0.6, 1.0, 1.2, 1.3, 2.1, 3.4, 4.5, 6.4, 5.4, 4.9, 4.6, 4.4, 4.4, 4.3, 3.9, 3.3, 2.8, 2.1, 1.4, 0.8, 1.5, 2.9, 4.2, 4.8, 4.5, 3.7, 2.9, 2.3, 1.7, 1.3, 0.9, 0.8, 0.9, 1.1, 0.7, 0.6, 2.2, 3.7, 3.8, 5.8, 4.9, 4.5, 4.2, 4.0, 3.9, 3.6, 3.1, 2.7, 2.3, 1.9, 1.3, 0.7, 1.1, 2.4, 3.7, 4.5, 4.5, 4.0, 3.2, 2.5, 1.9, 1.4, 1.2, 1.2, 1.3, 1.1, 0.2, 1.5, 3.4, 4.7, 4.7, 5.2, 4.3, 3.9, 3.8, 3.6, 3.4, 3.0, 2.6, 2.3, 2.1, 1.7, 1.1, 0.5, 0.8, 2.0, 3.3, 4.2, 4.5, 4.2, 3.6, 2.9, 2.2, 1.7, 1.6, 1.6, 1.4, 0.6, 1.0, 3.1, 4.9, 5.0, 4.7, 4.8, 3.9, 3.5, 3.4, 3.3, 3.0, 2.7, 2.4, 2.3, 2.1, 1.7, 1.2, 0.6, 0.7, 1.6, 2.8, 3.8, 4.3, 4.4, 4.0, 3.3, 2.6, 2.2, 2.0, 1.7, 1.0, 0.9, 2.7, 5.0, 5.2, 5.1, 5.0, 3.9, 3.6, 3.3, 3.3, 3.0, 2.7, 2.5, 2.4, 2.3, 2.1, 1.8, 1.4, 0.8, 0.4, 1.2, 2.3, 3.3, 4.1, 4.5, 4.4, 3.8, 3.1, 2.6, 2.1, 1.4, 1.1, 2.7, 5.0, 5.2, 5.2, 5.2, 5.1, 3.6, 3.3, 3.3, 3.5, 2.9, 3.2, 3.0, 2.7, 2.4, 2.1, 1.7, 1.4, 0.9, 0.4, 0.8, 1.7, 2.9, 3.9, 4.6, 4.8, 4.3, 3.6, 2.7, 1.8, 1.2, 2.6, 5.1, 5.5, 5.3, 5.2, 5.2, 5.2, 3.3, 3.3, 3.5, 3.5, 3.4, 4.1, 5.2, 4.8, 3.8, 2.8, 2.0, 1.4, 1.0, 0.7, 0.7, 1.3, 2.4, 3.6, 4.7, 5.2, 4.8, 3.9, 2.7, 1.8, 2.6, 5.1, 5.7, 5.5, 5.5, 5.3, 5.2, 5.2, 3.3, 3.5, 3.5, 3.7, 4.2, 5.4, 7.2, 6.5, 6.5, 5.3, 3.7, 2.6, 1.9, 1.4, 1.1, 1.3, 2.2, 3.5, 4.7, 5.4, 5.2, 4.4, 3.5, 3.7, 4.0, 5.4, 5.7, 5.7, 5.5, 5.5, 5.3, 5.2, 3.5, 3.5, 3.5, 4.1, 5.3, 7.1, 7.6, 7.4, 8.3, 6.9, 4.9, 4.8, 4.0, 3.1, 2.4, 2.2, 2.7, 3.7, 4.9, 5.8, 6.2, 6.4, 6.4, 4.6, 4.1, 5.4, 5.7, 5.7, 5.7, 5.5, 5.5, 5.3, 3.5, 3.5, 3.7, 5.1, 7.1, 7.6, 7.9, 8.4, 8.6, 7.0, 5.7, 6.0, 5.1, 3.9, 4.6, 4.8, 4.9, 5.5, 6.6, 7.1, 6.7, 6.7, 6.8, 4.8, 4.1, 4.1, 5.3, 5.7, 5.7, 5.7, 5.6, 5.5, 3.5, 3.5, 4.9, 7.0, 7.6, 7.6, 8.3, 8.6, 8.6, 6.9, 6.2, 6.1, 5.1, 5.0, 5.8, 5.7, 5.6, 6.1, 7.1, 7.4, 6.8, 6.7, 6.8, 6.6, 4.8, 4.1, 5.3, 5.7, 5.7, 5.7, 5.7, 5.6]}, "Gamla banan|14": {"ny": 20, "nx": 32, "lat0": 55.4625721, "lon0": 13.221479, "dLat": 8.983e-06, "dLon": 1.5845e-05, "slope": [5.4, 5.4, 5.4, 5.2, 4.0, 3.9, 3.4, 3.2, 2.9, 2.7, 2.7, 2.9, 3.3, 3.5, 3.4, 3.0, 3.2, 3.4, 3.5, 3.4, 2.8, 2.0, 1.3, 1.6, 3.2, 5.0, 5.1, 6.2, 7.4, 7.4, 7.3, 6.7, 5.6, 5.4, 5.4, 5.2, 3.9, 3.3, 3.0, 2.8, 2.6, 2.3, 2.0, 2.0, 2.2, 2.5, 2.8, 2.9, 3.1, 3.3, 3.4, 3.2, 2.7, 1.9, 1.2, 1.5, 3.1, 5.0, 5.4, 7.4, 7.4, 7.3, 6.7, 6.0, 6.2, 5.6, 5.5, 4.7, 3.4, 2.8, 2.6, 2.6, 2.4, 2.0, 1.6, 1.4, 1.3, 1.4, 1.5, 1.7, 1.9, 2.2, 2.5, 2.5, 2.1, 1.4, 0.7, 1.1, 2.7, 4.5, 5.4, 7.4, 7.3, 6.8, 6.1, 5.3, 6.5, 6.2, 5.5, 4.1, 3.1, 2.6, 2.4, 2.4, 2.3, 1.9, 1.4, 1.1, 0.9, 0.6, 0.6, 0.7, 1.0, 1.5, 2.0, 2.1, 1.8, 1.2, 0.6, 0.6, 1.6, 2.8, 4.5, 6.4, 6.8, 6.1, 5.4, 4.6, 6.5, 6.5, 5.1, 3.7, 2.9, 2.6, 2.4, 2.3, 2.2, 1.8, 1.4, 1.1, 0.7, 0.4, 0.1, 0.3, 0.8, 1.4, 1.8, 2.0, 1.7, 1.3, 0.9, 0.6, 0.7, 1.3, 2.3, 3.6, 5.1, 5.4, 4.6, 4.5, 6.8, 6.2, 4.7, 3.5, 2.9, 2.7, 2.5, 2.4, 2.2, 1.9, 1.6, 1.2, 0.8, 0.5, 0.3, 0.4, 0.9, 1.4, 1.7, 1.8, 1.6, 1.2, 0.9, 0.7, 0.4, 0.4, 1.0, 1.7, 2.7, 3.8, 3.7, 3.5, 6.9, 5.9, 4.5, 3.4, 2.9, 2.7, 2.6, 2.5, 2.4, 2.2, 1.8, 1.4, 1.0, 0.7, 0.3, 0.3, 1.0, 1.4, 1.6, 1.6, 1.4, 1.1, 0.9, 0.6, 0.4, 0.4, 0.7, 1.0, 1.4, 2.1, 2.4, 2.3, 6.9, 5.9, 4.5, 3.4, 2.8, 2.6, 2.6, 2.6, 2.7, 2.5, 2.2, 1.7, 1.2, 0.8, 0.3, 0.4, 0.9, 1.3, 1.4, 1.4, 1.2, 1.0, 0.8, 0.6, 0.6, 0.6, 0.8, 0.9, 1.1, 1.3, 2.0, 2.0, 7.0, 5.9, 4.6, 3.5, 2.8, 2.5, 2.5, 2.6, 2.7, 2.8, 2.5, 2.1, 1.5, 1.0, 0.7, 0.7, 1.0, 1.2, 1.3, 1.2, 1.1, 0.9, 0.8, 0.8, 0.8, 0.9, 0.9, 1.0, 1.1, 1.0, 1.5, 1.5, 6.9, 6.0, 4.9, 3.9, 3.0, 2.6, 2.4, 2.5, 2.8, 2.9, 2.7, 2.3, 1.7, 1.4, 1.1, 1.0, 1.0, 1.2, 1.3, 1.3, 1.2, 1.1, 1.0, 1.0, 1.0, 1.0, 1.0, 1.1, 1.1, 0.9, 1.3, 1.3, 6.7, 6.0, 5.2, 4.4, 3.6, 3.0, 2.7, 2.7, 2.9, 3.0, 2.8, 2.4, 1.9, 1.5, 1.1, 0.7, 0.7, 1.1, 1.4, 1.5, 1.5, 1.3, 1.1, 1.0, 1.0, 1.1, 1.2, 1.2, 1.2, 0.9, 1.2, 1.3, 6.3, 5.8, 5.4, 4.9, 4.3, 3.7, 3.3, 3.1, 3.2, 3.2, 3.0, 2.7, 2.2, 1.7, 1.1, 0.5, 0.6, 1.5, 2.1, 2.4, 2.3, 2.1, 1.7, 1.4, 1.4, 1.4, 1.4, 1.3, 1.2, 1.0, 1.2, 1.2, 5.9, 5.6, 5.4, 5.2, 4.9, 4.4, 4.0, 3.7, 3.6, 3.5, 3.4, 3.2, 2.8, 2.3, 1.7, 1.3, 2.0, 3.3, 4.2, 4.6, 4.4, 3.8, 4.1, 3.4, 2.8, 2.5, 2.2, 1.9, 1.6, 1.5, 1.1, 1.2, 5.6, 5.3, 5.2, 5.3, 5.2, 5.0, 4.6, 4.3, 4.2, 4.1, 4.0, 3.9, 3.7, 3.5, 3.4, 1.5, 2.0, 3.2, 4.2, 4.6, 4.4, 4.6, 7.4, 6.3, 5.0, 4.0, 3.3, 2.7, 2.2, 2.1, 1.6, 1.2, 5.3, 4.9, 4.8, 5.0, 5.3, 5.3, 5.1, 4.9, 4.9, 4.9, 4.9, 5.0, 5.2, 5.3, 3.8, 1.7, 2.0, 3.2, 4.2, 4.6, 4.9, 7.4, 7.9, 6.4, 5.0, 4.0, 3.3, 2.7, 2.2, 2.1, 2.1, 1.6, 5.2, 4.7, 4.5, 4.7, 5.1, 5.4, 5.4, 5.4, 5.5, 5.7, 5.9, 6.4, 6.5, 5.5, 5.3, 3.9, 2.4, 3.2, 4.2, 4.6, 7.3, 7.9, 7.9, 6.4, 5.0, 4.1, 3.3, 2.7, 2.2, 2.1, 2.1, 2.1, 4.8, 4.5, 4.3, 4.4, 4.9, 5.3, 5.5, 5.7, 5.9, 6.2, 6.8, 6.9, 6.7, 6.6, 5.6, 5.3, 3.0, 3.2, 4.2, 4.6, 7.2, 7.9, 7.9, 6.5, 5.1, 4.1, 3.3, 2.7, 2.2, 2.1, 2.1, 2.1, 4.5, 4.3, 4.2, 4.3, 4.7, 5.2, 5.4, 5.7, 6.1, 6.2, 6.8, 7.0, 7.0, 6.7, 6.6, 5.6, 5.3, 3.9, 4.1, 4.9, 7.2, 7.9, 7.9, 6.5, 5.1, 4.1, 3.4, 2.7, 2.2, 2.1, 2.1, 2.1, 4.3, 4.2, 4.2, 4.3, 4.7, 5.2, 5.5, 5.8, 5.9, 6.1, 6.7, 7.0, 7.0, 7.0, 6.7, 6.6, 5.7, 4.0, 4.1, 6.9, 7.9, 7.9, 7.9, 6.5, 5.1, 4.1, 3.4, 2.7, 2.2, 2.1, 2.1, 2.1, 4.2, 4.2, 4.3, 4.4, 4.9, 5.3, 5.5, 5.8, 5.9, 5.9, 6.1, 6.7, 7.0, 7.0, 7.0, 6.7, 6.6, 4.6, 4.2, 6.8, 7.9, 7.9, 7.9, 6.6, 5.2, 4.2, 3.4, 2.7, 2.2, 2.1, 2.1, 2.1]}, "Gamla banan|15": {"ny": 30, "nx": 21, "lat0": 55.460769, "lon0": 13.2199926, "dLat": 8.983e-06, "dLon": 1.5844e-05, "slope": [1.6, 1.6, 2.2, 2.9, 3.3, 3.2, 3.1, 3.1, 3.1, 3.1, 3.4, 3.4, 3.4, 3.4, 3.4, 3.4, 3.4, 3.4, 3.4, 3.4, 3.4, 1.4, 1.6, 2.2, 2.9, 3.2, 3.1, 3.1, 3.1, 3.1, 3.4, 3.4, 3.4, 3.4, 3.4, 3.4, 3.4, 3.4, 3.4, 3.4, 3.6, 6.2, 1.4, 1.6, 2.2, 2.9, 3.4, 3.3, 3.1, 3.1, 3.4, 3.4, 3.4, 3.4, 3.4, 3.4, 3.4, 3.5, 5.5, 5.7, 5.9, 6.2, 10.2, 0.7, 1.1, 1.7, 2.6, 3.3, 3.4, 3.3, 3.4, 3.5, 3.5, 3.5, 3.5, 3.5, 5.0, 5.2, 5.4, 10.2, 10.2, 10.2, 10.2, 10.2, 0.1, 0.6, 1.2, 2.0, 2.9, 3.2, 3.2, 3.7, 3.7, 3.7, 4.7, 4.9, 5.0, 10.1, 10.2, 10.2, 10.2, 10.2, 10.2, 10.2, 9.7, 0.1, 0.7, 1.0, 1.5, 2.4, 2.8, 3.0, 4.0, 4.1, 4.8, 9.9, 10.2, 10.2, 10.2, 10.2, 10.2, 10.2, 9.8, 9.8, 9.8, 7.8, 1.2, 1.2, 1.0, 1.1, 1.8, 2.4, 2.7, 4.1, 4.8, 9.8, 10.2, 10.2, 10.2, 10.2, 9.9, 9.9, 9.9, 9.1, 8.0, 7.8, 6.0, 1.9, 1.9, 1.3, 0.8, 1.3, 1.9, 2.3, 3.8, 9.4, 10.0, 10.0, 10.0, 10.0, 10.0, 9.1, 9.0, 8.2, 8.0, 6.1, 5.9, 6.3, 2.5, 2.6, 1.6, 0.8, 0.8, 1.2, 1.7, 3.0, 7.8, 8.4, 8.7, 9.0, 9.0, 9.0, 8.3, 8.2, 6.2, 5.9, 6.2, 6.3, 7.4, 2.8, 2.8, 1.9, 1.1, 0.6, 0.7, 1.0, 2.0, 5.3, 6.5, 8.7, 9.0, 8.5, 8.3, 6.3, 5.9, 5.9, 6.2, 6.9, 7.4, 8.2, 2.7, 2.7, 1.8, 1.2, 0.7, 0.3, 0.4, 1.0, 3.1, 7.6, 8.4, 8.5, 6.4, 5.9, 5.9, 5.7, 6.1, 6.8, 7.4, 8.2, 8.4, 2.7, 2.7, 1.6, 1.1, 0.8, 0.4, 0.2, 0.6, 1.6, 4.1, 5.0, 5.7, 5.9, 5.7, 5.7, 5.5, 6.7, 7.3, 8.2, 8.4, 8.4, 1.4, 0.9, 0.8, 0.9, 0.9, 0.7, 0.4, 0.5, 1.0, 2.2, 4.8, 5.5, 5.6, 5.1, 5.3, 6.6, 7.3, 8.1, 8.4, 8.4, 8.1, 0.5, 0.4, 0.4, 0.7, 1.0, 0.9, 0.8, 0.8, 1.1, 1.7, 2.9, 3.6, 4.6, 5.3, 6.6, 7.3, 8.1, 8.4, 8.4, 8.2, 7.7, 0.1, 0.1, 0.1, 0.6, 1.2, 1.4, 1.5, 1.6, 1.9, 2.2, 2.6, 4.2, 5.1, 6.5, 7.2, 8.1, 8.4, 8.4, 8.2, 7.7, 7.3, 1.0, 1.0, 1.0, 1.2, 1.8, 2.3, 2.7, 2.9, 3.1, 3.2, 3.2, 3.6, 5.7, 7.0, 8.0, 8.4, 8.4, 8.2, 7.7, 7.3, 6.8, 1.1, 1.1, 1.1, 2.0, 3.0, 3.6, 3.9, 4.0, 4.0, 3.9, 3.6, 3.5, 4.1, 6.5, 8.1, 8.4, 8.2, 7.8, 7.4, 6.8, 6.3, 1.1, 2.7, 3.7, 3.8, 4.1, 4.4, 4.5, 4.3, 4.0, 3.7, 3.5, 3.2, 3.3, 4.1, 6.4, 7.9, 7.8, 7.4, 6.8, 6.3, 5.7, 4.6, 4.9, 5.0, 5.0, 4.9, 4.7, 4.4, 3.9, 3.3, 2.9, 2.8, 2.8, 2.8, 3.0, 3.8, 5.8, 7.1, 6.9, 6.4, 5.7, 5.1, 5.1, 5.1, 5.1, 5.1, 4.9, 4.4, 3.8, 3.0, 2.4, 2.0, 2.1, 2.3, 2.5, 2.6, 3.0, 3.9, 5.3, 6.1, 5.8, 5.1, 4.3, 5.1, 5.1, 5.1, 4.9, 4.7, 4.0, 3.0, 2.2, 1.6, 1.5, 1.8, 2.1, 2.3, 2.5, 2.9, 3.5, 4.2, 4.9, 5.0, 4.3, 3.9, 5.1, 5.1, 4.9, 4.7, 4.1, 3.5, 2.8, 1.9, 1.4, 1.4, 1.7, 2.0, 2.1, 2.3, 2.7, 3.4, 4.1, 4.5, 4.2, 3.9, 3.7, 5.1, 4.9, 4.7, 4.1, 3.5, 2.9, 2.2, 1.8, 1.4, 1.4, 1.8, 2.0, 2.0, 2.0, 2.3, 3.1, 3.9, 4.5, 4.2, 3.7, 3.1, 4.9, 4.7, 4.2, 3.5, 2.9, 2.2, 1.9, 1.5, 1.2, 1.2, 1.7, 2.0, 2.0, 1.8, 2.0, 2.6, 3.5, 4.1, 4.1, 3.4, 2.9, 4.8, 4.2, 3.6, 3.0, 2.3, 1.9, 1.5, 1.2, 1.0, 1.0, 1.3, 1.9, 2.0, 1.9, 1.9, 2.3, 2.9, 3.5, 3.5, 3.2, 3.0, 4.3, 3.6, 3.0, 2.3, 1.9, 1.5, 1.3, 1.4, 1.9, 1.9, 1.6, 1.5, 2.1, 2.1, 2.1, 2.3, 2.6, 2.7, 2.6, 2.4, 2.4, 3.6, 3.1, 2.3, 2.0, 1.5, 1.7, 1.9, 1.9, 1.9, 1.9, 1.4, 1.2, 1.9, 2.3, 2.4, 2.5, 2.5, 2.2, 1.8, 1.4, 1.6, 3.1, 2.3, 2.0, 1.7, 1.9, 1.9, 1.9, 1.9, 1.9, 1.4, 0.9, 1.1, 1.7, 2.3, 2.7, 2.8, 2.6, 2.1, 1.6, 1.2, 1.1, 2.3, 2.0, 1.7, 1.9, 1.9, 1.9, 1.9, 1.9, 1.5, 0.9, 1.1, 1.5, 1.8, 2.3, 2.8, 3.1, 3.0, 2.5, 2.0, 1.7, 1.2, 2.2, 2.0, 1.9, 1.9, 1.9, 1.9, 1.9, 1.5, 0.9, 1.1, 1.5, 1.7, 2.1, 2.3, 2.9, 3.3, 3.6, 3.0, 2.0, 2.0, 1.8]}, "Gamla banan|16": {"ny": 26, "nx": 26, "lat0": 55.4582354, "lon0": 13.2266106, "dLat": 8.983e-06, "dLon": 1.5843e-05, "slope": [1.4, 2.3, 4.8, 4.8, 4.8, 4.8, 4.8, 4.8, 5.0, 4.8, 3.4, 2.8, 1.3, 1.3, 1.3, 1.3, 1.2, 1.1, 1.3, 1.3, 1.2, 1.4, 2.6, 4.0, 4.1, 4.6, 1.4, 2.2, 4.8, 4.8, 4.8, 4.8, 4.8, 4.8, 5.1, 5.9, 5.1, 3.9, 3.0, 1.5, 1.3, 1.3, 1.2, 0.9, 0.8, 0.9, 0.9, 1.2, 2.5, 4.0, 4.5, 5.4, 1.4, 1.8, 3.4, 4.8, 4.8, 4.8, 4.8, 4.8, 5.6, 7.9, 5.9, 5.2, 3.9, 3.1, 1.6, 1.4, 0.9, 0.7, 0.6, 0.9, 0.9, 1.0, 1.8, 3.6, 5.3, 5.4, 1.4, 1.4, 2.1, 4.8, 4.8, 4.8, 4.8, 5.3, 7.8, 8.7, 6.0, 5.9, 5.3, 3.9, 3.2, 1.5, 0.9, 0.5, 0.6, 0.9, 0.9, 1.0, 1.7, 3.3, 5.0, 6.0, 1.4, 1.4, 2.0, 4.8, 4.8, 4.8, 4.8, 5.5, 8.6, 9.1, 7.4, 6.0, 5.9, 5.3, 3.4, 0.9, 1.1, 0.4, 0.8, 0.9, 0.7, 0.8, 1.6, 3.2, 5.5, 7.8, 1.4, 1.4, 1.6, 3.2, 4.8, 4.8, 5.0, 6.3, 8.6, 9.2, 7.8, 5.4, 6.0, 5.2, 1.1, 1.7, 1.1, 0.7, 1.1, 0.9, 0.5, 0.6, 1.5, 2.9, 5.1, 7.3, 1.2, 1.4, 1.4, 1.6, 3.2, 4.8, 5.0, 6.6, 8.6, 9.3, 7.9, 5.0, 3.5, 2.7, 2.1, 1.8, 1.0, 1.1, 1.3, 1.0, 0.5, 0.6, 1.3, 2.6, 4.5, 6.6, 0.9, 1.1, 1.4, 1.5, 1.9, 3.6, 4.7, 6.6, 8.5, 9.3, 7.9, 4.9, 3.1, 3.5, 3.1, 1.6, 0.9, 1.4, 1.4, 1.0, 0.6, 0.6, 1.1, 2.1, 3.8, 5.9, 0.9, 0.9, 1.3, 1.3, 1.6, 2.5, 4.2, 6.0, 7.2, 6.8, 4.3, 1.7, 3.7, 4.6, 3.3, 1.2, 0.9, 1.5, 1.5, 1.1, 0.7, 0.5, 0.9, 1.6, 3.1, 5.1, 1.2, 0.8, 1.2, 1.3, 1.5, 2.1, 3.5, 5.4, 6.7, 6.3, 4.0, 1.7, 3.8, 4.6, 3.2, 1.0, 0.9, 1.6, 1.6, 1.2, 0.7, 0.5, 0.7, 1.4, 2.8, 4.9, 1.7, 0.8, 1.3, 1.5, 1.6, 1.9, 2.6, 4.2, 5.9, 6.3, 4.6, 2.0, 2.9, 4.2, 3.2, 1.1, 0.8, 1.5, 1.6, 1.2, 0.6, 0.4, 0.6, 1.4, 2.8, 5.1, 2.1, 0.9, 1.3, 1.7, 1.7, 1.8, 2.0, 2.9, 4.5, 5.6, 4.8, 2.2, 1.7, 3.8, 3.4, 1.6, 0.8, 1.4, 1.6, 1.2, 0.5, 0.3, 0.6, 1.5, 3.1, 5.7, 3.0, 1.2, 1.2, 1.7, 1.8, 1.7, 1.7, 2.1, 3.3, 4.7, 4.9, 2.9, 0.8, 3.4, 3.6, 2.1, 0.9, 1.3, 1.6, 1.1, 0.3, 0.2, 0.5, 1.7, 3.6, 6.0, 3.6, 1.7, 1.1, 1.7, 1.9, 1.8, 1.6, 1.7, 2.6, 4.0, 4.7, 3.6, 0.7, 2.6, 3.4, 2.3, 1.1, 1.3, 1.6, 1.3, 0.9, 1.0, 1.1, 2.2, 4.2, 4.2, 3.4, 2.6, 1.1, 1.7, 2.1, 2.0, 1.7, 1.7, 2.2, 3.3, 4.2, 3.7, 1.5, 1.9, 2.8, 2.0, 0.9, 1.3, 1.7, 1.7, 1.8, 2.4, 2.9, 3.7, 5.3, 5.5, 4.1, 4.2, 1.7, 1.5, 2.1, 2.1, 1.8, 1.7, 1.9, 2.6, 3.4, 3.4, 2.4, 2.2, 2.4, 1.5, 0.3, 1.0, 1.7, 2.1, 2.5, 3.4, 4.6, 5.7, 7.1, 7.2, 5.1, 5.1, 2.9, 1.4, 1.9, 2.2, 2.0, 1.6, 1.6, 1.9, 2.4, 2.7, 2.5, 2.3, 2.0, 1.2, 0.5, 1.1, 1.8, 2.4, 2.8, 3.6, 5.0, 6.7, 6.9, 7.2, 5.4, 5.4, 4.8, 2.2, 1.6, 2.1, 2.0, 1.7, 1.5, 1.5, 1.8, 1.9, 1.8, 1.6, 1.3, 0.7, 0.6, 1.1, 1.8, 2.7, 3.4, 4.0, 5.0, 6.8, 7.1, 7.1, 7.0, 7.1, 7.2, 4.1, 1.9, 1.7, 1.8, 1.6, 1.5, 1.4, 1.5, 1.4, 1.1, 0.7, 0.4, 0.2, 0.4, 0.8, 1.5, 2.6, 3.8, 5.0, 6.3, 7.8, 8.1, 8.1, 8.5, 8.5, 8.5, 6.3, 3.4, 1.7, 1.3, 1.3, 1.5, 1.6, 1.5, 1.3, 0.8, 0.4, 0.2, 0.2, 0.3, 0.6, 1.1, 2.1, 3.4, 5.2, 7.3, 7.8, 8.0, 8.1, 8.5, 8.9, 9.1, 8.6, 5.7, 2.8, 1.2, 0.8, 1.2, 1.6, 1.7, 1.5, 1.0, 0.5, 0.3, 0.3, 0.4, 0.6, 1.0, 1.6, 2.6, 4.4, 4.8, 7.1, 7.8, 8.0, 9.0, 9.5, 9.6, 9.6, 8.1, 5.4, 3.0, 1.5, 0.9, 1.2, 1.6, 1.6, 1.2, 0.8, 0.6, 0.7, 0.8, 1.0, 1.1, 1.4, 2.1, 3.9, 4.4, 4.4, 6.8, 7.4, 9.6, 9.6, 9.6, 9.3, 8.9, 6.6, 5.7, 4.3, 2.8, 2.0, 1.6, 1.3, 1.0, 0.7, 0.6, 0.8, 1.0, 1.0, 1.0, 1.3, 2.4, 2.8, 3.9, 4.4, 4.4, 4.4, 9.6, 9.6, 9.3, 9.0, 8.9, 7.3, 6.9, 5.6, 5.9, 5.3, 3.9, 2.7, 1.8, 1.2, 0.8, 0.6, 0.4, 0.4, 1.0, 2.4, 2.9, 2.8, 2.8, 3.9, 4.4, 4.4, 9.6, 9.4, 9.0, 8.9, 8.2, 7.3, 7.1, 6.9, 7.4, 6.5, 6.9, 6.3, 4.9, 3.9, 3.4, 3.0, 2.9, 3.3, 4.5, 5.1, 3.6, 2.9, 2.8, 2.8, 3.8, 4.4, 9.4, 9.0, 8.9, 8.9, 7.7, 7.1, 7.3, 7.6, 7.7, 7.7, 8.2, 7.2, 5.6, 4.5, 3.8, 3.4, 3.2, 3.5, 4.7, 5.2, 5.2, 3.7, 2.9, 2.8, 2.8, 3.7]}, "Gamla banan|17": {"ny": 23, "nx": 21, "lat0": 55.4591009, "lon0": 13.2262723, "dLat": 8.983e-06, "dLon": 1.5843e-05, "slope": [3.2, 2.2, 1.5, 0.7, 0.7, 0.6, 0.3, 0.3, 0.6, 0.9, 1.2, 1.8, 2.1, 2.5, 2.6, 2.3, 2.0, 2.0, 1.9, 1.7, 1.8, 4.1, 3.3, 2.3, 1.6, 0.7, 0.7, 0.5, 0.3, 0.6, 1.1, 1.2, 1.9, 2.4, 2.6, 2.5, 2.2, 2.0, 1.9, 1.7, 1.8, 1.8, 4.8, 4.1, 3.4, 2.3, 1.6, 0.7, 0.8, 0.8, 0.6, 1.4, 1.8, 2.1, 2.3, 2.3, 2.3, 2.1, 1.9, 1.7, 1.8, 1.8, 1.8, 5.3, 4.8, 4.1, 3.4, 2.3, 1.7, 0.9, 1.2, 1.7, 2.0, 2.0, 2.1, 2.1, 2.0, 2.0, 1.9, 1.8, 1.8, 1.8, 1.8, 1.8, 5.3, 5.3, 4.9, 4.2, 3.5, 2.3, 1.9, 2.2, 2.3, 2.2, 2.0, 2.0, 2.0, 1.9, 1.8, 1.7, 1.7, 1.8, 1.9, 1.9, 1.9, 5.2, 5.3, 5.3, 4.9, 4.1, 3.2, 2.8, 2.5, 2.3, 2.0, 1.9, 1.9, 2.0, 1.9, 1.7, 1.7, 1.7, 1.8, 1.9, 1.9, 1.9, 5.2, 5.2, 5.3, 5.3, 4.5, 3.7, 3.1, 2.5, 2.2, 1.9, 1.9, 1.9, 1.9, 1.9, 1.8, 1.7, 1.7, 1.8, 1.9, 1.9, 1.9, 5.2, 5.2, 5.2, 5.3, 4.6, 3.8, 3.0, 2.4, 2.1, 1.9, 1.9, 1.9, 1.9, 1.8, 1.8, 1.8, 2.0, 2.2, 2.2, 2.2, 2.0, 4.9, 4.9, 4.9, 5.0, 4.3, 3.5, 2.7, 2.2, 2.0, 2.0, 2.0, 2.0, 2.0, 1.9, 1.9, 2.1, 2.4, 2.8, 2.8, 2.8, 2.8, 3.5, 3.6, 4.3, 4.4, 3.7, 3.0, 2.4, 2.1, 2.0, 2.1, 2.1, 2.2, 2.1, 2.1, 2.1, 2.4, 2.8, 2.8, 2.8, 2.8, 2.8, 2.9, 2.9, 3.5, 3.6, 3.2, 2.6, 2.2, 2.0, 2.0, 2.2, 2.3, 2.3, 2.3, 2.2, 2.3, 2.5, 3.0, 3.0, 2.9, 2.8, 2.8, 2.1, 2.1, 2.7, 3.1, 2.8, 2.3, 2.1, 2.0, 2.1, 2.3, 2.3, 2.3, 2.3, 2.3, 2.3, 2.4, 2.8, 2.8, 2.8, 2.8, 2.8, 1.3, 1.2, 2.3, 2.8, 2.6, 2.3, 2.1, 2.1, 2.2, 2.3, 2.3, 2.2, 2.2, 2.2, 2.2, 2.3, 2.6, 2.6, 2.6, 2.7, 2.7, 1.1, 0.9, 2.2, 2.8, 2.6, 2.4, 2.3, 2.2, 2.2, 2.2, 2.1, 2.0, 2.0, 2.1, 2.1, 2.1, 2.4, 2.4, 2.5, 3.1, 3.1, 0.5, 1.3, 2.4, 2.9, 2.8, 2.6, 2.4, 2.2, 2.1, 2.0, 1.8, 1.8, 1.9, 2.0, 1.9, 2.0, 2.4, 2.5, 3.1, 3.1, 2.9, 0.5, 1.7, 2.6, 3.0, 2.9, 2.6, 2.3, 2.0, 1.9, 1.9, 1.8, 1.8, 1.9, 2.0, 1.9, 2.0, 2.5, 3.0, 3.0, 2.9, 1.8, 1.4, 2.2, 2.9, 3.2, 3.0, 2.7, 2.3, 2.0, 2.1, 2.2, 2.2, 2.1, 2.0, 2.0, 1.9, 1.9, 2.3, 2.8, 2.7, 1.8, 1.8, 1.8, 2.9, 3.4, 3.5, 3.3, 2.9, 2.7, 2.8, 3.0, 3.1, 3.0, 2.6, 2.3, 1.9, 1.6, 1.5, 1.8, 2.2, 1.7, 1.7, 1.6, 2.7, 3.2, 4.1, 4.2, 3.5, 3.0, 2.8, 2.9, 3.2, 3.3, 3.1, 3.3, 2.6, 1.9, 1.4, 1.1, 1.4, 1.6, 1.3, 1.2, 0.7, 3.2, 4.0, 4.4, 4.5, 3.5, 3.0, 2.8, 2.9, 3.2, 3.3, 3.4, 3.4, 2.7, 1.7, 1.0, 0.7, 1.0, 1.1, 0.9, 0.7, 0.7, 3.9, 4.4, 4.5, 4.5, 4.2, 3.2, 2.8, 2.9, 3.2, 3.4, 3.4, 3.4, 1.9, 1.6, 1.0, 0.4, 0.8, 1.0, 0.9, 0.8, 0.8, 4.4, 4.5, 4.5, 4.5, 4.5, 3.2, 2.8, 2.9, 3.2, 3.4, 3.4, 2.0, 1.6, 1.6, 0.5, 0.4, 1.1, 1.2, 1.1, 1.0, 1.0, 4.5, 4.5, 4.5, 4.5, 4.5, 4.2, 3.1, 2.9, 3.1, 3.4, 3.4, 1.9, 1.6, 0.6, 0.3, 1.1, 1.3, 1.3, 1.0, 1.1, 1.1]}, "Gamla banan|18": {"ny": 15, "nx": 18, "lat0": 55.4594541, "lon0": 13.2327222, "dLat": 8.983e-06, "dLon": 1.5844e-05, "slope": [1.8, 1.2, 1.1, 1.0, 1.0, 0.9, 0.6, 0.6, 0.8, 1.1, 1.8, 2.8, 2.6, 1.9, 2.5, 2.5, 2.5, 2.5, 2.2, 1.9, 1.2, 1.1, 0.9, 0.6, 0.5, 0.6, 0.6, 0.6, 0.6, 0.9, 1.8, 1.9, 2.5, 2.5, 2.5, 2.3, 2.4, 2.2, 1.9, 1.1, 0.5, 0.3, 0.6, 0.8, 1.0, 1.1, 1.1, 0.8, 0.5, 1.2, 2.4, 2.3, 2.2, 1.2, 2.5, 2.4, 2.1, 1.2, 0.6, 0.5, 0.6, 0.8, 0.9, 1.0, 1.0, 0.9, 0.6, 0.1, 0.8, 0.9, 1.2, 1.2, 1.9, 2.5, 2.1, 1.5, 1.1, 0.8, 0.6, 0.7, 0.8, 0.8, 0.6, 0.6, 0.6, 0.5, 0.7, 1.2, 1.2, 1.2, 1.7, 2.2, 2.1, 1.8, 1.5, 1.1, 0.7, 0.7, 0.8, 0.7, 0.5, 0.6, 0.6, 0.5, 1.0, 1.5, 1.2, 1.2, 1.7, 2.1, 2.2, 2.0, 1.7, 1.4, 1.0, 0.8, 0.7, 0.6, 0.6, 0.8, 0.6, 0.4, 0.9, 1.7, 1.5, 1.6, 2.0, 2.2, 2.4, 2.3, 2.0, 1.6, 1.1, 0.7, 0.6, 0.6, 0.8, 0.9, 0.6, 0.3, 0.8, 1.7, 1.7, 1.7, 2.3, 2.5, 2.6, 2.6, 2.2, 1.7, 1.1, 0.7, 0.6, 0.7, 1.0, 1.1, 0.7, 0.4, 0.8, 1.5, 1.5, 1.6, 2.4, 2.8, 2.9, 2.8, 2.4, 1.7, 1.1, 0.8, 0.6, 0.8, 1.1, 1.2, 0.9, 0.6, 0.8, 1.2, 1.2, 1.5, 2.7, 2.9, 3.1, 3.0, 2.4, 1.7, 1.1, 0.7, 0.5, 0.7, 1.1, 1.3, 1.1, 0.8, 0.5, 0.9, 0.9, 0.9, 2.9, 3.1, 3.2, 3.0, 3.0, 2.0, 0.9, 0.5, 0.6, 1.0, 1.5, 1.7, 1.4, 0.7, 0.6, 0.6, 0.9, 0.9, 3.1, 3.2, 3.2, 3.1, 3.1, 2.0, 0.9, 0.6, 1.2, 1.7, 2.0, 1.9, 1.2, 0.6, 0.5, 0.6, 0.6, 0.8, 3.2, 3.2, 3.2, 3.2, 3.2, 2.1, 0.8, 0.5, 1.2, 1.6, 1.4, 0.9, 0.8, 0.6, 0.5, 0.5, 0.6, 0.6, 3.2, 3.2, 3.2, 3.2, 3.2, 1.2, 0.6, 0.5, 1.4, 1.7, 1.4, 0.9, 0.8, 0.6, 0.5, 0.5, 0.5, 0.6]}, "Nya banan|1": {"ny": 18, "nx": 36, "lat0": 55.4559217, "lon0": 13.2280434, "dLat": 8.983e-06, "dLon": 1.5842e-05, "slope": [1.2, 1.2, 1.2, 1.3, 1.5, 1.5, 1.6, 1.8, 1.5, 0.5, 0.5, 0.5, 1.0, 2.2, 2.9, 3.2, 3.4, 3.2, 3.1, 2.9, 3.0, 3.2, 2.7, 2.2, 2.1, 2.1, 2.5, 2.9, 3.1, 3.0, 2.8, 2.7, 2.4, 2.4, 2.4, 2.5, 1.2, 1.2, 1.2, 1.3, 1.5, 1.5, 1.6, 1.8, 1.8, 1.1, 0.5, 0.5, 0.7, 1.7, 2.8, 3.0, 3.5, 3.4, 3.3, 3.1, 3.0, 3.2, 2.9, 2.4, 2.0, 1.7, 1.9, 2.2, 2.3, 2.3, 2.2, 2.2, 2.4, 2.4, 2.5, 2.4, 1.2, 1.2, 1.2, 1.3, 1.5, 1.5, 1.6, 1.8, 2.0, 1.7, 0.5, 0.5, 0.7, 1.6, 2.8, 2.8, 3.1, 3.5, 3.4, 3.4, 3.6, 3.4, 2.8, 2.2, 1.7, 1.4, 1.4, 1.6, 1.8, 1.9, 1.9, 2.0, 2.3, 2.4, 2.4, 2.4, 1.2, 1.2, 1.2, 1.3, 1.5, 1.5, 1.6, 1.8, 2.0, 1.7, 0.5, 0.5, 0.7, 1.5, 2.5, 2.8, 2.9, 3.4, 3.5, 3.7, 3.5, 2.8, 2.0, 1.4, 0.9, 0.8, 1.0, 1.3, 1.7, 1.9, 2.1, 2.2, 2.3, 2.3, 2.4, 2.4, 1.2, 1.2, 1.2, 1.3, 1.5, 1.5, 1.6, 1.8, 2.0, 1.9, 1.2, 0.5, 0.7, 1.4, 2.3, 2.8, 2.9, 3.4, 3.5, 3.3, 2.6, 1.8, 1.1, 0.7, 0.6, 0.8, 1.2, 1.6, 2.1, 2.4, 2.6, 2.7, 2.6, 2.4, 2.4, 2.5, 1.3, 1.2, 1.2, 1.3, 1.5, 1.5, 1.6, 1.8, 2.0, 2.1, 2.0, 1.3, 0.7, 1.4, 2.3, 2.8, 2.9, 2.9, 2.6, 2.0, 1.3, 0.9, 0.8, 0.9, 1.1, 1.3, 1.7, 2.1, 2.5, 2.8, 3.1, 3.1, 3.0, 2.8, 2.8, 3.0, 1.3, 1.3, 1.2, 1.2, 1.5, 1.5, 1.6, 1.8, 2.0, 2.1, 2.2, 2.1, 1.6, 1.9, 2.3, 2.3, 2.1, 1.8, 1.4, 1.0, 0.9, 1.1, 1.3, 1.6, 1.9, 2.1, 2.4, 2.6, 2.9, 3.2, 3.4, 3.4, 3.3, 3.3, 3.4, 3.7, 1.3, 1.3, 1.3, 1.5, 1.8, 1.8, 1.9, 2.1, 2.3, 2.3, 2.3, 2.2, 2.0, 1.8, 1.5, 1.4, 1.3, 1.4, 1.5, 1.6, 1.7, 1.8, 2.0, 2.3, 2.7, 2.9, 3.1, 3.2, 3.4, 3.6, 3.7, 3.8, 3.8, 3.8, 3.9, 4.3, 1.3, 1.3, 1.6, 2.1, 2.3, 2.3, 2.1, 2.0, 1.8, 1.7, 1.5, 1.2, 1.0, 1.0, 1.2, 1.5, 1.8, 2.1, 2.4, 2.5, 2.5, 2.5, 2.7, 3.0, 3.3, 3.5, 3.7, 3.9, 4.0, 4.1, 4.2, 4.3, 4.3, 4.3, 4.3, 4.7, 1.4, 1.5, 2.1, 2.2, 2.1, 1.9, 1.7, 1.4, 1.1, 1.1, 1.1, 1.1, 1.3, 1.6, 2.1, 2.5, 2.8, 3.0, 3.2, 3.2, 3.1, 3.1, 3.2, 3.5, 3.7, 3.9, 4.1, 4.3, 4.4, 4.4, 4.4, 4.4, 4.4, 4.3, 4.5, 4.9, 2.1, 2.1, 2.4, 2.3, 2.2, 2.2, 2.2, 2.1, 2.2, 2.3, 2.4, 2.5, 2.7, 2.9, 3.1, 3.3, 3.5, 3.6, 3.7, 3.7, 3.6, 3.6, 3.6, 3.8, 3.9, 4.1, 4.2, 4.3, 4.3, 4.1, 4.0, 4.0, 4.0, 4.0, 4.2, 4.7, 2.8, 2.6, 2.7, 2.6, 2.6, 2.7, 2.8, 3.0, 3.2, 3.3, 3.5, 3.6, 3.7, 3.7, 3.7, 3.8, 3.9, 3.9, 3.9, 3.9, 3.8, 3.8, 3.8, 3.9, 3.9, 3.9, 4.0, 3.9, 3.8, 3.6, 3.4, 3.3, 3.4, 3.5, 3.8, 4.0, 2.8, 3.1, 3.0, 2.9, 2.9, 2.9, 2.9, 3.2, 3.5, 3.7, 3.8, 4.0, 4.1, 4.1, 4.1, 4.1, 4.1, 4.0, 3.9, 3.8, 3.7, 3.7, 3.7, 3.7, 3.7, 3.6, 3.4, 3.3, 3.1, 2.9, 2.7, 2.6, 2.7, 3.0, 3.1, 3.8, 3.0, 3.4, 3.2, 3.0, 2.9, 2.9, 2.9, 3.1, 3.4, 3.6, 3.8, 4.0, 4.1, 4.2, 4.4, 4.5, 4.5, 4.3, 4.1, 3.9, 3.7, 3.6, 3.6, 3.5, 3.3, 3.0, 2.7, 2.5, 2.2, 2.1, 2.0, 2.0, 2.2, 2.2, 3.0, 3.1, 3.6, 3.6, 3.4, 3.1, 3.0, 3.0, 3.0, 3.1, 3.3, 3.5, 3.8, 4.1, 4.2, 4.4, 4.6, 4.9, 4.9, 4.8, 4.6, 4.4, 4.0, 3.7, 3.5, 3.2, 2.8, 2.4, 2.0, 1.7, 1.5, 1.4, 1.4, 1.4, 2.2, 2.2, 2.2, 2.9, 3.6, 3.6, 3.6, 3.2, 3.2, 3.2, 3.2, 3.2, 3.4, 3.7, 4.0, 4.2, 4.4, 4.7, 5.0, 5.3, 5.4, 5.4, 5.4, 5.2, 4.7, 4.1, 3.5, 2.9, 2.3, 1.9, 1.5, 1.1, 0.9, 0.9, 1.4, 1.4, 2.1, 2.2, 2.2, 2.2, 3.6, 3.6, 3.6, 3.3, 3.4, 3.4, 3.4, 3.4, 3.6, 3.8, 4.0, 4.3, 4.5, 4.8, 5.1, 5.4, 5.6, 5.6, 5.6, 5.4, 5.6, 4.7, 3.7, 3.5, 2.3, 1.8, 1.4, 1.1, 0.9, 0.9, 1.4, 1.4, 1.4, 2.2, 2.2, 2.2, 3.6, 3.6, 3.5, 3.4, 3.4, 3.4, 3.4, 3.4, 3.6, 3.8, 4.0, 4.3, 4.5, 4.8, 5.1, 5.4, 5.5, 5.6, 5.6, 5.7, 5.8, 4.9, 3.8, 3.6, 2.4, 1.8, 1.4, 1.1, 0.9, 0.9, 0.9, 1.4, 1.4, 2.1, 2.2, 2.2]}, "Nya banan|2": {"ny": 24, "nx": 23, "lat0": 55.4559551, "lon0": 13.2256686, "dLat": 8.983e-06, "dLon": 1.5842e-05, "slope": [1.8, 1.7, 1.7, 1.6, 1.7, 2.0, 2.2, 2.6, 2.9, 3.2, 3.5, 3.5, 3.6, 4.1, 5.5, 5.6, 5.3, 5.0, 4.9, 4.5, 4.5, 4.4, 4.0, 1.8, 1.8, 1.7, 1.7, 1.7, 1.9, 2.3, 2.7, 3.0, 3.4, 3.8, 4.2, 4.6, 5.0, 5.5, 5.6, 5.4, 5.1, 4.9, 4.5, 4.4, 4.0, 3.4, 1.8, 1.8, 1.8, 1.8, 1.9, 2.2, 2.5, 2.8, 3.1, 3.5, 3.8, 4.2, 4.6, 5.1, 5.6, 6.0, 5.9, 5.5, 4.9, 4.4, 4.1, 3.4, 3.3, 1.8, 1.8, 1.8, 1.9, 2.1, 2.4, 2.7, 2.9, 3.1, 3.5, 3.8, 4.0, 4.3, 4.6, 5.1, 5.4, 5.5, 5.1, 4.5, 3.8, 3.3, 3.2, 3.0, 1.7, 1.7, 1.8, 2.0, 2.2, 2.4, 2.6, 2.7, 2.9, 3.2, 3.5, 3.7, 3.8, 4.1, 4.4, 4.7, 4.9, 4.7, 4.2, 3.5, 2.9, 2.7, 2.4, 1.6, 1.7, 1.9, 2.0, 2.1, 2.2, 2.2, 2.3, 2.4, 2.7, 3.0, 3.2, 3.3, 3.5, 3.7, 4.0, 4.3, 4.4, 4.1, 3.5, 2.9, 2.5, 2.5, 1.6, 1.6, 1.9, 1.9, 1.9, 1.8, 1.8, 1.9, 1.9, 2.1, 2.3, 2.5, 2.6, 2.9, 3.2, 3.5, 3.8, 4.1, 4.1, 3.8, 3.3, 2.9, 2.7, 1.6, 1.7, 1.9, 1.8, 1.6, 1.6, 1.7, 1.7, 1.7, 1.7, 1.7, 1.8, 2.0, 2.3, 2.8, 3.2, 3.6, 3.9, 4.0, 3.9, 3.7, 3.5, 3.2, 1.6, 1.8, 2.0, 1.8, 1.7, 1.7, 1.7, 1.7, 1.6, 1.4, 1.3, 1.3, 1.4, 1.7, 2.3, 2.9, 3.5, 3.8, 3.8, 3.9, 3.9, 3.8, 3.6, 1.6, 1.9, 2.1, 2.0, 1.8, 1.8, 1.8, 1.6, 1.5, 1.4, 1.3, 1.2, 1.2, 1.3, 1.7, 2.5, 3.2, 3.6, 3.6, 3.8, 4.0, 4.0, 3.9, 1.5, 1.8, 2.1, 2.0, 1.8, 1.8, 1.7, 1.5, 1.4, 1.4, 1.4, 1.3, 1.2, 1.2, 1.5, 2.0, 2.7, 3.2, 3.4, 3.7, 3.9, 4.1, 4.1, 1.3, 1.7, 2.0, 1.9, 1.7, 1.7, 1.6, 1.5, 1.6, 1.6, 1.6, 1.5, 1.4, 1.4, 1.4, 1.7, 2.3, 2.8, 3.1, 3.5, 3.8, 4.1, 4.2, 1.1, 1.5, 1.9, 1.9, 1.7, 1.6, 1.6, 1.7, 1.8, 1.9, 1.8, 1.6, 1.5, 1.5, 1.5, 1.6, 1.9, 2.3, 2.7, 3.2, 3.7, 3.7, 4.0, 1.0, 1.5, 1.9, 1.9, 1.7, 1.7, 1.7, 1.9, 1.9, 1.8, 1.6, 1.4, 1.4, 1.5, 1.5, 1.4, 1.6, 1.9, 2.3, 2.9, 3.5, 3.7, 3.7, 1.2, 1.5, 1.9, 1.9, 1.8, 1.7, 1.8, 1.8, 1.7, 1.4, 1.1, 0.9, 1.1, 1.3, 1.3, 1.3, 1.5, 1.7, 2.1, 2.7, 2.8, 3.4, 3.7, 1.2, 1.6, 2.0, 2.0, 1.8, 1.7, 1.7, 1.6, 1.3, 0.9, 0.6, 0.6, 0.8, 1.1, 1.1, 1.2, 1.4, 1.7, 2.2, 2.3, 2.7, 2.8, 3.4, 1.7, 1.9, 2.0, 1.9, 1.8, 1.7, 1.6, 1.3, 1.0, 0.7, 0.5, 0.6, 0.8, 1.0, 1.2, 1.4, 1.6, 2.1, 2.2, 2.4, 2.3, 2.7, 2.8, 2.1, 2.1, 2.0, 1.9, 1.8, 1.7, 1.5, 1.2, 0.9, 0.8, 0.8, 1.0, 1.1, 1.3, 1.5, 1.8, 2.2, 3.0, 3.1, 3.1, 2.5, 2.5, 2.7, 2.1, 2.1, 2.1, 1.9, 1.8, 1.7, 1.5, 1.3, 1.2, 1.3, 1.4, 1.6, 1.8, 1.9, 2.1, 2.5, 3.1, 3.2, 3.1, 3.1, 3.1, 3.1, 2.6, 2.1, 2.1, 2.1, 2.0, 1.9, 1.8, 1.6, 1.6, 1.7, 1.9, 2.1, 2.2, 2.3, 2.5, 2.7, 3.3, 3.5, 3.4, 3.3, 3.1, 3.1, 3.1, 3.1, 2.1, 2.1, 2.0, 2.0, 2.0, 1.9, 1.8, 1.9, 2.1, 2.4, 2.5, 2.5, 2.6, 2.8, 3.3, 4.3, 4.5, 4.5, 3.7, 3.5, 3.2, 3.1, 3.1, 2.1, 2.0, 2.0, 2.0, 2.0, 1.9, 2.0, 2.2, 2.4, 2.6, 2.6, 2.6, 2.8, 3.2, 4.1, 4.4, 4.5, 4.5, 4.5, 4.5, 3.8, 3.4, 3.2, 2.0, 2.0, 2.0, 2.0, 2.0, 2.0, 2.1, 2.2, 2.6, 2.8, 2.8, 2.9, 3.2, 3.3, 4.0, 4.4, 4.4, 4.5, 4.5, 4.5, 4.5, 4.5, 3.8, 2.0, 2.0, 2.0, 2.0, 2.0, 2.1, 2.1, 2.5, 2.8, 2.9, 2.8, 2.9, 3.2, 3.3, 4.0, 4.3, 4.4, 4.4, 4.5, 4.5, 4.5, 4.5, 4.5]}, "Nya banan|3": {"ny": 19, "nx": 28, "lat0": 55.4578081, "lon0": 13.228084, "dLat": 8.983e-06, "dLon": 1.5843e-05, "slope": [11.0, 11.7, 11.7, 11.7, 11.6, 11.3, 11.7, 12.4, 12.8, 12.8, 12.4, 10.5, 7.9, 8.0, 8.1, 7.9, 7.6, 7.1, 5.5, 4.9, 3.9, 3.2, 2.8, 2.6, 2.6, 2.6, 2.5, 2.5, 10.9, 11.4, 11.7, 11.7, 11.6, 11.3, 11.7, 12.4, 12.8, 12.8, 12.2, 9.3, 7.4, 7.9, 8.0, 8.1, 8.0, 7.2, 5.4, 4.2, 3.5, 3.2, 2.9, 2.8, 2.7, 2.6, 2.5, 2.5, 10.8, 11.0, 11.7, 11.7, 11.6, 11.3, 11.7, 12.4, 12.8, 12.8, 12.0, 8.3, 7.1, 7.4, 7.9, 8.0, 7.8, 6.0, 4.5, 3.6, 3.2, 3.0, 3.0, 2.9, 2.9, 2.8, 2.6, 2.6, 10.8, 10.9, 11.3, 11.7, 11.6, 11.3, 11.7, 12.4, 12.8, 12.4, 10.1, 8.4, 7.4, 7.1, 7.4, 7.6, 6.1, 4.7, 3.8, 3.2, 3.0, 2.9, 2.9, 2.9, 2.8, 2.7, 2.6, 2.5, 10.9, 10.8, 10.8, 10.3, 11.6, 11.3, 11.7, 12.3, 12.8, 12.3, 9.1, 8.5, 7.4, 6.6, 6.9, 5.8, 4.6, 3.9, 3.4, 3.0, 2.8, 2.8, 2.8, 2.7, 2.6, 2.6, 2.7, 2.8, 11.1, 10.9, 10.6, 8.5, 9.3, 8.9, 9.1, 9.7, 10.2, 10.2, 9.1, 8.5, 7.5, 6.2, 5.4, 4.4, 3.8, 3.4, 3.1, 2.8, 2.7, 2.6, 2.6, 2.6, 2.5, 2.6, 2.7, 2.9, 11.1, 11.0, 9.1, 6.9, 5.8, 5.5, 5.7, 6.2, 6.6, 7.0, 7.2, 6.8, 6.0, 5.0, 4.2, 3.8, 3.5, 3.2, 2.9, 2.6, 2.5, 2.4, 2.4, 2.4, 2.4, 2.5, 2.6, 2.7, 10.9, 9.8, 6.4, 4.6, 4.0, 3.8, 3.9, 4.2, 4.5, 4.8, 5.1, 5.1, 4.8, 4.3, 3.9, 3.5, 3.2, 2.9, 2.7, 2.5, 2.3, 2.3, 2.2, 2.2, 2.2, 2.2, 2.3, 2.4, 10.7, 7.6, 4.7, 3.5, 3.1, 3.0, 3.2, 3.4, 3.6, 3.8, 4.1, 4.3, 4.4, 4.3, 4.0, 3.5, 3.0, 2.7, 2.4, 2.3, 2.3, 2.2, 2.2, 2.0, 2.0, 1.9, 1.9, 2.0, 10.1, 5.9, 3.6, 2.8, 2.7, 2.7, 3.0, 3.3, 3.5, 3.6, 3.8, 4.1, 4.4, 4.5, 4.2, 3.7, 3.0, 2.5, 2.3, 2.2, 2.2, 2.2, 2.1, 1.8, 1.6, 1.5, 1.5, 1.5, 8.4, 4.8, 2.9, 2.4, 2.4, 2.4, 2.8, 3.2, 3.4, 3.6, 3.8, 4.1, 4.5, 4.7, 4.5, 4.0, 3.3, 2.7, 2.3, 2.1, 2.0, 2.1, 1.9, 1.7, 1.4, 1.2, 1.1, 1.1, 7.3, 4.1, 2.5, 2.1, 2.1, 2.2, 2.5, 3.0, 3.3, 3.5, 3.8, 4.1, 4.6, 4.8, 4.7, 4.2, 3.5, 2.9, 2.4, 2.2, 2.0, 2.1, 2.0, 1.7, 1.5, 1.3, 1.1, 1.1, 6.4, 3.6, 2.2, 1.8, 1.8, 1.8, 2.1, 2.6, 3.0, 3.3, 3.6, 4.1, 4.5, 4.9, 4.8, 4.4, 3.7, 3.1, 2.7, 2.4, 2.2, 2.2, 2.2, 2.0, 1.8, 1.6, 1.6, 1.1, 6.1, 3.3, 1.9, 1.6, 1.5, 1.4, 1.7, 2.1, 2.6, 2.9, 3.4, 3.8, 4.3, 4.7, 4.8, 4.6, 4.1, 3.7, 3.4, 3.1, 3.0, 3.0, 3.0, 2.8, 2.6, 2.6, 1.7, 1.6, 4.7, 3.0, 1.8, 1.5, 1.4, 1.3, 1.4, 1.8, 2.1, 2.5, 2.9, 3.5, 4.1, 4.2, 4.8, 4.6, 4.2, 3.8, 3.5, 5.9, 6.2, 6.2, 6.1, 6.2, 2.9, 2.6, 2.6, 1.8, 2.7, 2.7, 1.8, 1.6, 1.5, 1.4, 1.5, 1.7, 1.8, 2.1, 2.3, 3.3, 4.0, 4.1, 4.7, 4.7, 4.2, 3.8, 5.8, 6.5, 6.4, 6.4, 6.2, 6.2, 3.1, 2.6, 2.6, 2.6, 2.8, 2.8, 2.0, 1.7, 1.6, 1.6, 1.7, 1.8, 1.8, 2.0, 2.0, 3.2, 4.0, 4.1, 4.2, 4.6, 4.2, 5.8, 6.5, 6.5, 6.4, 6.4, 6.2, 6.2, 6.2, 3.1, 2.6, 2.6, 2.8, 2.5, 2.0, 1.6, 1.5, 1.6, 1.8, 1.9, 1.8, 2.0, 2.0, 2.4, 3.7, 4.1, 4.1, 4.5, 4.2, 6.1, 6.5, 6.5, 6.4, 6.4, 6.2, 6.2, 6.2, 3.4, 2.6, 2.6, 2.5, 2.0, 1.7, 1.5, 1.4, 1.4, 1.8, 1.9, 1.9, 2.0, 2.0, 2.0, 3.6, 4.1, 4.1, 4.1, 4.2, 6.0, 6.5, 6.5, 6.4, 6.4, 6.2, 6.2, 6.2, 6.2, 3.3, 2.6]}, "Nya banan|4": {"ny": 33, "nx": 18, "lat0": 55.4560998, "lon0": 13.2245278, "dLat": 8.983e-06, "dLon": 1.5842e-05, "slope": [2.1, 2.1, 2.4, 2.6, 2.6, 2.8, 3.0, 3.0, 2.9, 2.9, 3.0, 3.1, 3.2, 3.2, 3.1, 3.1, 3.1, 2.9, 2.2, 2.1, 2.1, 2.4, 2.6, 2.7, 2.9, 2.9, 2.8, 2.8, 2.9, 3.1, 3.2, 3.1, 3.1, 3.0, 2.9, 2.9, 2.6, 2.2, 2.1, 2.1, 2.1, 2.3, 2.6, 2.7, 2.8, 2.9, 3.0, 3.0, 3.1, 3.0, 3.0, 2.9, 2.9, 2.9, 3.0, 2.6, 2.0, 1.8, 1.9, 2.1, 2.4, 2.6, 2.8, 2.9, 3.0, 3.0, 3.0, 3.0, 2.9, 2.9, 2.9, 2.9, 3.1, 2.7, 2.1, 1.9, 2.0, 2.2, 2.3, 2.5, 2.7, 2.8, 2.9, 2.8, 2.7, 2.7, 2.8, 2.8, 2.8, 2.8, 3.3, 3.1, 2.6, 2.3, 2.3, 2.3, 2.4, 2.5, 2.6, 2.7, 2.7, 2.6, 2.4, 2.5, 2.6, 2.6, 2.6, 2.6, 3.6, 3.5, 3.1, 2.9, 2.7, 2.6, 2.5, 2.5, 2.5, 2.6, 2.6, 2.5, 2.4, 2.5, 2.6, 2.6, 2.6, 2.7, 3.6, 3.6, 3.4, 3.3, 3.0, 2.8, 2.6, 2.5, 2.5, 2.6, 2.6, 2.6, 2.6, 2.7, 2.8, 2.8, 2.9, 2.9, 3.3, 3.3, 3.5, 3.5, 3.3, 3.0, 2.8, 2.6, 2.5, 2.5, 2.6, 2.6, 2.7, 2.9, 3.1, 3.1, 3.2, 3.4, 3.5, 3.4, 3.2, 3.5, 3.4, 3.1, 2.9, 2.7, 2.6, 2.5, 2.5, 2.5, 2.7, 3.0, 3.3, 3.4, 4.0, 4.9, 4.5, 4.1, 2.9, 3.3, 3.3, 3.2, 3.0, 2.8, 2.7, 2.5, 2.4, 2.3, 2.5, 2.9, 3.4, 4.0, 4.9, 4.9, 4.8, 4.3, 2.7, 3.1, 3.1, 3.0, 2.8, 2.7, 2.7, 2.6, 2.4, 2.3, 2.4, 2.8, 3.8, 5.0, 5.0, 5.0, 3.0, 2.8, 2.5, 2.8, 3.0, 2.8, 2.6, 2.5, 2.6, 2.6, 2.5, 2.4, 2.5, 2.9, 3.9, 4.9, 5.1, 5.1, 2.4, 2.4, 2.4, 2.5, 2.8, 2.7, 2.5, 2.4, 2.6, 2.7, 2.7, 2.6, 2.7, 3.2, 3.8, 4.0, 4.9, 5.1, 2.5, 2.5, 2.4, 2.0, 2.5, 2.5, 2.3, 2.3, 2.5, 2.6, 2.7, 2.7, 2.9, 3.3, 3.8, 3.8, 4.0, 4.8, 2.7, 2.7, 2.6, 1.7, 2.1, 2.1, 2.1, 2.3, 2.4, 2.5, 2.6, 2.7, 2.8, 3.2, 3.7, 3.7, 3.7, 3.7, 2.6, 2.6, 2.5, 1.5, 1.8, 1.8, 2.0, 2.2, 2.4, 2.4, 2.4, 2.5, 2.7, 3.0, 3.6, 3.6, 3.6, 3.8, 5.7, 5.5, 2.3, 1.7, 1.8, 1.8, 2.0, 2.2, 2.3, 2.3, 2.3, 2.4, 2.6, 3.0, 3.6, 3.6, 3.9, 4.8, 6.7, 6.4, 2.3, 2.0, 2.0, 1.9, 2.0, 2.1, 2.1, 2.2, 2.3, 2.4, 2.7, 3.1, 3.7, 3.9, 4.8, 4.8, 7.3, 5.3, 2.4, 2.3, 2.3, 2.1, 2.0, 2.1, 2.2, 2.3, 2.4, 2.6, 2.8, 3.1, 3.7, 4.7, 4.7, 4.7, 7.5, 3.9, 2.3, 2.4, 2.3, 2.2, 2.2, 2.4, 2.5, 2.6, 2.7, 2.7, 2.7, 2.8, 3.1, 4.1, 4.1, 4.0, 5.4, 2.8, 2.1, 2.1, 2.2, 2.3, 2.5, 2.8, 3.0, 3.0, 2.8, 2.7, 2.5, 2.3, 2.4, 3.3, 3.3, 3.4, 3.7, 2.3, 1.9, 1.9, 2.1, 2.4, 2.8, 3.1, 3.2, 3.0, 2.8, 2.5, 2.2, 1.9, 1.9, 2.7, 2.8, 3.4, 3.3, 2.3, 2.0, 1.9, 2.1, 2.5, 2.9, 3.2, 3.1, 2.9, 2.6, 2.3, 2.0, 1.7, 1.7, 2.2, 3.2, 3.3, 3.3, 2.5, 2.3, 2.2, 2.3, 2.6, 2.9, 2.9, 2.8, 2.5, 2.3, 2.1, 1.9, 1.7, 1.7, 2.0, 2.7, 2.7, 2.9, 2.7, 2.8, 2.8, 2.7, 2.7, 2.7, 2.5, 2.3, 2.1, 2.0, 2.0, 2.0, 1.8, 1.7, 1.8, 2.3, 2.4, 2.9, 2.9, 3.2, 3.3, 3.1, 2.8, 2.5, 2.2, 1.9, 1.7, 1.8, 1.9, 2.0, 1.9, 1.7, 1.8, 2.2, 2.2, 2.9, 2.9, 3.2, 3.4, 3.2, 2.8, 2.4, 2.0, 1.7, 1.5, 1.6, 1.8, 1.9, 1.8, 1.6, 1.7, 2.0, 2.2, 2.9, 2.9, 2.9, 3.0, 2.9, 2.6, 2.2, 1.9, 1.6, 1.4, 1.5, 1.8, 1.9, 1.7, 1.4, 1.5, 1.5, 1.9, 2.6, 2.5, 2.5, 2.6, 2.5, 2.3, 2.0, 1.8, 1.5, 1.3, 1.5, 1.8, 2.0, 1.8, 1.4, 1.4, 1.3, 1.3, 2.4, 2.4, 2.4, 2.3, 2.3, 2.2, 2.0, 1.8, 1.5, 1.4, 1.6, 2.0, 2.2, 2.1, 1.7, 1.6, 1.4, 1.3, 2.4, 2.4, 2.3, 2.2, 2.3, 2.2, 2.0, 1.8, 1.6, 1.6, 1.8, 2.2, 2.5, 2.5, 2.4, 1.9, 1.6, 1.4, 2.4, 2.3, 2.2, 2.2, 2.2, 2.1, 2.0, 1.8, 1.7, 1.6, 1.8, 2.2, 2.5, 2.5, 2.4, 2.4, 1.9, 1.6]}, "Nya banan|5": {"ny": 26, "nx": 25, "lat0": 55.4578375, "lon0": 13.2253176, "dLat": 8.983e-06, "dLon": 1.5843e-05, "slope": [2.6, 2.6, 2.5, 2.5, 2.5, 2.4, 2.2, 1.7, 1.4, 1.3, 1.7, 2.0, 2.2, 2.2, 1.9, 1.6, 1.6, 1.6, 1.6, 1.8, 1.9, 2.0, 2.1, 2.2, 2.2, 2.6, 2.6, 2.6, 2.5, 2.5, 2.5, 2.5, 2.4, 2.1, 1.8, 1.8, 1.9, 1.9, 1.7, 1.6, 1.5, 1.6, 1.6, 1.7, 1.9, 1.9, 2.0, 2.2, 2.2, 2.2, 2.6, 2.6, 2.6, 2.6, 2.6, 2.7, 2.7, 2.7, 2.5, 2.2, 2.0, 2.0, 1.7, 1.1, 0.8, 1.1, 1.6, 1.7, 1.9, 1.9, 1.9, 2.0, 2.2, 2.2, 2.2, 2.6, 2.6, 2.6, 2.6, 2.5, 2.6, 2.6, 2.6, 2.5, 2.4, 2.1, 1.9, 1.5, 0.9, 0.5, 0.9, 1.6, 1.9, 1.9, 1.9, 1.9, 2.0, 2.2, 2.2, 2.1, 2.6, 2.6, 2.6, 2.5, 2.4, 2.4, 2.4, 2.4, 2.5, 2.4, 2.2, 1.8, 1.4, 1.0, 0.9, 1.3, 1.6, 1.7, 1.8, 1.9, 1.9, 2.0, 2.2, 2.1, 1.7, 2.5, 2.5, 2.5, 2.5, 2.4, 2.3, 2.4, 2.4, 2.5, 2.5, 2.3, 1.9, 1.5, 1.2, 1.3, 1.7, 1.9, 1.9, 1.8, 1.7, 1.8, 1.9, 2.0, 1.8, 1.3, 2.4, 2.4, 2.4, 2.5, 2.4, 2.4, 2.5, 2.6, 2.7, 2.7, 2.6, 2.3, 1.9, 1.6, 1.7, 1.9, 2.2, 2.3, 2.2, 2.0, 1.7, 1.4, 1.1, 1.1, 1.1, 2.3, 2.3, 2.4, 2.7, 2.7, 2.7, 2.8, 3.0, 3.1, 3.2, 3.2, 3.0, 2.8, 2.6, 2.4, 2.5, 2.6, 2.8, 2.7, 2.4, 2.0, 1.4, 0.9, 0.5, 0.5, 3.9, 3.7, 2.9, 3.3, 3.4, 3.5, 3.6, 3.8, 4.0, 4.3, 4.5, 4.6, 4.6, 4.4, 4.1, 3.8, 3.5, 3.4, 3.3, 2.9, 2.3, 1.7, 1.3, 1.0, 0.8, 4.6, 4.5, 4.2, 4.5, 4.8, 4.9, 5.1, 5.4, 5.8, 6.2, 6.7, 7.0, 7.1, 7.0, 6.5, 5.9, 5.2, 4.6, 4.1, 3.5, 2.8, 2.0, 1.6, 1.3, 1.1, 6.0, 6.1, 6.1, 6.4, 6.7, 6.9, 7.2, 7.6, 8.0, 8.4, 8.7, 8.9, 9.0, 9.0, 8.7, 8.0, 7.1, 6.2, 5.3, 4.4, 3.4, 2.5, 1.8, 1.5, 1.3, 7.8, 7.8, 7.8, 8.0, 8.3, 8.6, 8.9, 9.1, 9.2, 9.2, 9.1, 9.0, 9.0, 9.1, 9.3, 9.3, 8.8, 7.9, 6.8, 5.5, 4.2, 3.1, 2.3, 1.9, 1.7, 8.3, 8.2, 8.1, 8.2, 8.5, 8.7, 8.7, 8.6, 8.4, 8.0, 7.6, 7.2, 7.2, 7.6, 8.4, 9.2, 9.6, 9.4, 8.4, 7.0, 5.3, 3.9, 2.9, 2.5, 2.3, 7.3, 7.2, 7.0, 6.9, 7.0, 7.1, 7.0, 6.7, 6.2, 5.8, 5.4, 5.1, 5.1, 5.6, 6.7, 8.1, 9.4, 10.1, 9.8, 8.6, 6.7, 4.8, 3.5, 3.1, 2.8, 5.1, 5.6, 5.3, 5.2, 5.2, 5.2, 5.0, 4.7, 4.3, 4.0, 3.9, 3.8, 3.9, 4.3, 5.2, 6.6, 8.4, 9.9, 10.7, 10.1, 8.3, 6.0, 4.8, 4.0, 3.2, 4.2, 4.3, 4.1, 4.1, 4.0, 3.9, 3.7, 3.5, 3.2, 3.1, 3.2, 3.2, 3.4, 3.6, 4.1, 5.2, 7.0, 9.0, 10.7, 11.2, 10.0, 8.2, 7.3, 4.9, 4.0, 3.9, 3.7, 3.6, 3.5, 3.5, 3.4, 3.2, 3.0, 2.9, 2.8, 3.0, 3.0, 3.1, 3.2, 3.4, 4.1, 5.5, 7.6, 10.0, 11.5, 11.3, 11.2, 8.3, 7.4, 5.0, 3.7, 3.6, 3.5, 3.5, 3.4, 3.2, 3.1, 3.0, 2.9, 2.8, 2.9, 3.0, 3.0, 2.9, 2.8, 3.2, 4.2, 5.9, 8.4, 10.8, 10.8, 10.9, 11.3, 8.5, 7.4, 3.9, 3.8, 3.8, 3.8, 3.6, 3.4, 3.2, 3.1, 3.0, 2.9, 2.9, 2.9, 2.9, 2.6, 2.3, 2.4, 3.0, 4.3, 6.5, 8.7, 9.5, 9.5, 10.8, 10.8, 8.6, 4.4, 4.2, 4.3, 4.3, 4.1, 3.8, 3.5, 3.3, 3.1, 3.0, 3.0, 2.9, 2.8, 2.5, 2.0, 1.9, 2.3, 3.2, 4.6, 5.0, 8.5, 9.4, 9.5, 9.5, 10.7, 4.5, 4.8, 4.9, 4.8, 4.5, 4.1, 3.7, 3.4, 3.2, 3.1, 3.1, 3.0, 2.8, 2.4, 2.0, 2.0, 2.3, 2.8, 2.9, 4.5, 5.0, 8.3, 9.4, 9.5, 9.5, 5.3, 5.5, 5.3, 5.0, 4.7, 4.3, 3.8, 3.4, 3.1, 3.1, 3.2, 3.1, 2.9, 2.6, 2.4, 2.5, 2.7, 2.7, 2.8, 2.9, 4.4, 5.0, 8.1, 9.4, 9.5, 5.7, 5.7, 5.6, 5.1, 4.6, 4.3, 3.9, 3.4, 3.0, 3.1, 3.4, 3.4, 3.1, 3.0, 3.0, 3.0, 2.8, 2.7, 2.7, 2.8, 2.9, 4.3, 4.9, 7.9, 9.3, 5.7, 5.7, 5.6, 5.1, 4.8, 4.5, 4.2, 3.7, 3.2, 3.3, 3.6, 3.8, 3.8, 3.8, 3.1, 3.0, 2.8, 2.7, 2.7, 2.7, 2.8, 2.9, 4.3, 4.9, 7.7, 5.7, 5.6, 5.6, 5.0, 4.8, 5.1, 5.0, 4.5, 3.9, 3.8, 3.8, 3.8, 3.8, 3.8, 3.1, 3.0, 3.0, 2.8, 2.7, 2.7, 2.7, 2.8, 2.8, 4.2, 4.9, 5.6, 5.6, 5.2, 4.8, 5.1, 5.3, 5.1, 4.6, 4.1, 3.9, 3.8, 3.8, 3.8, 3.8, 3.8, 3.1, 3.0, 2.8, 2.7, 2.7, 2.7, 2.7, 2.8, 2.8, 4.1]}, "Nya banan|6": {"ny": 23, "nx": 24, "lat0": 55.459995, "lon0": 13.2185902, "dLat": 8.983e-06, "dLon": 1.5844e-05, "slope": [1.2, 1.2, 1.2, 1.3, 1.5, 1.6, 1.8, 2.5, 2.8, 3.4, 4.0, 3.8, 3.2, 3.8, 3.8, 3.4, 2.5, 2.3, 1.8, 1.5, 1.0, 1.0, 1.0, 1.0, 1.3, 1.2, 1.2, 1.2, 1.3, 1.6, 1.6, 1.8, 2.0, 2.2, 2.5, 2.8, 3.2, 3.7, 3.4, 2.5, 2.3, 1.8, 1.6, 1.0, 1.0, 1.0, 1.0, 1.2, 1.3, 1.3, 1.2, 1.2, 1.2, 1.3, 1.3, 1.4, 1.5, 1.6, 1.8, 2.0, 2.1, 2.2, 2.4, 2.3, 1.8, 1.6, 1.2, 1.0, 1.0, 1.0, 1.2, 1.5, 1.5, 1.3, 1.3, 1.1, 1.0, 1.0, 1.1, 1.2, 1.3, 1.4, 1.5, 1.7, 1.9, 2.0, 1.9, 1.8, 1.7, 1.3, 1.0, 1.0, 1.0, 1.2, 1.4, 1.6, 1.7, 1.6, 1.3, 1.1, 1.1, 1.1, 1.2, 1.4, 1.4, 1.4, 1.4, 1.6, 1.9, 2.0, 1.9, 1.6, 1.3, 1.2, 1.0, 1.0, 1.1, 1.4, 1.6, 1.9, 1.7, 1.6, 1.4, 1.4, 1.5, 1.6, 1.8, 1.8, 1.8, 1.7, 1.6, 1.8, 2.0, 2.1, 1.9, 1.6, 1.2, 0.9, 1.0, 1.1, 1.4, 1.6, 1.9, 1.9, 2.1, 1.6, 1.5, 1.7, 2.0, 2.2, 2.4, 2.4, 2.3, 2.2, 2.1, 2.2, 2.4, 2.3, 2.1, 1.7, 1.2, 0.8, 0.9, 1.4, 1.6, 1.9, 1.9, 2.1, 2.3, 1.6, 1.7, 2.0, 2.3, 2.6, 2.8, 2.9, 2.9, 2.8, 2.7, 2.7, 2.7, 2.5, 2.1, 1.7, 1.4, 1.1, 1.0, 1.3, 1.9, 1.9, 2.1, 2.4, 2.3, 1.7, 1.8, 2.0, 2.3, 2.6, 2.9, 3.0, 3.0, 3.0, 2.9, 2.8, 2.6, 2.3, 1.9, 1.6, 1.4, 1.4, 1.5, 1.6, 2.0, 2.0, 2.4, 2.4, 2.1, 1.9, 1.9, 2.1, 2.3, 2.5, 2.6, 2.6, 2.7, 2.7, 2.6, 2.5, 2.2, 1.9, 1.6, 1.5, 1.5, 1.7, 1.9, 2.1, 2.3, 2.4, 2.4, 2.4, 2.0, 2.0, 2.0, 2.1, 2.3, 2.4, 2.4, 2.3, 2.3, 2.3, 2.2, 2.1, 1.9, 1.6, 1.5, 1.5, 1.7, 1.8, 2.0, 2.2, 2.4, 2.5, 2.5, 2.5, 2.1, 2.2, 2.2, 2.2, 2.3, 2.4, 2.3, 2.1, 2.0, 1.9, 1.9, 1.9, 1.8, 1.7, 1.7, 1.7, 1.7, 1.8, 2.0, 2.2, 2.4, 2.5, 2.5, 2.5, 2.2, 2.2, 2.2, 2.2, 2.3, 2.3, 2.3, 2.0, 1.7, 1.6, 1.6, 1.6, 1.7, 1.7, 1.8, 1.8, 1.7, 1.8, 1.9, 2.2, 2.4, 2.5, 2.5, 2.5, 2.2, 2.2, 2.2, 2.1, 2.2, 2.3, 2.2, 1.9, 1.5, 1.3, 1.2, 1.3, 1.4, 1.6, 1.6, 1.6, 1.6, 1.7, 1.8, 2.0, 2.2, 2.3, 2.3, 2.3, 2.2, 2.2, 2.1, 2.2, 2.2, 2.3, 2.2, 1.8, 1.4, 1.2, 1.1, 1.1, 1.2, 1.2, 1.3, 1.4, 1.5, 1.6, 1.8, 2.0, 2.2, 2.2, 2.1, 2.1, 2.2, 2.1, 2.2, 2.2, 2.3, 2.4, 2.3, 1.8, 1.4, 1.2, 1.1, 1.1, 1.0, 1.0, 1.2, 1.4, 1.6, 1.7, 1.9, 2.1, 2.2, 2.1, 2.0, 2.0, 2.1, 2.2, 2.2, 2.3, 2.4, 2.3, 2.3, 2.1, 1.6, 1.3, 1.1, 1.0, 0.9, 0.9, 1.2, 1.5, 1.7, 1.9, 2.1, 2.2, 2.2, 2.1, 1.9, 1.9, 2.2, 2.2, 2.3, 2.4, 2.3, 2.3, 2.1, 2.1, 1.8, 1.3, 1.0, 0.7, 0.7, 0.9, 1.3, 1.6, 1.8, 2.0, 2.1, 2.2, 2.1, 2.0, 1.9, 1.9, 2.2, 2.3, 2.4, 2.3, 2.3, 2.1, 2.1, 1.8, 1.7, 1.2, 0.7, 0.4, 0.5, 0.9, 1.4, 1.7, 1.8, 1.9, 1.9, 2.0, 2.0, 1.9, 1.9, 1.9, 2.3, 2.4, 2.3, 2.3, 2.2, 2.1, 1.8, 1.7, 1.3, 1.1, 0.7, 0.4, 0.4, 0.9, 1.5, 1.9, 1.9, 1.8, 1.8, 1.7, 1.7, 1.7, 1.8, 1.8, 2.4, 2.3, 2.3, 2.2, 2.1, 1.8, 1.7, 1.3, 1.1, 1.1, 0.5, 0.3, 0.6, 1.0, 1.6, 2.0, 2.0, 1.9, 1.7, 1.6, 1.6, 1.6, 1.7, 1.8, 2.3, 2.3, 2.2, 2.1, 1.9, 1.7, 1.3, 1.1, 1.1, 0.6, 0.3, 0.5, 0.7, 1.2, 1.7, 2.0, 2.0, 1.9, 1.7, 1.6, 1.6, 1.6, 1.6, 1.7, 2.3, 2.2, 2.1, 1.9, 1.7, 1.3, 1.1, 1.1, 1.1, 0.6, 0.5, 0.7, 1.2, 1.5, 1.7, 1.9, 2.0, 1.9, 1.7, 1.7, 1.7, 1.7, 1.7, 1.6]}, "Nya banan|7": {"ny": 31, "nx": 24, "lat0": 55.4600546, "lon0": 13.2207853, "dLat": 8.983e-06, "dLon": 1.5844e-05, "slope": [4.1, 4.0, 4.3, 4.9, 4.8, 4.8, 5.9, 5.8, 5.9, 5.8, 5.5, 5.0, 4.4, 4.0, 3.8, 2.6, 2.3, 1.0, 1.0, 1.0, 0.8, 0.5, 0.5, 0.6, 4.1, 4.1, 4.0, 4.3, 4.8, 4.3, 4.3, 4.2, 4.2, 4.1, 3.8, 3.5, 3.2, 3.0, 2.9, 2.6, 2.3, 1.0, 1.0, 0.8, 0.5, 0.5, 0.6, 0.6, 4.9, 4.1, 4.1, 4.0, 3.6, 3.2, 3.1, 3.2, 3.3, 3.3, 3.1, 2.9, 2.7, 2.7, 2.6, 2.2, 1.6, 1.0, 0.9, 0.4, 0.5, 0.6, 0.6, 0.6, 5.4, 4.9, 4.0, 3.0, 2.5, 2.5, 2.6, 2.8, 2.9, 3.0, 2.8, 2.6, 2.6, 2.5, 2.3, 1.9, 1.2, 0.7, 0.5, 0.5, 0.6, 0.6, 0.6, 0.7, 6.5, 5.3, 3.4, 2.4, 2.2, 2.3, 2.4, 2.6, 2.8, 2.8, 2.7, 2.6, 2.5, 2.3, 2.0, 1.5, 1.0, 0.7, 0.6, 0.6, 0.6, 0.6, 0.8, 0.8, 7.0, 4.6, 3.1, 2.5, 2.3, 2.3, 2.4, 2.5, 2.6, 2.7, 2.7, 2.6, 2.5, 2.2, 1.7, 1.2, 0.8, 0.7, 0.8, 0.8, 0.8, 0.8, 0.8, 0.8, 6.1, 4.0, 3.1, 2.8, 2.6, 2.5, 2.4, 2.5, 2.6, 2.6, 2.6, 2.6, 2.5, 2.1, 1.6, 1.0, 0.8, 0.9, 1.0, 0.9, 0.8, 0.8, 0.8, 0.8, 5.2, 3.8, 3.2, 2.9, 2.8, 2.6, 2.4, 2.5, 2.6, 2.6, 2.6, 2.6, 2.4, 2.0, 1.5, 1.0, 0.9, 1.0, 1.1, 1.0, 0.9, 0.9, 0.9, 0.9, 4.8, 3.7, 3.2, 3.0, 2.9, 2.7, 2.5, 2.6, 2.7, 2.7, 2.6, 2.5, 2.3, 2.0, 1.5, 1.2, 1.1, 1.1, 1.2, 1.1, 1.0, 1.1, 1.1, 1.1, 4.8, 3.7, 3.3, 3.1, 3.0, 2.7, 2.5, 2.6, 2.8, 2.8, 2.7, 2.5, 2.3, 2.0, 1.7, 1.4, 1.3, 1.3, 1.3, 1.2, 1.2, 1.2, 1.3, 1.3, 4.1, 3.7, 3.3, 3.2, 3.1, 2.8, 2.5, 2.5, 2.7, 2.9, 2.9, 2.7, 2.5, 2.2, 1.9, 1.6, 1.5, 1.5, 1.4, 1.2, 1.4, 1.5, 1.5, 1.5, 3.7, 3.7, 3.4, 3.2, 3.1, 2.8, 2.5, 2.4, 2.6, 2.9, 3.0, 2.9, 2.7, 2.4, 2.1, 1.9, 1.7, 1.7, 1.6, 1.3, 1.7, 1.7, 1.7, 1.8, 3.7, 3.5, 3.4, 3.2, 3.0, 2.8, 2.4, 2.3, 2.6, 2.8, 3.0, 3.0, 2.9, 2.6, 2.3, 2.1, 2.0, 1.9, 1.7, 1.2, 1.7, 1.9, 1.9, 1.9, 3.5, 3.4, 3.2, 3.1, 3.0, 2.7, 2.5, 2.5, 2.6, 2.9, 3.0, 3.1, 3.0, 2.8, 2.5, 2.3, 2.2, 2.1, 1.7, 1.1, 0.9, 1.7, 1.9, 1.9, 3.4, 3.3, 3.1, 3.0, 2.9, 2.8, 2.7, 2.7, 2.9, 3.0, 3.1, 3.1, 3.0, 2.8, 2.6, 2.4, 2.3, 2.1, 1.7, 1.0, 1.0, 1.6, 1.8, 1.8, 3.3, 3.1, 3.0, 2.9, 2.9, 2.8, 2.9, 3.0, 3.1, 3.2, 3.2, 3.2, 3.1, 2.9, 2.6, 2.4, 2.3, 2.2, 1.8, 1.1, 1.5, 1.7, 1.7, 1.8, 3.2, 3.0, 2.9, 2.9, 2.8, 2.9, 2.9, 3.1, 3.3, 3.4, 3.4, 3.3, 3.2, 2.9, 2.6, 2.4, 2.4, 2.3, 2.0, 1.3, 1.3, 1.3, 1.5, 2.0, 3.0, 2.9, 2.9, 2.8, 2.9, 2.9, 3.1, 3.2, 3.4, 3.6, 3.6, 3.5, 3.3, 3.0, 2.7, 2.5, 2.4, 2.3, 2.1, 1.5, 1.1, 1.2, 1.9, 2.2, 2.9, 2.9, 2.8, 2.9, 2.9, 3.0, 3.2, 3.4, 3.5, 3.7, 3.8, 3.7, 3.5, 3.2, 2.8, 2.5, 2.4, 2.3, 2.1, 1.7, 1.2, 1.7, 1.9, 1.9, 2.9, 2.8, 2.9, 2.9, 3.0, 3.1, 3.4, 3.7, 3.9, 3.9, 4.0, 4.1, 3.9, 3.5, 3.0, 2.6, 2.4, 2.3, 2.1, 1.8, 1.4, 1.1, 1.0, 1.1, 2.8, 2.9, 2.9, 3.0, 3.1, 3.5, 3.8, 3.9, 3.9, 3.9, 4.1, 4.4, 4.3, 3.8, 3.1, 2.7, 2.4, 2.3, 2.1, 1.8, 1.4, 0.7, 0.5, 0.9, 2.9, 2.9, 3.0, 3.5, 3.7, 3.8, 3.9, 3.9, 4.2, 4.4, 4.4, 4.7, 4.7, 4.0, 3.2, 2.7, 2.4, 2.2, 2.0, 1.7, 1.3, 0.6, 0.7, 0.9, 2.9, 3.0, 3.4, 3.8, 3.9, 3.9, 4.2, 4.4, 4.5, 4.5, 4.5, 4.9, 4.9, 4.2, 3.2, 2.6, 2.3, 2.2, 1.9, 1.6, 1.2, 0.8, 0.5, 0.4, 3.3, 3.6, 3.8, 4.2, 4.4, 4.4, 4.5, 4.6, 4.6, 4.6, 4.6, 4.8, 5.0, 4.3, 3.3, 2.6, 2.4, 2.3, 2.0, 1.6, 1.3, 0.9, 0.4, 0.2, 4.0, 4.3, 4.4, 4.5, 4.6, 4.6, 4.6, 4.6, 4.6, 4.7, 4.8, 4.9, 5.0, 4.6, 3.7, 3.0, 2.7, 2.5, 2.2, 1.8, 1.4, 1.1, 0.7, 0.4, 4.4, 4.6, 4.6, 4.6, 4.6, 4.6, 4.6, 4.7, 4.8, 4.8, 4.9, 4.9, 5.0, 4.9, 4.3, 3.6, 3.1, 2.8, 2.4, 2.0, 1.6, 1.3, 0.9, 0.7, 4.6, 4.6, 4.6, 4.6, 4.6, 4.7, 4.8, 4.8, 4.9, 4.9, 4.8, 4.8, 4.8, 4.9, 4.8, 4.2, 3.5, 3.1, 2.6, 2.1, 1.7, 1.4, 1.1, 0.9, 4.6, 4.6, 4.6, 4.7, 4.8, 4.8, 4.9, 4.9, 4.8, 4.8, 4.8, 4.7, 4.7, 4.9, 5.0, 4.6, 3.9, 3.3, 2.7, 2.2, 1.8, 1.5, 1.1, 1.0, 4.6, 4.6, 4.8, 4.8, 4.9, 4.9, 4.8, 4.8, 4.8, 4.7, 4.7, 4.7, 4.9, 5.0, 5.1, 5.0, 4.3, 3.4, 2.8, 2.3, 1.9, 1.5, 1.3, 1.2, 4.8, 4.8, 4.9, 4.9, 4.8, 4.8, 4.8, 4.7, 4.7, 4.7, 4.7, 4.9, 5.0, 5.1, 5.2, 5.2, 4.7, 3.8, 3.0, 2.4, 2.1, 1.7, 1.3, 1.3, 4.9, 4.9, 4.8, 4.8, 4.8, 4.7, 4.7, 4.7, 4.7, 4.7, 4.8, 5.0, 5.1, 5.2, 5.2, 5.1, 5.0, 4.3, 3.4, 2.8, 2.5, 2.0, 1.3, 1.3]}, "Nya banan|8": {"ny": 22, "nx": 15, "lat0": 55.4601936, "lon0": 13.2260461, "dLat": 8.983e-06, "dLon": 1.5844e-05, "slope": [6.3, 6.7, 7.6, 7.2, 5.3, 5.8, 3.8, 3.0, 2.9, 3.1, 3.4, 3.8, 4.1, 4.3, 5.0, 6.3, 6.2, 6.7, 7.3, 4.8, 3.8, 2.9, 2.6, 2.6, 2.8, 3.2, 3.7, 4.3, 5.0, 5.0, 6.3, 6.3, 6.1, 5.0, 3.5, 2.8, 2.6, 2.4, 2.4, 2.5, 2.9, 3.3, 3.9, 4.6, 4.6, 6.3, 6.3, 4.9, 3.7, 3.0, 2.7, 2.6, 2.4, 2.3, 2.4, 2.6, 3.0, 3.5, 4.0, 4.0, 7.4, 5.5, 3.9, 3.2, 2.8, 2.7, 2.7, 2.5, 2.3, 2.4, 2.5, 2.8, 3.2, 3.7, 3.7, 7.9, 5.0, 3.5, 3.0, 2.7, 2.7, 2.8, 2.6, 2.5, 2.5, 2.6, 2.8, 3.2, 3.5, 3.5, 7.7, 4.9, 3.5, 3.0, 2.7, 2.7, 2.8, 2.7, 2.6, 2.6, 2.7, 2.9, 3.1, 3.2, 3.2, 7.7, 5.1, 3.8, 3.1, 2.7, 2.7, 2.8, 2.8, 2.7, 2.7, 2.7, 2.7, 2.7, 2.6, 2.6, 7.7, 5.3, 4.0, 3.3, 2.9, 2.7, 2.7, 2.7, 2.6, 2.5, 2.3, 2.0, 1.8, 1.9, 1.9, 7.6, 5.4, 4.1, 3.4, 3.0, 2.7, 2.5, 2.2, 2.0, 1.9, 1.9, 1.7, 1.9, 2.6, 2.7, 7.5, 5.3, 3.9, 3.2, 2.8, 2.5, 2.2, 2.0, 2.1, 2.7, 3.3, 3.7, 4.1, 4.7, 4.8, 7.5, 5.2, 3.6, 2.9, 2.6, 2.6, 2.8, 3.1, 3.7, 4.7, 5.4, 5.7, 6.1, 6.5, 6.6, 7.9, 5.5, 3.6, 2.9, 2.9, 3.3, 3.9, 4.5, 5.2, 6.0, 6.4, 6.6, 7.0, 7.4, 7.5, 8.1, 6.1, 4.1, 3.4, 3.6, 4.2, 4.9, 5.5, 6.0, 6.3, 6.4, 6.4, 6.7, 7.2, 7.3, 7.3, 6.7, 4.9, 4.0, 4.2, 4.8, 5.4, 5.8, 6.0, 6.0, 5.8, 5.7, 5.9, 6.4, 6.5, 6.9, 6.9, 5.9, 4.7, 4.5, 4.9, 5.4, 5.6, 5.5, 5.3, 5.1, 4.9, 5.1, 5.5, 5.6, 6.9, 6.4, 6.0, 5.7, 5.2, 5.1, 5.4, 5.3, 5.0, 4.7, 4.5, 4.4, 4.6, 5.1, 5.2, 6.4, 7.0, 7.4, 7.4, 6.5, 5.8, 5.7, 5.3, 4.8, 4.4, 4.2, 4.1, 4.3, 4.7, 4.8, 7.4, 7.7, 7.9, 7.9, 6.8, 6.7, 6.5, 5.7, 5.0, 4.4, 4.1, 4.0, 4.0, 4.1, 4.1, 7.9, 7.9, 7.9, 7.9, 7.3, 7.0, 7.4, 6.7, 5.6, 4.8, 4.3, 3.9, 3.6, 3.4, 3.3, 7.9, 7.9, 7.9, 7.5, 7.2, 7.4, 7.7, 6.9, 6.4, 5.6, 4.8, 4.1, 3.5, 3.3, 3.3, 7.9, 7.9, 7.9, 7.4, 7.4, 7.7, 7.8, 6.9, 6.4, 5.7, 4.8, 4.1, 3.5, 3.3, 3.3]}, "Nya banan|9": {"ny": 21, "nx": 32, "lat0": 55.4598738, "lon0": 13.2318186, "dLat": 8.983e-06, "dLon": 1.5844e-05, "slope": [4.4, 5.2, 5.8, 6.4, 6.3, 6.1, 6.0, 5.4, 4.6, 3.7, 3.2, 2.4, 1.6, 1.2, 1.0, 0.9, 1.2, 1.5, 1.5, 1.6, 1.7, 2.2, 3.0, 3.0, 3.0, 3.2, 3.6, 3.8, 4.6, 4.6, 4.6, 4.6, 3.6, 4.3, 5.2, 5.7, 6.4, 6.3, 6.0, 5.5, 4.9, 4.4, 3.9, 2.7, 1.5, 1.0, 1.0, 1.3, 1.8, 1.8, 1.6, 1.6, 2.1, 3.0, 3.0, 3.0, 3.1, 3.6, 3.6, 4.0, 4.6, 4.6, 4.6, 4.5, 3.1, 3.6, 4.3, 5.2, 5.7, 6.4, 6.6, 6.4, 5.9, 5.3, 4.4, 2.8, 1.2, 0.3, 0.6, 1.3, 2.0, 2.2, 2.0, 1.9, 2.1, 3.0, 3.0, 3.0, 3.2, 3.6, 3.8, 4.6, 4.6, 4.6, 4.5, 4.0, 2.8, 3.1, 3.6, 4.2, 5.3, 6.4, 7.3, 7.6, 7.1, 6.1, 4.7, 2.9, 1.4, 0.7, 0.8, 1.4, 2.1, 2.4, 2.4, 2.5, 2.7, 3.0, 3.0, 3.1, 3.6, 3.6, 3.9, 4.6, 4.6, 4.5, 4.1, 3.4, 2.8, 2.8, 3.1, 3.6, 4.7, 6.0, 7.5, 8.5, 8.3, 7.1, 5.3, 3.3, 1.9, 1.3, 1.3, 1.8, 2.3, 2.6, 2.7, 2.9, 2.9, 2.8, 3.0, 3.0, 3.6, 3.7, 4.6, 4.6, 4.5, 4.1, 3.4, 3.1, 2.9, 2.8, 2.8, 3.1, 3.7, 5.3, 7.2, 8.8, 9.1, 8.2, 6.4, 4.3, 2.8, 2.1, 2.0, 2.3, 2.7, 2.8, 2.7, 2.9, 3.0, 2.8, 2.6, 2.7, 3.3, 3.4, 4.6, 4.5, 4.1, 3.4, 3.1, 2.7, 3.2, 2.9, 2.7, 2.5, 2.9, 4.3, 6.5, 8.4, 9.5, 9.3, 7.9, 6.0, 4.3, 3.4, 3.0, 3.0, 3.2, 3.0, 2.7, 2.7, 2.8, 2.7, 2.4, 2.2, 1.9, 2.2, 3.9, 4.2, 3.4, 3.2, 2.7, 2.4, 3.4, 3.0, 2.8, 2.4, 2.4, 3.4, 5.4, 7.6, 9.3, 9.9, 9.4, 8.0, 6.3, 5.1, 4.5, 4.1, 3.8, 3.2, 2.7, 2.4, 2.4, 2.3, 2.2, 2.0, 1.7, 1.4, 1.4, 2.8, 3.2, 2.7, 2.4, 2.0, 3.4, 3.3, 3.1, 2.6, 2.3, 2.8, 4.3, 6.3, 8.2, 9.5, 9.9, 9.2, 7.9, 6.7, 5.9, 5.1, 4.2, 3.2, 2.4, 1.9, 1.8, 1.9, 1.9, 1.9, 1.8, 1.6, 1.1, 0.9, 2.1, 2.4, 2.0, 2.0, 3.4, 3.4, 3.4, 3.0, 2.5, 2.6, 3.5, 4.9, 6.5, 7.9, 8.9, 9.0, 8.4, 7.5, 6.5, 5.4, 4.2, 3.0, 2.0, 1.4, 1.2, 1.4, 1.6, 1.7, 1.8, 1.8, 1.4, 0.6, 0.6, 1.7, 1.7, 1.7, 3.4, 3.4, 3.5, 3.3, 2.8, 2.5, 2.9, 3.8, 5.0, 6.1, 7.1, 7.6, 7.5, 7.0, 6.2, 5.2, 4.0, 2.9, 1.9, 1.2, 0.9, 1.1, 1.3, 1.5, 1.6, 1.8, 1.6, 1.0, 0.7, 1.3, 1.3, 1.9, 3.5, 3.5, 3.6, 3.4, 2.9, 2.5, 2.6, 3.2, 4.0, 4.8, 5.5, 5.9, 5.9, 5.7, 5.4, 4.8, 3.9, 2.9, 2.0, 1.2, 0.8, 0.9, 1.1, 1.3, 1.4, 1.5, 1.6, 1.3, 1.2, 1.8, 2.1, 3.1, 3.8, 3.6, 3.6, 3.5, 3.1, 2.7, 2.6, 3.0, 3.6, 4.1, 4.5, 4.7, 4.6, 4.6, 4.6, 4.5, 3.9, 3.0, 2.1, 1.3, 0.8, 0.7, 1.0, 1.2, 1.2, 1.3, 1.4, 1.5, 1.6, 2.2, 3.1, 3.2, 4.2, 3.8, 3.6, 3.5, 3.2, 2.9, 2.8, 3.1, 3.5, 3.9, 4.2, 4.2, 4.1, 4.2, 4.5, 4.6, 4.0, 3.0, 2.1, 1.5, 0.9, 0.6, 0.9, 1.1, 1.2, 1.3, 1.6, 1.8, 2.1, 2.5, 3.2, 3.3, 4.4, 4.2, 3.8, 3.5, 3.3, 3.2, 3.2, 3.4, 3.7, 4.0, 4.2, 4.2, 4.1, 4.4, 4.8, 4.8, 4.1, 3.1, 2.3, 1.8, 1.3, 0.9, 1.0, 1.3, 1.5, 1.7, 2.0, 2.2, 2.3, 2.6, 3.0, 3.3, 4.4, 4.4, 4.2, 3.8, 3.5, 3.4, 3.5, 3.7, 4.0, 4.3, 4.4, 4.4, 4.4, 4.8, 5.3, 5.3, 4.6, 3.5, 2.7, 2.4, 2.0, 1.6, 1.7, 1.8, 2.0, 2.2, 2.4, 2.5, 2.4, 2.6, 2.7, 3.1, 4.8, 4.9, 4.9, 4.3, 3.8, 3.6, 3.7, 3.9, 4.2, 4.4, 4.5, 4.5, 4.7, 5.2, 5.9, 6.1, 5.4, 4.4, 3.6, 3.1, 2.8, 2.6, 2.6, 2.7, 2.7, 2.8, 2.8, 2.7, 2.7, 2.9, 2.8, 2.8, 5.2, 5.3, 5.3, 5.1, 4.4, 4.0, 3.9, 4.1, 4.4, 4.6, 4.7, 4.7, 4.9, 5.5, 6.4, 6.9, 6.6, 5.9, 5.0, 4.5, 4.1, 3.8, 3.8, 3.8, 3.7, 3.5, 3.4, 3.3, 3.4, 3.2, 3.0, 2.8, 5.3, 5.3, 5.3, 5.4, 4.7, 4.6, 4.6, 4.7, 4.9, 5.1, 5.1, 5.2, 5.4, 6.0, 7.0, 7.9, 8.1, 6.3, 5.1, 6.0, 6.0, 5.5, 5.3, 5.3, 5.1, 4.8, 4.6, 4.6, 4.2, 3.6, 3.2, 3.0, 5.3, 5.3, 5.4, 5.4, 5.0, 5.0, 4.8, 4.9, 5.7, 6.1, 6.3, 6.5, 6.9, 7.2, 7.3, 7.9, 8.2, 6.3, 6.2, 6.4, 6.0, 5.5, 5.5, 6.8, 6.8, 6.3, 6.0, 5.9, 4.9, 4.3, 3.6, 3.2, 5.3, 5.4, 5.4, 5.2, 5.1, 5.0, 4.9, 5.6, 6.2, 6.4, 6.5, 6.8, 7.2, 7.3, 7.3, 7.9, 8.2, 8.2, 6.9, 6.4, 6.0, 5.7, 6.8, 7.3, 6.8, 6.3, 6.0, 5.9, 5.9, 5.0, 4.3, 3.7]}}}