{"type": "FeatureCollection", "attribution": "© Lantmäteriet, Markhöjdmodell Grid 1m (CC BY 4.0)", "features": [{"type": "Feature", "geometry": {"type": "LineString", "coordinates": [[13.5570173, 55.8288354], [13.556971, 55.8288284]]}, "properties": {"t": "fall", "g": 1, "loop": null, "hole": 1, "slope_pct": 5.0, "bearing": 254.9}}, {"type": "Feature", "geometry": {"type": "LineString", "coordinates": [[13.5570652, 55.828836], [13.5570341, 55.8288325]]}, "properties": {"t": "fall", "g": 1, "loop": null, "hole": 1, "slope_pct": 3.3, "bearing": 258.8}}, {"type": "Feature", "geometry": {"type": "LineString", "coordinates": [[13.5571131, 55.8288365], [13.5570844, 55.8288435]]}, "properties": {"t": "fall", "g": 1, "loop": null, "hole": 1, "slope_pct": 3.26, "bearing": 293.5}}, {"type": "Feature", "geometry": {"type": "LineString", "coordinates": [[13.5571609, 55.8288371], [13.5571358, 55.8288524]]}, "properties": {"t": "fall", "g": 1, "loop": null, "hole": 1, "slope_pct": 3.87, "bearing": 317.3}}, {"type": "Feature", "geometry": {"type": "LineString", "coordinates": [[13.5569704, 55.8288079], [13.5569402, 55.8288288]]}, "properties": {"t": "fall", "g": 1, "loop": null, "hole": 1, "slope_pct": 5.16, "bearing": 320.9}}, {"type": "Feature", "geometry": {"type": "LineString", "coordinates": [[13.5570183, 55.8288084], [13.5569824, 55.8288147]]}, "properties": {"t": "fall", "g": 1, "loop": null, "hole": 1, "slope_pct": 3.92, "bearing": 287.3}}, {"type": "Feature", "geometry": {"type": "LineString", "coordinates": [[13.5570662, 55.828809], [13.5570286, 55.8288112]]}, "properties": {"t": "fall", "g": 1, "loop": null, "hole": 1, "slope_pct": 3.93, "bearing": 275.8}}, {"type": "Feature", "geometry": {"type": "LineString", "coordinates": [[13.5571141, 55.8288096], [13.5570759, 55.8288134]]}, "properties": {"t": "fall", "g": 1, "loop": null, "hole": 1, "slope_pct": 4.04, "bearing": 280.2}}, {"type": "Feature", "geometry": {"type": "LineString", "coordinates": [[13.5571619, 55.8288101], [13.5571212, 55.828819]]}, "properties": {"t": "fall", "g": 1, "loop": null, "hole": 1, "slope_pct": 4.55, "bearing": 291.1}}, {"type": "Feature", "geometry": {"type": "LineString", "coordinates": [[13.5572098, 55.8288107], [13.557187, 55.8288276]]}, "properties": {"t": "fall", "g": 1, "loop": null, "hole": 1, "slope_pct": 3.93, "bearing": 322.8}}, {"type": "Feature", "geometry": {"type": "LineString", "coordinates": [[13.5569714, 55.8287809], [13.5569726, 55.828801]]}, "properties": {"t": "fall", "g": 1, "loop": null, "hole": 1, "slope_pct": 3.73, "bearing": 1.9}}, {"type": "Feature", "geometry": {"type": "LineString", "coordinates": [[13.5570193, 55.8287815], [13.5569985, 55.8287904]]}, "properties": {"t": "fall", "g": 1, "loop": null, "hole": 1, "slope_pct": 2.73, "bearing": 307.5}}, {"type": "Feature", "geometry": {"type": "LineString", "coordinates": [[13.5570672, 55.8287821], [13.557032, 55.8287875]]}, "properties": {"t": "fall", "g": 1, "loop": null, "hole": 1, "slope_pct": 3.81, "bearing": 285.4}}, {"type": "Feature", "geometry": {"type": "LineString", "coordinates": [[13.557115, 55.8287826], [13.5570727, 55.8287886]]}, "properties": {"t": "fall", "g": 1, "loop": null, "hole": 1, "slope_pct": 4.55, "bearing": 284.0}}, {"type": "Feature", "geometry": {"type": "LineString", "coordinates": [[13.5571629, 55.8287832], [13.5571168, 55.8287905]]}, "properties": {"t": "fall", "g": 1, "loop": null, "hole": 1, "slope_pct": 5.12, "bearing": 285.8}}, {"type": "Feature", "geometry": {"type": "LineString", "coordinates": [[13.5572108, 55.8287837], [13.5571736, 55.8287927]]}, "properties": {"t": "fall", "g": 1, "loop": null, "hole": 1, "slope_pct": 4.22, "bearing": 293.2}}, {"type": "Feature", "geometry": {"type": "LineString", "coordinates": [[13.5569724, 55.828754], [13.5569915, 55.8287696]]}, "properties": {"t": "fall", "g": 1, "loop": null, "hole": 1, "slope_pct": 3.51, "bearing": 34.5}}, {"type": "Feature", "geometry": {"type": "LineString", "coordinates": [[13.5570203, 55.8287546], [13.5570086, 55.8287647]]}, "properties": {"t": "fall", "g": 1, "loop": null, "hole": 1, "slope_pct": 2.25, "bearing": 327.2}}, {"type": "Feature", "geometry": {"type": "LineString", "coordinates": [[13.5570682, 55.8287551], [13.5570335, 55.8287621]]}, "properties": {"t": "fall", "g": 1, "loop": null, "hole": 1, "slope_pct": 3.83, "bearing": 289.7}}, {"type": "Feature", "geometry": {"type": "LineString", "coordinates": [[13.557116, 55.8287557], [13.557074, 55.8287617]]}, "properties": {"t": "fall", "g": 1, "loop": null, "hole": 1, "slope_pct": 4.52, "bearing": 284.4}}, {"type": "Feature", "geometry": {"type": "LineString", "coordinates": [[13.5571639, 55.8287562], [13.5571188, 55.8287587]]}, "properties": {"t": "fall", "g": 1, "loop": null, "hole": 1, "slope_pct": 4.73, "bearing": 275.4}}, {"type": "Feature", "geometry": {"type": "LineString", "coordinates": [[13.5572118, 55.8287568], [13.5571716, 55.8287581]]}, "properties": {"t": "fall", "g": 1, "loop": null, "hole": 1, "slope_pct": 4.19, "bearing": 273.4}}, {"type": "Feature", "geometry": {"type": "LineString", "coordinates": [[13.5572597, 55.8287574], [13.5572117, 55.8287569]]}, "properties": {"t": "fall", "g": 1, "loop": null, "hole": 1, "slope_pct": 7.78, "bearing": 269.0}}, {"type": "Feature", "geometry": {"type": "LineString", "coordinates": [[13.5569734, 55.828727], [13.5570059, 55.8287448]]}, "properties": {"t": "fall", "g": 1, "loop": null, "hole": 1, "slope_pct": 4.72, "bearing": 45.7}}, {"type": "Feature", "geometry": {"type": "LineString", "coordinates": [[13.5570213, 55.8287276], [13.5570193, 55.8287402]]}, "properties": {"t": "fall", "g": 1, "loop": null, "hole": 1, "slope_pct": 2.34, "bearing": 355.0}}, {"type": "Feature", "geometry": {"type": "LineString", "coordinates": [[13.5570692, 55.8287282], [13.5570393, 55.8287375]]}, "properties": {"t": "fall", "g": 1, "loop": null, "hole": 1, "slope_pct": 3.56, "bearing": 299.0}}, {"type": "Feature", "geometry": {"type": "LineString", "coordinates": [[13.557117, 55.8287287], [13.5570776, 55.8287372]]}, "properties": {"t": "fall", "g": 1, "loop": null, "hole": 1, "slope_pct": 4.4, "bearing": 290.9}}, {"type": "Feature", "geometry": {"type": "LineString", "coordinates": [[13.5571649, 55.8287293], [13.5571279, 55.8287341]]}, "properties": {"t": "fall", "g": 1, "loop": null, "hole": 1, "slope_pct": 3.96, "bearing": 283.1}}, {"type": "Feature", "geometry": {"type": "LineString", "coordinates": [[13.5572128, 55.8287299], [13.5571779, 55.8287277]]}, "properties": {"t": "fall", "g": 1, "loop": null, "hole": 1, "slope_pct": 3.66, "bearing": 263.7}}, {"type": "Feature", "geometry": {"type": "LineString", "coordinates": [[13.5572607, 55.8287304], [13.5572131, 55.8287269]]}, "properties": {"t": "fall", "g": 1, "loop": null, "hole": 1, "slope_pct": 7.32, "bearing": 262.4}}, {"type": "Feature", "geometry": {"type": "LineString", "coordinates": [[13.5570223, 55.8287007], [13.5570079, 55.8287063]]}, "properties": {"t": "fall", "g": 1, "loop": null, "hole": 1, "slope_pct": 1.83, "bearing": 305.0}}, {"type": "Feature", "geometry": {"type": "LineString", "coordinates": [[13.5570702, 55.8287012], [13.5570407, 55.8287166]]}, "properties": {"t": "fall", "g": 1, "loop": null, "hole": 1, "slope_pct": 4.19, "bearing": 312.9}}, {"type": "Feature", "geometry": {"type": "LineString", "coordinates": [[13.557118, 55.8287018], [13.5570814, 55.8287166]]}, "properties": {"t": "fall", "g": 1, "loop": null, "hole": 1, "slope_pct": 4.71, "bearing": 305.7}}, {"type": "Feature", "geometry": {"type": "LineString", "coordinates": [[13.5571659, 55.8287023], [13.5571462, 55.8287087]]}, "properties": {"t": "fall", "g": 1, "loop": null, "hole": 1, "slope_pct": 2.37, "bearing": 299.7}}, {"type": "Feature", "geometry": {"type": "LineString", "coordinates": [[13.5572138, 55.8287029], [13.5571863, 55.8287029]]}, "properties": {"t": "fall", "g": 1, "loop": null, "hole": 1, "slope_pct": 2.86, "bearing": 269.9}}, {"type": "Feature", "geometry": {"type": "LineString", "coordinates": [[13.5572617, 55.8287035], [13.5572144, 55.8286987]]}, "properties": {"t": "fall", "g": 1, "loop": null, "hole": 1, "slope_pct": 6.47, "bearing": 259.8}}, {"type": "Feature", "geometry": {"type": "LineString", "coordinates": [[13.5570712, 55.8286743], [13.557045, 55.8286932]]}, "properties": {"t": "fall", "g": 1, "loop": null, "hole": 1, "slope_pct": 4.44, "bearing": 322.1}}, {"type": "Feature", "geometry": {"type": "LineString", "coordinates": [[13.557119, 55.8286748], [13.5570979, 55.8286797]]}, "properties": {"t": "fall", "g": 1, "loop": null, "hole": 1, "slope_pct": 2.38, "bearing": 292.2}}, {"type": "Feature", "geometry": {"type": "LineString", "coordinates": [[13.5571669, 55.8286754], [13.5571595, 55.8286734]]}, "properties": {"t": "fall", "g": 1, "loop": null, "hole": 1, "slope_pct": 0.85, "bearing": 244.5}}, {"type": "Feature", "geometry": {"type": "LineString", "coordinates": [[13.5572148, 55.828676], [13.5571947, 55.8286689]]}, "properties": {"t": "fall", "g": 1, "loop": null, "hole": 1, "slope_pct": 2.47, "bearing": 237.9}}, {"type": "Feature", "geometry": {"type": "LineString", "coordinates": [[13.5572627, 55.8286765], [13.5572177, 55.8286671]]}, "properties": {"t": "fall", "g": 1, "loop": null, "hole": 1, "slope_pct": 5.1, "bearing": 249.6}}, {"type": "Feature", "geometry": {"type": "LineString", "coordinates": [[13.5570722, 55.8286473], [13.5570815, 55.8286653]]}, "properties": {"t": "fall", "g": 1, "loop": null, "hole": 1, "slope_pct": 3.47, "bearing": 16.3}}, {"type": "Feature", "geometry": {"type": "LineString", "coordinates": [[13.55712, 55.8286479], [13.5571212, 55.8286423]]}, "properties": {"t": "fall", "g": 1, "loop": null, "hole": 1, "slope_pct": 1.05, "bearing": 173.4}}, {"type": "Feature", "geometry": {"type": "LineString", "coordinates": [[13.5571679, 55.8286485], [13.5571631, 55.8286386]]}, "properties": {"t": "fall", "g": 1, "loop": null, "hole": 1, "slope_pct": 1.89, "bearing": 195.3}}, {"type": "Feature", "geometry": {"type": "LineString", "coordinates": [[13.5572158, 55.828649], [13.5572044, 55.8286392]]}, "properties": {"t": "fall", "g": 1, "loop": null, "hole": 1, "slope_pct": 2.18, "bearing": 213.1}}, {"type": "Feature", "geometry": {"type": "LineString", "coordinates": [[13.557121, 55.8286209], [13.5571446, 55.8286101]]}, "properties": {"t": "fall", "g": 1, "loop": null, "hole": 1, "slope_pct": 3.18, "bearing": 129.4}}, {"type": "Feature", "geometry": {"type": "LineString", "coordinates": [[13.5571689, 55.8286215], [13.5571582, 55.8286073]]}, "properties": {"t": "fall", "g": 1, "loop": null, "hole": 1, "slope_pct": 2.86, "bearing": 203.0}}, {"type": "Feature", "geometry": {"type": "LineString", "coordinates": [[13.5572168, 55.8286221], [13.5572082, 55.8286109]]}, "properties": {"t": "fall", "g": 1, "loop": null, "hole": 1, "slope_pct": 2.26, "bearing": 203.2}}, {"type": "Feature", "geometry": {"type": "Point", "coordinates": [13.5571171, 55.8287431]}, "properties": {"t": "aim", "g": 1, "loop": null, "hole": 1, "aim_bearing": 287.0, "slope_median": 3.85, "slope_max": 7.78, "n_cells": 48}}, {"type": "Feature", "geometry": {"type": "LineString", "coordinates": [[13.564173, 55.8291797], [13.564144, 55.8292012]]}, "properties": {"t": "fall", "g": 2, "loop": null, "hole": 2, "slope_pct": 14.47, "bearing": 322.7}}, {"type": "Feature", "geometry": {"type": "LineString", "coordinates": [[13.5642209, 55.8291803], [13.5641833, 55.82919]]}, "properties": {"t": "fall", "g": 2, "loop": null, "hole": 2, "slope_pct": 4.31, "bearing": 294.7}}, {"type": "Feature", "geometry": {"type": "LineString", "coordinates": [[13.5642688, 55.8291808], [13.5642725, 55.8291771]]}, "properties": {"t": "fall", "g": 2, "loop": null, "hole": 2, "slope_pct": 0.8, "bearing": 151.2}}, {"type": "Feature", "geometry": {"type": "LineString", "coordinates": [[13.5643167, 55.8291814], [13.5643274, 55.8291833]]}, "properties": {"t": "fall", "g": 2, "loop": null, "hole": 2, "slope_pct": 1.17, "bearing": 72.6}}, {"type": "Feature", "geometry": {"type": "LineString", "coordinates": [[13.5643645, 55.829182], [13.5643453, 55.8291922]]}, "properties": {"t": "fall", "g": 2, "loop": null, "hole": 2, "slope_pct": 2.76, "bearing": 313.6}}, {"type": "Feature", "geometry": {"type": "LineString", "coordinates": [[13.5640783, 55.8291517], [13.56404, 55.8291679]]}, "properties": {"t": "fall", "g": 2, "loop": null, "hole": 2, "slope_pct": 10.99, "bearing": 307.1}}, {"type": "Feature", "geometry": {"type": "LineString", "coordinates": [[13.5641261, 55.8291522], [13.5641139, 55.8291581]]}, "properties": {"t": "fall", "g": 2, "loop": null, "hole": 2, "slope_pct": 1.68, "bearing": 310.5}}, {"type": "Feature", "geometry": {"type": "LineString", "coordinates": [[13.564174, 55.8291528], [13.5641583, 55.8291533]]}, "properties": {"t": "fall", "g": 2, "loop": null, "hole": 2, "slope_pct": 1.64, "bearing": 273.2}}, {"type": "Feature", "geometry": {"type": "LineString", "coordinates": [[13.5642219, 55.8291533], [13.5642065, 55.8291456]]}, "properties": {"t": "fall", "g": 2, "loop": null, "hole": 2, "slope_pct": 2.15, "bearing": 228.2}}, {"type": "Feature", "geometry": {"type": "LineString", "coordinates": [[13.5642698, 55.8291539], [13.5642707, 55.8291448]]}, "properties": {"t": "fall", "g": 2, "loop": null, "hole": 2, "slope_pct": 1.69, "bearing": 176.6}}, {"type": "Feature", "geometry": {"type": "LineString", "coordinates": [[13.5643177, 55.8291545], [13.5643129, 55.8291519]]}, "properties": {"t": "fall", "g": 2, "loop": null, "hole": 2, "slope_pct": 0.69, "bearing": 226.0}}, {"type": "Feature", "geometry": {"type": "LineString", "coordinates": [[13.5643655, 55.829155], [13.564346, 55.8291567]]}, "properties": {"t": "fall", "g": 2, "loop": null, "hole": 2, "slope_pct": 2.06, "bearing": 278.9}}, {"type": "Feature", "geometry": {"type": "LineString", "coordinates": [[13.5644134, 55.8291556], [13.5643867, 55.8291532]]}, "properties": {"t": "fall", "g": 2, "loop": null, "hole": 2, "slope_pct": 2.81, "bearing": 261.0}}, {"type": "Feature", "geometry": {"type": "LineString", "coordinates": [[13.5640314, 55.8291242], [13.5639876, 55.8291351]]}, "properties": {"t": "fall", "g": 2, "loop": null, "hole": 2, "slope_pct": 6.9, "bearing": 294.0}}, {"type": "Feature", "geometry": {"type": "LineString", "coordinates": [[13.5640793, 55.8291247], [13.5640582, 55.8291177]]}, "properties": {"t": "fall", "g": 2, "loop": null, "hole": 2, "slope_pct": 2.55, "bearing": 239.4}}, {"type": "Feature", "geometry": {"type": "LineString", "coordinates": [[13.5641271, 55.8291253], [13.5641098, 55.8291216]]}, "properties": {"t": "fall", "g": 2, "loop": null, "hole": 2, "slope_pct": 1.93, "bearing": 249.1}}, {"type": "Feature", "geometry": {"type": "LineString", "coordinates": [[13.564175, 55.8291258], [13.5641654, 55.8291228]]}, "properties": {"t": "fall", "g": 2, "loop": null, "hole": 2, "slope_pct": 1.15, "bearing": 240.6}}, {"type": "Feature", "geometry": {"type": "LineString", "coordinates": [[13.5642229, 55.8291264], [13.564216, 55.8291216]]}, "properties": {"t": "fall", "g": 2, "loop": null, "hole": 2, "slope_pct": 1.14, "bearing": 219.3}}, {"type": "Feature", "geometry": {"type": "LineString", "coordinates": [[13.5642708, 55.829127], [13.5642636, 55.8291233]]}, "properties": {"t": "fall", "g": 2, "loop": null, "hole": 2, "slope_pct": 1.0, "bearing": 227.9}}, {"type": "Feature", "geometry": {"type": "LineString", "coordinates": [[13.5643186, 55.8291275], [13.5643013, 55.8291298]]}, "properties": {"t": "fall", "g": 2, "loop": null, "hole": 2, "slope_pct": 1.85, "bearing": 283.2}}, {"type": "Feature", "geometry": {"type": "LineString", "coordinates": [[13.5643665, 55.8291281], [13.5643476, 55.8291321]]}, "properties": {"t": "fall", "g": 2, "loop": null, "hole": 2, "slope_pct": 2.11, "bearing": 291.0}}, {"type": "Feature", "geometry": {"type": "LineString", "coordinates": [[13.5644144, 55.8291286], [13.564396, 55.8291304]]}, "properties": {"t": "fall", "g": 2, "loop": null, "hole": 2, "slope_pct": 1.95, "bearing": 279.9}}, {"type": "Feature", "geometry": {"type": "LineString", "coordinates": [[13.5639845, 55.8290967], [13.5639567, 55.8290948]]}, "properties": {"t": "fall", "g": 2, "loop": null, "hole": 2, "slope_pct": 2.92, "bearing": 263.3}}, {"type": "Feature", "geometry": {"type": "LineString", "coordinates": [[13.5640324, 55.8290972], [13.5640058, 55.8290901]]}, "properties": {"t": "fall", "g": 2, "loop": null, "hole": 2, "slope_pct": 3.06, "bearing": 244.5}}, {"type": "Feature", "geometry": {"type": "LineString", "coordinates": [[13.5640803, 55.8290978], [13.5640548, 55.8290917]]}, "properties": {"t": "fall", "g": 2, "loop": null, "hole": 2, "slope_pct": 2.88, "bearing": 246.9}}, {"type": "Feature", "geometry": {"type": "LineString", "coordinates": [[13.5641281, 55.8290983], [13.564105, 55.8290939]]}, "properties": {"t": "fall", "g": 2, "loop": null, "hole": 2, "slope_pct": 2.55, "bearing": 251.4}}, {"type": "Feature", "geometry": {"type": "LineString", "coordinates": [[13.564176, 55.8290989], [13.564167, 55.8290963]]}, "properties": {"t": "fall", "g": 2, "loop": null, "hole": 2, "slope_pct": 1.05, "bearing": 242.4}}, {"type": "Feature", "geometry": {"type": "LineString", "coordinates": [[13.5642239, 55.8290994], [13.5642164, 55.8290979]]}, "properties": {"t": "fall", "g": 2, "loop": null, "hole": 2, "slope_pct": 0.83, "bearing": 249.7}}, {"type": "Feature", "geometry": {"type": "LineString", "coordinates": [[13.5642718, 55.8291], [13.5642573, 55.829101]]}, "properties": {"t": "fall", "g": 2, "loop": null, "hole": 2, "slope_pct": 1.51, "bearing": 277.3}}, {"type": "Feature", "geometry": {"type": "LineString", "coordinates": [[13.5643196, 55.8291006], [13.5642991, 55.8291032]]}, "properties": {"t": "fall", "g": 2, "loop": null, "hole": 2, "slope_pct": 2.2, "bearing": 283.1}}, {"type": "Feature", "geometry": {"type": "LineString", "coordinates": [[13.5643675, 55.8291011], [13.5643496, 55.829103]]}, "properties": {"t": "fall", "g": 2, "loop": null, "hole": 2, "slope_pct": 1.9, "bearing": 280.4}}, {"type": "Feature", "geometry": {"type": "LineString", "coordinates": [[13.5644154, 55.8291017], [13.5644033, 55.8291052]]}, "properties": {"t": "fall", "g": 2, "loop": null, "hole": 2, "slope_pct": 1.42, "bearing": 297.7}}, {"type": "Feature", "geometry": {"type": "LineString", "coordinates": [[13.5639855, 55.8290697], [13.5639659, 55.8290739]]}, "properties": {"t": "fall", "g": 2, "loop": null, "hole": 2, "slope_pct": 2.19, "bearing": 290.9}}, {"type": "Feature", "geometry": {"type": "LineString", "coordinates": [[13.5640334, 55.8290703], [13.5640114, 55.8290716]]}, "properties": {"t": "fall", "g": 2, "loop": null, "hole": 2, "slope_pct": 2.31, "bearing": 276.0}}, {"type": "Feature", "geometry": {"type": "LineString", "coordinates": [[13.5640813, 55.8290708], [13.5640534, 55.8290705]]}, "properties": {"t": "fall", "g": 2, "loop": null, "hole": 2, "slope_pct": 2.9, "bearing": 268.8}}, {"type": "Feature", "geometry": {"type": "LineString", "coordinates": [[13.5641291, 55.8290714], [13.5641061, 55.8290713]]}, "properties": {"t": "fall", "g": 2, "loop": null, "hole": 2, "slope_pct": 2.39, "bearing": 269.8}}, {"type": "Feature", "geometry": {"type": "LineString", "coordinates": [[13.564177, 55.8290719], [13.564162, 55.8290737]]}, "properties": {"t": "fall", "g": 2, "loop": null, "hole": 2, "slope_pct": 1.59, "bearing": 281.7}}, {"type": "Feature", "geometry": {"type": "LineString", "coordinates": [[13.5642249, 55.8290725], [13.5642166, 55.8290757]]}, "properties": {"t": "fall", "g": 2, "loop": null, "hole": 2, "slope_pct": 1.05, "bearing": 304.7}}, {"type": "Feature", "geometry": {"type": "LineString", "coordinates": [[13.5642728, 55.8290731], [13.5642568, 55.8290746]]}, "properties": {"t": "fall", "g": 2, "loop": null, "hole": 2, "slope_pct": 1.69, "bearing": 279.7}}, {"type": "Feature", "geometry": {"type": "LineString", "coordinates": [[13.5643206, 55.8290736], [13.5643002, 55.8290758]]}, "properties": {"t": "fall", "g": 2, "loop": null, "hole": 2, "slope_pct": 2.17, "bearing": 280.9}}, {"type": "Feature", "geometry": {"type": "LineString", "coordinates": [[13.5643685, 55.8290742], [13.5643472, 55.8290773]]}, "properties": {"t": "fall", "g": 2, "loop": null, "hole": 2, "slope_pct": 2.29, "bearing": 284.6}}, {"type": "Feature", "geometry": {"type": "LineString", "coordinates": [[13.5639865, 55.8290428], [13.5639771, 55.8290539]]}, "properties": {"t": "fall", "g": 2, "loop": null, "hole": 2, "slope_pct": 2.29, "bearing": 334.7}}, {"type": "Feature", "geometry": {"type": "LineString", "coordinates": [[13.5640344, 55.8290433], [13.5640162, 55.8290483]]}, "properties": {"t": "fall", "g": 2, "loop": null, "hole": 2, "slope_pct": 2.1, "bearing": 296.0}}, {"type": "Feature", "geometry": {"type": "LineString", "coordinates": [[13.5640822, 55.8290439], [13.5640571, 55.8290469]]}, "properties": {"t": "fall", "g": 2, "loop": null, "hole": 2, "slope_pct": 2.68, "bearing": 281.9}}, {"type": "Feature", "geometry": {"type": "LineString", "coordinates": [[13.5641301, 55.8290444], [13.5641066, 55.8290442]]}, "properties": {"t": "fall", "g": 2, "loop": null, "hole": 2, "slope_pct": 2.45, "bearing": 269.0}}, {"type": "Feature", "geometry": {"type": "LineString", "coordinates": [[13.564178, 55.829045], [13.5641621, 55.8290454]]}, "properties": {"t": "fall", "g": 2, "loop": null, "hole": 2, "slope_pct": 1.66, "bearing": 272.3}}, {"type": "Feature", "geometry": {"type": "LineString", "coordinates": [[13.5642259, 55.8290456], [13.5642199, 55.8290442]]}, "properties": {"t": "fall", "g": 2, "loop": null, "hole": 2, "slope_pct": 0.68, "bearing": 247.7}}, {"type": "Feature", "geometry": {"type": "LineString", "coordinates": [[13.5642737, 55.8290461], [13.5642562, 55.8290449]]}, "properties": {"t": "fall", "g": 2, "loop": null, "hole": 2, "slope_pct": 1.84, "bearing": 262.8}}, {"type": "Feature", "geometry": {"type": "LineString", "coordinates": [[13.5643216, 55.8290467], [13.5643027, 55.8290458]]}, "properties": {"t": "fall", "g": 2, "loop": null, "hole": 2, "slope_pct": 1.98, "bearing": 265.5}}, {"type": "Feature", "geometry": {"type": "LineString", "coordinates": [[13.5640832, 55.8290169], [13.5640586, 55.8290137]]}, "properties": {"t": "fall", "g": 2, "loop": null, "hole": 2, "slope_pct": 2.63, "bearing": 257.0}}, {"type": "Feature", "geometry": {"type": "LineString", "coordinates": [[13.5641311, 55.8290175], [13.5641039, 55.8290237]]}, "properties": {"t": "fall", "g": 2, "loop": null, "hole": 2, "slope_pct": 3.07, "bearing": 292.2}}, {"type": "Feature", "geometry": {"type": "LineString", "coordinates": [[13.564179, 55.829018], [13.5641703, 55.8290238]]}, "properties": {"t": "fall", "g": 2, "loop": null, "hole": 2, "slope_pct": 1.4, "bearing": 319.5}}, {"type": "Feature", "geometry": {"type": "LineString", "coordinates": [[13.5642269, 55.8290186], [13.5642292, 55.8290124]]}, "properties": {"t": "fall", "g": 2, "loop": null, "hole": 2, "slope_pct": 1.18, "bearing": 168.0}}, {"type": "Feature", "geometry": {"type": "LineString", "coordinates": [[13.5642747, 55.8290192], [13.5642587, 55.8290067]]}, "properties": {"t": "fall", "g": 2, "loop": null, "hole": 2, "slope_pct": 2.84, "bearing": 215.9}}, {"type": "Feature", "geometry": {"type": "Point", "coordinates": [13.5642009, 55.8290994]}, "properties": {"t": "aim", "g": 2, "loop": null, "hole": 2, "aim_bearing": 280.8, "slope_median": 2.08, "slope_max": 14.47, "n_cells": 54}}, {"type": "Feature", "geometry": {"type": "LineString", "coordinates": [[13.5645788, 55.8281331], [13.5645707, 55.8281173]]}, "properties": {"t": "fall", "g": 3, "loop": null, "hole": 3, "slope_pct": 3.05, "bearing": 196.0}}, {"type": "Feature", "geometry": {"type": "LineString", "coordinates": [[13.5646267, 55.8281336], [13.5646392, 55.8281104]]}, "properties": {"t": "fall", "g": 3, "loop": null, "hole": 3, "slope_pct": 4.51, "bearing": 163.2}}, {"type": "Feature", "geometry": {"type": "LineString", "coordinates": [[13.5646745, 55.8281342], [13.5647043, 55.8281215]]}, "properties": {"t": "fall", "g": 3, "loop": null, "hole": 3, "slope_pct": 3.9, "bearing": 127.3}}, {"type": "Feature", "geometry": {"type": "LineString", "coordinates": [[13.5647224, 55.8281348], [13.5647568, 55.8281326]]}, "properties": {"t": "fall", "g": 3, "loop": null, "hole": 3, "slope_pct": 3.61, "bearing": 96.2}}, {"type": "Feature", "geometry": {"type": "LineString", "coordinates": [[13.5647703, 55.8281353], [13.5648018, 55.8281392]]}, "properties": {"t": "fall", "g": 3, "loop": null, "hole": 3, "slope_pct": 3.36, "bearing": 77.4}}, {"type": "Feature", "geometry": {"type": "LineString", "coordinates": [[13.5645319, 55.8281056], [13.5645424, 55.8280963]]}, "properties": {"t": "fall", "g": 3, "loop": null, "hole": 3, "slope_pct": 2.04, "bearing": 147.6}}, {"type": "Feature", "geometry": {"type": "LineString", "coordinates": [[13.5645798, 55.8281061], [13.5645856, 55.828099]]}, "properties": {"t": "fall", "g": 3, "loop": null, "hole": 3, "slope_pct": 1.46, "bearing": 155.6}}, {"type": "Feature", "geometry": {"type": "LineString", "coordinates": [[13.5646277, 55.8281067], [13.5646354, 55.828102]]}, "properties": {"t": "fall", "g": 3, "loop": null, "hole": 3, "slope_pct": 1.19, "bearing": 137.2}}, {"type": "Feature", "geometry": {"type": "LineString", "coordinates": [[13.5646755, 55.8281072], [13.5646883, 55.8281058]]}, "properties": {"t": "fall", "g": 3, "loop": null, "hole": 3, "slope_pct": 1.36, "bearing": 101.7}}, {"type": "Feature", "geometry": {"type": "LineString", "coordinates": [[13.5647234, 55.8281078], [13.5647457, 55.828112]]}, "properties": {"t": "fall", "g": 3, "loop": null, "hole": 3, "slope_pct": 2.45, "bearing": 71.4}}, {"type": "Feature", "geometry": {"type": "LineString", "coordinates": [[13.5647713, 55.8281084], [13.564786, 55.8281197]]}, "properties": {"t": "fall", "g": 3, "loop": null, "hole": 3, "slope_pct": 2.6, "bearing": 36.2}}, {"type": "Feature", "geometry": {"type": "LineString", "coordinates": [[13.564485, 55.8280781], [13.5644903, 55.8280706]]}, "properties": {"t": "fall", "g": 3, "loop": null, "hole": 3, "slope_pct": 1.49, "bearing": 158.3}}, {"type": "Feature", "geometry": {"type": "LineString", "coordinates": [[13.5645329, 55.8280786], [13.5645375, 55.828077]]}, "properties": {"t": "fall", "g": 3, "loop": null, "hole": 3, "slope_pct": 0.58, "bearing": 122.6}}, {"type": "Feature", "geometry": {"type": "LineString", "coordinates": [[13.5646286, 55.8280797], [13.5646295, 55.8280845]]}, "properties": {"t": "fall", "g": 3, "loop": null, "hole": 3, "slope_pct": 0.89, "bearing": 6.0}}, {"type": "Feature", "geometry": {"type": "LineString", "coordinates": [[13.5646765, 55.8280803], [13.5646896, 55.8280862]]}, "properties": {"t": "fall", "g": 3, "loop": null, "hole": 3, "slope_pct": 1.75, "bearing": 51.0}}, {"type": "Feature", "geometry": {"type": "LineString", "coordinates": [[13.5647244, 55.8280809], [13.564735, 55.8280877]]}, "properties": {"t": "fall", "g": 3, "loop": null, "hole": 3, "slope_pct": 1.69, "bearing": 41.1}}, {"type": "Feature", "geometry": {"type": "LineString", "coordinates": [[13.5647723, 55.8280814], [13.5647759, 55.8280938]]}, "properties": {"t": "fall", "g": 3, "loop": null, "hole": 3, "slope_pct": 2.32, "bearing": 9.5}}, {"type": "Feature", "geometry": {"type": "LineString", "coordinates": [[13.5648201, 55.828082], [13.5647983, 55.8280983]]}, "properties": {"t": "fall", "g": 3, "loop": null, "hole": 3, "slope_pct": 3.79, "bearing": 323.1}}, {"type": "Feature", "geometry": {"type": "LineString", "coordinates": [[13.5646296, 55.8280528], [13.5646264, 55.8280548]]}, "properties": {"t": "fall", "g": 3, "loop": null, "hole": 3, "slope_pct": 0.5, "bearing": 318.5}}, {"type": "Feature", "geometry": {"type": "LineString", "coordinates": [[13.5646775, 55.8280534], [13.56469, 55.8280568]]}, "properties": {"t": "fall", "g": 3, "loop": null, "hole": 3, "slope_pct": 1.45, "bearing": 63.5}}, {"type": "Feature", "geometry": {"type": "LineString", "coordinates": [[13.5647254, 55.8280539], [13.5647299, 55.8280607]]}, "properties": {"t": "fall", "g": 3, "loop": null, "hole": 3, "slope_pct": 1.35, "bearing": 20.4}}, {"type": "Feature", "geometry": {"type": "LineString", "coordinates": [[13.5647733, 55.8280545], [13.5647772, 55.8280599]]}, "properties": {"t": "fall", "g": 3, "loop": null, "hole": 3, "slope_pct": 1.09, "bearing": 22.4}}, {"type": "Feature", "geometry": {"type": "LineString", "coordinates": [[13.5648211, 55.828055], [13.5648017, 55.8280543]]}, "properties": {"t": "fall", "g": 3, "loop": null, "hole": 3, "slope_pct": 2.03, "bearing": 265.9}}, {"type": "Feature", "geometry": {"type": "LineString", "coordinates": [[13.564487, 55.8280242], [13.5644932, 55.8280305]]}, "properties": {"t": "fall", "g": 3, "loop": null, "hole": 3, "slope_pct": 1.33, "bearing": 28.9}}, {"type": "Feature", "geometry": {"type": "LineString", "coordinates": [[13.5645349, 55.8280247], [13.5645368, 55.828028]]}, "properties": {"t": "fall", "g": 3, "loop": null, "hole": 3, "slope_pct": 0.64, "bearing": 18.4}}, {"type": "Feature", "geometry": {"type": "LineString", "coordinates": [[13.5645828, 55.8280253], [13.5645789, 55.8280274]]}, "properties": {"t": "fall", "g": 3, "loop": null, "hole": 3, "slope_pct": 0.56, "bearing": 314.3}}, {"type": "Feature", "geometry": {"type": "LineString", "coordinates": [[13.5646785, 55.8280264], [13.5646848, 55.8280249]]}, "properties": {"t": "fall", "g": 3, "loop": null, "hole": 3, "slope_pct": 0.71, "bearing": 112.6}}, {"type": "Feature", "geometry": {"type": "LineString", "coordinates": [[13.5647743, 55.8280275], [13.5647709, 55.8280334]]}, "properties": {"t": "fall", "g": 3, "loop": null, "hole": 3, "slope_pct": 1.15, "bearing": 342.3}}, {"type": "Feature", "geometry": {"type": "LineString", "coordinates": [[13.5648221, 55.8280281], [13.5648259, 55.8280381]]}, "properties": {"t": "fall", "g": 3, "loop": null, "hole": 3, "slope_pct": 1.9, "bearing": 12.0}}, {"type": "Feature", "geometry": {"type": "LineString", "coordinates": [[13.564488, 55.8279972], [13.5645025, 55.8280061]]}, "properties": {"t": "fall", "g": 3, "loop": null, "hole": 3, "slope_pct": 2.24, "bearing": 42.4}}, {"type": "Feature", "geometry": {"type": "LineString", "coordinates": [[13.5645359, 55.8279978], [13.5645416, 55.8280017]]}, "properties": {"t": "fall", "g": 3, "loop": null, "hole": 3, "slope_pct": 0.94, "bearing": 39.2}}, {"type": "Feature", "geometry": {"type": "LineString", "coordinates": [[13.5646795, 55.8279995], [13.5646865, 55.8280006]]}, "properties": {"t": "fall", "g": 3, "loop": null, "hole": 3, "slope_pct": 0.76, "bearing": 74.2}}, {"type": "Feature", "geometry": {"type": "LineString", "coordinates": [[13.5647752, 55.8280006], [13.5647556, 55.828007]]}, "properties": {"t": "fall", "g": 3, "loop": null, "hole": 3, "slope_pct": 2.37, "bearing": 300.4}}, {"type": "Feature", "geometry": {"type": "LineString", "coordinates": [[13.564489, 55.8279703], [13.5645136, 55.8279724]]}, "properties": {"t": "fall", "g": 3, "loop": null, "hole": 3, "slope_pct": 2.59, "bearing": 81.2}}, {"type": "Feature", "geometry": {"type": "LineString", "coordinates": [[13.5645369, 55.8279708], [13.5645474, 55.8279741]]}, "properties": {"t": "fall", "g": 3, "loop": null, "hole": 3, "slope_pct": 1.26, "bearing": 60.7}}, {"type": "Feature", "geometry": {"type": "LineString", "coordinates": [[13.5645847, 55.8279714], [13.5645897, 55.827973]]}, "properties": {"t": "fall", "g": 3, "loop": null, "hole": 3, "slope_pct": 0.6, "bearing": 59.4}}, {"type": "Feature", "geometry": {"type": "LineString", "coordinates": [[13.5646805, 55.8279725], [13.5646853, 55.8279758]]}, "properties": {"t": "fall", "g": 3, "loop": null, "hole": 3, "slope_pct": 0.79, "bearing": 39.4}}, {"type": "Feature", "geometry": {"type": "LineString", "coordinates": [[13.5647762, 55.8279736], [13.5647562, 55.8279698]]}, "properties": {"t": "fall", "g": 3, "loop": null, "hole": 3, "slope_pct": 2.21, "bearing": 251.4}}, {"type": "Feature", "geometry": {"type": "LineString", "coordinates": [[13.56449, 55.8279433], [13.5645036, 55.827938]]}, "properties": {"t": "fall", "g": 3, "loop": null, "hole": 3, "slope_pct": 1.74, "bearing": 125.0}}, {"type": "Feature", "geometry": {"type": "LineString", "coordinates": [[13.5645379, 55.8279439], [13.5645456, 55.8279466]]}, "properties": {"t": "fall", "g": 3, "loop": null, "hole": 3, "slope_pct": 0.95, "bearing": 58.3}}, {"type": "Feature", "geometry": {"type": "LineString", "coordinates": [[13.5645857, 55.8279444], [13.5645933, 55.8279465]]}, "properties": {"t": "fall", "g": 3, "loop": null, "hole": 3, "slope_pct": 0.87, "bearing": 64.1}}, {"type": "Feature", "geometry": {"type": "LineString", "coordinates": [[13.5646815, 55.8279456], [13.5646864, 55.8279449]]}, "properties": {"t": "fall", "g": 3, "loop": null, "hole": 3, "slope_pct": 0.52, "bearing": 103.2}}, {"type": "Feature", "geometry": {"type": "LineString", "coordinates": [[13.5647294, 55.8279461], [13.5647404, 55.8279435]]}, "properties": {"t": "fall", "g": 3, "loop": null, "hole": 3, "slope_pct": 1.25, "bearing": 113.1}}, {"type": "Feature", "geometry": {"type": "LineString", "coordinates": [[13.5645389, 55.8279169], [13.5645445, 55.827917]]}, "properties": {"t": "fall", "g": 3, "loop": null, "hole": 3, "slope_pct": 0.59, "bearing": 89.2}}, {"type": "Feature", "geometry": {"type": "LineString", "coordinates": [[13.5645867, 55.8279175], [13.5645967, 55.8279177]]}, "properties": {"t": "fall", "g": 3, "loop": null, "hole": 3, "slope_pct": 1.04, "bearing": 88.3}}, {"type": "Feature", "geometry": {"type": "LineString", "coordinates": [[13.5646346, 55.8279181], [13.564631, 55.8279203]]}, "properties": {"t": "fall", "g": 3, "loop": null, "hole": 3, "slope_pct": 0.56, "bearing": 318.6}}, {"type": "Feature", "geometry": {"type": "LineString", "coordinates": [[13.5646825, 55.8279186], [13.5646794, 55.8279275]]}, "properties": {"t": "fall", "g": 3, "loop": null, "hole": 3, "slope_pct": 1.68, "bearing": 349.0}}, {"type": "Feature", "geometry": {"type": "LineString", "coordinates": [[13.5645877, 55.8278906], [13.5646013, 55.8278913]]}, "properties": {"t": "fall", "g": 3, "loop": null, "hole": 3, "slope_pct": 1.43, "bearing": 84.2}}, {"type": "Feature", "geometry": {"type": "Point", "coordinates": [13.5646357, 55.8280263]}, "properties": {"t": "aim", "g": 3, "loop": null, "hole": 3, "aim_bearing": 68.7, "slope_median": 1.19, "slope_max": 4.51, "n_cells": 59}}, {"type": "Feature", "geometry": {"type": "LineString", "coordinates": [[13.5712468, 55.8278423], [13.5712887, 55.8278555]]}, "properties": {"t": "fall", "g": 4, "loop": null, "hole": 4, "slope_pct": 5.05, "bearing": 60.7}}, {"type": "Feature", "geometry": {"type": "LineString", "coordinates": [[13.5711521, 55.8278142], [13.5711254, 55.8278366]]}, "properties": {"t": "fall", "g": 4, "loop": null, "hole": 4, "slope_pct": 6.48, "bearing": 326.2}}, {"type": "Feature", "geometry": {"type": "LineString", "coordinates": [[13.5712, 55.8278148], [13.5712211, 55.8278198]]}, "properties": {"t": "fall", "g": 4, "loop": null, "hole": 4, "slope_pct": 2.39, "bearing": 67.0}}, {"type": "Feature", "geometry": {"type": "LineString", "coordinates": [[13.5712478, 55.8278153], [13.5712826, 55.8278276]]}, "properties": {"t": "fall", "g": 4, "loop": null, "hole": 4, "slope_pct": 4.27, "bearing": 57.9}}, {"type": "Feature", "geometry": {"type": "LineString", "coordinates": [[13.5712957, 55.8278159], [13.5713081, 55.8278419]]}, "properties": {"t": "fall", "g": 4, "loop": null, "hole": 4, "slope_pct": 5.14, "bearing": 15.0}}, {"type": "Feature", "geometry": {"type": "LineString", "coordinates": [[13.5711052, 55.8277867], [13.5710693, 55.8278012]]}, "properties": {"t": "fall", "g": 4, "loop": null, "hole": 4, "slope_pct": 4.6, "bearing": 305.7}}, {"type": "Feature", "geometry": {"type": "LineString", "coordinates": [[13.5711531, 55.8277873], [13.5711573, 55.827783]]}, "properties": {"t": "fall", "g": 4, "loop": null, "hole": 4, "slope_pct": 0.9, "bearing": 150.7}}, {"type": "Feature", "geometry": {"type": "LineString", "coordinates": [[13.5712009, 55.8277878], [13.5712106, 55.8277903]]}, "properties": {"t": "fall", "g": 4, "loop": null, "hole": 4, "slope_pct": 1.11, "bearing": 65.0}}, {"type": "Feature", "geometry": {"type": "LineString", "coordinates": [[13.5712488, 55.8277884], [13.5712618, 55.8278015]]}, "properties": {"t": "fall", "g": 4, "loop": null, "hole": 4, "slope_pct": 2.79, "bearing": 29.0}}, {"type": "Feature", "geometry": {"type": "LineString", "coordinates": [[13.5712967, 55.8277889], [13.5712978, 55.8278081]]}, "properties": {"t": "fall", "g": 4, "loop": null, "hole": 4, "slope_pct": 3.56, "bearing": 1.8}}, {"type": "Feature", "geometry": {"type": "LineString", "coordinates": [[13.5710583, 55.8277592], [13.5710284, 55.8277743]]}, "properties": {"t": "fall", "g": 4, "loop": null, "hole": 4, "slope_pct": 4.2, "bearing": 311.9}}, {"type": "Feature", "geometry": {"type": "LineString", "coordinates": [[13.5711062, 55.8277598], [13.5711142, 55.8277608]]}, "properties": {"t": "fall", "g": 4, "loop": null, "hole": 4, "slope_pct": 0.85, "bearing": 76.8}}, {"type": "Feature", "geometry": {"type": "LineString", "coordinates": [[13.5712498, 55.8277614], [13.5712507, 55.8277653]]}, "properties": {"t": "fall", "g": 4, "loop": null, "hole": 4, "slope_pct": 0.73, "bearing": 7.0}}, {"type": "Feature", "geometry": {"type": "LineString", "coordinates": [[13.5712977, 55.827762], [13.5712914, 55.8277708]]}, "properties": {"t": "fall", "g": 4, "loop": null, "hole": 4, "slope_pct": 1.76, "bearing": 338.3}}, {"type": "Feature", "geometry": {"type": "LineString", "coordinates": [[13.5713456, 55.8277625], [13.5713191, 55.8277772]]}, "properties": {"t": "fall", "g": 4, "loop": null, "hole": 4, "slope_pct": 3.87, "bearing": 314.7}}, {"type": "Feature", "geometry": {"type": "LineString", "coordinates": [[13.5710114, 55.8277317], [13.5709751, 55.8277493]]}, "properties": {"t": "fall", "g": 4, "loop": null, "hole": 4, "slope_pct": 9.99, "bearing": 310.7}}, {"type": "Feature", "geometry": {"type": "LineString", "coordinates": [[13.5710593, 55.8277323], [13.5710511, 55.8277318]]}, "properties": {"t": "fall", "g": 4, "loop": null, "hole": 4, "slope_pct": 0.86, "bearing": 264.9}}, {"type": "Feature", "geometry": {"type": "LineString", "coordinates": [[13.5711072, 55.8277328], [13.5711128, 55.8277384]]}, "properties": {"t": "fall", "g": 4, "loop": null, "hole": 4, "slope_pct": 1.19, "bearing": 29.8}}, {"type": "Feature", "geometry": {"type": "LineString", "coordinates": [[13.571155, 55.8277334], [13.5711527, 55.8277414]]}, "properties": {"t": "fall", "g": 4, "loop": null, "hole": 4, "slope_pct": 1.52, "bearing": 350.6}}, {"type": "Feature", "geometry": {"type": "LineString", "coordinates": [[13.5712029, 55.8277339], [13.5712035, 55.8277415]]}, "properties": {"t": "fall", "g": 4, "loop": null, "hole": 4, "slope_pct": 1.41, "bearing": 2.6}}, {"type": "Feature", "geometry": {"type": "LineString", "coordinates": [[13.5712508, 55.8277345], [13.5712479, 55.8277441]]}, "properties": {"t": "fall", "g": 4, "loop": null, "hole": 4, "slope_pct": 1.82, "bearing": 350.5}}, {"type": "Feature", "geometry": {"type": "LineString", "coordinates": [[13.5712987, 55.827735], [13.5712821, 55.8277481]]}, "properties": {"t": "fall", "g": 4, "loop": null, "hole": 4, "slope_pct": 2.98, "bearing": 324.5}}, {"type": "Feature", "geometry": {"type": "LineString", "coordinates": [[13.5713465, 55.8277356], [13.5713211, 55.8277484]]}, "properties": {"t": "fall", "g": 4, "loop": null, "hole": 4, "slope_pct": 3.56, "bearing": 311.9}}, {"type": "Feature", "geometry": {"type": "LineString", "coordinates": [[13.5709645, 55.8277042], [13.5709476, 55.8277091]]}, "properties": {"t": "fall", "g": 4, "loop": null, "hole": 4, "slope_pct": 1.99, "bearing": 297.3}}, {"type": "Feature", "geometry": {"type": "LineString", "coordinates": [[13.5710124, 55.8277048], [13.5709991, 55.8277026]]}, "properties": {"t": "fall", "g": 4, "loop": null, "hole": 4, "slope_pct": 1.44, "bearing": 254.0}}, {"type": "Feature", "geometry": {"type": "LineString", "coordinates": [[13.5710603, 55.8277053], [13.5710475, 55.8277046]]}, "properties": {"t": "fall", "g": 4, "loop": null, "hole": 4, "slope_pct": 1.34, "bearing": 264.6}}, {"type": "Feature", "geometry": {"type": "LineString", "coordinates": [[13.5711082, 55.8277059], [13.5710996, 55.8277095]]}, "properties": {"t": "fall", "g": 4, "loop": null, "hole": 4, "slope_pct": 1.11, "bearing": 306.7}}, {"type": "Feature", "geometry": {"type": "LineString", "coordinates": [[13.571156, 55.8277064], [13.5711538, 55.827715]]}, "properties": {"t": "fall", "g": 4, "loop": null, "hole": 4, "slope_pct": 1.61, "bearing": 351.7}}, {"type": "Feature", "geometry": {"type": "LineString", "coordinates": [[13.5712039, 55.827707], [13.5712019, 55.8277171]]}, "properties": {"t": "fall", "g": 4, "loop": null, "hole": 4, "slope_pct": 1.89, "bearing": 353.6}}, {"type": "Feature", "geometry": {"type": "LineString", "coordinates": [[13.5712518, 55.8277075], [13.5712467, 55.8277176]]}, "properties": {"t": "fall", "g": 4, "loop": null, "hole": 4, "slope_pct": 1.94, "bearing": 344.1}}, {"type": "Feature", "geometry": {"type": "LineString", "coordinates": [[13.5712997, 55.8277081], [13.5712847, 55.8277127]]}, "properties": {"t": "fall", "g": 4, "loop": null, "hole": 4, "slope_pct": 1.77, "bearing": 298.7}}, {"type": "Feature", "geometry": {"type": "LineString", "coordinates": [[13.5713475, 55.8277086], [13.5713495, 55.8277019]]}, "properties": {"t": "fall", "g": 4, "loop": null, "hole": 4, "slope_pct": 1.27, "bearing": 170.6}}, {"type": "Feature", "geometry": {"type": "LineString", "coordinates": [[13.5709655, 55.8276773], [13.5709632, 55.8276868]]}, "properties": {"t": "fall", "g": 4, "loop": null, "hole": 4, "slope_pct": 1.79, "bearing": 352.3}}, {"type": "Feature", "geometry": {"type": "LineString", "coordinates": [[13.5710134, 55.8276778], [13.5710003, 55.8276866]]}, "properties": {"t": "fall", "g": 4, "loop": null, "hole": 4, "slope_pct": 2.14, "bearing": 320.1}}, {"type": "Feature", "geometry": {"type": "LineString", "coordinates": [[13.5710613, 55.8276784], [13.5710491, 55.8276827]]}, "properties": {"t": "fall", "g": 4, "loop": null, "hole": 4, "slope_pct": 1.51, "bearing": 302.6}}, {"type": "Feature", "geometry": {"type": "LineString", "coordinates": [[13.5711092, 55.8276789], [13.5710959, 55.8276823]]}, "properties": {"t": "fall", "g": 4, "loop": null, "hole": 4, "slope_pct": 1.51, "bearing": 294.3}}, {"type": "Feature", "geometry": {"type": "LineString", "coordinates": [[13.571157, 55.8276795], [13.5711506, 55.827682]]}, "properties": {"t": "fall", "g": 4, "loop": null, "hole": 4, "slope_pct": 0.81, "bearing": 305.0}}, {"type": "Feature", "geometry": {"type": "LineString", "coordinates": [[13.5712049, 55.82768], [13.5712008, 55.8276835]]}, "properties": {"t": "fall", "g": 4, "loop": null, "hole": 4, "slope_pct": 0.77, "bearing": 326.2}}, {"type": "Feature", "geometry": {"type": "LineString", "coordinates": [[13.5712528, 55.8276806], [13.571254, 55.827684]]}, "properties": {"t": "fall", "g": 4, "loop": null, "hole": 4, "slope_pct": 0.65, "bearing": 11.4}}, {"type": "Feature", "geometry": {"type": "LineString", "coordinates": [[13.5713006, 55.8276811], [13.5713052, 55.8276787]]}, "properties": {"t": "fall", "g": 4, "loop": null, "hole": 4, "slope_pct": 0.66, "bearing": 133.9}}, {"type": "Feature", "geometry": {"type": "LineString", "coordinates": [[13.5709186, 55.8276497], [13.5708989, 55.8276613]]}, "properties": {"t": "fall", "g": 4, "loop": null, "hole": 4, "slope_pct": 2.97, "bearing": 316.0}}, {"type": "Feature", "geometry": {"type": "LineString", "coordinates": [[13.5709665, 55.8276503], [13.5709605, 55.8276637]]}, "properties": {"t": "fall", "g": 4, "loop": null, "hole": 4, "slope_pct": 2.57, "bearing": 345.8}}, {"type": "Feature", "geometry": {"type": "LineString", "coordinates": [[13.5710144, 55.8276509], [13.5710083, 55.8276636]]}, "properties": {"t": "fall", "g": 4, "loop": null, "hole": 4, "slope_pct": 2.44, "bearing": 344.8}}, {"type": "Feature", "geometry": {"type": "LineString", "coordinates": [[13.5710623, 55.8276514], [13.5710548, 55.8276632]]}, "properties": {"t": "fall", "g": 4, "loop": null, "hole": 4, "slope_pct": 2.32, "bearing": 340.5}}, {"type": "Feature", "geometry": {"type": "LineString", "coordinates": [[13.5711101, 55.827652], [13.5711031, 55.8276592]]}, "properties": {"t": "fall", "g": 4, "loop": null, "hole": 4, "slope_pct": 1.54, "bearing": 331.5}}, {"type": "Feature", "geometry": {"type": "LineString", "coordinates": [[13.571158, 55.8276525], [13.5711542, 55.8276561]]}, "properties": {"t": "fall", "g": 4, "loop": null, "hole": 4, "slope_pct": 0.78, "bearing": 329.5}}, {"type": "Feature", "geometry": {"type": "LineString", "coordinates": [[13.5712059, 55.8276531], [13.5711971, 55.8276566]]}, "properties": {"t": "fall", "g": 4, "loop": null, "hole": 4, "slope_pct": 1.12, "bearing": 305.3}}, {"type": "Feature", "geometry": {"type": "LineString", "coordinates": [[13.5712538, 55.8276536], [13.5712513, 55.8276614]]}, "properties": {"t": "fall", "g": 4, "loop": null, "hole": 4, "slope_pct": 1.46, "bearing": 350.0}}, {"type": "Feature", "geometry": {"type": "LineString", "coordinates": [[13.5713016, 55.8276542], [13.5713162, 55.8276653]]}, "properties": {"t": "fall", "g": 4, "loop": null, "hole": 4, "slope_pct": 2.56, "bearing": 36.4}}, {"type": "Feature", "geometry": {"type": "LineString", "coordinates": [[13.5709675, 55.8276234], [13.5709573, 55.8276424]]}, "properties": {"t": "fall", "g": 4, "loop": null, "hole": 4, "slope_pct": 3.7, "bearing": 343.3}}, {"type": "Feature", "geometry": {"type": "LineString", "coordinates": [[13.5710154, 55.8276239], [13.5710103, 55.827645]]}, "properties": {"t": "fall", "g": 4, "loop": null, "hole": 4, "slope_pct": 3.95, "bearing": 352.3}}, {"type": "Feature", "geometry": {"type": "LineString", "coordinates": [[13.5710633, 55.8276245], [13.5710575, 55.8276447]]}, "properties": {"t": "fall", "g": 4, "loop": null, "hole": 4, "slope_pct": 3.79, "bearing": 350.9}}, {"type": "Feature", "geometry": {"type": "LineString", "coordinates": [[13.5711111, 55.827625], [13.5711122, 55.8276444]]}, "properties": {"t": "fall", "g": 4, "loop": null, "hole": 4, "slope_pct": 3.59, "bearing": 1.8}}, {"type": "Feature", "geometry": {"type": "LineString", "coordinates": [[13.571159, 55.8276256], [13.5711624, 55.8276402]]}, "properties": {"t": "fall", "g": 4, "loop": null, "hole": 4, "slope_pct": 2.73, "bearing": 7.5}}, {"type": "Feature", "geometry": {"type": "LineString", "coordinates": [[13.5712069, 55.8276261], [13.5712, 55.8276346]]}, "properties": {"t": "fall", "g": 4, "loop": null, "hole": 4, "slope_pct": 1.73, "bearing": 335.4}}, {"type": "Feature", "geometry": {"type": "LineString", "coordinates": [[13.5712547, 55.8276267], [13.5712456, 55.8276336]]}, "properties": {"t": "fall", "g": 4, "loop": null, "hole": 4, "slope_pct": 1.6, "bearing": 323.2}}, {"type": "Feature", "geometry": {"type": "LineString", "coordinates": [[13.5710164, 55.827597], [13.5710075, 55.8276188]]}, "properties": {"t": "fall", "g": 4, "loop": null, "hole": 4, "slope_pct": 4.16, "bearing": 347.1}}, {"type": "Feature", "geometry": {"type": "LineString", "coordinates": [[13.5710642, 55.8275975], [13.5710541, 55.8276239]]}, "properties": {"t": "fall", "g": 4, "loop": null, "hole": 4, "slope_pct": 5.73, "bearing": 347.9}}, {"type": "Feature", "geometry": {"type": "LineString", "coordinates": [[13.5711121, 55.8275981], [13.5711143, 55.827625]]}, "properties": {"t": "fall", "g": 4, "loop": null, "hole": 4, "slope_pct": 6.67, "bearing": 2.6}}, {"type": "Feature", "geometry": {"type": "LineString", "coordinates": [[13.57116, 55.8275986], [13.5711723, 55.8276247]]}, "properties": {"t": "fall", "g": 4, "loop": null, "hole": 4, "slope_pct": 6.26, "bearing": 14.9}}, {"type": "Feature", "geometry": {"type": "Point", "coordinates": [13.5711578, 55.8277066]}, "properties": {"t": "aim", "g": 4, "loop": null, "hole": 4, "aim_bearing": 344.9, "slope_median": 1.85, "slope_max": 9.99, "n_cells": 62}}, {"type": "Feature", "geometry": {"type": "LineString", "coordinates": [[13.5624994, 55.8265092], [13.5625371, 55.8265259]]}, "properties": {"t": "fall", "g": 5, "loop": null, "hole": 5, "slope_pct": 5.68, "bearing": 51.8}}, {"type": "Feature", "geometry": {"type": "LineString", "coordinates": [[13.5625472, 55.8265098], [13.56256, 55.8265358]]}, "properties": {"t": "fall", "g": 5, "loop": null, "hole": 5, "slope_pct": 6.06, "bearing": 15.4}}, {"type": "Feature", "geometry": {"type": "LineString", "coordinates": [[13.5625951, 55.8265104], [13.5626138, 55.8265275]]}, "properties": {"t": "fall", "g": 5, "loop": null, "hole": 5, "slope_pct": 3.72, "bearing": 31.6}}, {"type": "Feature", "geometry": {"type": "LineString", "coordinates": [[13.562643, 55.8265109], [13.562656, 55.8265132]]}, "properties": {"t": "fall", "g": 5, "loop": null, "hole": 5, "slope_pct": 1.42, "bearing": 72.4}}, {"type": "Feature", "geometry": {"type": "LineString", "coordinates": [[13.5626909, 55.8265115], [13.5626843, 55.8265022]]}, "properties": {"t": "fall", "g": 5, "loop": null, "hole": 5, "slope_pct": 1.85, "bearing": 201.7}}, {"type": "Feature", "geometry": {"type": "LineString", "coordinates": [[13.5627387, 55.826512], [13.5627597, 55.8265023]]}, "properties": {"t": "fall", "g": 5, "loop": null, "hole": 5, "slope_pct": 2.83, "bearing": 129.5}}, {"type": "Feature", "geometry": {"type": "LineString", "coordinates": [[13.5624525, 55.8264817], [13.562445, 55.8264719]]}, "properties": {"t": "fall", "g": 5, "loop": null, "hole": 5, "slope_pct": 1.98, "bearing": 203.0}}, {"type": "Feature", "geometry": {"type": "LineString", "coordinates": [[13.5625004, 55.8264823], [13.5625122, 55.8264743]]}, "properties": {"t": "fall", "g": 5, "loop": null, "hole": 5, "slope_pct": 1.94, "bearing": 140.2}}, {"type": "Feature", "geometry": {"type": "LineString", "coordinates": [[13.5625482, 55.8264829], [13.562571, 55.8264776]]}, "properties": {"t": "fall", "g": 5, "loop": null, "hole": 5, "slope_pct": 2.57, "bearing": 112.3}}, {"type": "Feature", "geometry": {"type": "LineString", "coordinates": [[13.5625961, 55.8264834], [13.5626251, 55.8264768]]}, "properties": {"t": "fall", "g": 5, "loop": null, "hole": 5, "slope_pct": 3.27, "bearing": 112.1}}, {"type": "Feature", "geometry": {"type": "LineString", "coordinates": [[13.562644, 55.826484], [13.5626676, 55.8264774]]}, "properties": {"t": "fall", "g": 5, "loop": null, "hole": 5, "slope_pct": 2.75, "bearing": 116.3}}, {"type": "Feature", "geometry": {"type": "LineString", "coordinates": [[13.5626919, 55.8264845], [13.5626956, 55.8264759]]}, "properties": {"t": "fall", "g": 5, "loop": null, "hole": 5, "slope_pct": 1.66, "bearing": 166.2}}, {"type": "Feature", "geometry": {"type": "LineString", "coordinates": [[13.5627397, 55.8264851], [13.5627582, 55.8264716]]}, "properties": {"t": "fall", "g": 5, "loop": null, "hole": 5, "slope_pct": 3.16, "bearing": 142.6}}, {"type": "Feature", "geometry": {"type": "LineString", "coordinates": [[13.5627876, 55.8264857], [13.5628103, 55.8264797]]}, "properties": {"t": "fall", "g": 5, "loop": null, "hole": 5, "slope_pct": 2.62, "bearing": 115.1}}, {"type": "Feature", "geometry": {"type": "LineString", "coordinates": [[13.5624056, 55.8264542], [13.5623949, 55.8264462]]}, "properties": {"t": "fall", "g": 5, "loop": null, "hole": 5, "slope_pct": 1.87, "bearing": 216.7}}, {"type": "Feature", "geometry": {"type": "LineString", "coordinates": [[13.5624535, 55.8264548], [13.5624526, 55.8264433]]}, "properties": {"t": "fall", "g": 5, "loop": null, "hole": 5, "slope_pct": 2.13, "bearing": 182.5}}, {"type": "Feature", "geometry": {"type": "LineString", "coordinates": [[13.5625014, 55.8264553], [13.5625121, 55.8264442]]}, "properties": {"t": "fall", "g": 5, "loop": null, "hole": 5, "slope_pct": 2.36, "bearing": 151.7}}, {"type": "Feature", "geometry": {"type": "LineString", "coordinates": [[13.5625492, 55.8264559], [13.5625684, 55.8264467]]}, "properties": {"t": "fall", "g": 5, "loop": null, "hole": 5, "slope_pct": 2.62, "bearing": 130.6}}, {"type": "Feature", "geometry": {"type": "LineString", "coordinates": [[13.5625971, 55.8264565], [13.562624, 55.8264513]]}, "properties": {"t": "fall", "g": 5, "loop": null, "hole": 5, "slope_pct": 2.96, "bearing": 109.0}}, {"type": "Feature", "geometry": {"type": "LineString", "coordinates": [[13.562645, 55.826457], [13.5626644, 55.8264566]]}, "properties": {"t": "fall", "g": 5, "loop": null, "hole": 5, "slope_pct": 2.03, "bearing": 92.1}}, {"type": "Feature", "geometry": {"type": "LineString", "coordinates": [[13.5626929, 55.8264576], [13.5627055, 55.8264546]]}, "properties": {"t": "fall", "g": 5, "loop": null, "hole": 5, "slope_pct": 1.43, "bearing": 112.9}}, {"type": "Feature", "geometry": {"type": "LineString", "coordinates": [[13.5627407, 55.8264581], [13.5627551, 55.8264546]]}, "properties": {"t": "fall", "g": 5, "loop": null, "hole": 5, "slope_pct": 1.63, "bearing": 113.6}}, {"type": "Feature", "geometry": {"type": "LineString", "coordinates": [[13.5627886, 55.8264587], [13.5627945, 55.826461]]}, "properties": {"t": "fall", "g": 5, "loop": null, "hole": 5, "slope_pct": 0.75, "bearing": 55.1}}, {"type": "Feature", "geometry": {"type": "LineString", "coordinates": [[13.5628365, 55.8264593], [13.5628354, 55.8264667]]}, "properties": {"t": "fall", "g": 5, "loop": null, "hole": 5, "slope_pct": 1.38, "bearing": 355.6}}, {"type": "Feature", "geometry": {"type": "LineString", "coordinates": [[13.5624545, 55.8264278], [13.5624579, 55.8264234]]}, "properties": {"t": "fall", "g": 5, "loop": null, "hole": 5, "slope_pct": 0.89, "bearing": 156.3}}, {"type": "Feature", "geometry": {"type": "LineString", "coordinates": [[13.5625024, 55.8264284], [13.562509, 55.8264215]]}, "properties": {"t": "fall", "g": 5, "loop": null, "hole": 5, "slope_pct": 1.45, "bearing": 151.7}}, {"type": "Feature", "geometry": {"type": "LineString", "coordinates": [[13.5625502, 55.826429], [13.5625605, 55.8264274]]}, "properties": {"t": "fall", "g": 5, "loop": null, "hole": 5, "slope_pct": 1.11, "bearing": 105.4}}, {"type": "Feature", "geometry": {"type": "LineString", "coordinates": [[13.5625981, 55.8264295], [13.5626129, 55.826435]]}, "properties": {"t": "fall", "g": 5, "loop": null, "hole": 5, "slope_pct": 1.85, "bearing": 56.7}}, {"type": "Feature", "geometry": {"type": "LineString", "coordinates": [[13.562646, 55.8264301], [13.562663, 55.8264397]]}, "properties": {"t": "fall", "g": 5, "loop": null, "hole": 5, "slope_pct": 2.52, "bearing": 44.8}}, {"type": "Feature", "geometry": {"type": "LineString", "coordinates": [[13.5626938, 55.8264306], [13.562712, 55.8264392]]}, "properties": {"t": "fall", "g": 5, "loop": null, "hole": 5, "slope_pct": 2.47, "bearing": 50.0}}, {"type": "Feature", "geometry": {"type": "LineString", "coordinates": [[13.5627417, 55.8264312], [13.5627487, 55.8264414]]}, "properties": {"t": "fall", "g": 5, "loop": null, "hole": 5, "slope_pct": 2.03, "bearing": 20.9}}, {"type": "Feature", "geometry": {"type": "LineString", "coordinates": [[13.5627896, 55.8264318], [13.5627888, 55.8264445]]}, "properties": {"t": "fall", "g": 5, "loop": null, "hole": 5, "slope_pct": 2.37, "bearing": 357.9}}, {"type": "Feature", "geometry": {"type": "LineString", "coordinates": [[13.5628375, 55.8264323], [13.5628369, 55.8264437]]}, "properties": {"t": "fall", "g": 5, "loop": null, "hole": 5, "slope_pct": 2.11, "bearing": 358.5}}, {"type": "Feature", "geometry": {"type": "LineString", "coordinates": [[13.5624076, 55.8264003], [13.5624013, 55.8264141]]}, "properties": {"t": "fall", "g": 5, "loop": null, "hole": 5, "slope_pct": 2.64, "bearing": 345.6}}, {"type": "Feature", "geometry": {"type": "LineString", "coordinates": [[13.5624555, 55.8264009], [13.5624674, 55.8264102]]}, "properties": {"t": "fall", "g": 5, "loop": null, "hole": 5, "slope_pct": 2.12, "bearing": 35.9}}, {"type": "Feature", "geometry": {"type": "LineString", "coordinates": [[13.5625033, 55.8264015], [13.5625118, 55.8264068]]}, "properties": {"t": "fall", "g": 5, "loop": null, "hole": 5, "slope_pct": 1.33, "bearing": 41.4}}, {"type": "Feature", "geometry": {"type": "LineString", "coordinates": [[13.5625512, 55.826402], [13.5625499, 55.8264092]]}, "properties": {"t": "fall", "g": 5, "loop": null, "hole": 5, "slope_pct": 1.34, "bearing": 354.2}}, {"type": "Feature", "geometry": {"type": "LineString", "coordinates": [[13.5625991, 55.8264026], [13.5626019, 55.8264174]]}, "properties": {"t": "fall", "g": 5, "loop": null, "hole": 5, "slope_pct": 2.77, "bearing": 6.0}}, {"type": "Feature", "geometry": {"type": "LineString", "coordinates": [[13.562647, 55.8264031], [13.5626629, 55.8264218]]}, "properties": {"t": "fall", "g": 5, "loop": null, "hole": 5, "slope_pct": 3.85, "bearing": 25.7}}, {"type": "Feature", "geometry": {"type": "LineString", "coordinates": [[13.5626948, 55.8264037], [13.5627162, 55.8264194]]}, "properties": {"t": "fall", "g": 5, "loop": null, "hole": 5, "slope_pct": 3.67, "bearing": 37.4}}, {"type": "Feature", "geometry": {"type": "LineString", "coordinates": [[13.5627427, 55.8264043], [13.5627475, 55.8264187]]}, "properties": {"t": "fall", "g": 5, "loop": null, "hole": 5, "slope_pct": 2.72, "bearing": 10.6}}, {"type": "Feature", "geometry": {"type": "LineString", "coordinates": [[13.5627906, 55.8264048], [13.5627906, 55.8264183]]}, "properties": {"t": "fall", "g": 5, "loop": null, "hole": 5, "slope_pct": 2.5, "bearing": 0.1}}, {"type": "Feature", "geometry": {"type": "LineString", "coordinates": [[13.5624086, 55.8263734], [13.5624036, 55.8263833]]}, "properties": {"t": "fall", "g": 5, "loop": null, "hole": 5, "slope_pct": 1.91, "bearing": 344.2}}, {"type": "Feature", "geometry": {"type": "LineString", "coordinates": [[13.5624565, 55.8263739], [13.5624826, 55.8263795]]}, "properties": {"t": "fall", "g": 5, "loop": null, "hole": 5, "slope_pct": 2.91, "bearing": 69.4}}, {"type": "Feature", "geometry": {"type": "LineString", "coordinates": [[13.5625043, 55.8263745], [13.5625117, 55.8263774]]}, "properties": {"t": "fall", "g": 5, "loop": null, "hole": 5, "slope_pct": 0.93, "bearing": 55.1}}, {"type": "Feature", "geometry": {"type": "LineString", "coordinates": [[13.5625522, 55.8263751], [13.562539, 55.8263822]]}, "properties": {"t": "fall", "g": 5, "loop": null, "hole": 5, "slope_pct": 1.91, "bearing": 313.9}}, {"type": "Feature", "geometry": {"type": "LineString", "coordinates": [[13.5626001, 55.8263756], [13.5625908, 55.8263902]]}, "properties": {"t": "fall", "g": 5, "loop": null, "hole": 5, "slope_pct": 2.87, "bearing": 340.3}}, {"type": "Feature", "geometry": {"type": "LineString", "coordinates": [[13.562648, 55.8263762], [13.562664, 55.8263936]]}, "properties": {"t": "fall", "g": 5, "loop": null, "hole": 5, "slope_pct": 3.64, "bearing": 27.3}}, {"type": "Feature", "geometry": {"type": "LineString", "coordinates": [[13.5626958, 55.8263767], [13.5627224, 55.8263963]]}, "properties": {"t": "fall", "g": 5, "loop": null, "hole": 5, "slope_pct": 4.56, "bearing": 37.4}}, {"type": "Feature", "geometry": {"type": "LineString", "coordinates": [[13.5627437, 55.8263773], [13.562754, 55.8263912]]}, "properties": {"t": "fall", "g": 5, "loop": null, "hole": 5, "slope_pct": 2.79, "bearing": 22.6}}, {"type": "Feature", "geometry": {"type": "LineString", "coordinates": [[13.5627916, 55.8263779], [13.5627951, 55.8263867]]}, "properties": {"t": "fall", "g": 5, "loop": null, "hole": 5, "slope_pct": 1.68, "bearing": 12.7}}, {"type": "Feature", "geometry": {"type": "LineString", "coordinates": [[13.5625532, 55.8263481], [13.5625314, 55.8263549]]}, "properties": {"t": "fall", "g": 5, "loop": null, "hole": 5, "slope_pct": 2.6, "bearing": 299.1}}, {"type": "Feature", "geometry": {"type": "LineString", "coordinates": [[13.5626011, 55.8263487], [13.5625809, 55.8263595]]}, "properties": {"t": "fall", "g": 5, "loop": null, "hole": 5, "slope_pct": 2.91, "bearing": 313.6}}, {"type": "Feature", "geometry": {"type": "Point", "coordinates": [13.5626097, 55.826437]}, "properties": {"t": "aim", "g": 5, "loop": null, "hole": 5, "aim_bearing": 50.7, "slope_median": 2.36, "slope_max": 6.06, "n_cells": 55}}, {"type": "Feature", "geometry": {"type": "LineString", "coordinates": [[13.5588312, 55.8268437], [13.5588367, 55.8268374]]}, "properties": {"t": "fall", "g": 6, "loop": null, "hole": 6, "slope_pct": 1.31, "bearing": 153.9}}, {"type": "Feature", "geometry": {"type": "LineString", "coordinates": [[13.558879, 55.8268443], [13.5588772, 55.8268657]]}, "properties": {"t": "fall", "g": 6, "loop": null, "hole": 6, "slope_pct": 3.97, "bearing": 357.2}}, {"type": "Feature", "geometry": {"type": "LineString", "coordinates": [[13.5589269, 55.8268449], [13.5589026, 55.8268602]]}, "properties": {"t": "fall", "g": 6, "loop": null, "hole": 6, "slope_pct": 3.81, "bearing": 318.4}}, {"type": "Feature", "geometry": {"type": "LineString", "coordinates": [[13.5589748, 55.8268454], [13.5589681, 55.8268528]]}, "properties": {"t": "fall", "g": 6, "loop": null, "hole": 6, "slope_pct": 1.53, "bearing": 332.9}}, {"type": "Feature", "geometry": {"type": "LineString", "coordinates": [[13.5590227, 55.826846], [13.5590617, 55.8268616]]}, "properties": {"t": "fall", "g": 6, "loop": null, "hole": 6, "slope_pct": 5.86, "bearing": 54.5}}, {"type": "Feature", "geometry": {"type": "LineString", "coordinates": [[13.5587843, 55.8268162], [13.5587441, 55.8268309]]}, "properties": {"t": "fall", "g": 6, "loop": null, "hole": 6, "slope_pct": 9.72, "bearing": 303.1}}, {"type": "Feature", "geometry": {"type": "LineString", "coordinates": [[13.5588322, 55.8268168], [13.5588145, 55.8268362]]}, "properties": {"t": "fall", "g": 6, "loop": null, "hole": 6, "slope_pct": 4.04, "bearing": 333.0}}, {"type": "Feature", "geometry": {"type": "LineString", "coordinates": [[13.55888, 55.8268174], [13.5588781, 55.8268291]]}, "properties": {"t": "fall", "g": 6, "loop": null, "hole": 6, "slope_pct": 2.2, "bearing": 354.8}}, {"type": "Feature", "geometry": {"type": "LineString", "coordinates": [[13.5589279, 55.8268179], [13.558917, 55.8268222]]}, "properties": {"t": "fall", "g": 6, "loop": null, "hole": 6, "slope_pct": 1.38, "bearing": 304.8}}, {"type": "Feature", "geometry": {"type": "LineString", "coordinates": [[13.5589758, 55.8268185], [13.5589709, 55.8268196]]}, "properties": {"t": "fall", "g": 6, "loop": null, "hole": 6, "slope_pct": 0.55, "bearing": 291.7}}, {"type": "Feature", "geometry": {"type": "LineString", "coordinates": [[13.5590237, 55.826819], [13.5590307, 55.8268293]]}, "properties": {"t": "fall", "g": 6, "loop": null, "hole": 6, "slope_pct": 2.04, "bearing": 21.1}}, {"type": "Feature", "geometry": {"type": "LineString", "coordinates": [[13.5587853, 55.8267893], [13.5587388, 55.826796]]}, "properties": {"t": "fall", "g": 6, "loop": null, "hole": 6, "slope_pct": 7.64, "bearing": 284.3}}, {"type": "Feature", "geometry": {"type": "LineString", "coordinates": [[13.5588332, 55.8267898], [13.5588305, 55.8267929]]}, "properties": {"t": "fall", "g": 6, "loop": null, "hole": 6, "slope_pct": 0.63, "bearing": 333.6}}, {"type": "Feature", "geometry": {"type": "LineString", "coordinates": [[13.558881, 55.8267904], [13.5588898, 55.826794]]}, "properties": {"t": "fall", "g": 6, "loop": null, "hole": 6, "slope_pct": 1.13, "bearing": 53.4}}, {"type": "Feature", "geometry": {"type": "LineString", "coordinates": [[13.5589289, 55.826791], [13.5589267, 55.826794]]}, "properties": {"t": "fall", "g": 6, "loop": null, "hole": 6, "slope_pct": 0.61, "bearing": 337.4}}, {"type": "Feature", "geometry": {"type": "LineString", "coordinates": [[13.5589768, 55.8267915], [13.5589667, 55.8267941]]}, "properties": {"t": "fall", "g": 6, "loop": null, "hole": 6, "slope_pct": 1.15, "bearing": 294.4}}, {"type": "Feature", "geometry": {"type": "LineString", "coordinates": [[13.5590247, 55.8267921], [13.5589998, 55.8268004]]}, "properties": {"t": "fall", "g": 6, "loop": null, "hole": 6, "slope_pct": 3.01, "bearing": 300.8}}, {"type": "Feature", "geometry": {"type": "LineString", "coordinates": [[13.5590725, 55.8267927], [13.5590627, 55.8268091]]}, "properties": {"t": "fall", "g": 6, "loop": null, "hole": 6, "slope_pct": 3.21, "bearing": 341.4}}, {"type": "Feature", "geometry": {"type": "LineString", "coordinates": [[13.5587863, 55.8267623], [13.5587384, 55.8267611]]}, "properties": {"t": "fall", "g": 6, "loop": null, "hole": 6, "slope_pct": 6.15, "bearing": 267.3}}, {"type": "Feature", "geometry": {"type": "LineString", "coordinates": [[13.5588342, 55.8267629], [13.5588307, 55.8267593]]}, "properties": {"t": "fall", "g": 6, "loop": null, "hole": 6, "slope_pct": 0.76, "bearing": 208.7}}, {"type": "Feature", "geometry": {"type": "LineString", "coordinates": [[13.5589299, 55.826764], [13.5589269, 55.8267694]]}, "properties": {"t": "fall", "g": 6, "loop": null, "hole": 6, "slope_pct": 1.05, "bearing": 342.6}}, {"type": "Feature", "geometry": {"type": "LineString", "coordinates": [[13.5589778, 55.8267646], [13.5589696, 55.8267698]]}, "properties": {"t": "fall", "g": 6, "loop": null, "hole": 6, "slope_pct": 1.3, "bearing": 318.7}}, {"type": "Feature", "geometry": {"type": "LineString", "coordinates": [[13.5590257, 55.8267651], [13.5590074, 55.8267625]]}, "properties": {"t": "fall", "g": 6, "loop": null, "hole": 6, "slope_pct": 1.97, "bearing": 255.5}}, {"type": "Feature", "geometry": {"type": "LineString", "coordinates": [[13.5590735, 55.8267657], [13.5590695, 55.8267518]]}, "properties": {"t": "fall", "g": 6, "loop": null, "hole": 6, "slope_pct": 2.61, "bearing": 189.2}}, {"type": "Feature", "geometry": {"type": "LineString", "coordinates": [[13.5591214, 55.8267663], [13.5591629, 55.8267528]]}, "properties": {"t": "fall", "g": 6, "loop": null, "hole": 6, "slope_pct": 5.27, "bearing": 120.0}}, {"type": "Feature", "geometry": {"type": "LineString", "coordinates": [[13.5587873, 55.8267354], [13.5587501, 55.8267524]]}, "properties": {"t": "fall", "g": 6, "loop": null, "hole": 6, "slope_pct": 5.58, "bearing": 309.2}}, {"type": "Feature", "geometry": {"type": "LineString", "coordinates": [[13.5588352, 55.826736], [13.558836, 55.8267439]]}, "properties": {"t": "fall", "g": 6, "loop": null, "hole": 6, "slope_pct": 1.48, "bearing": 3.6}}, {"type": "Feature", "geometry": {"type": "LineString", "coordinates": [[13.558883, 55.8267365], [13.5588765, 55.8267391]]}, "properties": {"t": "fall", "g": 6, "loop": null, "hole": 6, "slope_pct": 0.83, "bearing": 305.3}}, {"type": "Feature", "geometry": {"type": "LineString", "coordinates": [[13.5589309, 55.8267371], [13.558925, 55.8267389]]}, "properties": {"t": "fall", "g": 6, "loop": null, "hole": 6, "slope_pct": 0.7, "bearing": 298.4}}, {"type": "Feature", "geometry": {"type": "LineString", "coordinates": [[13.5590266, 55.8267382], [13.5590226, 55.826733]]}, "properties": {"t": "fall", "g": 6, "loop": null, "hole": 6, "slope_pct": 1.05, "bearing": 204.1}}, {"type": "Feature", "geometry": {"type": "LineString", "coordinates": [[13.5590745, 55.8267388], [13.5590806, 55.8267315]]}, "properties": {"t": "fall", "g": 6, "loop": null, "hole": 6, "slope_pct": 1.48, "bearing": 154.8}}, {"type": "Feature", "geometry": {"type": "LineString", "coordinates": [[13.5591224, 55.8267393], [13.5591482, 55.8267345]]}, "properties": {"t": "fall", "g": 6, "loop": null, "hole": 6, "slope_pct": 2.83, "bearing": 108.3}}, {"type": "Feature", "geometry": {"type": "LineString", "coordinates": [[13.5587883, 55.8267084], [13.5587618, 55.8267115]]}, "properties": {"t": "fall", "g": 6, "loop": null, "hole": 6, "slope_pct": 2.82, "bearing": 281.6}}, {"type": "Feature", "geometry": {"type": "LineString", "coordinates": [[13.5588362, 55.826709], [13.5588537, 55.8267086]]}, "properties": {"t": "fall", "g": 6, "loop": null, "hole": 6, "slope_pct": 1.83, "bearing": 92.5}}, {"type": "Feature", "geometry": {"type": "LineString", "coordinates": [[13.558884, 55.8267096], [13.5588842, 55.8267045]]}, "properties": {"t": "fall", "g": 6, "loop": null, "hole": 6, "slope_pct": 0.94, "bearing": 179.0}}, {"type": "Feature", "geometry": {"type": "LineString", "coordinates": [[13.5589319, 55.8267101], [13.5589269, 55.8267045]]}, "properties": {"t": "fall", "g": 6, "loop": null, "hole": 6, "slope_pct": 1.16, "bearing": 206.7}}, {"type": "Feature", "geometry": {"type": "LineString", "coordinates": [[13.5589798, 55.8267107], [13.558984, 55.8267062]]}, "properties": {"t": "fall", "g": 6, "loop": null, "hole": 6, "slope_pct": 0.94, "bearing": 152.0}}, {"type": "Feature", "geometry": {"type": "LineString", "coordinates": [[13.5590276, 55.8267112], [13.5590249, 55.8267068]]}, "properties": {"t": "fall", "g": 6, "loop": null, "hole": 6, "slope_pct": 0.87, "bearing": 199.0}}, {"type": "Feature", "geometry": {"type": "LineString", "coordinates": [[13.5590755, 55.8267118], [13.5590805, 55.8267074]]}, "properties": {"t": "fall", "g": 6, "loop": null, "hole": 6, "slope_pct": 0.96, "bearing": 147.5}}, {"type": "Feature", "geometry": {"type": "LineString", "coordinates": [[13.5591234, 55.8267124], [13.559144, 55.8267098]]}, "properties": {"t": "fall", "g": 6, "loop": null, "hole": 6, "slope_pct": 2.2, "bearing": 102.5}}, {"type": "Feature", "geometry": {"type": "LineString", "coordinates": [[13.5587893, 55.8266815], [13.558768, 55.8266573]]}, "properties": {"t": "fall", "g": 6, "loop": null, "hole": 6, "slope_pct": 7.18, "bearing": 206.3}}, {"type": "Feature", "geometry": {"type": "LineString", "coordinates": [[13.5588372, 55.8266821], [13.5588481, 55.8266578]]}, "properties": {"t": "fall", "g": 6, "loop": null, "hole": 6, "slope_pct": 4.64, "bearing": 165.8}}, {"type": "Feature", "geometry": {"type": "LineString", "coordinates": [[13.558885, 55.8266826], [13.5588816, 55.8266667]]}, "properties": {"t": "fall", "g": 6, "loop": null, "hole": 6, "slope_pct": 2.98, "bearing": 186.9}}, {"type": "Feature", "geometry": {"type": "LineString", "coordinates": [[13.5589329, 55.8266832], [13.5589243, 55.8266711]]}, "properties": {"t": "fall", "g": 6, "loop": null, "hole": 6, "slope_pct": 2.41, "bearing": 201.8}}, {"type": "Feature", "geometry": {"type": "LineString", "coordinates": [[13.5589808, 55.8266837], [13.5589787, 55.8266766]]}, "properties": {"t": "fall", "g": 6, "loop": null, "hole": 6, "slope_pct": 1.34, "bearing": 189.2}}, {"type": "Feature", "geometry": {"type": "LineString", "coordinates": [[13.5590286, 55.8266843], [13.5590263, 55.8266813]]}, "properties": {"t": "fall", "g": 6, "loop": null, "hole": 6, "slope_pct": 0.61, "bearing": 203.2}}, {"type": "Feature", "geometry": {"type": "LineString", "coordinates": [[13.5591244, 55.8266854], [13.559138, 55.82669]]}, "properties": {"t": "fall", "g": 6, "loop": null, "hole": 6, "slope_pct": 1.66, "bearing": 59.0}}, {"type": "Feature", "geometry": {"type": "LineString", "coordinates": [[13.5588381, 55.8266551], [13.5588223, 55.8266441]]}, "properties": {"t": "fall", "g": 6, "loop": null, "hole": 6, "slope_pct": 2.63, "bearing": 219.0}}, {"type": "Feature", "geometry": {"type": "LineString", "coordinates": [[13.558886, 55.8266557], [13.5588777, 55.8266503]]}, "properties": {"t": "fall", "g": 6, "loop": null, "hole": 6, "slope_pct": 1.32, "bearing": 220.8}}, {"type": "Feature", "geometry": {"type": "LineString", "coordinates": [[13.5589339, 55.8266562], [13.5589165, 55.8266503]]}, "properties": {"t": "fall", "g": 6, "loop": null, "hole": 6, "slope_pct": 2.12, "bearing": 238.5}}, {"type": "Feature", "geometry": {"type": "LineString", "coordinates": [[13.5589818, 55.8266568], [13.5589695, 55.8266554]]}, "properties": {"t": "fall", "g": 6, "loop": null, "hole": 6, "slope_pct": 1.3, "bearing": 258.6}}, {"type": "Feature", "geometry": {"type": "LineString", "coordinates": [[13.5590296, 55.8266574], [13.5590105, 55.8266669]]}, "properties": {"t": "fall", "g": 6, "loop": null, "hole": 6, "slope_pct": 2.66, "bearing": 311.6}}, {"type": "Feature", "geometry": {"type": "LineString", "coordinates": [[13.5590775, 55.8266579], [13.5590681, 55.8266789]]}, "properties": {"t": "fall", "g": 6, "loop": null, "hole": 6, "slope_pct": 4.02, "bearing": 345.9}}, {"type": "Feature", "geometry": {"type": "LineString", "coordinates": [[13.5591254, 55.8266585], [13.5591374, 55.8266833]]}, "properties": {"t": "fall", "g": 6, "loop": null, "hole": 6, "slope_pct": 4.78, "bearing": 15.2}}, {"type": "Feature", "geometry": {"type": "LineString", "coordinates": [[13.5588391, 55.8266282], [13.5588115, 55.8266494]]}, "properties": {"t": "fall", "g": 6, "loop": null, "hole": 6, "slope_pct": 4.87, "bearing": 323.8}}, {"type": "Feature", "geometry": {"type": "LineString", "coordinates": [[13.558887, 55.8266287], [13.5588895, 55.8266467]]}, "properties": {"t": "fall", "g": 6, "loop": null, "hole": 6, "slope_pct": 3.35, "bearing": 4.4}}, {"type": "Feature", "geometry": {"type": "LineString", "coordinates": [[13.5589349, 55.8266293], [13.5589275, 55.8266344]]}, "properties": {"t": "fall", "g": 6, "loop": null, "hole": 6, "slope_pct": 1.22, "bearing": 321.0}}, {"type": "Feature", "geometry": {"type": "LineString", "coordinates": [[13.5589828, 55.8266298], [13.5589567, 55.8266312]]}, "properties": {"t": "fall", "g": 6, "loop": null, "hole": 6, "slope_pct": 2.72, "bearing": 275.2}}, {"type": "Feature", "geometry": {"type": "LineString", "coordinates": [[13.5590306, 55.8266304], [13.5589881, 55.8266429]]}, "properties": {"t": "fall", "g": 6, "loop": null, "hole": 6, "slope_pct": 5.36, "bearing": 297.6}}, {"type": "Feature", "geometry": {"type": "LineString", "coordinates": [[13.5590785, 55.826631], [13.5590532, 55.8266539]]}, "properties": {"t": "fall", "g": 6, "loop": null, "hole": 6, "slope_pct": 6.55, "bearing": 328.1}}, {"type": "Feature", "geometry": {"type": "LineString", "coordinates": [[13.558888, 55.8266018], [13.5589076, 55.8266185]]}, "properties": {"t": "fall", "g": 6, "loop": null, "hole": 6, "slope_pct": 3.71, "bearing": 33.5}}, {"type": "Feature", "geometry": {"type": "LineString", "coordinates": [[13.5589359, 55.8266023], [13.5589454, 55.8266132]]}, "properties": {"t": "fall", "g": 6, "loop": null, "hole": 6, "slope_pct": 2.26, "bearing": 26.2}}, {"type": "Feature", "geometry": {"type": "LineString", "coordinates": [[13.5589838, 55.8266029], [13.5589538, 55.8266112]]}, "properties": {"t": "fall", "g": 6, "loop": null, "hole": 6, "slope_pct": 3.48, "bearing": 296.4}}, {"type": "Feature", "geometry": {"type": "Point", "coordinates": [13.5589469, 55.826728]}, "properties": {"t": "aim", "g": 6, "loop": null, "hole": 6, "aim_bearing": 306.6, "slope_median": 2.08, "slope_max": 9.72, "n_cells": 66}}, {"type": "Feature", "geometry": {"type": "LineString", "coordinates": [[13.5639144, 55.8275322], [13.563928, 55.8275437]]}, "properties": {"t": "fall", "g": 7, "loop": null, "hole": 7, "slope_pct": 2.56, "bearing": 33.6}}, {"type": "Feature", "geometry": {"type": "LineString", "coordinates": [[13.5639623, 55.8275328], [13.5639936, 55.827534]]}, "properties": {"t": "fall", "g": 7, "loop": null, "hole": 7, "slope_pct": 3.27, "bearing": 86.2}}, {"type": "Feature", "geometry": {"type": "LineString", "coordinates": [[13.5640102, 55.8275333], [13.5640147, 55.8275403]]}, "properties": {"t": "fall", "g": 7, "loop": null, "hole": 7, "slope_pct": 1.37, "bearing": 20.3}}, {"type": "Feature", "geometry": {"type": "LineString", "coordinates": [[13.5640581, 55.8275339], [13.5640168, 55.8275477]]}, "properties": {"t": "fall", "g": 7, "loop": null, "hole": 7, "slope_pct": 5.01, "bearing": 300.7}}, {"type": "Feature", "geometry": {"type": "LineString", "coordinates": [[13.5638676, 55.8275047], [13.5638228, 55.8274951]]}, "properties": {"t": "fall", "g": 7, "loop": null, "hole": 7, "slope_pct": 6.16, "bearing": 249.0}}, {"type": "Feature", "geometry": {"type": "LineString", "coordinates": [[13.5639154, 55.8275053], [13.5639313, 55.8274835]]}, "properties": {"t": "fall", "g": 7, "loop": null, "hole": 7, "slope_pct": 4.37, "bearing": 157.7}}, {"type": "Feature", "geometry": {"type": "LineString", "coordinates": [[13.5639633, 55.8275058], [13.5639767, 55.8274969]]}, "properties": {"t": "fall", "g": 7, "loop": null, "hole": 7, "slope_pct": 2.16, "bearing": 140.0}}, {"type": "Feature", "geometry": {"type": "LineString", "coordinates": [[13.5640112, 55.8275064], [13.5640021, 55.8275084]]}, "properties": {"t": "fall", "g": 7, "loop": null, "hole": 7, "slope_pct": 1.02, "bearing": 291.0}}, {"type": "Feature", "geometry": {"type": "LineString", "coordinates": [[13.564059, 55.827507], [13.564019, 55.8275111]]}, "properties": {"t": "fall", "g": 7, "loop": null, "hole": 7, "slope_pct": 4.25, "bearing": 280.5}}, {"type": "Feature", "geometry": {"type": "LineString", "coordinates": [[13.5641069, 55.8275075], [13.5640598, 55.8275025]]}, "properties": {"t": "fall", "g": 7, "loop": null, "hole": 7, "slope_pct": 5.7, "bearing": 259.3}}, {"type": "Feature", "geometry": {"type": "LineString", "coordinates": [[13.5638207, 55.8274772], [13.5637762, 55.8274874]]}, "properties": {"t": "fall", "g": 7, "loop": null, "hole": 7, "slope_pct": 8.41, "bearing": 292.2}}, {"type": "Feature", "geometry": {"type": "LineString", "coordinates": [[13.5638685, 55.8274778], [13.5638637, 55.827459]]}, "properties": {"t": "fall", "g": 7, "loop": null, "hole": 7, "slope_pct": 3.52, "bearing": 188.3}}, {"type": "Feature", "geometry": {"type": "LineString", "coordinates": [[13.5639164, 55.8274783], [13.5639153, 55.8274632]]}, "properties": {"t": "fall", "g": 7, "loop": null, "hole": 7, "slope_pct": 2.81, "bearing": 182.3}}, {"type": "Feature", "geometry": {"type": "LineString", "coordinates": [[13.5639643, 55.8274789], [13.5639588, 55.827471]]}, "properties": {"t": "fall", "g": 7, "loop": null, "hole": 7, "slope_pct": 1.58, "bearing": 201.2}}, {"type": "Feature", "geometry": {"type": "LineString", "coordinates": [[13.5640122, 55.8274795], [13.56399, 55.8274781]]}, "properties": {"t": "fall", "g": 7, "loop": null, "hole": 7, "slope_pct": 2.33, "bearing": 263.9}}, {"type": "Feature", "geometry": {"type": "LineString", "coordinates": [[13.56406, 55.82748], [13.5640316, 55.8274774]]}, "properties": {"t": "fall", "g": 7, "loop": null, "hole": 7, "slope_pct": 3.0, "bearing": 260.7}}, {"type": "Feature", "geometry": {"type": "LineString", "coordinates": [[13.5641079, 55.8274806], [13.5640814, 55.8274635]]}, "properties": {"t": "fall", "g": 7, "loop": null, "hole": 7, "slope_pct": 4.2, "bearing": 221.2}}, {"type": "Feature", "geometry": {"type": "LineString", "coordinates": [[13.5641558, 55.8274811], [13.5641464, 55.8274547]]}, "properties": {"t": "fall", "g": 7, "loop": null, "hole": 7, "slope_pct": 6.76, "bearing": 191.2}}, {"type": "Feature", "geometry": {"type": "LineString", "coordinates": [[13.5638217, 55.8274503], [13.5638033, 55.8274442]]}, "properties": {"t": "fall", "g": 7, "loop": null, "hole": 7, "slope_pct": 2.22, "bearing": 239.6}}, {"type": "Feature", "geometry": {"type": "LineString", "coordinates": [[13.5638695, 55.8274508], [13.5638614, 55.8274446]]}, "properties": {"t": "fall", "g": 7, "loop": null, "hole": 7, "slope_pct": 1.44, "bearing": 215.9}}, {"type": "Feature", "geometry": {"type": "LineString", "coordinates": [[13.5639174, 55.8274514], [13.5639069, 55.8274487]]}, "properties": {"t": "fall", "g": 7, "loop": null, "hole": 7, "slope_pct": 1.21, "bearing": 245.7}}, {"type": "Feature", "geometry": {"type": "LineString", "coordinates": [[13.5639653, 55.8274519], [13.5639497, 55.8274543]]}, "properties": {"t": "fall", "g": 7, "loop": null, "hole": 7, "slope_pct": 1.68, "bearing": 285.2}}, {"type": "Feature", "geometry": {"type": "LineString", "coordinates": [[13.5640132, 55.8274525], [13.5639887, 55.8274571]]}, "properties": {"t": "fall", "g": 7, "loop": null, "hole": 7, "slope_pct": 2.69, "bearing": 288.5}}, {"type": "Feature", "geometry": {"type": "LineString", "coordinates": [[13.564061, 55.8274531], [13.564049, 55.8274532]]}, "properties": {"t": "fall", "g": 7, "loop": null, "hole": 7, "slope_pct": 1.26, "bearing": 271.4}}, {"type": "Feature", "geometry": {"type": "LineString", "coordinates": [[13.5641089, 55.8274536], [13.5641079, 55.8274472]]}, "properties": {"t": "fall", "g": 7, "loop": null, "hole": 7, "slope_pct": 1.19, "bearing": 185.3}}, {"type": "Feature", "geometry": {"type": "LineString", "coordinates": [[13.5641568, 55.8274542], [13.5641649, 55.8274415]]}, "properties": {"t": "fall", "g": 7, "loop": null, "hole": 7, "slope_pct": 2.51, "bearing": 160.3}}, {"type": "Feature", "geometry": {"type": "LineString", "coordinates": [[13.5638227, 55.8274233], [13.5638155, 55.8274149]]}, "properties": {"t": "fall", "g": 7, "loop": null, "hole": 7, "slope_pct": 1.73, "bearing": 205.6}}, {"type": "Feature", "geometry": {"type": "LineString", "coordinates": [[13.5638705, 55.8274239], [13.5638566, 55.8274171]]}, "properties": {"t": "fall", "g": 7, "loop": null, "hole": 7, "slope_pct": 1.92, "bearing": 229.2}}, {"type": "Feature", "geometry": {"type": "LineString", "coordinates": [[13.5639184, 55.8274244], [13.5638975, 55.827423]]}, "properties": {"t": "fall", "g": 7, "loop": null, "hole": 7, "slope_pct": 2.19, "bearing": 262.9}}, {"type": "Feature", "geometry": {"type": "LineString", "coordinates": [[13.5639663, 55.827425], [13.563944, 55.8274289]]}, "properties": {"t": "fall", "g": 7, "loop": null, "hole": 7, "slope_pct": 2.43, "bearing": 287.2}}, {"type": "Feature", "geometry": {"type": "LineString", "coordinates": [[13.5640142, 55.8274256], [13.5639934, 55.8274291]]}, "properties": {"t": "fall", "g": 7, "loop": null, "hole": 7, "slope_pct": 2.26, "bearing": 286.7}}, {"type": "Feature", "geometry": {"type": "LineString", "coordinates": [[13.564062, 55.8274261], [13.5640487, 55.8274306]]}, "properties": {"t": "fall", "g": 7, "loop": null, "hole": 7, "slope_pct": 1.62, "bearing": 301.3}}, {"type": "Feature", "geometry": {"type": "LineString", "coordinates": [[13.5641099, 55.8274267], [13.564108, 55.8274376]]}, "properties": {"t": "fall", "g": 7, "loop": null, "hole": 7, "slope_pct": 2.04, "bearing": 354.5}}, {"type": "Feature", "geometry": {"type": "LineString", "coordinates": [[13.5641578, 55.8274272], [13.5641532, 55.8274488]]}, "properties": {"t": "fall", "g": 7, "loop": null, "hole": 7, "slope_pct": 4.03, "bearing": 353.2}}, {"type": "Feature", "geometry": {"type": "LineString", "coordinates": [[13.5638237, 55.8273964], [13.5638073, 55.8273883]]}, "properties": {"t": "fall", "g": 7, "loop": null, "hole": 7, "slope_pct": 2.28, "bearing": 228.7}}, {"type": "Feature", "geometry": {"type": "LineString", "coordinates": [[13.5638715, 55.8273969], [13.5638483, 55.8273975]]}, "properties": {"t": "fall", "g": 7, "loop": null, "hole": 7, "slope_pct": 2.43, "bearing": 272.6}}, {"type": "Feature", "geometry": {"type": "LineString", "coordinates": [[13.5639194, 55.8273975], [13.5638907, 55.827403]]}, "properties": {"t": "fall", "g": 7, "loop": null, "hole": 7, "slope_pct": 3.16, "bearing": 288.7}}, {"type": "Feature", "geometry": {"type": "LineString", "coordinates": [[13.5639673, 55.8273981], [13.563943, 55.8274034]]}, "properties": {"t": "fall", "g": 7, "loop": null, "hole": 7, "slope_pct": 2.72, "bearing": 291.5}}, {"type": "Feature", "geometry": {"type": "LineString", "coordinates": [[13.5640151, 55.8273986], [13.5639957, 55.8274043]]}, "properties": {"t": "fall", "g": 7, "loop": null, "hole": 7, "slope_pct": 2.28, "bearing": 297.3}}, {"type": "Feature", "geometry": {"type": "LineString", "coordinates": [[13.564063, 55.8273992], [13.564047, 55.8274047]]}, "properties": {"t": "fall", "g": 7, "loop": null, "hole": 7, "slope_pct": 1.96, "bearing": 301.5}}, {"type": "Feature", "geometry": {"type": "LineString", "coordinates": [[13.5641109, 55.8273997], [13.5640923, 55.8274063]]}, "properties": {"t": "fall", "g": 7, "loop": null, "hole": 7, "slope_pct": 2.28, "bearing": 302.1}}, {"type": "Feature", "geometry": {"type": "LineString", "coordinates": [[13.5638246, 55.8273694], [13.5637918, 55.8273707]]}, "properties": {"t": "fall", "g": 7, "loop": null, "hole": 7, "slope_pct": 3.43, "bearing": 273.8}}, {"type": "Feature", "geometry": {"type": "LineString", "coordinates": [[13.5638725, 55.82737], [13.5638358, 55.8273823]]}, "properties": {"t": "fall", "g": 7, "loop": null, "hole": 7, "slope_pct": 4.46, "bearing": 300.8}}, {"type": "Feature", "geometry": {"type": "LineString", "coordinates": [[13.5639204, 55.8273705], [13.5638898, 55.8273868]]}, "properties": {"t": "fall", "g": 7, "loop": null, "hole": 7, "slope_pct": 4.39, "bearing": 313.5}}, {"type": "Feature", "geometry": {"type": "LineString", "coordinates": [[13.5639683, 55.8273711], [13.5639427, 55.8273883]]}, "properties": {"t": "fall", "g": 7, "loop": null, "hole": 7, "slope_pct": 4.16, "bearing": 320.1}}, {"type": "Feature", "geometry": {"type": "LineString", "coordinates": [[13.5640161, 55.8273717], [13.5639921, 55.8273938]]}, "properties": {"t": "fall", "g": 7, "loop": null, "hole": 7, "slope_pct": 4.81, "bearing": 328.6}}, {"type": "Feature", "geometry": {"type": "LineString", "coordinates": [[13.564064, 55.8273722], [13.5640577, 55.8273909]]}, "properties": {"t": "fall", "g": 7, "loop": null, "hole": 7, "slope_pct": 3.52, "bearing": 349.2}}, {"type": "Feature", "geometry": {"type": "LineString", "coordinates": [[13.5641119, 55.8273728], [13.5641054, 55.8273753]]}, "properties": {"t": "fall", "g": 7, "loop": null, "hole": 7, "slope_pct": 0.82, "bearing": 304.5}}, {"type": "Feature", "geometry": {"type": "Point", "coordinates": [13.5639772, 55.8274467]}, "properties": {"t": "aim", "g": 7, "loop": null, "hole": 7, "aim_bearing": 272.8, "slope_median": 2.47, "slope_max": 8.41, "n_cells": 48}}, {"type": "Feature", "geometry": {"type": "LineString", "coordinates": [[13.5580606, 55.8282545], [13.5580481, 55.8282627]]}, "properties": {"t": "fall", "g": 8, "loop": null, "hole": 8, "slope_pct": 2.0, "bearing": 319.5}}, {"type": "Feature", "geometry": {"type": "LineString", "coordinates": [[13.5581084, 55.8282551], [13.5580891, 55.8282495]]}, "properties": {"t": "fall", "g": 8, "loop": null, "hole": 8, "slope_pct": 2.27, "bearing": 242.6}}, {"type": "Feature", "geometry": {"type": "LineString", "coordinates": [[13.5581563, 55.8282557], [13.5581944, 55.8282496]]}, "properties": {"t": "fall", "g": 8, "loop": null, "hole": 8, "slope_pct": 4.12, "bearing": 105.7}}, {"type": "Feature", "geometry": {"type": "LineString", "coordinates": [[13.5582042, 55.8282562], [13.5582521, 55.8282572]]}, "properties": {"t": "fall", "g": 8, "loop": null, "hole": 8, "slope_pct": 5.87, "bearing": 87.9}}, {"type": "Feature", "geometry": {"type": "LineString", "coordinates": [[13.5582521, 55.8282568], [13.5582616, 55.8282668]]}, "properties": {"t": "fall", "g": 8, "loop": null, "hole": 8, "slope_pct": 2.11, "bearing": 28.0}}, {"type": "Feature", "geometry": {"type": "LineString", "coordinates": [[13.5580137, 55.828227], [13.5580504, 55.8282347]]}, "properties": {"t": "fall", "g": 8, "loop": null, "hole": 8, "slope_pct": 4.08, "bearing": 69.4}}, {"type": "Feature", "geometry": {"type": "LineString", "coordinates": [[13.5580616, 55.8282276], [13.5580711, 55.8282296]]}, "properties": {"t": "fall", "g": 8, "loop": null, "hole": 8, "slope_pct": 1.07, "bearing": 69.3}}, {"type": "Feature", "geometry": {"type": "LineString", "coordinates": [[13.5581094, 55.8282282], [13.5581071, 55.8282206]]}, "properties": {"t": "fall", "g": 8, "loop": null, "hole": 8, "slope_pct": 1.42, "bearing": 190.1}}, {"type": "Feature", "geometry": {"type": "LineString", "coordinates": [[13.5581573, 55.8282287], [13.5581938, 55.828212]]}, "properties": {"t": "fall", "g": 8, "loop": null, "hole": 8, "slope_pct": 4.9, "bearing": 129.2}}, {"type": "Feature", "geometry": {"type": "LineString", "coordinates": [[13.5582052, 55.8282293], [13.5582406, 55.8282196]]}, "properties": {"t": "fall", "g": 8, "loop": null, "hole": 8, "slope_pct": 4.1, "bearing": 115.9}}, {"type": "Feature", "geometry": {"type": "LineString", "coordinates": [[13.5582531, 55.8282298], [13.5582586, 55.8282277]]}, "properties": {"t": "fall", "g": 8, "loop": null, "hole": 8, "slope_pct": 0.7, "bearing": 125.0}}, {"type": "Feature", "geometry": {"type": "LineString", "coordinates": [[13.5580147, 55.8282001], [13.5580519, 55.8282012]]}, "properties": {"t": "fall", "g": 8, "loop": null, "hole": 8, "slope_pct": 3.88, "bearing": 87.0}}, {"type": "Feature", "geometry": {"type": "LineString", "coordinates": [[13.5580626, 55.8282006], [13.5580864, 55.828198]]}, "properties": {"t": "fall", "g": 8, "loop": null, "hole": 8, "slope_pct": 2.53, "bearing": 101.0}}, {"type": "Feature", "geometry": {"type": "LineString", "coordinates": [[13.5581104, 55.8282012], [13.5581301, 55.8281867]]}, "properties": {"t": "fall", "g": 8, "loop": null, "hole": 8, "slope_pct": 3.39, "bearing": 142.7}}, {"type": "Feature", "geometry": {"type": "LineString", "coordinates": [[13.5581583, 55.8282018], [13.5581891, 55.8281869]]}, "properties": {"t": "fall", "g": 8, "loop": null, "hole": 8, "slope_pct": 4.24, "bearing": 130.7}}, {"type": "Feature", "geometry": {"type": "LineString", "coordinates": [[13.5582062, 55.8282023], [13.5582284, 55.8281945]]}, "properties": {"t": "fall", "g": 8, "loop": null, "hole": 8, "slope_pct": 2.73, "bearing": 122.0}}, {"type": "Feature", "geometry": {"type": "LineString", "coordinates": [[13.5582541, 55.8282029], [13.5582593, 55.8281959]]}, "properties": {"t": "fall", "g": 8, "loop": null, "hole": 8, "slope_pct": 1.41, "bearing": 157.2}}, {"type": "Feature", "geometry": {"type": "LineString", "coordinates": [[13.5580157, 55.8281731], [13.5580561, 55.8281689]]}, "properties": {"t": "fall", "g": 8, "loop": null, "hole": 8, "slope_pct": 4.28, "bearing": 100.6}}, {"type": "Feature", "geometry": {"type": "LineString", "coordinates": [[13.5580636, 55.8281737], [13.5580968, 55.8281702]]}, "properties": {"t": "fall", "g": 8, "loop": null, "hole": 8, "slope_pct": 3.53, "bearing": 100.7}}, {"type": "Feature", "geometry": {"type": "LineString", "coordinates": [[13.5581114, 55.8281743], [13.5581405, 55.8281698]]}, "properties": {"t": "fall", "g": 8, "loop": null, "hole": 8, "slope_pct": 3.14, "bearing": 105.3}}, {"type": "Feature", "geometry": {"type": "LineString", "coordinates": [[13.5581593, 55.8281748], [13.5581791, 55.8281715]]}, "properties": {"t": "fall", "g": 8, "loop": null, "hole": 8, "slope_pct": 2.15, "bearing": 106.5}}, {"type": "Feature", "geometry": {"type": "LineString", "coordinates": [[13.5582072, 55.8281754], [13.5582254, 55.8281746]]}, "properties": {"t": "fall", "g": 8, "loop": null, "hole": 8, "slope_pct": 1.91, "bearing": 94.5}}, {"type": "Feature", "geometry": {"type": "LineString", "coordinates": [[13.5582551, 55.8281759], [13.5582632, 55.8281755]]}, "properties": {"t": "fall", "g": 8, "loop": null, "hole": 8, "slope_pct": 0.85, "bearing": 95.7}}, {"type": "Feature", "geometry": {"type": "LineString", "coordinates": [[13.5580167, 55.8281462], [13.5580542, 55.8281389]]}, "properties": {"t": "fall", "g": 8, "loop": null, "hole": 8, "slope_pct": 4.13, "bearing": 109.2}}, {"type": "Feature", "geometry": {"type": "LineString", "coordinates": [[13.5580646, 55.8281467], [13.5580905, 55.8281434]]}, "properties": {"t": "fall", "g": 8, "loop": null, "hole": 8, "slope_pct": 2.78, "bearing": 102.8}}, {"type": "Feature", "geometry": {"type": "LineString", "coordinates": [[13.5581124, 55.8281473], [13.5581357, 55.8281507]]}, "properties": {"t": "fall", "g": 8, "loop": null, "hole": 8, "slope_pct": 2.5, "bearing": 75.6}}, {"type": "Feature", "geometry": {"type": "LineString", "coordinates": [[13.5581603, 55.8281479], [13.5581769, 55.8281553]]}, "properties": {"t": "fall", "g": 8, "loop": null, "hole": 8, "slope_pct": 2.21, "bearing": 51.6}}, {"type": "Feature", "geometry": {"type": "LineString", "coordinates": [[13.5582082, 55.8281484], [13.5582256, 55.8281563]]}, "properties": {"t": "fall", "g": 8, "loop": null, "hole": 8, "slope_pct": 2.33, "bearing": 51.2}}, {"type": "Feature", "geometry": {"type": "LineString", "coordinates": [[13.5582561, 55.828149], [13.5582615, 55.8281584]]}, "properties": {"t": "fall", "g": 8, "loop": null, "hole": 8, "slope_pct": 1.83, "bearing": 18.2}}, {"type": "Feature", "geometry": {"type": "LineString", "coordinates": [[13.5580177, 55.8281192], [13.55804, 55.828114]]}, "properties": {"t": "fall", "g": 8, "loop": null, "hole": 8, "slope_pct": 2.52, "bearing": 112.8}}, {"type": "Feature", "geometry": {"type": "LineString", "coordinates": [[13.5580656, 55.8281198], [13.5580863, 55.8281212]]}, "properties": {"t": "fall", "g": 8, "loop": null, "hole": 8, "slope_pct": 2.17, "bearing": 83.2}}, {"type": "Feature", "geometry": {"type": "LineString", "coordinates": [[13.5581134, 55.8281204], [13.5581257, 55.8281238]]}, "properties": {"t": "fall", "g": 8, "loop": null, "hole": 8, "slope_pct": 1.43, "bearing": 63.2}}, {"type": "Feature", "geometry": {"type": "LineString", "coordinates": [[13.5581613, 55.8281209], [13.5581745, 55.8281276]]}, "properties": {"t": "fall", "g": 8, "loop": null, "hole": 8, "slope_pct": 1.85, "bearing": 47.8}}, {"type": "Feature", "geometry": {"type": "LineString", "coordinates": [[13.5582092, 55.8281215], [13.5582219, 55.8281306]]}, "properties": {"t": "fall", "g": 8, "loop": null, "hole": 8, "slope_pct": 2.15, "bearing": 38.1}}, {"type": "Feature", "geometry": {"type": "LineString", "coordinates": [[13.5582571, 55.828122], [13.5582559, 55.8281389]]}, "properties": {"t": "fall", "g": 8, "loop": null, "hole": 8, "slope_pct": 3.13, "bearing": 357.7}}, {"type": "Feature", "geometry": {"type": "LineString", "coordinates": [[13.5580187, 55.8280923], [13.558028, 55.8280949]]}, "properties": {"t": "fall", "g": 8, "loop": null, "hole": 8, "slope_pct": 1.09, "bearing": 63.3}}, {"type": "Feature", "geometry": {"type": "LineString", "coordinates": [[13.5580666, 55.8280929], [13.5580845, 55.8280935]]}, "properties": {"t": "fall", "g": 8, "loop": null, "hole": 8, "slope_pct": 1.88, "bearing": 86.3}}, {"type": "Feature", "geometry": {"type": "LineString", "coordinates": [[13.5581144, 55.8280934], [13.5581245, 55.8280952]]}, "properties": {"t": "fall", "g": 8, "loop": null, "hole": 8, "slope_pct": 1.1, "bearing": 72.2}}, {"type": "Feature", "geometry": {"type": "LineString", "coordinates": [[13.5581623, 55.828094], [13.5581765, 55.8280944]]}, "properties": {"t": "fall", "g": 8, "loop": null, "hole": 8, "slope_pct": 1.48, "bearing": 86.7}}, {"type": "Feature", "geometry": {"type": "LineString", "coordinates": [[13.5582102, 55.8280945], [13.5582095, 55.8280978]]}, "properties": {"t": "fall", "g": 8, "loop": null, "hole": 8, "slope_pct": 0.6, "bearing": 353.0}}, {"type": "Feature", "geometry": {"type": "LineString", "coordinates": [[13.5580197, 55.8280653], [13.5580483, 55.8280766]]}, "properties": {"t": "fall", "g": 8, "loop": null, "hole": 8, "slope_pct": 3.65, "bearing": 55.0}}, {"type": "Feature", "geometry": {"type": "LineString", "coordinates": [[13.5580676, 55.8280659], [13.5580917, 55.8280622]]}, "properties": {"t": "fall", "g": 8, "loop": null, "hole": 8, "slope_pct": 2.61, "bearing": 105.2}}, {"type": "Feature", "geometry": {"type": "LineString", "coordinates": [[13.5581154, 55.8280665], [13.5581255, 55.8280603]]}, "properties": {"t": "fall", "g": 8, "loop": null, "hole": 8, "slope_pct": 1.55, "bearing": 137.4}}, {"type": "Feature", "geometry": {"type": "LineString", "coordinates": [[13.5581633, 55.828067], [13.5581792, 55.8280601]]}, "properties": {"t": "fall", "g": 8, "loop": null, "hole": 8, "slope_pct": 2.1, "bearing": 127.6}}, {"type": "Feature", "geometry": {"type": "LineString", "coordinates": [[13.5582112, 55.8280676], [13.5582034, 55.8280623]]}, "properties": {"t": "fall", "g": 8, "loop": null, "hole": 8, "slope_pct": 1.27, "bearing": 219.9}}, {"type": "Feature", "geometry": {"type": "LineString", "coordinates": [[13.5580686, 55.828039], [13.558104, 55.8280366]]}, "properties": {"t": "fall", "g": 8, "loop": null, "hole": 8, "slope_pct": 3.72, "bearing": 96.7}}, {"type": "Feature", "geometry": {"type": "LineString", "coordinates": [[13.5581164, 55.8280395], [13.5581344, 55.8280302]]}, "properties": {"t": "fall", "g": 8, "loop": null, "hole": 8, "slope_pct": 2.55, "bearing": 132.7}}, {"type": "Feature", "geometry": {"type": "LineString", "coordinates": [[13.5581643, 55.8280401], [13.5581764, 55.8280268]]}, "properties": {"t": "fall", "g": 8, "loop": null, "hole": 8, "slope_pct": 2.77, "bearing": 152.9}}, {"type": "Feature", "geometry": {"type": "Point", "coordinates": [13.5581321, 55.8281538]}, "properties": {"t": "aim", "g": 8, "loop": null, "hole": 8, "aim_bearing": 96.8, "slope_median": 2.3, "slope_max": 5.87, "n_cells": 48}}, {"type": "Feature", "geometry": {"type": "LineString", "coordinates": [[13.5511368, 55.8298356], [13.5511693, 55.8298555]]}, "properties": {"t": "fall", "g": 9, "loop": null, "hole": 9, "slope_pct": 6.5, "bearing": 42.6}}, {"type": "Feature", "geometry": {"type": "LineString", "coordinates": [[13.5511847, 55.8298362], [13.5511944, 55.8298595]]}, "properties": {"t": "fall", "g": 9, "loop": null, "hole": 9, "slope_pct": 4.45, "bearing": 13.2}}, {"type": "Feature", "geometry": {"type": "LineString", "coordinates": [[13.5512326, 55.8298368], [13.551213, 55.8298466]]}, "properties": {"t": "fall", "g": 9, "loop": null, "hole": 9, "slope_pct": 2.73, "bearing": 311.9}}, {"type": "Feature", "geometry": {"type": "LineString", "coordinates": [[13.5510899, 55.8298081], [13.5510988, 55.829803]]}, "properties": {"t": "fall", "g": 9, "loop": null, "hole": 9, "slope_pct": 1.32, "bearing": 135.9}}, {"type": "Feature", "geometry": {"type": "LineString", "coordinates": [[13.5511378, 55.8298087], [13.5511641, 55.8298147]]}, "properties": {"t": "fall", "g": 9, "loop": null, "hole": 9, "slope_pct": 2.95, "bearing": 67.9}}, {"type": "Feature", "geometry": {"type": "LineString", "coordinates": [[13.5511857, 55.8298093], [13.5511996, 55.8298236]]}, "properties": {"t": "fall", "g": 9, "loop": null, "hole": 9, "slope_pct": 3.03, "bearing": 28.6}}, {"type": "Feature", "geometry": {"type": "LineString", "coordinates": [[13.5512336, 55.8298098], [13.5512359, 55.82982]]}, "properties": {"t": "fall", "g": 9, "loop": null, "hole": 9, "slope_pct": 1.91, "bearing": 7.2}}, {"type": "Feature", "geometry": {"type": "LineString", "coordinates": [[13.5512814, 55.8298104], [13.5512467, 55.8298091]]}, "properties": {"t": "fall", "g": 9, "loop": null, "hole": 9, "slope_pct": 3.62, "bearing": 266.4}}, {"type": "Feature", "geometry": {"type": "LineString", "coordinates": [[13.5510909, 55.8297812], [13.5510795, 55.8297727]]}, "properties": {"t": "fall", "g": 9, "loop": null, "hole": 9, "slope_pct": 1.98, "bearing": 217.0}}, {"type": "Feature", "geometry": {"type": "LineString", "coordinates": [[13.5511388, 55.8297817], [13.55115, 55.8297819]]}, "properties": {"t": "fall", "g": 9, "loop": null, "hole": 9, "slope_pct": 1.17, "bearing": 88.2}}, {"type": "Feature", "geometry": {"type": "LineString", "coordinates": [[13.5511867, 55.8297823], [13.5511961, 55.8297831]]}, "properties": {"t": "fall", "g": 9, "loop": null, "hole": 9, "slope_pct": 0.99, "bearing": 81.5}}, {"type": "Feature", "geometry": {"type": "LineString", "coordinates": [[13.5512346, 55.8297829], [13.5512437, 55.8297862]]}, "properties": {"t": "fall", "g": 9, "loop": null, "hole": 9, "slope_pct": 1.13, "bearing": 57.3}}, {"type": "Feature", "geometry": {"type": "LineString", "coordinates": [[13.5512824, 55.8297834], [13.5512759, 55.8297801]]}, "properties": {"t": "fall", "g": 9, "loop": null, "hole": 9, "slope_pct": 0.92, "bearing": 228.0}}, {"type": "Feature", "geometry": {"type": "LineString", "coordinates": [[13.5510919, 55.8297542], [13.5510672, 55.8297523]]}, "properties": {"t": "fall", "g": 9, "loop": null, "hole": 9, "slope_pct": 2.61, "bearing": 261.9}}, {"type": "Feature", "geometry": {"type": "LineString", "coordinates": [[13.5511398, 55.8297548], [13.5511531, 55.8297512]]}, "properties": {"t": "fall", "g": 9, "loop": null, "hole": 9, "slope_pct": 1.54, "bearing": 115.9}}, {"type": "Feature", "geometry": {"type": "LineString", "coordinates": [[13.5511877, 55.8297554], [13.5511947, 55.8297512]]}, "properties": {"t": "fall", "g": 9, "loop": null, "hole": 9, "slope_pct": 1.07, "bearing": 136.9}}, {"type": "Feature", "geometry": {"type": "LineString", "coordinates": [[13.5512356, 55.8297559], [13.5512443, 55.8297508]]}, "properties": {"t": "fall", "g": 9, "loop": null, "hole": 9, "slope_pct": 1.31, "bearing": 136.1}}, {"type": "Feature", "geometry": {"type": "LineString", "coordinates": [[13.5512834, 55.8297565], [13.5512865, 55.8297527]]}, "properties": {"t": "fall", "g": 9, "loop": null, "hole": 9, "slope_pct": 0.77, "bearing": 155.8}}, {"type": "Feature", "geometry": {"type": "LineString", "coordinates": [[13.5513313, 55.8297571], [13.5513295, 55.8297508]]}, "properties": {"t": "fall", "g": 9, "loop": null, "hole": 9, "slope_pct": 1.17, "bearing": 189.6}}, {"type": "Feature", "geometry": {"type": "LineString", "coordinates": [[13.5510929, 55.8297273], [13.551086, 55.8297319]]}, "properties": {"t": "fall", "g": 9, "loop": null, "hole": 9, "slope_pct": 1.11, "bearing": 319.7}}, {"type": "Feature", "geometry": {"type": "LineString", "coordinates": [[13.5511408, 55.8297278], [13.5511551, 55.8297245]]}, "properties": {"t": "fall", "g": 9, "loop": null, "hole": 9, "slope_pct": 1.61, "bearing": 112.6}}, {"type": "Feature", "geometry": {"type": "LineString", "coordinates": [[13.5511887, 55.8297284], [13.5512017, 55.8297223]]}, "properties": {"t": "fall", "g": 9, "loop": null, "hole": 9, "slope_pct": 1.77, "bearing": 130.0}}, {"type": "Feature", "geometry": {"type": "LineString", "coordinates": [[13.5512366, 55.829729], [13.5512469, 55.8297197]]}, "properties": {"t": "fall", "g": 9, "loop": null, "hole": 9, "slope_pct": 2.03, "bearing": 147.9}}, {"type": "Feature", "geometry": {"type": "LineString", "coordinates": [[13.5512844, 55.8297295], [13.5512826, 55.8297213]]}, "properties": {"t": "fall", "g": 9, "loop": null, "hole": 9, "slope_pct": 1.55, "bearing": 187.1}}, {"type": "Feature", "geometry": {"type": "LineString", "coordinates": [[13.5513323, 55.8297301], [13.5513307, 55.8297229]]}, "properties": {"t": "fall", "g": 9, "loop": null, "hole": 9, "slope_pct": 1.34, "bearing": 187.3}}, {"type": "Feature", "geometry": {"type": "LineString", "coordinates": [[13.5510939, 55.8297003], [13.5511026, 55.8296973]]}, "properties": {"t": "fall", "g": 9, "loop": null, "hole": 9, "slope_pct": 1.06, "bearing": 121.7}}, {"type": "Feature", "geometry": {"type": "LineString", "coordinates": [[13.5511418, 55.8297009], [13.5511619, 55.8296955]]}, "properties": {"t": "fall", "g": 9, "loop": null, "hole": 9, "slope_pct": 2.32, "bearing": 115.7}}, {"type": "Feature", "geometry": {"type": "LineString", "coordinates": [[13.5511897, 55.8297015], [13.5512114, 55.8296923]]}, "properties": {"t": "fall", "g": 9, "loop": null, "hole": 9, "slope_pct": 2.84, "bearing": 126.9}}, {"type": "Feature", "geometry": {"type": "LineString", "coordinates": [[13.5512376, 55.829702], [13.5512455, 55.8296901]]}, "properties": {"t": "fall", "g": 9, "loop": null, "hole": 9, "slope_pct": 2.36, "bearing": 159.6}}, {"type": "Feature", "geometry": {"type": "LineString", "coordinates": [[13.5512855, 55.8297026], [13.5512818, 55.8296932]]}, "properties": {"t": "fall", "g": 9, "loop": null, "hole": 9, "slope_pct": 1.79, "bearing": 192.3}}, {"type": "Feature", "geometry": {"type": "LineString", "coordinates": [[13.5513333, 55.8297032], [13.551329, 55.8296957]]}, "properties": {"t": "fall", "g": 9, "loop": null, "hole": 9, "slope_pct": 1.45, "bearing": 198.0}}, {"type": "Feature", "geometry": {"type": "LineString", "coordinates": [[13.5513812, 55.8297037], [13.5513631, 55.8296953]]}, "properties": {"t": "fall", "g": 9, "loop": null, "hole": 9, "slope_pct": 2.44, "bearing": 230.4}}, {"type": "Feature", "geometry": {"type": "LineString", "coordinates": [[13.5510949, 55.8296734], [13.5510969, 55.8296556]]}, "properties": {"t": "fall", "g": 9, "loop": null, "hole": 9, "slope_pct": 3.3, "bearing": 176.5}}, {"type": "Feature", "geometry": {"type": "LineString", "coordinates": [[13.5511428, 55.829674], [13.5511685, 55.8296583]]}, "properties": {"t": "fall", "g": 9, "loop": null, "hole": 9, "slope_pct": 3.96, "bearing": 137.4}}, {"type": "Feature", "geometry": {"type": "LineString", "coordinates": [[13.5511907, 55.8296745], [13.5512146, 55.8296582]]}, "properties": {"t": "fall", "g": 9, "loop": null, "hole": 9, "slope_pct": 3.93, "bearing": 140.6}}, {"type": "Feature", "geometry": {"type": "LineString", "coordinates": [[13.5512386, 55.8296751], [13.5512432, 55.829663]]}, "properties": {"t": "fall", "g": 9, "loop": null, "hole": 9, "slope_pct": 2.29, "bearing": 167.8}}, {"type": "Feature", "geometry": {"type": "LineString", "coordinates": [[13.5512865, 55.8296756], [13.5512808, 55.8296646]]}, "properties": {"t": "fall", "g": 9, "loop": null, "hole": 9, "slope_pct": 2.13, "bearing": 196.2}}, {"type": "Feature", "geometry": {"type": "LineString", "coordinates": [[13.5513343, 55.8296762], [13.5513283, 55.8296665]]}, "properties": {"t": "fall", "g": 9, "loop": null, "hole": 9, "slope_pct": 1.9, "bearing": 199.2}}, {"type": "Feature", "geometry": {"type": "LineString", "coordinates": [[13.5513822, 55.8296768], [13.5513735, 55.8296656]]}, "properties": {"t": "fall", "g": 9, "loop": null, "hole": 9, "slope_pct": 2.26, "bearing": 203.6}}, {"type": "Feature", "geometry": {"type": "LineString", "coordinates": [[13.5511438, 55.829647], [13.5511544, 55.8296207]]}, "properties": {"t": "fall", "g": 9, "loop": null, "hole": 9, "slope_pct": 5.64, "bearing": 167.2}}, {"type": "Feature", "geometry": {"type": "LineString", "coordinates": [[13.5511917, 55.8296476], [13.551201, 55.8296352]]}, "properties": {"t": "fall", "g": 9, "loop": null, "hole": 9, "slope_pct": 2.49, "bearing": 157.0}}, {"type": "Feature", "geometry": {"type": "LineString", "coordinates": [[13.5512396, 55.8296481], [13.5512391, 55.8296436]]}, "properties": {"t": "fall", "g": 9, "loop": null, "hole": 9, "slope_pct": 0.84, "bearing": 183.2}}, {"type": "Feature", "geometry": {"type": "LineString", "coordinates": [[13.5512875, 55.8296487], [13.5512838, 55.8296442]]}, "properties": {"t": "fall", "g": 9, "loop": null, "hole": 9, "slope_pct": 0.92, "bearing": 204.2}}, {"type": "Feature", "geometry": {"type": "LineString", "coordinates": [[13.5513353, 55.8296493], [13.5513284, 55.8296423]]}, "properties": {"t": "fall", "g": 9, "loop": null, "hole": 9, "slope_pct": 1.48, "bearing": 209.1}}, {"type": "Feature", "geometry": {"type": "LineString", "coordinates": [[13.5513832, 55.8296498], [13.551381, 55.8296405]]}, "properties": {"t": "fall", "g": 9, "loop": null, "hole": 9, "slope_pct": 1.74, "bearing": 187.5}}, {"type": "Feature", "geometry": {"type": "LineString", "coordinates": [[13.5511927, 55.8296206], [13.5511823, 55.8296248]]}, "properties": {"t": "fall", "g": 9, "loop": null, "hole": 9, "slope_pct": 1.33, "bearing": 305.8}}, {"type": "Feature", "geometry": {"type": "LineString", "coordinates": [[13.5512406, 55.8296212], [13.5512373, 55.8296265]]}, "properties": {"t": "fall", "g": 9, "loop": null, "hole": 9, "slope_pct": 1.04, "bearing": 340.7}}, {"type": "Feature", "geometry": {"type": "LineString", "coordinates": [[13.5513363, 55.8296223], [13.5513378, 55.8296187]]}, "properties": {"t": "fall", "g": 9, "loop": null, "hole": 9, "slope_pct": 0.68, "bearing": 166.9}}, {"type": "Feature", "geometry": {"type": "LineString", "coordinates": [[13.5513842, 55.8296229], [13.5513902, 55.8296134]]}, "properties": {"t": "fall", "g": 9, "loop": null, "hole": 9, "slope_pct": 1.86, "bearing": 160.4}}, {"type": "Feature", "geometry": {"type": "LineString", "coordinates": [[13.5512416, 55.8295942], [13.5512469, 55.829615]]}, "properties": {"t": "fall", "g": 9, "loop": null, "hole": 9, "slope_pct": 3.9, "bearing": 8.2}}, {"type": "Feature", "geometry": {"type": "LineString", "coordinates": [[13.5512895, 55.8295948], [13.5513038, 55.8296083]]}, "properties": {"t": "fall", "g": 9, "loop": null, "hole": 9, "slope_pct": 2.92, "bearing": 30.8}}, {"type": "Feature", "geometry": {"type": "LineString", "coordinates": [[13.5513373, 55.8295954], [13.5513579, 55.8295902]]}, "properties": {"t": "fall", "g": 9, "loop": null, "hole": 9, "slope_pct": 2.35, "bearing": 114.3}}, {"type": "Feature", "geometry": {"type": "LineString", "coordinates": [[13.5513852, 55.8295959], [13.5514004, 55.8295763]]}, "properties": {"t": "fall", "g": 9, "loop": null, "hole": 9, "slope_pct": 3.97, "bearing": 156.5}}, {"type": "Feature", "geometry": {"type": "Point", "coordinates": [13.5512299, 55.8297135]}, "properties": {"t": "aim", "g": 9, "loop": null, "hole": 9, "aim_bearing": 146.6, "slope_median": 1.88, "slope_max": 6.5, "n_cells": 54}}, {"type": "Feature", "geometry": {"type": "LineString", "coordinates": [[13.5574006, 55.8271055], [13.5573946, 55.8271138]]}, "properties": {"t": "fall", "g": 10, "loop": null, "hole": 10, "slope_pct": 1.65, "bearing": 337.7}}, {"type": "Feature", "geometry": {"type": "LineString", "coordinates": [[13.5574485, 55.8271061], [13.5574234, 55.8271101]]}, "properties": {"t": "fall", "g": 10, "loop": null, "hole": 10, "slope_pct": 2.72, "bearing": 285.8}}, {"type": "Feature", "geometry": {"type": "LineString", "coordinates": [[13.5574964, 55.8271067], [13.5574523, 55.8271054]]}, "properties": {"t": "fall", "g": 10, "loop": null, "hole": 10, "slope_pct": 4.6, "bearing": 267.1}}, {"type": "Feature", "geometry": {"type": "LineString", "coordinates": [[13.5575443, 55.8271072], [13.5575017, 55.827104]]}, "properties": {"t": "fall", "g": 10, "loop": null, "hole": 10, "slope_pct": 4.48, "bearing": 262.2}}, {"type": "Feature", "geometry": {"type": "LineString", "coordinates": [[13.5575921, 55.8271078], [13.5575629, 55.8270988]]}, "properties": {"t": "fall", "g": 10, "loop": null, "hole": 10, "slope_pct": 3.47, "bearing": 241.3}}, {"type": "Feature", "geometry": {"type": "LineString", "coordinates": [[13.55764, 55.8271084], [13.5576323, 55.8270864]]}, "properties": {"t": "fall", "g": 10, "loop": null, "hole": 10, "slope_pct": 4.15, "bearing": 191.2}}, {"type": "Feature", "geometry": {"type": "LineString", "coordinates": [[13.5576879, 55.8271089], [13.5576872, 55.8270883]]}, "properties": {"t": "fall", "g": 10, "loop": null, "hole": 10, "slope_pct": 3.83, "bearing": 181.0}}, {"type": "Feature", "geometry": {"type": "LineString", "coordinates": [[13.5573538, 55.827078], [13.5573419, 55.8270931]]}, "properties": {"t": "fall", "g": 10, "loop": null, "hole": 10, "slope_pct": 3.06, "bearing": 336.2}}, {"type": "Feature", "geometry": {"type": "LineString", "coordinates": [[13.5574016, 55.8270786], [13.5574021, 55.8270964]]}, "properties": {"t": "fall", "g": 10, "loop": null, "hole": 10, "slope_pct": 3.31, "bearing": 0.8}}, {"type": "Feature", "geometry": {"type": "LineString", "coordinates": [[13.5574495, 55.8270792], [13.5574386, 55.82709]]}, "properties": {"t": "fall", "g": 10, "loop": null, "hole": 10, "slope_pct": 2.3, "bearing": 330.4}}, {"type": "Feature", "geometry": {"type": "LineString", "coordinates": [[13.5574974, 55.8270797], [13.5574712, 55.8270802]]}, "properties": {"t": "fall", "g": 10, "loop": null, "hole": 10, "slope_pct": 2.73, "bearing": 272.0}}, {"type": "Feature", "geometry": {"type": "LineString", "coordinates": [[13.5575453, 55.8270803], [13.5575146, 55.8270723]]}, "properties": {"t": "fall", "g": 10, "loop": null, "hole": 10, "slope_pct": 3.52, "bearing": 245.1}}, {"type": "Feature", "geometry": {"type": "LineString", "coordinates": [[13.5575931, 55.8270808], [13.5575696, 55.82707]]}, "properties": {"t": "fall", "g": 10, "loop": null, "hole": 10, "slope_pct": 3.18, "bearing": 230.5}}, {"type": "Feature", "geometry": {"type": "LineString", "coordinates": [[13.557641, 55.8270814], [13.557635, 55.8270714]]}, "properties": {"t": "fall", "g": 10, "loop": null, "hole": 10, "slope_pct": 1.96, "bearing": 198.6}}, {"type": "Feature", "geometry": {"type": "LineString", "coordinates": [[13.5576889, 55.827082], [13.5576698, 55.8270772]]}, "properties": {"t": "fall", "g": 10, "loop": null, "hole": 10, "slope_pct": 2.17, "bearing": 246.1}}, {"type": "Feature", "geometry": {"type": "LineString", "coordinates": [[13.5577368, 55.8270825], [13.5576919, 55.8270921]]}, "properties": {"t": "fall", "g": 10, "loop": null, "hole": 10, "slope_pct": 5.02, "bearing": 290.7}}, {"type": "Feature", "geometry": {"type": "LineString", "coordinates": [[13.5573548, 55.8270511], [13.557308, 55.8270571]]}, "properties": {"t": "fall", "g": 10, "loop": null, "hole": 10, "slope_pct": 5.57, "bearing": 282.9}}, {"type": "Feature", "geometry": {"type": "LineString", "coordinates": [[13.5574026, 55.8270517], [13.5574106, 55.8270595]]}, "properties": {"t": "fall", "g": 10, "loop": null, "hole": 10, "slope_pct": 1.68, "bearing": 29.7}}, {"type": "Feature", "geometry": {"type": "LineString", "coordinates": [[13.5574505, 55.8270522], [13.557452, 55.827058]]}, "properties": {"t": "fall", "g": 10, "loop": null, "hole": 10, "slope_pct": 1.08, "bearing": 8.0}}, {"type": "Feature", "geometry": {"type": "LineString", "coordinates": [[13.5574984, 55.8270528], [13.5574848, 55.827054]]}, "properties": {"t": "fall", "g": 10, "loop": null, "hole": 10, "slope_pct": 1.43, "bearing": 279.3}}, {"type": "Feature", "geometry": {"type": "LineString", "coordinates": [[13.5575463, 55.8270533], [13.5575219, 55.8270494]]}, "properties": {"t": "fall", "g": 10, "loop": null, "hole": 10, "slope_pct": 2.64, "bearing": 254.1}}, {"type": "Feature", "geometry": {"type": "LineString", "coordinates": [[13.5575941, 55.8270539], [13.5575732, 55.8270455]]}, "properties": {"t": "fall", "g": 10, "loop": null, "hole": 10, "slope_pct": 2.68, "bearing": 234.5}}, {"type": "Feature", "geometry": {"type": "LineString", "coordinates": [[13.557642, 55.8270545], [13.5576326, 55.8270457]]}, "properties": {"t": "fall", "g": 10, "loop": null, "hole": 10, "slope_pct": 1.89, "bearing": 211.0}}, {"type": "Feature", "geometry": {"type": "LineString", "coordinates": [[13.5576899, 55.827055], [13.5576603, 55.8270502]]}, "properties": {"t": "fall", "g": 10, "loop": null, "hole": 10, "slope_pct": 3.21, "bearing": 253.9}}, {"type": "Feature", "geometry": {"type": "LineString", "coordinates": [[13.5577377, 55.8270556], [13.5576898, 55.8270544]]}, "properties": {"t": "fall", "g": 10, "loop": null, "hole": 10, "slope_pct": 7.49, "bearing": 267.5}}, {"type": "Feature", "geometry": {"type": "LineString", "coordinates": [[13.5573558, 55.8270241], [13.5573107, 55.8270148]]}, "properties": {"t": "fall", "g": 10, "loop": null, "hole": 10, "slope_pct": 9.71, "bearing": 249.8}}, {"type": "Feature", "geometry": {"type": "LineString", "coordinates": [[13.5574036, 55.8270247], [13.5574142, 55.8270253]]}, "properties": {"t": "fall", "g": 10, "loop": null, "hole": 10, "slope_pct": 1.11, "bearing": 84.5}}, {"type": "Feature", "geometry": {"type": "LineString", "coordinates": [[13.5574515, 55.8270253], [13.5574537, 55.8270278]]}, "properties": {"t": "fall", "g": 10, "loop": null, "hole": 10, "slope_pct": 0.51, "bearing": 25.8}}, {"type": "Feature", "geometry": {"type": "LineString", "coordinates": [[13.5574994, 55.8270258], [13.5574933, 55.8270257]]}, "properties": {"t": "fall", "g": 10, "loop": null, "hole": 10, "slope_pct": 0.64, "bearing": 267.4}}, {"type": "Feature", "geometry": {"type": "LineString", "coordinates": [[13.5575473, 55.8270264], [13.5575327, 55.8270234]]}, "properties": {"t": "fall", "g": 10, "loop": null, "hole": 10, "slope_pct": 1.62, "bearing": 249.7}}, {"type": "Feature", "geometry": {"type": "LineString", "coordinates": [[13.5575951, 55.8270269], [13.5575805, 55.8270204]]}, "properties": {"t": "fall", "g": 10, "loop": null, "hole": 10, "slope_pct": 1.95, "bearing": 231.6}}, {"type": "Feature", "geometry": {"type": "LineString", "coordinates": [[13.557643, 55.8270275], [13.5576292, 55.8270196]]}, "properties": {"t": "fall", "g": 10, "loop": null, "hole": 10, "slope_pct": 2.05, "bearing": 224.5}}, {"type": "Feature", "geometry": {"type": "LineString", "coordinates": [[13.5576909, 55.8270281], [13.5576612, 55.8270186]]}, "properties": {"t": "fall", "g": 10, "loop": null, "hole": 10, "slope_pct": 3.56, "bearing": 240.3}}, {"type": "Feature", "geometry": {"type": "LineString", "coordinates": [[13.5577387, 55.8270286], [13.5576926, 55.8270212]]}, "properties": {"t": "fall", "g": 10, "loop": null, "hole": 10, "slope_pct": 7.88, "bearing": 254.0}}, {"type": "Feature", "geometry": {"type": "LineString", "coordinates": [[13.5574046, 55.8269978], [13.5573986, 55.8270081]]}, "properties": {"t": "fall", "g": 10, "loop": null, "hole": 10, "slope_pct": 2.02, "bearing": 342.0}}, {"type": "Feature", "geometry": {"type": "LineString", "coordinates": [[13.5574525, 55.8269983], [13.5574622, 55.8270058]]}, "properties": {"t": "fall", "g": 10, "loop": null, "hole": 10, "slope_pct": 1.71, "bearing": 36.2}}, {"type": "Feature", "geometry": {"type": "LineString", "coordinates": [[13.5575483, 55.8269994], [13.5575359, 55.8269952]]}, "properties": {"t": "fall", "g": 10, "loop": null, "hole": 10, "slope_pct": 1.51, "bearing": 238.2}}, {"type": "Feature", "geometry": {"type": "LineString", "coordinates": [[13.5575961, 55.827], [13.5575851, 55.8269959]]}, "properties": {"t": "fall", "g": 10, "loop": null, "hole": 10, "slope_pct": 1.38, "bearing": 236.2}}, {"type": "Feature", "geometry": {"type": "LineString", "coordinates": [[13.557644, 55.8270006], [13.5576314, 55.8269959]]}, "properties": {"t": "fall", "g": 10, "loop": null, "hole": 10, "slope_pct": 1.57, "bearing": 236.4}}, {"type": "Feature", "geometry": {"type": "LineString", "coordinates": [[13.5576919, 55.8270011], [13.5576613, 55.8270006]]}, "properties": {"t": "fall", "g": 10, "loop": null, "hole": 10, "slope_pct": 3.18, "bearing": 268.3}}, {"type": "Feature", "geometry": {"type": "LineString", "coordinates": [[13.5577397, 55.8270017], [13.5576918, 55.8270006]]}, "properties": {"t": "fall", "g": 10, "loop": null, "hole": 10, "slope_pct": 6.2, "bearing": 267.7}}, {"type": "Feature", "geometry": {"type": "LineString", "coordinates": [[13.5574535, 55.8269714], [13.5574828, 55.8269767]]}, "properties": {"t": "fall", "g": 10, "loop": null, "hole": 10, "slope_pct": 3.21, "bearing": 72.1}}, {"type": "Feature", "geometry": {"type": "LineString", "coordinates": [[13.5575014, 55.8269719], [13.5575196, 55.8269669]]}, "properties": {"t": "fall", "g": 10, "loop": null, "hole": 10, "slope_pct": 2.12, "bearing": 116.1}}, {"type": "Feature", "geometry": {"type": "LineString", "coordinates": [[13.5575492, 55.8269725], [13.5575357, 55.8269644]]}, "properties": {"t": "fall", "g": 10, "loop": null, "hole": 10, "slope_pct": 2.07, "bearing": 223.1}}, {"type": "Feature", "geometry": {"type": "LineString", "coordinates": [[13.5575971, 55.8269731], [13.55758, 55.8269709]]}, "properties": {"t": "fall", "g": 10, "loop": null, "hole": 10, "slope_pct": 1.83, "bearing": 257.6}}, {"type": "Feature", "geometry": {"type": "LineString", "coordinates": [[13.557645, 55.8269736], [13.5576238, 55.8269799]]}, "properties": {"t": "fall", "g": 10, "loop": null, "hole": 10, "slope_pct": 2.5, "bearing": 297.9}}, {"type": "Feature", "geometry": {"type": "LineString", "coordinates": [[13.5576929, 55.8269742], [13.5576518, 55.8269868]]}, "properties": {"t": "fall", "g": 10, "loop": null, "hole": 10, "slope_pct": 4.88, "bearing": 298.6}}, {"type": "Feature", "geometry": {"type": "LineString", "coordinates": [[13.5575024, 55.826945], [13.5575284, 55.8269299]]}, "properties": {"t": "fall", "g": 10, "loop": null, "hole": 10, "slope_pct": 3.9, "bearing": 136.0}}, {"type": "Feature", "geometry": {"type": "LineString", "coordinates": [[13.5575502, 55.8269455], [13.5575278, 55.8269304]]}, "properties": {"t": "fall", "g": 10, "loop": null, "hole": 10, "slope_pct": 3.65, "bearing": 219.7}}, {"type": "Feature", "geometry": {"type": "LineString", "coordinates": [[13.5575981, 55.8269461], [13.557559, 55.8269424]]}, "properties": {"t": "fall", "g": 10, "loop": null, "hole": 10, "slope_pct": 4.14, "bearing": 260.4}}, {"type": "Feature", "geometry": {"type": "LineString", "coordinates": [[13.557646, 55.8269467], [13.5576098, 55.8269561]]}, "properties": {"t": "fall", "g": 10, "loop": null, "hole": 10, "slope_pct": 4.16, "bearing": 294.9}}, {"type": "Feature", "geometry": {"type": "Point", "coordinates": [13.5575537, 55.8270382]}, "properties": {"t": "aim", "g": 10, "loop": null, "hole": 10, "aim_bearing": 260.2, "slope_median": 2.7, "slope_max": 9.71, "n_cells": 52}}, {"type": "Feature", "geometry": {"type": "LineString", "coordinates": [[13.5618423, 55.8252794], [13.5618254, 55.825298]]}, "properties": {"t": "fall", "g": 11, "loop": null, "hole": 11, "slope_pct": 3.88, "bearing": 332.9}}, {"type": "Feature", "geometry": {"type": "LineString", "coordinates": [[13.5618902, 55.82528], [13.5618963, 55.8252879]]}, "properties": {"t": "fall", "g": 11, "loop": null, "hole": 11, "slope_pct": 1.59, "bearing": 23.4}}, {"type": "Feature", "geometry": {"type": "LineString", "coordinates": [[13.5619381, 55.8252806], [13.561935, 55.8252928]]}, "properties": {"t": "fall", "g": 11, "loop": null, "hole": 11, "slope_pct": 2.29, "bearing": 352.0}}, {"type": "Feature", "geometry": {"type": "LineString", "coordinates": [[13.5619859, 55.8252811], [13.5619682, 55.8252985]]}, "properties": {"t": "fall", "g": 11, "loop": null, "hole": 11, "slope_pct": 3.71, "bearing": 330.2}}, {"type": "Feature", "geometry": {"type": "LineString", "coordinates": [[13.5620338, 55.8252817], [13.5620172, 55.825307]]}, "properties": {"t": "fall", "g": 11, "loop": null, "hole": 11, "slope_pct": 5.22, "bearing": 339.8}}, {"type": "Feature", "geometry": {"type": "LineString", "coordinates": [[13.5617954, 55.8252519], [13.5617558, 55.8252652]]}, "properties": {"t": "fall", "g": 11, "loop": null, "hole": 11, "slope_pct": 4.81, "bearing": 300.7}}, {"type": "Feature", "geometry": {"type": "LineString", "coordinates": [[13.5618433, 55.8252525], [13.5618432, 55.8252463]]}, "properties": {"t": "fall", "g": 11, "loop": null, "hole": 11, "slope_pct": 1.16, "bearing": 180.8}}, {"type": "Feature", "geometry": {"type": "LineString", "coordinates": [[13.5618912, 55.825253], [13.5618854, 55.8252569]]}, "properties": {"t": "fall", "g": 11, "loop": null, "hole": 11, "slope_pct": 0.93, "bearing": 319.9}}, {"type": "Feature", "geometry": {"type": "LineString", "coordinates": [[13.5619391, 55.8252536], [13.5619211, 55.8252681]]}, "properties": {"t": "fall", "g": 11, "loop": null, "hole": 11, "slope_pct": 3.28, "bearing": 325.2}}, {"type": "Feature", "geometry": {"type": "LineString", "coordinates": [[13.5619869, 55.8252542], [13.5619636, 55.8252742]]}, "properties": {"t": "fall", "g": 11, "loop": null, "hole": 11, "slope_pct": 4.44, "bearing": 326.9}}, {"type": "Feature", "geometry": {"type": "LineString", "coordinates": [[13.5620348, 55.8252547], [13.5620032, 55.825275]]}, "properties": {"t": "fall", "g": 11, "loop": null, "hole": 11, "slope_pct": 5.33, "bearing": 318.8}}, {"type": "Feature", "geometry": {"type": "LineString", "coordinates": [[13.5617486, 55.8252244], [13.5617262, 55.8252285]]}, "properties": {"t": "fall", "g": 11, "loop": null, "hole": 11, "slope_pct": 2.46, "bearing": 288.1}}, {"type": "Feature", "geometry": {"type": "LineString", "coordinates": [[13.5617964, 55.825225], [13.5617887, 55.8252246]]}, "properties": {"t": "fall", "g": 11, "loop": null, "hole": 11, "slope_pct": 0.81, "bearing": 264.5}}, {"type": "Feature", "geometry": {"type": "LineString", "coordinates": [[13.5618443, 55.8252255], [13.5618313, 55.8252295]]}, "properties": {"t": "fall", "g": 11, "loop": null, "hole": 11, "slope_pct": 1.55, "bearing": 298.6}}, {"type": "Feature", "geometry": {"type": "LineString", "coordinates": [[13.5618922, 55.8252261], [13.5618696, 55.8252361]]}, "properties": {"t": "fall", "g": 11, "loop": null, "hole": 11, "slope_pct": 3.0, "bearing": 308.4}}, {"type": "Feature", "geometry": {"type": "LineString", "coordinates": [[13.5619401, 55.8252267], [13.5619138, 55.8252397]]}, "properties": {"t": "fall", "g": 11, "loop": null, "hole": 11, "slope_pct": 3.65, "bearing": 311.5}}, {"type": "Feature", "geometry": {"type": "LineString", "coordinates": [[13.5619879, 55.8252272], [13.5619612, 55.8252425]]}, "properties": {"t": "fall", "g": 11, "loop": null, "hole": 11, "slope_pct": 3.97, "bearing": 315.4}}, {"type": "Feature", "geometry": {"type": "LineString", "coordinates": [[13.5620358, 55.8252278], [13.5620055, 55.825242]]}, "properties": {"t": "fall", "g": 11, "loop": null, "hole": 11, "slope_pct": 4.11, "bearing": 309.8}}, {"type": "Feature", "geometry": {"type": "LineString", "coordinates": [[13.5617017, 55.8251969], [13.5616712, 55.8252177]]}, "properties": {"t": "fall", "g": 11, "loop": null, "hole": 11, "slope_pct": 5.7, "bearing": 320.5}}, {"type": "Feature", "geometry": {"type": "LineString", "coordinates": [[13.5617496, 55.8251975], [13.5617357, 55.8252092]]}, "properties": {"t": "fall", "g": 11, "loop": null, "hole": 11, "slope_pct": 2.62, "bearing": 326.5}}, {"type": "Feature", "geometry": {"type": "LineString", "coordinates": [[13.5617974, 55.825198], [13.5617859, 55.8252108]]}, "properties": {"t": "fall", "g": 11, "loop": null, "hole": 11, "slope_pct": 2.67, "bearing": 333.1}}, {"type": "Feature", "geometry": {"type": "LineString", "coordinates": [[13.5618453, 55.8251986], [13.5618281, 55.8252083]]}, "properties": {"t": "fall", "g": 11, "loop": null, "hole": 11, "slope_pct": 2.54, "bearing": 315.0}}, {"type": "Feature", "geometry": {"type": "LineString", "coordinates": [[13.5618932, 55.8251992], [13.5618698, 55.8252062]]}, "properties": {"t": "fall", "g": 11, "loop": null, "hole": 11, "slope_pct": 2.76, "bearing": 298.2}}, {"type": "Feature", "geometry": {"type": "LineString", "coordinates": [[13.561941, 55.8251997], [13.5619128, 55.8252051]]}, "properties": {"t": "fall", "g": 11, "loop": null, "hole": 11, "slope_pct": 3.11, "bearing": 288.7}}, {"type": "Feature", "geometry": {"type": "LineString", "coordinates": [[13.5619889, 55.8252003], [13.5619623, 55.8252038]]}, "properties": {"t": "fall", "g": 11, "loop": null, "hole": 11, "slope_pct": 2.85, "bearing": 283.3}}, {"type": "Feature", "geometry": {"type": "LineString", "coordinates": [[13.5620368, 55.8252008], [13.5620117, 55.8252047]]}, "properties": {"t": "fall", "g": 11, "loop": null, "hole": 11, "slope_pct": 2.72, "bearing": 285.5}}, {"type": "Feature", "geometry": {"type": "LineString", "coordinates": [[13.5617027, 55.82517], [13.5616879, 55.8251932]]}, "properties": {"t": "fall", "g": 11, "loop": null, "hole": 11, "slope_pct": 4.58, "bearing": 340.4}}, {"type": "Feature", "geometry": {"type": "LineString", "coordinates": [[13.5617506, 55.8251705], [13.561741, 55.8251925]]}, "properties": {"t": "fall", "g": 11, "loop": null, "hole": 11, "slope_pct": 4.2, "bearing": 346.2}}, {"type": "Feature", "geometry": {"type": "LineString", "coordinates": [[13.5617984, 55.8251711], [13.5617932, 55.8251891]]}, "properties": {"t": "fall", "g": 11, "loop": null, "hole": 11, "slope_pct": 3.38, "bearing": 350.8}}, {"type": "Feature", "geometry": {"type": "LineString", "coordinates": [[13.5618463, 55.8251716], [13.5618411, 55.8251841]]}, "properties": {"t": "fall", "g": 11, "loop": null, "hole": 11, "slope_pct": 2.37, "bearing": 346.8}}, {"type": "Feature", "geometry": {"type": "LineString", "coordinates": [[13.5618942, 55.8251722], [13.5618773, 55.8251787]]}, "properties": {"t": "fall", "g": 11, "loop": null, "hole": 11, "slope_pct": 2.13, "bearing": 304.3}}, {"type": "Feature", "geometry": {"type": "LineString", "coordinates": [[13.561942, 55.8251728], [13.5619219, 55.8251726]]}, "properties": {"t": "fall", "g": 11, "loop": null, "hole": 11, "slope_pct": 2.1, "bearing": 269.1}}, {"type": "Feature", "geometry": {"type": "LineString", "coordinates": [[13.5619899, 55.8251733], [13.5619665, 55.8251692]]}, "properties": {"t": "fall", "g": 11, "loop": null, "hole": 11, "slope_pct": 2.56, "bearing": 252.6}}, {"type": "Feature", "geometry": {"type": "LineString", "coordinates": [[13.5620378, 55.8251739], [13.562008, 55.8251682]]}, "properties": {"t": "fall", "g": 11, "loop": null, "hole": 11, "slope_pct": 3.28, "bearing": 251.4}}, {"type": "Feature", "geometry": {"type": "LineString", "coordinates": [[13.5617516, 55.8251436], [13.5617401, 55.8251643]]}, "properties": {"t": "fall", "g": 11, "loop": null, "hole": 11, "slope_pct": 4.02, "bearing": 342.7}}, {"type": "Feature", "geometry": {"type": "LineString", "coordinates": [[13.5617994, 55.8251441], [13.5617986, 55.8251658]]}, "properties": {"t": "fall", "g": 11, "loop": null, "hole": 11, "slope_pct": 4.02, "bearing": 358.7}}, {"type": "Feature", "geometry": {"type": "LineString", "coordinates": [[13.5618473, 55.8251447], [13.5618504, 55.8251627]]}, "properties": {"t": "fall", "g": 11, "loop": null, "hole": 11, "slope_pct": 3.35, "bearing": 5.5}}, {"type": "Feature", "geometry": {"type": "LineString", "coordinates": [[13.5618952, 55.8251453], [13.56189, 55.8251578]]}, "properties": {"t": "fall", "g": 11, "loop": null, "hole": 11, "slope_pct": 2.38, "bearing": 346.9}}, {"type": "Feature", "geometry": {"type": "LineString", "coordinates": [[13.561943, 55.8251458], [13.5619328, 55.8251544]]}, "properties": {"t": "fall", "g": 11, "loop": null, "hole": 11, "slope_pct": 1.92, "bearing": 326.2}}, {"type": "Feature", "geometry": {"type": "LineString", "coordinates": [[13.5619909, 55.8251464], [13.5619777, 55.8251471]]}, "properties": {"t": "fall", "g": 11, "loop": null, "hole": 11, "slope_pct": 1.39, "bearing": 275.9}}, {"type": "Feature", "geometry": {"type": "LineString", "coordinates": [[13.5620388, 55.8251469], [13.5620185, 55.8251377]]}, "properties": {"t": "fall", "g": 11, "loop": null, "hole": 11, "slope_pct": 2.72, "bearing": 231.1}}, {"type": "Feature", "geometry": {"type": "LineString", "coordinates": [[13.5618004, 55.8251172], [13.5618108, 55.8251435]]}, "properties": {"t": "fall", "g": 11, "loop": null, "hole": 11, "slope_pct": 5.23, "bearing": 12.5}}, {"type": "Feature", "geometry": {"type": "LineString", "coordinates": [[13.5618483, 55.8251177], [13.5618645, 55.8251376]]}, "properties": {"t": "fall", "g": 11, "loop": null, "hole": 11, "slope_pct": 4.06, "bearing": 24.6}}, {"type": "Feature", "geometry": {"type": "LineString", "coordinates": [[13.5618962, 55.8251183], [13.5618996, 55.8251291]]}, "properties": {"t": "fall", "g": 11, "loop": null, "hole": 11, "slope_pct": 2.04, "bearing": 10.2}}, {"type": "Feature", "geometry": {"type": "LineString", "coordinates": [[13.561944, 55.8251189], [13.5619382, 55.8251264]]}, "properties": {"t": "fall", "g": 11, "loop": null, "hole": 11, "slope_pct": 1.53, "bearing": 336.4}}, {"type": "Feature", "geometry": {"type": "LineString", "coordinates": [[13.5619919, 55.8251194], [13.5619937, 55.825127]]}, "properties": {"t": "fall", "g": 11, "loop": null, "hole": 11, "slope_pct": 1.41, "bearing": 7.6}}, {"type": "Feature", "geometry": {"type": "LineString", "coordinates": [[13.5618493, 55.8250908], [13.561886, 55.8251036]]}, "properties": {"t": "fall", "g": 11, "loop": null, "hole": 11, "slope_pct": 4.5, "bearing": 58.2}}, {"type": "Feature", "geometry": {"type": "LineString", "coordinates": [[13.5618972, 55.8250914], [13.5619129, 55.8250916]]}, "properties": {"t": "fall", "g": 11, "loop": null, "hole": 11, "slope_pct": 1.64, "bearing": 88.2}}, {"type": "Feature", "geometry": {"type": "Point", "coordinates": [13.5618907, 55.8251945]}, "properties": {"t": "aim", "g": 11, "loop": null, "hole": 11, "aim_bearing": 326.8, "slope_median": 2.81, "slope_max": 5.7, "n_cells": 48}}, {"type": "Feature", "geometry": {"type": "LineString", "coordinates": [[13.5547178, 55.8266966], [13.5546837, 55.8266943]]}, "properties": {"t": "fall", "g": 12, "loop": null, "hole": 12, "slope_pct": 3.58, "bearing": 263.0}}, {"type": "Feature", "geometry": {"type": "LineString", "coordinates": [[13.5547657, 55.8266972], [13.5547813, 55.8266826]]}, "properties": {"t": "fall", "g": 12, "loop": null, "hole": 12, "slope_pct": 3.17, "bearing": 149.0}}, {"type": "Feature", "geometry": {"type": "LineString", "coordinates": [[13.5548135, 55.8266978], [13.5548473, 55.8266992]]}, "properties": {"t": "fall", "g": 12, "loop": null, "hole": 12, "slope_pct": 3.53, "bearing": 85.5}}, {"type": "Feature", "geometry": {"type": "LineString", "coordinates": [[13.5548614, 55.8266983], [13.554868, 55.8267036]]}, "properties": {"t": "fall", "g": 12, "loop": null, "hole": 12, "slope_pct": 1.2, "bearing": 34.9}}, {"type": "Feature", "geometry": {"type": "LineString", "coordinates": [[13.5549093, 55.8266989], [13.5548944, 55.8266971]]}, "properties": {"t": "fall", "g": 12, "loop": null, "hole": 12, "slope_pct": 1.59, "bearing": 258.0}}, {"type": "Feature", "geometry": {"type": "LineString", "coordinates": [[13.5545752, 55.826668], [13.554595, 55.8266715]]}, "properties": {"t": "fall", "g": 12, "loop": null, "hole": 12, "slope_pct": 2.16, "bearing": 72.6}}, {"type": "Feature", "geometry": {"type": "LineString", "coordinates": [[13.554623, 55.8266686], [13.5546374, 55.8266696]]}, "properties": {"t": "fall", "g": 12, "loop": null, "hole": 12, "slope_pct": 1.5, "bearing": 82.7}}, {"type": "Feature", "geometry": {"type": "LineString", "coordinates": [[13.5546709, 55.8266691], [13.5547004, 55.8266727]]}, "properties": {"t": "fall", "g": 12, "loop": null, "hole": 12, "slope_pct": 3.14, "bearing": 77.7}}, {"type": "Feature", "geometry": {"type": "LineString", "coordinates": [[13.5547188, 55.8266697], [13.5547286, 55.8266677]]}, "properties": {"t": "fall", "g": 12, "loop": null, "hole": 12, "slope_pct": 1.09, "bearing": 109.7}}, {"type": "Feature", "geometry": {"type": "LineString", "coordinates": [[13.5547667, 55.8266702], [13.5547725, 55.8266598]]}, "properties": {"t": "fall", "g": 12, "loop": null, "hole": 12, "slope_pct": 2.03, "bearing": 162.5}}, {"type": "Feature", "geometry": {"type": "LineString", "coordinates": [[13.5548145, 55.8266708], [13.5548284, 55.826666]]}, "properties": {"t": "fall", "g": 12, "loop": null, "hole": 12, "slope_pct": 1.7, "bearing": 121.4}}, {"type": "Feature", "geometry": {"type": "LineString", "coordinates": [[13.5548624, 55.8266714], [13.5548709, 55.8266709]]}, "properties": {"t": "fall", "g": 12, "loop": null, "hole": 12, "slope_pct": 0.89, "bearing": 95.9}}, {"type": "Feature", "geometry": {"type": "LineString", "coordinates": [[13.5545762, 55.826641], [13.5545995, 55.8266416]]}, "properties": {"t": "fall", "g": 12, "loop": null, "hole": 12, "slope_pct": 2.44, "bearing": 87.6}}, {"type": "Feature", "geometry": {"type": "LineString", "coordinates": [[13.554624, 55.8266416], [13.5546414, 55.8266404]]}, "properties": {"t": "fall", "g": 12, "loop": null, "hole": 12, "slope_pct": 1.82, "bearing": 97.1}}, {"type": "Feature", "geometry": {"type": "LineString", "coordinates": [[13.5546719, 55.8266422], [13.5546942, 55.8266386]]}, "properties": {"t": "fall", "g": 12, "loop": null, "hole": 12, "slope_pct": 2.42, "bearing": 105.8}}, {"type": "Feature", "geometry": {"type": "LineString", "coordinates": [[13.5547198, 55.8266427], [13.554741, 55.8266411]]}, "properties": {"t": "fall", "g": 12, "loop": null, "hole": 12, "slope_pct": 2.23, "bearing": 97.8}}, {"type": "Feature", "geometry": {"type": "LineString", "coordinates": [[13.5547677, 55.8266433], [13.5547782, 55.8266398]]}, "properties": {"t": "fall", "g": 12, "loop": null, "hole": 12, "slope_pct": 1.28, "bearing": 120.9}}, {"type": "Feature", "geometry": {"type": "LineString", "coordinates": [[13.5548155, 55.8266439], [13.5548189, 55.8266408]]}, "properties": {"t": "fall", "g": 12, "loop": null, "hole": 12, "slope_pct": 0.66, "bearing": 148.4}}, {"type": "Feature", "geometry": {"type": "LineString", "coordinates": [[13.5548634, 55.8266444], [13.554869, 55.8266458]]}, "properties": {"t": "fall", "g": 12, "loop": null, "hole": 12, "slope_pct": 0.63, "bearing": 66.5}}, {"type": "Feature", "geometry": {"type": "LineString", "coordinates": [[13.5545293, 55.8266135], [13.5545182, 55.8265924]]}, "properties": {"t": "fall", "g": 12, "loop": null, "hole": 12, "slope_pct": 4.08, "bearing": 196.4}}, {"type": "Feature", "geometry": {"type": "LineString", "coordinates": [[13.5545772, 55.8266141], [13.5545948, 55.8266094]]}, "properties": {"t": "fall", "g": 12, "loop": null, "hole": 12, "slope_pct": 2.03, "bearing": 115.3}}, {"type": "Feature", "geometry": {"type": "LineString", "coordinates": [[13.554625, 55.8266147], [13.5546521, 55.8266099]]}, "properties": {"t": "fall", "g": 12, "loop": null, "hole": 12, "slope_pct": 2.95, "bearing": 107.2}}, {"type": "Feature", "geometry": {"type": "LineString", "coordinates": [[13.5546729, 55.8266152], [13.5546926, 55.8266095]]}, "properties": {"t": "fall", "g": 12, "loop": null, "hole": 12, "slope_pct": 2.31, "bearing": 117.4}}, {"type": "Feature", "geometry": {"type": "LineString", "coordinates": [[13.5547208, 55.8266158], [13.554737, 55.8266142]]}, "properties": {"t": "fall", "g": 12, "loop": null, "hole": 12, "slope_pct": 1.71, "bearing": 99.8}}, {"type": "Feature", "geometry": {"type": "LineString", "coordinates": [[13.5547687, 55.8266164], [13.5547799, 55.8266162]]}, "properties": {"t": "fall", "g": 12, "loop": null, "hole": 12, "slope_pct": 1.17, "bearing": 91.6}}, {"type": "Feature", "geometry": {"type": "LineString", "coordinates": [[13.5545782, 55.8265872], [13.5545939, 55.826586]]}, "properties": {"t": "fall", "g": 12, "loop": null, "hole": 12, "slope_pct": 1.65, "bearing": 97.5}}, {"type": "Feature", "geometry": {"type": "LineString", "coordinates": [[13.554626, 55.8265877], [13.5546539, 55.8265837]]}, "properties": {"t": "fall", "g": 12, "loop": null, "hole": 12, "slope_pct": 2.99, "bearing": 104.3}}, {"type": "Feature", "geometry": {"type": "LineString", "coordinates": [[13.5546739, 55.8265883], [13.554688, 55.8265858]]}, "properties": {"t": "fall", "g": 12, "loop": null, "hole": 12, "slope_pct": 1.54, "bearing": 107.5}}, {"type": "Feature", "geometry": {"type": "LineString", "coordinates": [[13.5547218, 55.8265888], [13.55473, 55.8265908]]}, "properties": {"t": "fall", "g": 12, "loop": null, "hole": 12, "slope_pct": 0.93, "bearing": 66.9}}, {"type": "Feature", "geometry": {"type": "LineString", "coordinates": [[13.5547697, 55.8265894], [13.5547834, 55.8265963]]}, "properties": {"t": "fall", "g": 12, "loop": null, "hole": 12, "slope_pct": 1.91, "bearing": 48.4}}, {"type": "Feature", "geometry": {"type": "LineString", "coordinates": [[13.5548175, 55.82659], [13.5548172, 55.8265944]]}, "properties": {"t": "fall", "g": 12, "loop": null, "hole": 12, "slope_pct": 0.83, "bearing": 357.4}}, {"type": "Feature", "geometry": {"type": "LineString", "coordinates": [[13.5545792, 55.8265602], [13.5546031, 55.8265537]]}, "properties": {"t": "fall", "g": 12, "loop": null, "hole": 12, "slope_pct": 2.77, "bearing": 116.0}}, {"type": "Feature", "geometry": {"type": "LineString", "coordinates": [[13.554627, 55.8265608], [13.5546568, 55.8265529]]}, "properties": {"t": "fall", "g": 12, "loop": null, "hole": 12, "slope_pct": 3.43, "bearing": 115.3}}, {"type": "Feature", "geometry": {"type": "LineString", "coordinates": [[13.5546749, 55.8265613], [13.5546839, 55.8265544]]}, "properties": {"t": "fall", "g": 12, "loop": null, "hole": 12, "slope_pct": 1.59, "bearing": 143.8}}, {"type": "Feature", "geometry": {"type": "LineString", "coordinates": [[13.5547228, 55.8265619], [13.5547107, 55.8265685]]}, "properties": {"t": "fall", "g": 12, "loop": null, "hole": 12, "slope_pct": 1.76, "bearing": 314.0}}, {"type": "Feature", "geometry": {"type": "Point", "coordinates": [13.5547284, 55.8266334]}, "properties": {"t": "aim", "g": 12, "loop": null, "hole": 12, "aim_bearing": 109.2, "slope_median": 1.71, "slope_max": 4.08, "n_cells": 39}}, {"type": "Feature", "geometry": {"type": "LineString", "coordinates": [[13.5544749, 55.8254986], [13.5544759, 55.8255203]]}, "properties": {"t": "fall", "g": 13, "loop": null, "hole": 13, "slope_pct": 4.02, "bearing": 1.5}}, {"type": "Feature", "geometry": {"type": "LineString", "coordinates": [[13.5545227, 55.8254992], [13.5545068, 55.825524]]}, "properties": {"t": "fall", "g": 13, "loop": null, "hole": 13, "slope_pct": 4.9, "bearing": 340.2}}, {"type": "Feature", "geometry": {"type": "LineString", "coordinates": [[13.5545706, 55.8254997], [13.5545485, 55.8255237]]}, "properties": {"t": "fall", "g": 13, "loop": null, "hole": 13, "slope_pct": 5.7, "bearing": 332.6}}, {"type": "Feature", "geometry": {"type": "LineString", "coordinates": [[13.554428, 55.8254711], [13.5544254, 55.8254838]]}, "properties": {"t": "fall", "g": 13, "loop": null, "hole": 13, "slope_pct": 2.38, "bearing": 353.5}}, {"type": "Feature", "geometry": {"type": "LineString", "coordinates": [[13.5544759, 55.8254717], [13.5544691, 55.8254908]]}, "properties": {"t": "fall", "g": 13, "loop": null, "hole": 13, "slope_pct": 3.62, "bearing": 348.8}}, {"type": "Feature", "geometry": {"type": "LineString", "coordinates": [[13.5545237, 55.8254722], [13.5545063, 55.8254903]]}, "properties": {"t": "fall", "g": 13, "loop": null, "hole": 13, "slope_pct": 3.82, "bearing": 331.6}}, {"type": "Feature", "geometry": {"type": "LineString", "coordinates": [[13.5545716, 55.8254728], [13.5545429, 55.8254902]]}, "properties": {"t": "fall", "g": 13, "loop": null, "hole": 13, "slope_pct": 4.41, "bearing": 317.2}}, {"type": "Feature", "geometry": {"type": "LineString", "coordinates": [[13.5546195, 55.8254733], [13.5546199, 55.825491]]}, "properties": {"t": "fall", "g": 13, "loop": null, "hole": 13, "slope_pct": 3.28, "bearing": 0.8}}, {"type": "Feature", "geometry": {"type": "LineString", "coordinates": [[13.554429, 55.8254441], [13.55443, 55.8254579]]}, "properties": {"t": "fall", "g": 13, "loop": null, "hole": 13, "slope_pct": 2.56, "bearing": 2.4}}, {"type": "Feature", "geometry": {"type": "LineString", "coordinates": [[13.5544769, 55.8254447], [13.5544682, 55.8254578]]}, "properties": {"t": "fall", "g": 13, "loop": null, "hole": 13, "slope_pct": 2.59, "bearing": 339.5}}, {"type": "Feature", "geometry": {"type": "LineString", "coordinates": [[13.5545247, 55.8254453], [13.5545102, 55.8254593]]}, "properties": {"t": "fall", "g": 13, "loop": null, "hole": 13, "slope_pct": 3.02, "bearing": 329.8}}, {"type": "Feature", "geometry": {"type": "LineString", "coordinates": [[13.5545726, 55.8254458], [13.5545481, 55.825457]]}, "properties": {"t": "fall", "g": 13, "loop": null, "hole": 13, "slope_pct": 3.28, "bearing": 309.0}}, {"type": "Feature", "geometry": {"type": "LineString", "coordinates": [[13.5546205, 55.8254464], [13.5545905, 55.8254628]]}, "properties": {"t": "fall", "g": 13, "loop": null, "hole": 13, "slope_pct": 4.36, "bearing": 314.2}}, {"type": "Feature", "geometry": {"type": "LineString", "coordinates": [[13.55443, 55.8254172], [13.5544324, 55.8254231]]}, "properties": {"t": "fall", "g": 13, "loop": null, "hole": 13, "slope_pct": 1.12, "bearing": 13.0}}, {"type": "Feature", "geometry": {"type": "LineString", "coordinates": [[13.5544779, 55.8254178], [13.5544633, 55.8254284]]}, "properties": {"t": "fall", "g": 13, "loop": null, "hole": 13, "slope_pct": 2.49, "bearing": 322.4}}, {"type": "Feature", "geometry": {"type": "LineString", "coordinates": [[13.5545257, 55.8254183], [13.5545129, 55.8254303]]}, "properties": {"t": "fall", "g": 13, "loop": null, "hole": 13, "slope_pct": 2.6, "bearing": 329.1}}, {"type": "Feature", "geometry": {"type": "LineString", "coordinates": [[13.5545736, 55.8254189], [13.5545526, 55.8254297]]}, "properties": {"t": "fall", "g": 13, "loop": null, "hole": 13, "slope_pct": 2.98, "bearing": 312.5}}, {"type": "Feature", "geometry": {"type": "LineString", "coordinates": [[13.5546215, 55.8254194], [13.5545774, 55.8254292]]}, "properties": {"t": "fall", "g": 13, "loop": null, "hole": 13, "slope_pct": 4.93, "bearing": 291.4}}, {"type": "Feature", "geometry": {"type": "LineString", "coordinates": [[13.554431, 55.8253903], [13.5544143, 55.825396]]}, "properties": {"t": "fall", "g": 13, "loop": null, "hole": 13, "slope_pct": 2.05, "bearing": 301.7}}, {"type": "Feature", "geometry": {"type": "LineString", "coordinates": [[13.5544789, 55.8253908], [13.5544588, 55.8254024]]}, "properties": {"t": "fall", "g": 13, "loop": null, "hole": 13, "slope_pct": 3.0, "bearing": 315.9}}, {"type": "Feature", "geometry": {"type": "LineString", "coordinates": [[13.5545267, 55.8253914], [13.5545169, 55.8254023]]}, "properties": {"t": "fall", "g": 13, "loop": null, "hole": 13, "slope_pct": 2.28, "bearing": 333.3}}, {"type": "Feature", "geometry": {"type": "LineString", "coordinates": [[13.5545746, 55.8253919], [13.554553, 55.8254032]]}, "properties": {"t": "fall", "g": 13, "loop": null, "hole": 13, "slope_pct": 3.08, "bearing": 312.9}}, {"type": "Feature", "geometry": {"type": "LineString", "coordinates": [[13.5546225, 55.8253925], [13.554582, 55.8254021]]}, "properties": {"t": "fall", "g": 13, "loop": null, "hole": 13, "slope_pct": 4.58, "bearing": 292.9}}, {"type": "Feature", "geometry": {"type": "LineString", "coordinates": [[13.554432, 55.8253633], [13.5544088, 55.8253785]]}, "properties": {"t": "fall", "g": 13, "loop": null, "hole": 13, "slope_pct": 3.72, "bearing": 319.5}}, {"type": "Feature", "geometry": {"type": "LineString", "coordinates": [[13.5544799, 55.8253639], [13.5544615, 55.8253748]]}, "properties": {"t": "fall", "g": 13, "loop": null, "hole": 13, "slope_pct": 2.79, "bearing": 316.8}}, {"type": "Feature", "geometry": {"type": "LineString", "coordinates": [[13.5545277, 55.8253644], [13.5545169, 55.8253758]]}, "properties": {"t": "fall", "g": 13, "loop": null, "hole": 13, "slope_pct": 2.4, "bearing": 331.8}}, {"type": "Feature", "geometry": {"type": "LineString", "coordinates": [[13.5545756, 55.825365], [13.5545538, 55.8253759]]}, "properties": {"t": "fall", "g": 13, "loop": null, "hole": 13, "slope_pct": 3.05, "bearing": 311.8}}, {"type": "Feature", "geometry": {"type": "LineString", "coordinates": [[13.5546235, 55.8253656], [13.5545948, 55.8253721]]}, "properties": {"t": "fall", "g": 13, "loop": null, "hole": 13, "slope_pct": 3.22, "bearing": 292.2}}, {"type": "Feature", "geometry": {"type": "LineString", "coordinates": [[13.554433, 55.8253364], [13.5544255, 55.825356]]}, "properties": {"t": "fall", "g": 13, "loop": null, "hole": 13, "slope_pct": 3.73, "bearing": 347.9}}, {"type": "Feature", "geometry": {"type": "LineString", "coordinates": [[13.5544809, 55.8253369], [13.5544657, 55.8253504]]}, "properties": {"t": "fall", "g": 13, "loop": null, "hole": 13, "slope_pct": 2.95, "bearing": 327.7}}, {"type": "Feature", "geometry": {"type": "LineString", "coordinates": [[13.5545287, 55.8253375], [13.5545191, 55.8253479]]}, "properties": {"t": "fall", "g": 13, "loop": null, "hole": 13, "slope_pct": 2.18, "bearing": 332.7}}, {"type": "Feature", "geometry": {"type": "LineString", "coordinates": [[13.5545766, 55.825338], [13.5545608, 55.8253448]]}, "properties": {"t": "fall", "g": 13, "loop": null, "hole": 13, "slope_pct": 2.07, "bearing": 307.3}}, {"type": "Feature", "geometry": {"type": "LineString", "coordinates": [[13.5546245, 55.8253386], [13.5546057, 55.8253422]]}, "properties": {"t": "fall", "g": 13, "loop": null, "hole": 13, "slope_pct": 2.07, "bearing": 289.0}}, {"type": "Feature", "geometry": {"type": "LineString", "coordinates": [[13.554434, 55.8253094], [13.5544464, 55.8253304]]}, "properties": {"t": "fall", "g": 13, "loop": null, "hole": 13, "slope_pct": 4.1, "bearing": 18.4}}, {"type": "Feature", "geometry": {"type": "LineString", "coordinates": [[13.5544819, 55.82531], [13.5544755, 55.8253232]]}, "properties": {"t": "fall", "g": 13, "loop": null, "hole": 13, "slope_pct": 2.54, "bearing": 344.9}}, {"type": "Feature", "geometry": {"type": "LineString", "coordinates": [[13.5545297, 55.8253105], [13.5545276, 55.8253182]]}, "properties": {"t": "fall", "g": 13, "loop": null, "hole": 13, "slope_pct": 1.44, "bearing": 351.3}}, {"type": "Feature", "geometry": {"type": "LineString", "coordinates": [[13.5545776, 55.8253111], [13.5545625, 55.8253169]]}, "properties": {"t": "fall", "g": 13, "loop": null, "hole": 13, "slope_pct": 1.91, "bearing": 304.3}}, {"type": "Feature", "geometry": {"type": "LineString", "coordinates": [[13.5546255, 55.8253117], [13.5546102, 55.8253197]]}, "properties": {"t": "fall", "g": 13, "loop": null, "hole": 13, "slope_pct": 2.18, "bearing": 313.2}}, {"type": "Feature", "geometry": {"type": "LineString", "coordinates": [[13.5544829, 55.825283], [13.5544924, 55.825303]]}, "properties": {"t": "fall", "g": 13, "loop": null, "hole": 13, "slope_pct": 3.84, "bearing": 15.0}}, {"type": "Feature", "geometry": {"type": "LineString", "coordinates": [[13.5545307, 55.8252836], [13.554536, 55.8252962]]}, "properties": {"t": "fall", "g": 13, "loop": null, "hole": 13, "slope_pct": 2.4, "bearing": 13.1}}, {"type": "Feature", "geometry": {"type": "LineString", "coordinates": [[13.5545786, 55.8252842], [13.5545756, 55.8252869]]}, "properties": {"t": "fall", "g": 13, "loop": null, "hole": 13, "slope_pct": 0.6, "bearing": 328.7}}, {"type": "Feature", "geometry": {"type": "Point", "coordinates": [13.5545236, 55.8253953]}, "properties": {"t": "aim", "g": 13, "loop": null, "hole": 13, "aim_bearing": 329.3, "slope_median": 2.98, "slope_max": 5.7, "n_cells": 41}}, {"type": "Feature", "geometry": {"type": "LineString", "coordinates": [[13.5566195, 55.821471], [13.5565995, 55.8214684]]}, "properties": {"t": "fall", "g": 14, "loop": null, "hole": 14, "slope_pct": 2.14, "bearing": 257.0}}, {"type": "Feature", "geometry": {"type": "LineString", "coordinates": [[13.5566674, 55.8214715], [13.5566608, 55.8214724]]}, "properties": {"t": "fall", "g": 14, "loop": null, "hole": 14, "slope_pct": 0.7, "bearing": 283.5}}, {"type": "Feature", "geometry": {"type": "LineString", "coordinates": [[13.5567152, 55.8214721], [13.5567095, 55.8214792]]}, "properties": {"t": "fall", "g": 14, "loop": null, "hole": 14, "slope_pct": 1.45, "bearing": 335.5}}, {"type": "Feature", "geometry": {"type": "LineString", "coordinates": [[13.5567631, 55.8214727], [13.5567684, 55.821499]]}, "properties": {"t": "fall", "g": 14, "loop": null, "hole": 14, "slope_pct": 4.92, "bearing": 6.4}}, {"type": "Feature", "geometry": {"type": "LineString", "coordinates": [[13.5565726, 55.8214435], [13.5565488, 55.8214653]]}, "properties": {"t": "fall", "g": 14, "loop": null, "hole": 14, "slope_pct": 4.76, "bearing": 328.5}}, {"type": "Feature", "geometry": {"type": "LineString", "coordinates": [[13.5566205, 55.821444], [13.5566095, 55.8214556]]}, "properties": {"t": "fall", "g": 14, "loop": null, "hole": 14, "slope_pct": 2.44, "bearing": 331.8}}, {"type": "Feature", "geometry": {"type": "LineString", "coordinates": [[13.5566684, 55.8214446], [13.5566581, 55.821455]]}, "properties": {"t": "fall", "g": 14, "loop": null, "hole": 14, "slope_pct": 2.21, "bearing": 331.0}}, {"type": "Feature", "geometry": {"type": "LineString", "coordinates": [[13.5567162, 55.8214452], [13.5567072, 55.8214532]]}, "properties": {"t": "fall", "g": 14, "loop": null, "hole": 14, "slope_pct": 1.77, "bearing": 327.8}}, {"type": "Feature", "geometry": {"type": "LineString", "coordinates": [[13.5567641, 55.8214457], [13.5567418, 55.8214515]]}, "properties": {"t": "fall", "g": 14, "loop": null, "hole": 14, "slope_pct": 2.55, "bearing": 294.6}}, {"type": "Feature", "geometry": {"type": "LineString", "coordinates": [[13.5565736, 55.8214165], [13.5565739, 55.8214311]]}, "properties": {"t": "fall", "g": 14, "loop": null, "hole": 14, "slope_pct": 2.7, "bearing": 0.5}}, {"type": "Feature", "geometry": {"type": "LineString", "coordinates": [[13.5566215, 55.8214171], [13.556613, 55.8214264]]}, "properties": {"t": "fall", "g": 14, "loop": null, "hole": 14, "slope_pct": 1.93, "bearing": 332.7}}, {"type": "Feature", "geometry": {"type": "LineString", "coordinates": [[13.5566694, 55.8214177], [13.5566621, 55.8214268]]}, "properties": {"t": "fall", "g": 14, "loop": null, "hole": 14, "slope_pct": 1.85, "bearing": 335.7}}, {"type": "Feature", "geometry": {"type": "LineString", "coordinates": [[13.5567172, 55.8214182], [13.5567137, 55.8214261]]}, "properties": {"t": "fall", "g": 14, "loop": null, "hole": 14, "slope_pct": 1.5, "bearing": 345.7}}, {"type": "Feature", "geometry": {"type": "LineString", "coordinates": [[13.5567651, 55.8214188], [13.5567559, 55.8214194]]}, "properties": {"t": "fall", "g": 14, "loop": null, "hole": 14, "slope_pct": 0.97, "bearing": 276.8}}, {"type": "Feature", "geometry": {"type": "LineString", "coordinates": [[13.5565268, 55.821389], [13.5565162, 55.8214052]]}, "properties": {"t": "fall", "g": 14, "loop": null, "hole": 14, "slope_pct": 3.21, "bearing": 339.9}}, {"type": "Feature", "geometry": {"type": "LineString", "coordinates": [[13.5565746, 55.8213896], [13.5565858, 55.8213984]]}, "properties": {"t": "fall", "g": 14, "loop": null, "hole": 14, "slope_pct": 2.0, "bearing": 35.5}}, {"type": "Feature", "geometry": {"type": "LineString", "coordinates": [[13.5566225, 55.8213901], [13.5566117, 55.8214026]]}, "properties": {"t": "fall", "g": 14, "loop": null, "hole": 14, "slope_pct": 2.57, "bearing": 334.0}}, {"type": "Feature", "geometry": {"type": "LineString", "coordinates": [[13.5566704, 55.8213907], [13.5566654, 55.8214006]]}, "properties": {"t": "fall", "g": 14, "loop": null, "hole": 14, "slope_pct": 1.91, "bearing": 344.2}}, {"type": "Feature", "geometry": {"type": "LineString", "coordinates": [[13.5567182, 55.8213913], [13.5567213, 55.8213987]]}, "properties": {"t": "fall", "g": 14, "loop": null, "hole": 14, "slope_pct": 1.41, "bearing": 13.3}}, {"type": "Feature", "geometry": {"type": "LineString", "coordinates": [[13.5567661, 55.8213918], [13.5567691, 55.8213948]]}, "properties": {"t": "fall", "g": 14, "loop": null, "hole": 14, "slope_pct": 0.64, "bearing": 29.6}}, {"type": "Feature", "geometry": {"type": "LineString", "coordinates": [[13.5565278, 55.8213621], [13.5565467, 55.8213632]]}, "properties": {"t": "fall", "g": 14, "loop": null, "hole": 14, "slope_pct": 1.98, "bearing": 84.0}}, {"type": "Feature", "geometry": {"type": "LineString", "coordinates": [[13.5565756, 55.8213626], [13.5565753, 55.8213686]]}, "properties": {"t": "fall", "g": 14, "loop": null, "hole": 14, "slope_pct": 1.1, "bearing": 358.1}}, {"type": "Feature", "geometry": {"type": "LineString", "coordinates": [[13.5566235, 55.8213632], [13.5566169, 55.8213696]]}, "properties": {"t": "fall", "g": 14, "loop": null, "hole": 14, "slope_pct": 1.37, "bearing": 329.9}}, {"type": "Feature", "geometry": {"type": "LineString", "coordinates": [[13.5566714, 55.8213638], [13.5566677, 55.8213698]]}, "properties": {"t": "fall", "g": 14, "loop": null, "hole": 14, "slope_pct": 1.18, "bearing": 340.9}}, {"type": "Feature", "geometry": {"type": "LineString", "coordinates": [[13.5567192, 55.8213643], [13.5567253, 55.821371]]}, "properties": {"t": "fall", "g": 14, "loop": null, "hole": 14, "slope_pct": 1.4, "bearing": 27.1}}, {"type": "Feature", "geometry": {"type": "LineString", "coordinates": [[13.5567671, 55.8213649], [13.5567778, 55.8213702]]}, "properties": {"t": "fall", "g": 14, "loop": null, "hole": 14, "slope_pct": 1.49, "bearing": 48.5}}, {"type": "Feature", "geometry": {"type": "LineString", "coordinates": [[13.5565288, 55.8213351], [13.5565275, 55.8213299]]}, "properties": {"t": "fall", "g": 14, "loop": null, "hole": 14, "slope_pct": 0.97, "bearing": 187.5}}, {"type": "Feature", "geometry": {"type": "LineString", "coordinates": [[13.5565766, 55.8213357], [13.5565699, 55.8213377]]}, "properties": {"t": "fall", "g": 14, "loop": null, "hole": 14, "slope_pct": 0.8, "bearing": 298.0}}, {"type": "Feature", "geometry": {"type": "LineString", "coordinates": [[13.5566245, 55.8213363], [13.5566161, 55.8213412]]}, "properties": {"t": "fall", "g": 14, "loop": null, "hole": 14, "slope_pct": 1.27, "bearing": 316.6}}, {"type": "Feature", "geometry": {"type": "LineString", "coordinates": [[13.5566724, 55.8213368], [13.556668, 55.8213438]]}, "properties": {"t": "fall", "g": 14, "loop": null, "hole": 14, "slope_pct": 1.36, "bearing": 340.7}}, {"type": "Feature", "geometry": {"type": "LineString", "coordinates": [[13.5567202, 55.8213374], [13.5567276, 55.8213419]]}, "properties": {"t": "fall", "g": 14, "loop": null, "hole": 14, "slope_pct": 1.14, "bearing": 42.4}}, {"type": "Feature", "geometry": {"type": "LineString", "coordinates": [[13.5567681, 55.8213379], [13.556771, 55.8213461]]}, "properties": {"t": "fall", "g": 14, "loop": null, "hole": 14, "slope_pct": 1.54, "bearing": 11.2}}, {"type": "Feature", "geometry": {"type": "LineString", "coordinates": [[13.5565298, 55.8213082], [13.5565264, 55.8213162]]}, "properties": {"t": "fall", "g": 14, "loop": null, "hole": 14, "slope_pct": 1.52, "bearing": 346.5}}, {"type": "Feature", "geometry": {"type": "LineString", "coordinates": [[13.5565776, 55.8213087], [13.5565705, 55.821311]]}, "properties": {"t": "fall", "g": 14, "loop": null, "hole": 14, "slope_pct": 0.85, "bearing": 299.2}}, {"type": "Feature", "geometry": {"type": "LineString", "coordinates": [[13.5566255, 55.8213093], [13.5566108, 55.8213111]]}, "properties": {"t": "fall", "g": 14, "loop": null, "hole": 14, "slope_pct": 1.56, "bearing": 282.1}}, {"type": "Feature", "geometry": {"type": "LineString", "coordinates": [[13.5566734, 55.8213099], [13.5566658, 55.8213164]]}, "properties": {"t": "fall", "g": 14, "loop": null, "hole": 14, "slope_pct": 1.45, "bearing": 326.8}}, {"type": "Feature", "geometry": {"type": "LineString", "coordinates": [[13.5567212, 55.8213104], [13.5567272, 55.8213219]]}, "properties": {"t": "fall", "g": 14, "loop": null, "hole": 14, "slope_pct": 2.22, "bearing": 16.2}}, {"type": "Feature", "geometry": {"type": "LineString", "coordinates": [[13.5565308, 55.8212812], [13.5565419, 55.8212994]]}, "properties": {"t": "fall", "g": 14, "loop": null, "hole": 14, "slope_pct": 3.56, "bearing": 19.0}}, {"type": "Feature", "geometry": {"type": "LineString", "coordinates": [[13.5565786, 55.8212818], [13.556584, 55.8212923]]}, "properties": {"t": "fall", "g": 14, "loop": null, "hole": 14, "slope_pct": 2.02, "bearing": 15.9}}, {"type": "Feature", "geometry": {"type": "LineString", "coordinates": [[13.5566265, 55.8212824], [13.5566122, 55.8212851]]}, "properties": {"t": "fall", "g": 14, "loop": null, "hole": 14, "slope_pct": 1.57, "bearing": 288.8}}, {"type": "Feature", "geometry": {"type": "LineString", "coordinates": [[13.5566744, 55.8212829], [13.556662, 55.8212824]]}, "properties": {"t": "fall", "g": 14, "loop": null, "hole": 14, "slope_pct": 1.29, "bearing": 266.0}}, {"type": "Feature", "geometry": {"type": "LineString", "coordinates": [[13.5567222, 55.8212835], [13.5567103, 55.8212905]]}, "properties": {"t": "fall", "g": 14, "loop": null, "hole": 14, "slope_pct": 1.8, "bearing": 316.2}}, {"type": "Feature", "geometry": {"type": "LineString", "coordinates": [[13.5565318, 55.8212543], [13.5565551, 55.821275]]}, "properties": {"t": "fall", "g": 14, "loop": null, "hole": 14, "slope_pct": 4.55, "bearing": 32.4}}, {"type": "Feature", "geometry": {"type": "LineString", "coordinates": [[13.5565796, 55.8212548], [13.5566034, 55.8212653]]}, "properties": {"t": "fall", "g": 14, "loop": null, "hole": 14, "slope_pct": 3.14, "bearing": 52.0}}, {"type": "Feature", "geometry": {"type": "LineString", "coordinates": [[13.5566754, 55.821256], [13.5566631, 55.8212489]]}, "properties": {"t": "fall", "g": 14, "loop": null, "hole": 14, "slope_pct": 1.83, "bearing": 224.3}}, {"type": "Feature", "geometry": {"type": "LineString", "coordinates": [[13.5566285, 55.8212285], [13.556645, 55.8212327]]}, "properties": {"t": "fall", "g": 14, "loop": null, "hole": 14, "slope_pct": 1.89, "bearing": 65.7}}, {"type": "Feature", "geometry": {"type": "Point", "coordinates": [13.5566401, 55.8213582]}, "properties": {"t": "aim", "g": 14, "loop": null, "hole": 14, "aim_bearing": 348.5, "slope_median": 1.57, "slope_max": 4.92, "n_cells": 47}}, {"type": "Feature", "geometry": {"type": "LineString", "coordinates": [[13.5525277, 55.8237683], [13.552494, 55.8237875]]}, "properties": {"t": "fall", "g": 15, "loop": null, "hole": 15, "slope_pct": 5.66, "bearing": 315.4}}, {"type": "Feature", "geometry": {"type": "LineString", "coordinates": [[13.5525755, 55.8237689], [13.5525647, 55.8237635]]}, "properties": {"t": "fall", "g": 15, "loop": null, "hole": 15, "slope_pct": 1.5, "bearing": 228.9}}, {"type": "Feature", "geometry": {"type": "LineString", "coordinates": [[13.5526234, 55.8237694], [13.5526283, 55.8237542]]}, "properties": {"t": "fall", "g": 15, "loop": null, "hole": 15, "slope_pct": 2.87, "bearing": 169.8}}, {"type": "Feature", "geometry": {"type": "LineString", "coordinates": [[13.5526713, 55.82377], [13.5527002, 55.8237563]]}, "properties": {"t": "fall", "g": 15, "loop": null, "hole": 15, "slope_pct": 3.94, "bearing": 130.1}}, {"type": "Feature", "geometry": {"type": "LineString", "coordinates": [[13.5525287, 55.8237414], [13.5525505, 55.8237573]]}, "properties": {"t": "fall", "g": 15, "loop": null, "hole": 15, "slope_pct": 3.74, "bearing": 37.6}}, {"type": "Feature", "geometry": {"type": "LineString", "coordinates": [[13.5525765, 55.8237419], [13.5525934, 55.8237429]]}, "properties": {"t": "fall", "g": 15, "loop": null, "hole": 15, "slope_pct": 1.76, "bearing": 83.8}}, {"type": "Feature", "geometry": {"type": "LineString", "coordinates": [[13.5526244, 55.8237425], [13.5526345, 55.8237375]]}, "properties": {"t": "fall", "g": 15, "loop": null, "hole": 15, "slope_pct": 1.4, "bearing": 131.3}}, {"type": "Feature", "geometry": {"type": "LineString", "coordinates": [[13.5526723, 55.8237431], [13.5526863, 55.8237399]]}, "properties": {"t": "fall", "g": 15, "loop": null, "hole": 15, "slope_pct": 1.58, "bearing": 111.6}}, {"type": "Feature", "geometry": {"type": "LineString", "coordinates": [[13.5527201, 55.8237436], [13.5527303, 55.8237599]]}, "properties": {"t": "fall", "g": 15, "loop": null, "hole": 15, "slope_pct": 3.2, "bearing": 19.4}}, {"type": "Feature", "geometry": {"type": "LineString", "coordinates": [[13.5525297, 55.8237144], [13.5525524, 55.8237177]]}, "properties": {"t": "fall", "g": 15, "loop": null, "hole": 15, "slope_pct": 2.45, "bearing": 75.6}}, {"type": "Feature", "geometry": {"type": "LineString", "coordinates": [[13.5525775, 55.823715], [13.5526014, 55.8237195]]}, "properties": {"t": "fall", "g": 15, "loop": null, "hole": 15, "slope_pct": 2.62, "bearing": 71.5}}, {"type": "Feature", "geometry": {"type": "LineString", "coordinates": [[13.5526254, 55.8237155], [13.5526364, 55.8237193]]}, "properties": {"t": "fall", "g": 15, "loop": null, "hole": 15, "slope_pct": 1.34, "bearing": 58.5}}, {"type": "Feature", "geometry": {"type": "LineString", "coordinates": [[13.5526733, 55.8237161], [13.5526708, 55.8237248]]}, "properties": {"t": "fall", "g": 15, "loop": null, "hole": 15, "slope_pct": 1.64, "bearing": 350.9}}, {"type": "Feature", "geometry": {"type": "LineString", "coordinates": [[13.5527211, 55.8237167], [13.552696, 55.8237365]]}, "properties": {"t": "fall", "g": 15, "loop": null, "hole": 15, "slope_pct": 4.52, "bearing": 324.5}}, {"type": "Feature", "geometry": {"type": "LineString", "coordinates": [[13.552769, 55.8237172], [13.5527454, 55.8237407]]}, "properties": {"t": "fall", "g": 15, "loop": null, "hole": 15, "slope_pct": 7.37, "bearing": 330.5}}, {"type": "Feature", "geometry": {"type": "LineString", "coordinates": [[13.5525307, 55.8236875], [13.5525576, 55.8236989]]}, "properties": {"t": "fall", "g": 15, "loop": null, "hole": 15, "slope_pct": 3.53, "bearing": 52.9}}, {"type": "Feature", "geometry": {"type": "LineString", "coordinates": [[13.5525785, 55.823688], [13.5526025, 55.8237024]]}, "properties": {"t": "fall", "g": 15, "loop": null, "hole": 15, "slope_pct": 3.65, "bearing": 43.3}}, {"type": "Feature", "geometry": {"type": "LineString", "coordinates": [[13.5526264, 55.8236886], [13.5526375, 55.8237027]]}, "properties": {"t": "fall", "g": 15, "loop": null, "hole": 15, "slope_pct": 2.86, "bearing": 23.7}}, {"type": "Feature", "geometry": {"type": "LineString", "coordinates": [[13.5526743, 55.8236892], [13.5526611, 55.8237031]]}, "properties": {"t": "fall", "g": 15, "loop": null, "hole": 15, "slope_pct": 2.93, "bearing": 332.0}}, {"type": "Feature", "geometry": {"type": "LineString", "coordinates": [[13.5527221, 55.8236897], [13.5526867, 55.8237026]]}, "properties": {"t": "fall", "g": 15, "loop": null, "hole": 15, "slope_pct": 4.4, "bearing": 303.0}}, {"type": "Feature", "geometry": {"type": "LineString", "coordinates": [[13.55277, 55.8236903], [13.552731, 55.8236979]]}, "properties": {"t": "fall", "g": 15, "loop": null, "hole": 15, "slope_pct": 4.31, "bearing": 289.2}}, {"type": "Feature", "geometry": {"type": "LineString", "coordinates": [[13.5525317, 55.8236605], [13.5525528, 55.8236726]]}, "properties": {"t": "fall", "g": 15, "loop": null, "hole": 15, "slope_pct": 3.15, "bearing": 44.4}}, {"type": "Feature", "geometry": {"type": "LineString", "coordinates": [[13.5525795, 55.8236611], [13.5525956, 55.8236761]]}, "properties": {"t": "fall", "g": 15, "loop": null, "hole": 15, "slope_pct": 3.25, "bearing": 31.0}}, {"type": "Feature", "geometry": {"type": "LineString", "coordinates": [[13.5526274, 55.8236617], [13.5526399, 55.8236807]]}, "properties": {"t": "fall", "g": 15, "loop": null, "hole": 15, "slope_pct": 3.77, "bearing": 20.2}}, {"type": "Feature", "geometry": {"type": "LineString", "coordinates": [[13.5526753, 55.8236622], [13.5526746, 55.8236749]]}, "properties": {"t": "fall", "g": 15, "loop": null, "hole": 15, "slope_pct": 2.35, "bearing": 358.3}}, {"type": "Feature", "geometry": {"type": "LineString", "coordinates": [[13.5527231, 55.8236628], [13.5527021, 55.8236632]]}, "properties": {"t": "fall", "g": 15, "loop": null, "hole": 15, "slope_pct": 2.2, "bearing": 272.2}}, {"type": "Feature", "geometry": {"type": "LineString", "coordinates": [[13.552771, 55.8236633], [13.5527471, 55.8236543]]}, "properties": {"t": "fall", "g": 15, "loop": null, "hole": 15, "slope_pct": 3.01, "bearing": 236.0}}, {"type": "Feature", "geometry": {"type": "LineString", "coordinates": [[13.5528189, 55.8236639], [13.5528145, 55.8236496]]}, "properties": {"t": "fall", "g": 15, "loop": null, "hole": 15, "slope_pct": 2.69, "bearing": 189.7}}, {"type": "Feature", "geometry": {"type": "LineString", "coordinates": [[13.5525327, 55.8236336], [13.5525456, 55.8236502]]}, "properties": {"t": "fall", "g": 15, "loop": null, "hole": 15, "slope_pct": 3.37, "bearing": 23.6}}, {"type": "Feature", "geometry": {"type": "LineString", "coordinates": [[13.5525805, 55.8236341], [13.5525967, 55.8236507]]}, "properties": {"t": "fall", "g": 15, "loop": null, "hole": 15, "slope_pct": 3.51, "bearing": 28.8}}, {"type": "Feature", "geometry": {"type": "LineString", "coordinates": [[13.5526284, 55.8236347], [13.5526431, 55.8236484]]}, "properties": {"t": "fall", "g": 15, "loop": null, "hole": 15, "slope_pct": 2.97, "bearing": 31.1}}, {"type": "Feature", "geometry": {"type": "LineString", "coordinates": [[13.5526763, 55.8236353], [13.5526919, 55.8236465]]}, "properties": {"t": "fall", "g": 15, "loop": null, "hole": 15, "slope_pct": 2.64, "bearing": 37.9}}, {"type": "Feature", "geometry": {"type": "LineString", "coordinates": [[13.5527241, 55.8236358], [13.5527211, 55.8236392]]}, "properties": {"t": "fall", "g": 15, "loop": null, "hole": 15, "slope_pct": 0.7, "bearing": 332.7}}, {"type": "Feature", "geometry": {"type": "LineString", "coordinates": [[13.552772, 55.8236364], [13.5527611, 55.8236305]]}, "properties": {"t": "fall", "g": 15, "loop": null, "hole": 15, "slope_pct": 1.58, "bearing": 226.0}}, {"type": "Feature", "geometry": {"type": "LineString", "coordinates": [[13.5528199, 55.823637], [13.5528202, 55.8236237]]}, "properties": {"t": "fall", "g": 15, "loop": null, "hole": 15, "slope_pct": 2.46, "bearing": 179.3}}, {"type": "Feature", "geometry": {"type": "LineString", "coordinates": [[13.5528678, 55.8236375], [13.5528798, 55.8236297]]}, "properties": {"t": "fall", "g": 15, "loop": null, "hole": 15, "slope_pct": 1.92, "bearing": 139.4}}, {"type": "Feature", "geometry": {"type": "LineString", "coordinates": [[13.5525815, 55.8236072], [13.5525609, 55.8236019]]}, "properties": {"t": "fall", "g": 15, "loop": null, "hole": 15, "slope_pct": 2.36, "bearing": 245.4}}, {"type": "Feature", "geometry": {"type": "LineString", "coordinates": [[13.5526294, 55.8236078], [13.5526527, 55.8236226]]}, "properties": {"t": "fall", "g": 15, "loop": null, "hole": 15, "slope_pct": 3.67, "bearing": 41.3}}, {"type": "Feature", "geometry": {"type": "LineString", "coordinates": [[13.5526773, 55.8236083], [13.5526945, 55.8236176]]}, "properties": {"t": "fall", "g": 15, "loop": null, "hole": 15, "slope_pct": 2.48, "bearing": 46.3}}, {"type": "Feature", "geometry": {"type": "LineString", "coordinates": [[13.5527251, 55.8236089], [13.5527438, 55.823613]]}, "properties": {"t": "fall", "g": 15, "loop": null, "hole": 15, "slope_pct": 2.08, "bearing": 68.6}}, {"type": "Feature", "geometry": {"type": "LineString", "coordinates": [[13.552773, 55.8236094], [13.5527736, 55.8236056]]}, "properties": {"t": "fall", "g": 15, "loop": null, "hole": 15, "slope_pct": 0.72, "bearing": 175.3}}, {"type": "Feature", "geometry": {"type": "LineString", "coordinates": [[13.5528209, 55.82361], [13.5528348, 55.8235973]]}, "properties": {"t": "fall", "g": 15, "loop": null, "hole": 15, "slope_pct": 2.77, "bearing": 148.5}}, {"type": "Feature", "geometry": {"type": "LineString", "coordinates": [[13.5528688, 55.8236106], [13.5528663, 55.8235901]]}, "properties": {"t": "fall", "g": 15, "loop": null, "hole": 15, "slope_pct": 3.81, "bearing": 183.9}}, {"type": "Feature", "geometry": {"type": "LineString", "coordinates": [[13.5526304, 55.8235808], [13.5526294, 55.8235778]]}, "properties": {"t": "fall", "g": 15, "loop": null, "hole": 15, "slope_pct": 0.58, "bearing": 190.6}}, {"type": "Feature", "geometry": {"type": "LineString", "coordinates": [[13.5526783, 55.8235814], [13.5527083, 55.8235917]]}, "properties": {"t": "fall", "g": 15, "loop": null, "hole": 15, "slope_pct": 3.67, "bearing": 58.6}}, {"type": "Feature", "geometry": {"type": "LineString", "coordinates": [[13.5527261, 55.8235819], [13.5527498, 55.8235898]]}, "properties": {"t": "fall", "g": 15, "loop": null, "hole": 15, "slope_pct": 2.87, "bearing": 59.3}}, {"type": "Feature", "geometry": {"type": "LineString", "coordinates": [[13.552774, 55.8235825], [13.5527869, 55.8235885]]}, "properties": {"t": "fall", "g": 15, "loop": null, "hole": 15, "slope_pct": 1.75, "bearing": 50.3}}, {"type": "Feature", "geometry": {"type": "LineString", "coordinates": [[13.5528219, 55.8235831], [13.5528417, 55.8235897]]}, "properties": {"t": "fall", "g": 15, "loop": null, "hole": 15, "slope_pct": 2.4, "bearing": 59.3}}, {"type": "Feature", "geometry": {"type": "LineString", "coordinates": [[13.5526793, 55.8235544], [13.5526916, 55.8235507]]}, "properties": {"t": "fall", "g": 15, "loop": null, "hole": 15, "slope_pct": 1.46, "bearing": 118.5}}, {"type": "Feature", "geometry": {"type": "LineString", "coordinates": [[13.5527271, 55.823555], [13.5527348, 55.8235743]]}, "properties": {"t": "fall", "g": 15, "loop": null, "hole": 15, "slope_pct": 3.67, "bearing": 12.6}}, {"type": "Feature", "geometry": {"type": "Point", "coordinates": [13.5526738, 55.8236676]}, "properties": {"t": "aim", "g": 15, "loop": null, "hole": 15, "aim_bearing": 27.4, "slope_median": 2.81, "slope_max": 7.37, "n_cells": 50}}, {"type": "Feature", "geometry": {"type": "LineString", "coordinates": [[13.546107, 55.824717], [13.5460963, 55.8247433]]}, "properties": {"t": "fall", "g": 16, "loop": null, "hole": 16, "slope_pct": 8.44, "bearing": 347.1}}, {"type": "Feature", "geometry": {"type": "LineString", "coordinates": [[13.5461549, 55.8247176], [13.546139, 55.824743]]}, "properties": {"t": "fall", "g": 16, "loop": null, "hole": 16, "slope_pct": 7.03, "bearing": 340.7}}, {"type": "Feature", "geometry": {"type": "LineString", "coordinates": [[13.5462027, 55.8247182], [13.546236, 55.8247376]]}, "properties": {"t": "fall", "g": 16, "loop": null, "hole": 16, "slope_pct": 7.28, "bearing": 43.9}}, {"type": "Feature", "geometry": {"type": "LineString", "coordinates": [[13.5462506, 55.8247187], [13.5462761, 55.8247416]]}, "properties": {"t": "fall", "g": 16, "loop": null, "hole": 16, "slope_pct": 7.15, "bearing": 32.0}}, {"type": "Feature", "geometry": {"type": "LineString", "coordinates": [[13.5462985, 55.8247193], [13.5462893, 55.8247457]]}, "properties": {"t": "fall", "g": 16, "loop": null, "hole": 16, "slope_pct": 5.73, "bearing": 349.0}}, {"type": "Feature", "geometry": {"type": "LineString", "coordinates": [[13.5463463, 55.8247199], [13.546304, 55.8247326]]}, "properties": {"t": "fall", "g": 16, "loop": null, "hole": 16, "slope_pct": 5.28, "bearing": 298.1}}, {"type": "Feature", "geometry": {"type": "LineString", "coordinates": [[13.5460601, 55.8246895], [13.5460561, 55.8247095]]}, "properties": {"t": "fall", "g": 16, "loop": null, "hole": 16, "slope_pct": 3.73, "bearing": 353.6}}, {"type": "Feature", "geometry": {"type": "LineString", "coordinates": [[13.546108, 55.8246901], [13.5461008, 55.8246928]]}, "properties": {"t": "fall", "g": 16, "loop": null, "hole": 16, "slope_pct": 0.9, "bearing": 303.9}}, {"type": "Feature", "geometry": {"type": "LineString", "coordinates": [[13.5461559, 55.8246906], [13.5461478, 55.8246839]]}, "properties": {"t": "fall", "g": 16, "loop": null, "hole": 16, "slope_pct": 1.5, "bearing": 213.7}}, {"type": "Feature", "geometry": {"type": "LineString", "coordinates": [[13.5462037, 55.8246912], [13.5462402, 55.8246886]]}, "properties": {"t": "fall", "g": 16, "loop": null, "hole": 16, "slope_pct": 3.83, "bearing": 97.2}}, {"type": "Feature", "geometry": {"type": "LineString", "coordinates": [[13.5462516, 55.8246918], [13.5462703, 55.8247025]]}, "properties": {"t": "fall", "g": 16, "loop": null, "hole": 16, "slope_pct": 2.79, "bearing": 44.4}}, {"type": "Feature", "geometry": {"type": "LineString", "coordinates": [[13.5462995, 55.8246923], [13.5463013, 55.8247056]]}, "properties": {"t": "fall", "g": 16, "loop": null, "hole": 16, "slope_pct": 2.47, "bearing": 4.3}}, {"type": "Feature", "geometry": {"type": "LineString", "coordinates": [[13.5463473, 55.8246929], [13.546334, 55.8246967]]}, "properties": {"t": "fall", "g": 16, "loop": null, "hole": 16, "slope_pct": 1.55, "bearing": 296.6}}, {"type": "Feature", "geometry": {"type": "LineString", "coordinates": [[13.5463952, 55.8246935], [13.5463739, 55.8246855]]}, "properties": {"t": "fall", "g": 16, "loop": null, "hole": 16, "slope_pct": 2.67, "bearing": 236.4}}, {"type": "Feature", "geometry": {"type": "LineString", "coordinates": [[13.5464431, 55.824694], [13.546435, 55.8246916]]}, "properties": {"t": "fall", "g": 16, "loop": null, "hole": 16, "slope_pct": 0.95, "bearing": 242.1}}, {"type": "Feature", "geometry": {"type": "LineString", "coordinates": [[13.5460611, 55.8246626], [13.5460857, 55.8246672]]}, "properties": {"t": "fall", "g": 16, "loop": null, "hole": 16, "slope_pct": 2.7, "bearing": 71.4}}, {"type": "Feature", "geometry": {"type": "LineString", "coordinates": [[13.546109, 55.8246631], [13.5461191, 55.824664]]}, "properties": {"t": "fall", "g": 16, "loop": null, "hole": 16, "slope_pct": 1.06, "bearing": 81.4}}, {"type": "Feature", "geometry": {"type": "LineString", "coordinates": [[13.5461569, 55.8246637], [13.5461583, 55.8246577]]}, "properties": {"t": "fall", "g": 16, "loop": null, "hole": 16, "slope_pct": 1.13, "bearing": 172.3}}, {"type": "Feature", "geometry": {"type": "LineString", "coordinates": [[13.5462047, 55.8246643], [13.5462193, 55.8246611]]}, "properties": {"t": "fall", "g": 16, "loop": null, "hole": 16, "slope_pct": 1.63, "bearing": 111.1}}, {"type": "Feature", "geometry": {"type": "LineString", "coordinates": [[13.5462526, 55.8246648], [13.5462604, 55.8246677]]}, "properties": {"t": "fall", "g": 16, "loop": null, "hole": 16, "slope_pct": 0.98, "bearing": 56.4}}, {"type": "Feature", "geometry": {"type": "LineString", "coordinates": [[13.5463005, 55.8246654], [13.5463074, 55.8246681]]}, "properties": {"t": "fall", "g": 16, "loop": null, "hole": 16, "slope_pct": 0.88, "bearing": 54.8}}, {"type": "Feature", "geometry": {"type": "LineString", "coordinates": [[13.5463962, 55.8246665], [13.546387, 55.8246647]]}, "properties": {"t": "fall", "g": 16, "loop": null, "hole": 16, "slope_pct": 1.02, "bearing": 250.3}}, {"type": "Feature", "geometry": {"type": "LineString", "coordinates": [[13.5464441, 55.8246671], [13.5464364, 55.8246563]]}, "properties": {"t": "fall", "g": 16, "loop": null, "hole": 16, "slope_pct": 2.15, "bearing": 201.8}}, {"type": "Feature", "geometry": {"type": "LineString", "coordinates": [[13.546492, 55.8246677], [13.5465114, 55.8246522]]}, "properties": {"t": "fall", "g": 16, "loop": null, "hole": 16, "slope_pct": 3.51, "bearing": 144.7}}, {"type": "Feature", "geometry": {"type": "LineString", "coordinates": [[13.5460621, 55.8246356], [13.5460804, 55.8246371]]}, "properties": {"t": "fall", "g": 16, "loop": null, "hole": 16, "slope_pct": 1.93, "bearing": 81.6}}, {"type": "Feature", "geometry": {"type": "LineString", "coordinates": [[13.54611, 55.8246362], [13.5461246, 55.8246415]]}, "properties": {"t": "fall", "g": 16, "loop": null, "hole": 16, "slope_pct": 1.81, "bearing": 57.1}}, {"type": "Feature", "geometry": {"type": "LineString", "coordinates": [[13.5461579, 55.8246367], [13.5461643, 55.8246422]]}, "properties": {"t": "fall", "g": 16, "loop": null, "hole": 16, "slope_pct": 1.22, "bearing": 33.5}}, {"type": "Feature", "geometry": {"type": "LineString", "coordinates": [[13.5462057, 55.8246373], [13.5462127, 55.8246419]]}, "properties": {"t": "fall", "g": 16, "loop": null, "hole": 16, "slope_pct": 1.11, "bearing": 40.5}}, {"type": "Feature", "geometry": {"type": "LineString", "coordinates": [[13.5462536, 55.8246379], [13.5462619, 55.8246418]]}, "properties": {"t": "fall", "g": 16, "loop": null, "hole": 16, "slope_pct": 1.13, "bearing": 50.0}}, {"type": "Feature", "geometry": {"type": "LineString", "coordinates": [[13.5463015, 55.8246384], [13.5463093, 55.8246432]]}, "properties": {"t": "fall", "g": 16, "loop": null, "hole": 16, "slope_pct": 1.2, "bearing": 42.5}}, {"type": "Feature", "geometry": {"type": "LineString", "coordinates": [[13.5463494, 55.824639], [13.54635, 55.8246427]]}, "properties": {"t": "fall", "g": 16, "loop": null, "hole": 16, "slope_pct": 0.68, "bearing": 5.8}}, {"type": "Feature", "geometry": {"type": "LineString", "coordinates": [[13.5463972, 55.8246396], [13.5463931, 55.8246434]]}, "properties": {"t": "fall", "g": 16, "loop": null, "hole": 16, "slope_pct": 0.83, "bearing": 328.5}}, {"type": "Feature", "geometry": {"type": "LineString", "coordinates": [[13.5464451, 55.8246401], [13.5464556, 55.8246399]]}, "properties": {"t": "fall", "g": 16, "loop": null, "hole": 16, "slope_pct": 1.1, "bearing": 92.1}}, {"type": "Feature", "geometry": {"type": "LineString", "coordinates": [[13.546493, 55.8246407], [13.5465196, 55.8246331]]}, "properties": {"t": "fall", "g": 16, "loop": null, "hole": 16, "slope_pct": 3.11, "bearing": 116.9}}, {"type": "Feature", "geometry": {"type": "LineString", "coordinates": [[13.5460631, 55.8246087], [13.5460753, 55.8246128]]}, "properties": {"t": "fall", "g": 16, "loop": null, "hole": 16, "slope_pct": 1.48, "bearing": 59.0}}, {"type": "Feature", "geometry": {"type": "LineString", "coordinates": [[13.546111, 55.8246092], [13.5461181, 55.8246167]]}, "properties": {"t": "fall", "g": 16, "loop": null, "hole": 16, "slope_pct": 1.57, "bearing": 28.1}}, {"type": "Feature", "geometry": {"type": "LineString", "coordinates": [[13.5461589, 55.8246098], [13.5461689, 55.8246187]]}, "properties": {"t": "fall", "g": 16, "loop": null, "hole": 16, "slope_pct": 1.96, "bearing": 32.2}}, {"type": "Feature", "geometry": {"type": "LineString", "coordinates": [[13.5462067, 55.8246104], [13.5462182, 55.8246163]]}, "properties": {"t": "fall", "g": 16, "loop": null, "hole": 16, "slope_pct": 1.62, "bearing": 47.4}}, {"type": "Feature", "geometry": {"type": "LineString", "coordinates": [[13.5462546, 55.8246109], [13.5462632, 55.8246133]]}, "properties": {"t": "fall", "g": 16, "loop": null, "hole": 16, "slope_pct": 1.0, "bearing": 63.4}}, {"type": "Feature", "geometry": {"type": "LineString", "coordinates": [[13.5463025, 55.8246115], [13.5463025, 55.8246192]]}, "properties": {"t": "fall", "g": 16, "loop": null, "hole": 16, "slope_pct": 1.43, "bearing": 0.2}}, {"type": "Feature", "geometry": {"type": "LineString", "coordinates": [[13.5463504, 55.8246121], [13.5463538, 55.8246247]]}, "properties": {"t": "fall", "g": 16, "loop": null, "hole": 16, "slope_pct": 2.37, "bearing": 8.7}}, {"type": "Feature", "geometry": {"type": "LineString", "coordinates": [[13.5463982, 55.8246126], [13.5463964, 55.8246214]]}, "properties": {"t": "fall", "g": 16, "loop": null, "hole": 16, "slope_pct": 1.65, "bearing": 353.3}}, {"type": "Feature", "geometry": {"type": "LineString", "coordinates": [[13.5464461, 55.8246132], [13.5464622, 55.8246215]]}, "properties": {"t": "fall", "g": 16, "loop": null, "hole": 16, "slope_pct": 2.28, "bearing": 47.2}}, {"type": "Feature", "geometry": {"type": "LineString", "coordinates": [[13.546494, 55.8246138], [13.5465207, 55.8246241]]}, "properties": {"t": "fall", "g": 16, "loop": null, "hole": 16, "slope_pct": 3.38, "bearing": 55.3}}, {"type": "Feature", "geometry": {"type": "LineString", "coordinates": [[13.5461599, 55.8245829], [13.5461666, 55.8245895]]}, "properties": {"t": "fall", "g": 16, "loop": null, "hole": 16, "slope_pct": 1.41, "bearing": 29.8}}, {"type": "Feature", "geometry": {"type": "LineString", "coordinates": [[13.5462078, 55.8245834], [13.546226, 55.8245904]]}, "properties": {"t": "fall", "g": 16, "loop": null, "hole": 16, "slope_pct": 2.3, "bearing": 55.7}}, {"type": "Feature", "geometry": {"type": "LineString", "coordinates": [[13.5462556, 55.824584], [13.5462657, 55.8245871]]}, "properties": {"t": "fall", "g": 16, "loop": null, "hole": 16, "slope_pct": 1.2, "bearing": 61.3}}, {"type": "Feature", "geometry": {"type": "LineString", "coordinates": [[13.5463035, 55.8245846], [13.5462896, 55.8245906]]}, "properties": {"t": "fall", "g": 16, "loop": null, "hole": 16, "slope_pct": 1.84, "bearing": 307.7}}, {"type": "Feature", "geometry": {"type": "LineString", "coordinates": [[13.5463514, 55.8245851], [13.5463519, 55.824598]]}, "properties": {"t": "fall", "g": 16, "loop": null, "hole": 16, "slope_pct": 2.39, "bearing": 1.3}}, {"type": "Feature", "geometry": {"type": "LineString", "coordinates": [[13.5463992, 55.8245857], [13.5464047, 55.8245987]]}, "properties": {"t": "fall", "g": 16, "loop": null, "hole": 16, "slope_pct": 2.47, "bearing": 13.2}}, {"type": "Feature", "geometry": {"type": "LineString", "coordinates": [[13.5464471, 55.8245862], [13.5464599, 55.824597]]}, "properties": {"t": "fall", "g": 16, "loop": null, "hole": 16, "slope_pct": 2.39, "bearing": 33.8}}, {"type": "Feature", "geometry": {"type": "LineString", "coordinates": [[13.546495, 55.8245868], [13.5465154, 55.8246003]]}, "properties": {"t": "fall", "g": 16, "loop": null, "hole": 16, "slope_pct": 3.29, "bearing": 40.4}}, {"type": "Feature", "geometry": {"type": "LineString", "coordinates": [[13.5463045, 55.8245576], [13.5462721, 55.8245494]]}, "properties": {"t": "fall", "g": 16, "loop": null, "hole": 16, "slope_pct": 3.7, "bearing": 245.7}}, {"type": "Feature", "geometry": {"type": "LineString", "coordinates": [[13.5463524, 55.8245582], [13.5463371, 55.8245662]]}, "properties": {"t": "fall", "g": 16, "loop": null, "hole": 16, "slope_pct": 2.18, "bearing": 313.2}}, {"type": "Feature", "geometry": {"type": "LineString", "coordinates": [[13.5464002, 55.8245587], [13.54641, 55.8245722]]}, "properties": {"t": "fall", "g": 16, "loop": null, "hole": 16, "slope_pct": 2.7, "bearing": 22.0}}, {"type": "Feature", "geometry": {"type": "LineString", "coordinates": [[13.5464481, 55.8245593], [13.546467, 55.8245678]]}, "properties": {"t": "fall", "g": 16, "loop": null, "hole": 16, "slope_pct": 2.52, "bearing": 51.2}}, {"type": "Feature", "geometry": {"type": "Point", "coordinates": [13.5462757, 55.8246423]}, "properties": {"t": "aim", "g": 16, "loop": null, "hole": 16, "aim_bearing": 22.4, "slope_median": 1.88, "slope_max": 8.44, "n_cells": 58}}, {"type": "Feature", "geometry": {"type": "LineString", "coordinates": [[13.5457877, 55.8264296], [13.5457835, 55.8264565]]}, "properties": {"t": "fall", "g": 17, "loop": null, "hole": 17, "slope_pct": 5.35, "bearing": 355.0}}, {"type": "Feature", "geometry": {"type": "LineString", "coordinates": [[13.5458355, 55.8264302], [13.5458323, 55.8264391]]}, "properties": {"t": "fall", "g": 17, "loop": null, "hole": 17, "slope_pct": 1.69, "bearing": 348.4}}, {"type": "Feature", "geometry": {"type": "LineString", "coordinates": [[13.5459313, 55.8264313], [13.5459136, 55.8264265]]}, "properties": {"t": "fall", "g": 17, "loop": null, "hole": 17, "slope_pct": 2.05, "bearing": 244.4}}, {"type": "Feature", "geometry": {"type": "LineString", "coordinates": [[13.5459792, 55.8264319], [13.545988, 55.8264342]]}, "properties": {"t": "fall", "g": 17, "loop": null, "hole": 17, "slope_pct": 1.02, "bearing": 65.0}}, {"type": "Feature", "geometry": {"type": "LineString", "coordinates": [[13.5457408, 55.8264021], [13.5456952, 55.8263938]]}, "properties": {"t": "fall", "g": 17, "loop": null, "hole": 17, "slope_pct": 7.33, "bearing": 252.0}}, {"type": "Feature", "geometry": {"type": "LineString", "coordinates": [[13.5457887, 55.8264027], [13.5457856, 55.8263912]]}, "properties": {"t": "fall", "g": 17, "loop": null, "hole": 17, "slope_pct": 2.15, "bearing": 188.4}}, {"type": "Feature", "geometry": {"type": "LineString", "coordinates": [[13.5458365, 55.8264032], [13.5458504, 55.8263956]]}, "properties": {"t": "fall", "g": 17, "loop": null, "hole": 17, "slope_pct": 2.03, "bearing": 134.6}}, {"type": "Feature", "geometry": {"type": "LineString", "coordinates": [[13.5458844, 55.8264038], [13.5458848, 55.8263977]]}, "properties": {"t": "fall", "g": 17, "loop": null, "hole": 17, "slope_pct": 1.14, "bearing": 178.1}}, {"type": "Feature", "geometry": {"type": "LineString", "coordinates": [[13.5459323, 55.8264044], [13.5459229, 55.8263979]]}, "properties": {"t": "fall", "g": 17, "loop": null, "hole": 17, "slope_pct": 1.55, "bearing": 219.3}}, {"type": "Feature", "geometry": {"type": "LineString", "coordinates": [[13.5459802, 55.8264049], [13.545965, 55.8263985]]}, "properties": {"t": "fall", "g": 17, "loop": null, "hole": 17, "slope_pct": 1.98, "bearing": 232.9}}, {"type": "Feature", "geometry": {"type": "LineString", "coordinates": [[13.5456939, 55.8263746], [13.5456464, 55.8263711]]}, "properties": {"t": "fall", "g": 17, "loop": null, "hole": 17, "slope_pct": 10.54, "bearing": 262.6}}, {"type": "Feature", "geometry": {"type": "LineString", "coordinates": [[13.5457418, 55.8263752], [13.5456995, 55.8263625]]}, "properties": {"t": "fall", "g": 17, "loop": null, "hole": 17, "slope_pct": 6.54, "bearing": 241.9}}, {"type": "Feature", "geometry": {"type": "LineString", "coordinates": [[13.5457897, 55.8263757], [13.5457763, 55.8263583]]}, "properties": {"t": "fall", "g": 17, "loop": null, "hole": 17, "slope_pct": 3.52, "bearing": 203.4}}, {"type": "Feature", "geometry": {"type": "LineString", "coordinates": [[13.5458376, 55.8263763], [13.5458414, 55.8263663]]}, "properties": {"t": "fall", "g": 17, "loop": null, "hole": 17, "slope_pct": 1.9, "bearing": 167.9}}, {"type": "Feature", "geometry": {"type": "LineString", "coordinates": [[13.5458854, 55.8263769], [13.545883, 55.8263718]]}, "properties": {"t": "fall", "g": 17, "loop": null, "hole": 17, "slope_pct": 0.96, "bearing": 195.0}}, {"type": "Feature", "geometry": {"type": "LineString", "coordinates": [[13.5459333, 55.8263774], [13.5459239, 55.8263723]]}, "properties": {"t": "fall", "g": 17, "loop": null, "hole": 17, "slope_pct": 1.37, "bearing": 226.0}}, {"type": "Feature", "geometry": {"type": "LineString", "coordinates": [[13.5459812, 55.826378], [13.5459656, 55.826373]]}, "properties": {"t": "fall", "g": 17, "loop": null, "hole": 17, "slope_pct": 1.87, "bearing": 240.4}}, {"type": "Feature", "geometry": {"type": "LineString", "coordinates": [[13.546029, 55.8263786], [13.5460131, 55.8263659]]}, "properties": {"t": "fall", "g": 17, "loop": null, "hole": 17, "slope_pct": 2.88, "bearing": 215.2}}, {"type": "Feature", "geometry": {"type": "LineString", "coordinates": [[13.5456949, 55.8263477], [13.545647, 55.8263483]]}, "properties": {"t": "fall", "g": 17, "loop": null, "hole": 17, "slope_pct": 7.65, "bearing": 271.4}}, {"type": "Feature", "geometry": {"type": "LineString", "coordinates": [[13.5457428, 55.8263482], [13.5457002, 55.8263358]]}, "properties": {"t": "fall", "g": 17, "loop": null, "hole": 17, "slope_pct": 5.27, "bearing": 242.6}}, {"type": "Feature", "geometry": {"type": "LineString", "coordinates": [[13.5457907, 55.8263488], [13.5457712, 55.8263354]]}, "properties": {"t": "fall", "g": 17, "loop": null, "hole": 17, "slope_pct": 3.21, "bearing": 219.4}}, {"type": "Feature", "geometry": {"type": "LineString", "coordinates": [[13.5458386, 55.8263493], [13.5458273, 55.8263418]]}, "properties": {"t": "fall", "g": 17, "loop": null, "hole": 17, "slope_pct": 1.83, "bearing": 219.8}}, {"type": "Feature", "geometry": {"type": "LineString", "coordinates": [[13.5458864, 55.8263499], [13.5458851, 55.8263435]]}, "properties": {"t": "fall", "g": 17, "loop": null, "hole": 17, "slope_pct": 1.19, "bearing": 186.9}}, {"type": "Feature", "geometry": {"type": "LineString", "coordinates": [[13.5459343, 55.8263505], [13.5459236, 55.8263458]]}, "properties": {"t": "fall", "g": 17, "loop": null, "hole": 17, "slope_pct": 1.41, "bearing": 232.0}}, {"type": "Feature", "geometry": {"type": "LineString", "coordinates": [[13.5459822, 55.826351], [13.5459631, 55.8263488]]}, "properties": {"t": "fall", "g": 17, "loop": null, "hole": 17, "slope_pct": 2.03, "bearing": 258.1}}, {"type": "Feature", "geometry": {"type": "LineString", "coordinates": [[13.54603, 55.8263516], [13.546018, 55.8263566]]}, "properties": {"t": "fall", "g": 17, "loop": null, "hole": 17, "slope_pct": 1.56, "bearing": 306.7}}, {"type": "Feature", "geometry": {"type": "LineString", "coordinates": [[13.5456959, 55.8263207], [13.5456582, 55.8263277]]}, "properties": {"t": "fall", "g": 17, "loop": null, "hole": 17, "slope_pct": 4.14, "bearing": 288.4}}, {"type": "Feature", "geometry": {"type": "LineString", "coordinates": [[13.5457438, 55.8263213], [13.5457115, 55.826315]]}, "properties": {"t": "fall", "g": 17, "loop": null, "hole": 17, "slope_pct": 3.56, "bearing": 250.9}}, {"type": "Feature", "geometry": {"type": "LineString", "coordinates": [[13.5457917, 55.8263218], [13.5457698, 55.8263105]]}, "properties": {"t": "fall", "g": 17, "loop": null, "hole": 17, "slope_pct": 3.1, "bearing": 227.5}}, {"type": "Feature", "geometry": {"type": "LineString", "coordinates": [[13.5458396, 55.8263224], [13.5458256, 55.8263101]]}, "properties": {"t": "fall", "g": 17, "loop": null, "hole": 17, "slope_pct": 2.71, "bearing": 212.4}}, {"type": "Feature", "geometry": {"type": "LineString", "coordinates": [[13.5458874, 55.826323], [13.5458816, 55.8263144]]}, "properties": {"t": "fall", "g": 17, "loop": null, "hole": 17, "slope_pct": 1.7, "bearing": 200.8}}, {"type": "Feature", "geometry": {"type": "LineString", "coordinates": [[13.5459353, 55.8263235], [13.545917, 55.8263189]]}, "properties": {"t": "fall", "g": 17, "loop": null, "hole": 17, "slope_pct": 2.09, "bearing": 245.7}}, {"type": "Feature", "geometry": {"type": "LineString", "coordinates": [[13.5459832, 55.8263241], [13.5459585, 55.8263241]]}, "properties": {"t": "fall", "g": 17, "loop": null, "hole": 17, "slope_pct": 2.57, "bearing": 269.9}}, {"type": "Feature", "geometry": {"type": "LineString", "coordinates": [[13.5460311, 55.8263247], [13.5460051, 55.8263269]]}, "properties": {"t": "fall", "g": 17, "loop": null, "hole": 17, "slope_pct": 2.74, "bearing": 278.7}}, {"type": "Feature", "geometry": {"type": "LineString", "coordinates": [[13.545697, 55.8262938], [13.5456591, 55.8262824]]}, "properties": {"t": "fall", "g": 17, "loop": null, "hole": 17, "slope_pct": 4.47, "bearing": 241.9}}, {"type": "Feature", "geometry": {"type": "LineString", "coordinates": [[13.5457448, 55.8262943], [13.5457228, 55.8262886]]}, "properties": {"t": "fall", "g": 17, "loop": null, "hole": 17, "slope_pct": 2.53, "bearing": 245.3}}, {"type": "Feature", "geometry": {"type": "LineString", "coordinates": [[13.5457927, 55.8262949], [13.5457769, 55.8262882]]}, "properties": {"t": "fall", "g": 17, "loop": null, "hole": 17, "slope_pct": 2.07, "bearing": 232.9}}, {"type": "Feature", "geometry": {"type": "LineString", "coordinates": [[13.5458406, 55.8262955], [13.5458254, 55.8262866]]}, "properties": {"t": "fall", "g": 17, "loop": null, "hole": 17, "slope_pct": 2.28, "bearing": 224.0}}, {"type": "Feature", "geometry": {"type": "LineString", "coordinates": [[13.5458884, 55.826296], [13.5458739, 55.8262892]]}, "properties": {"t": "fall", "g": 17, "loop": null, "hole": 17, "slope_pct": 1.98, "bearing": 230.0}}, {"type": "Feature", "geometry": {"type": "LineString", "coordinates": [[13.5459363, 55.8262966], [13.5459095, 55.8262943]]}, "properties": {"t": "fall", "g": 17, "loop": null, "hole": 17, "slope_pct": 2.82, "bearing": 261.4}}, {"type": "Feature", "geometry": {"type": "LineString", "coordinates": [[13.5459842, 55.8262972], [13.5459545, 55.8262996]]}, "properties": {"t": "fall", "g": 17, "loop": null, "hole": 17, "slope_pct": 3.13, "bearing": 278.3}}, {"type": "Feature", "geometry": {"type": "LineString", "coordinates": [[13.545698, 55.8262668], [13.545653, 55.8262574]]}, "properties": {"t": "fall", "g": 17, "loop": null, "hole": 17, "slope_pct": 7.01, "bearing": 249.6}}, {"type": "Feature", "geometry": {"type": "LineString", "coordinates": [[13.5457458, 55.8262674], [13.5457184, 55.8262604]]}, "properties": {"t": "fall", "g": 17, "loop": null, "hole": 17, "slope_pct": 3.13, "bearing": 245.7}}, {"type": "Feature", "geometry": {"type": "LineString", "coordinates": [[13.5457937, 55.8262679], [13.5457744, 55.8262636]]}, "properties": {"t": "fall", "g": 17, "loop": null, "hole": 17, "slope_pct": 2.16, "bearing": 248.4}}, {"type": "Feature", "geometry": {"type": "LineString", "coordinates": [[13.5458416, 55.8262685], [13.5458318, 55.8262633]]}, "properties": {"t": "fall", "g": 17, "loop": null, "hole": 17, "slope_pct": 1.41, "bearing": 226.3}}, {"type": "Feature", "geometry": {"type": "LineString", "coordinates": [[13.5458894, 55.8262691], [13.5458681, 55.826264]]}, "properties": {"t": "fall", "g": 17, "loop": null, "hole": 17, "slope_pct": 2.41, "bearing": 247.0}}, {"type": "Feature", "geometry": {"type": "LineString", "coordinates": [[13.5459373, 55.8262696], [13.545903, 55.8262676]]}, "properties": {"t": "fall", "g": 17, "loop": null, "hole": 17, "slope_pct": 3.6, "bearing": 263.9}}, {"type": "Feature", "geometry": {"type": "LineString", "coordinates": [[13.5459852, 55.8262702], [13.5459539, 55.826269]]}, "properties": {"t": "fall", "g": 17, "loop": null, "hole": 17, "slope_pct": 3.27, "bearing": 266.0}}, {"type": "Feature", "geometry": {"type": "LineString", "coordinates": [[13.545699, 55.8262399], [13.5456532, 55.826248]]}, "properties": {"t": "fall", "g": 17, "loop": null, "hole": 17, "slope_pct": 6.35, "bearing": 287.5}}, {"type": "Feature", "geometry": {"type": "LineString", "coordinates": [[13.5457468, 55.8262404], [13.5457221, 55.8262415]]}, "properties": {"t": "fall", "g": 17, "loop": null, "hole": 17, "slope_pct": 2.58, "bearing": 274.3}}, {"type": "Feature", "geometry": {"type": "LineString", "coordinates": [[13.5457947, 55.826241], [13.5457792, 55.8262357]]}, "properties": {"t": "fall", "g": 17, "loop": null, "hole": 17, "slope_pct": 1.89, "bearing": 238.8}}, {"type": "Feature", "geometry": {"type": "LineString", "coordinates": [[13.5458426, 55.8262416], [13.5458357, 55.8262328]]}, "properties": {"t": "fall", "g": 17, "loop": null, "hole": 17, "slope_pct": 1.78, "bearing": 203.9}}, {"type": "Feature", "geometry": {"type": "LineString", "coordinates": [[13.5458905, 55.8262421], [13.5458685, 55.8262326]]}, "properties": {"t": "fall", "g": 17, "loop": null, "hole": 17, "slope_pct": 2.89, "bearing": 232.3}}, {"type": "Feature", "geometry": {"type": "LineString", "coordinates": [[13.5459383, 55.8262427], [13.54591, 55.8262289]]}, "properties": {"t": "fall", "g": 17, "loop": null, "hole": 17, "slope_pct": 3.9, "bearing": 229.2}}, {"type": "Feature", "geometry": {"type": "LineString", "coordinates": [[13.5457, 55.8262129], [13.5456761, 55.8262258]]}, "properties": {"t": "fall", "g": 17, "loop": null, "hole": 17, "slope_pct": 3.44, "bearing": 313.8}}, {"type": "Feature", "geometry": {"type": "LineString", "coordinates": [[13.5457478, 55.8262135], [13.5457373, 55.826213]]}, "properties": {"t": "fall", "g": 17, "loop": null, "hole": 17, "slope_pct": 1.1, "bearing": 265.6}}, {"type": "Feature", "geometry": {"type": "LineString", "coordinates": [[13.5457957, 55.826214], [13.545796, 55.8262049]]}, "properties": {"t": "fall", "g": 17, "loop": null, "hole": 17, "slope_pct": 1.7, "bearing": 179.1}}, {"type": "Feature", "geometry": {"type": "LineString", "coordinates": [[13.5458436, 55.8262146], [13.5458352, 55.8262017]]}, "properties": {"t": "fall", "g": 17, "loop": null, "hole": 17, "slope_pct": 2.55, "bearing": 200.2}}, {"type": "Feature", "geometry": {"type": "LineString", "coordinates": [[13.5458915, 55.8262152], [13.5458683, 55.8262054]]}, "properties": {"t": "fall", "g": 17, "loop": null, "hole": 17, "slope_pct": 3.02, "bearing": 233.1}}, {"type": "Feature", "geometry": {"type": "LineString", "coordinates": [[13.5459393, 55.8262157], [13.5459136, 55.8262122]]}, "properties": {"t": "fall", "g": 17, "loop": null, "hole": 17, "slope_pct": 2.76, "bearing": 256.4}}, {"type": "Feature", "geometry": {"type": "LineString", "coordinates": [[13.5457488, 55.8261865], [13.5457476, 55.826177]]}, "properties": {"t": "fall", "g": 17, "loop": null, "hole": 17, "slope_pct": 1.77, "bearing": 184.1}}, {"type": "Feature", "geometry": {"type": "LineString", "coordinates": [[13.5457967, 55.8261871], [13.545806, 55.8261758]]}, "properties": {"t": "fall", "g": 17, "loop": null, "hole": 17, "slope_pct": 2.31, "bearing": 155.1}}, {"type": "Feature", "geometry": {"type": "LineString", "coordinates": [[13.5458446, 55.8261877], [13.5458327, 55.8261799]]}, "properties": {"t": "fall", "g": 17, "loop": null, "hole": 17, "slope_pct": 1.9, "bearing": 220.6}}, {"type": "Feature", "geometry": {"type": "LineString", "coordinates": [[13.5458925, 55.8261882], [13.5458538, 55.8261877]]}, "properties": {"t": "fall", "g": 17, "loop": null, "hole": 17, "slope_pct": 4.03, "bearing": 268.7}}, {"type": "Feature", "geometry": {"type": "Point", "coordinates": [13.5458458, 55.8263124]}, "properties": {"t": "aim", "g": 17, "loop": null, "hole": 17, "aim_bearing": 246.5, "slope_median": 2.41, "slope_max": 10.54, "n_cells": 65}}, {"type": "Feature", "geometry": {"type": "LineString", "coordinates": [[13.5488095, 55.8297363], [13.5488017, 55.829712]]}, "properties": {"t": "fall", "g": 18, "loop": null, "hole": 18, "slope_pct": 4.58, "bearing": 190.3}}, {"type": "Feature", "geometry": {"type": "LineString", "coordinates": [[13.5487626, 55.8297088], [13.5487177, 55.8296994]]}, "properties": {"t": "fall", "g": 18, "loop": null, "hole": 18, "slope_pct": 5.18, "bearing": 249.6}}, {"type": "Feature", "geometry": {"type": "LineString", "coordinates": [[13.5488105, 55.8297094], [13.5487922, 55.8296986]]}, "properties": {"t": "fall", "g": 18, "loop": null, "hole": 18, "slope_pct": 2.77, "bearing": 223.8}}, {"type": "Feature", "geometry": {"type": "LineString", "coordinates": [[13.5488584, 55.8297099], [13.5488364, 55.8297087]]}, "properties": {"t": "fall", "g": 18, "loop": null, "hole": 18, "slope_pct": 2.3, "bearing": 264.5}}, {"type": "Feature", "geometry": {"type": "LineString", "coordinates": [[13.5489063, 55.8297105], [13.5488993, 55.8297244]]}, "properties": {"t": "fall", "g": 18, "loop": null, "hole": 18, "slope_pct": 2.68, "bearing": 344.3}}, {"type": "Feature", "geometry": {"type": "LineString", "coordinates": [[13.5487158, 55.8296813], [13.5486839, 55.8296798]]}, "properties": {"t": "fall", "g": 18, "loop": null, "hole": 18, "slope_pct": 3.33, "bearing": 265.3}}, {"type": "Feature", "geometry": {"type": "LineString", "coordinates": [[13.5487636, 55.8296819], [13.548727, 55.8296789]]}, "properties": {"t": "fall", "g": 18, "loop": null, "hole": 18, "slope_pct": 3.85, "bearing": 261.8}}, {"type": "Feature", "geometry": {"type": "LineString", "coordinates": [[13.5488115, 55.8296824], [13.548792, 55.8296764]]}, "properties": {"t": "fall", "g": 18, "loop": null, "hole": 18, "slope_pct": 2.33, "bearing": 241.2}}, {"type": "Feature", "geometry": {"type": "LineString", "coordinates": [[13.5488594, 55.829683], [13.5488282, 55.8296758]]}, "properties": {"t": "fall", "g": 18, "loop": null, "hole": 18, "slope_pct": 3.51, "bearing": 247.8}}, {"type": "Feature", "geometry": {"type": "LineString", "coordinates": [[13.5489073, 55.8296835], [13.5488971, 55.8296722]]}, "properties": {"t": "fall", "g": 18, "loop": null, "hole": 18, "slope_pct": 2.36, "bearing": 206.6}}, {"type": "Feature", "geometry": {"type": "LineString", "coordinates": [[13.5489552, 55.8296841], [13.5490024, 55.8296889]]}, "properties": {"t": "fall", "g": 18, "loop": null, "hole": 18, "slope_pct": 7.0, "bearing": 79.8}}, {"type": "Feature", "geometry": {"type": "LineString", "coordinates": [[13.5487168, 55.8296543], [13.5486729, 55.8296553]]}, "properties": {"t": "fall", "g": 18, "loop": null, "hole": 18, "slope_pct": 4.58, "bearing": 272.2}}, {"type": "Feature", "geometry": {"type": "LineString", "coordinates": [[13.5487647, 55.8296549], [13.5487308, 55.8296573]]}, "properties": {"t": "fall", "g": 18, "loop": null, "hole": 18, "slope_pct": 3.56, "bearing": 277.1}}, {"type": "Feature", "geometry": {"type": "LineString", "coordinates": [[13.5488125, 55.8296555], [13.5487955, 55.8296583]]}, "properties": {"t": "fall", "g": 18, "loop": null, "hole": 18, "slope_pct": 1.85, "bearing": 286.4}}, {"type": "Feature", "geometry": {"type": "LineString", "coordinates": [[13.5488604, 55.829656], [13.5488374, 55.8296557]]}, "properties": {"t": "fall", "g": 18, "loop": null, "hole": 18, "slope_pct": 2.4, "bearing": 268.4}}, {"type": "Feature", "geometry": {"type": "LineString", "coordinates": [[13.5489083, 55.8296566], [13.5488924, 55.8296562]]}, "properties": {"t": "fall", "g": 18, "loop": null, "hole": 18, "slope_pct": 1.66, "bearing": 267.4}}, {"type": "Feature", "geometry": {"type": "LineString", "coordinates": [[13.5489562, 55.8296572], [13.5489632, 55.8296687]]}, "properties": {"t": "fall", "g": 18, "loop": null, "hole": 18, "slope_pct": 2.27, "bearing": 18.9}}, {"type": "Feature", "geometry": {"type": "LineString", "coordinates": [[13.5487178, 55.8296274], [13.5486913, 55.8296457]]}, "properties": {"t": "fall", "g": 18, "loop": null, "hole": 18, "slope_pct": 4.38, "bearing": 320.9}}, {"type": "Feature", "geometry": {"type": "LineString", "coordinates": [[13.5487657, 55.829628], [13.5487374, 55.8296327]]}, "properties": {"t": "fall", "g": 18, "loop": null, "hole": 18, "slope_pct": 3.07, "bearing": 286.5}}, {"type": "Feature", "geometry": {"type": "LineString", "coordinates": [[13.5488135, 55.8296285], [13.548793, 55.829634]]}, "properties": {"t": "fall", "g": 18, "loop": null, "hole": 18, "slope_pct": 2.37, "bearing": 295.4}}, {"type": "Feature", "geometry": {"type": "LineString", "coordinates": [[13.5488614, 55.8296291], [13.5488398, 55.8296363]]}, "properties": {"t": "fall", "g": 18, "loop": null, "hole": 18, "slope_pct": 2.63, "bearing": 300.8}}, {"type": "Feature", "geometry": {"type": "LineString", "coordinates": [[13.5489093, 55.8296297], [13.548893, 55.8296338]]}, "properties": {"t": "fall", "g": 18, "loop": null, "hole": 18, "slope_pct": 1.86, "bearing": 294.2}}, {"type": "Feature", "geometry": {"type": "LineString", "coordinates": [[13.5489572, 55.8296302], [13.5489383, 55.8296357]]}, "properties": {"t": "fall", "g": 18, "loop": null, "hole": 18, "slope_pct": 2.22, "bearing": 297.2}}, {"type": "Feature", "geometry": {"type": "LineString", "coordinates": [[13.5487188, 55.8296004], [13.5486743, 55.8295965]]}, "properties": {"t": "fall", "g": 18, "loop": null, "hole": 18, "slope_pct": 4.69, "bearing": 260.9}}, {"type": "Feature", "geometry": {"type": "LineString", "coordinates": [[13.5487667, 55.829601], [13.5487494, 55.8296035]]}, "properties": {"t": "fall", "g": 18, "loop": null, "hole": 18, "slope_pct": 1.86, "bearing": 284.3}}, {"type": "Feature", "geometry": {"type": "LineString", "coordinates": [[13.5488145, 55.8296016], [13.5487879, 55.8296035]]}, "properties": {"t": "fall", "g": 18, "loop": null, "hole": 18, "slope_pct": 2.8, "bearing": 277.2}}, {"type": "Feature", "geometry": {"type": "LineString", "coordinates": [[13.5488624, 55.8296021], [13.5488476, 55.8296037]]}, "properties": {"t": "fall", "g": 18, "loop": null, "hole": 18, "slope_pct": 1.57, "bearing": 280.9}}, {"type": "Feature", "geometry": {"type": "LineString", "coordinates": [[13.5489103, 55.8296027], [13.5488993, 55.8295991]]}, "properties": {"t": "fall", "g": 18, "loop": null, "hole": 18, "slope_pct": 1.33, "bearing": 240.0}}, {"type": "Feature", "geometry": {"type": "LineString", "coordinates": [[13.5487198, 55.8295735], [13.5486753, 55.8295634]]}, "properties": {"t": "fall", "g": 18, "loop": null, "hole": 18, "slope_pct": 7.59, "bearing": 248.1}}, {"type": "Feature", "geometry": {"type": "LineString", "coordinates": [[13.5487677, 55.8295741], [13.5487406, 55.8295641]]}, "properties": {"t": "fall", "g": 18, "loop": null, "hole": 18, "slope_pct": 3.37, "bearing": 236.9}}, {"type": "Feature", "geometry": {"type": "LineString", "coordinates": [[13.5488155, 55.8295746], [13.5487883, 55.829571]]}, "properties": {"t": "fall", "g": 18, "loop": null, "hole": 18, "slope_pct": 2.92, "bearing": 256.7}}, {"type": "Feature", "geometry": {"type": "LineString", "coordinates": [[13.5488634, 55.8295752], [13.548858, 55.8295693]]}, "properties": {"t": "fall", "g": 18, "loop": null, "hole": 18, "slope_pct": 1.23, "bearing": 207.3}}, {"type": "Feature", "geometry": {"type": "LineString", "coordinates": [[13.5489113, 55.8295758], [13.5489097, 55.8295601]]}, "properties": {"t": "fall", "g": 18, "loop": null, "hole": 18, "slope_pct": 2.91, "bearing": 183.3}}, {"type": "Feature", "geometry": {"type": "LineString", "coordinates": [[13.5487208, 55.8295466], [13.5486888, 55.8295352]]}, "properties": {"t": "fall", "g": 18, "loop": null, "hole": 18, "slope_pct": 3.94, "bearing": 237.7}}, {"type": "Feature", "geometry": {"type": "LineString", "coordinates": [[13.5487687, 55.8295471], [13.5487232, 55.8295386]]}, "properties": {"t": "fall", "g": 18, "loop": null, "hole": 18, "slope_pct": 4.99, "bearing": 251.6}}, {"type": "Feature", "geometry": {"type": "LineString", "coordinates": [[13.5488165, 55.8295477], [13.548786, 55.8295423]]}, "properties": {"t": "fall", "g": 18, "loop": null, "hole": 18, "slope_pct": 3.34, "bearing": 252.5}}, {"type": "Feature", "geometry": {"type": "LineString", "coordinates": [[13.5488644, 55.8295482], [13.5488681, 55.8295446]]}, "properties": {"t": "fall", "g": 18, "loop": null, "hole": 18, "slope_pct": 0.77, "bearing": 150.4}}, {"type": "Feature", "geometry": {"type": "LineString", "coordinates": [[13.5487218, 55.8295196], [13.5486909, 55.8295159]]}, "properties": {"t": "fall", "g": 18, "loop": null, "hole": 18, "slope_pct": 3.29, "bearing": 257.9}}, {"type": "Feature", "geometry": {"type": "LineString", "coordinates": [[13.5487697, 55.8295202], [13.5487248, 55.8295165]]}, "properties": {"t": "fall", "g": 18, "loop": null, "hole": 18, "slope_pct": 4.72, "bearing": 261.8}}, {"type": "Feature", "geometry": {"type": "LineString", "coordinates": [[13.5488175, 55.8295207], [13.5487833, 55.8295118]]}, "properties": {"t": "fall", "g": 18, "loop": null, "hole": 18, "slope_pct": 3.94, "bearing": 245.2}}, {"type": "Feature", "geometry": {"type": "LineString", "coordinates": [[13.5486749, 55.8294921], [13.548661, 55.829492]]}, "properties": {"t": "fall", "g": 18, "loop": null, "hole": 18, "slope_pct": 1.45, "bearing": 269.2}}, {"type": "Feature", "geometry": {"type": "LineString", "coordinates": [[13.5487228, 55.8294927], [13.5486922, 55.8294919]]}, "properties": {"t": "fall", "g": 18, "loop": null, "hole": 18, "slope_pct": 3.2, "bearing": 267.5}}, {"type": "Feature", "geometry": {"type": "LineString", "coordinates": [[13.5487707, 55.8294932], [13.5487331, 55.8294884]]}, "properties": {"t": "fall", "g": 18, "loop": null, "hole": 18, "slope_pct": 4.02, "bearing": 257.2}}, {"type": "Feature", "geometry": {"type": "LineString", "coordinates": [[13.5488185, 55.8294938], [13.5488047, 55.8294834]]}, "properties": {"t": "fall", "g": 18, "loop": null, "hole": 18, "slope_pct": 2.41, "bearing": 216.7}}, {"type": "Feature", "geometry": {"type": "LineString", "coordinates": [[13.5487238, 55.8294657], [13.5487058, 55.8294602]]}, "properties": {"t": "fall", "g": 18, "loop": null, "hole": 18, "slope_pct": 2.14, "bearing": 241.3}}, {"type": "Feature", "geometry": {"type": "LineString", "coordinates": [[13.5487717, 55.8294663], [13.548733, 55.8294551]]}, "properties": {"t": "fall", "g": 18, "loop": null, "hole": 18, "slope_pct": 4.53, "bearing": 242.7}}, {"type": "Feature", "geometry": {"type": "Point", "coordinates": [13.5488148, 55.8296056]}, "properties": {"t": "aim", "g": 18, "loop": null, "hole": 18, "aim_bearing": 258.1, "slope_median": 2.92, "slope_max": 7.59, "n_cells": 46}}], "grids": {"None|1": {"ny": 28, "nx": 22, "lat0": 55.8288547, "lon0": 13.5569392, "dLat": 8.983e-06, "dLon": 1.5994e-05, "slope": [6.6, 6.8, 6.8, 6.7, 6.5, 5.0, 3.5, 2.2, 2.4, 3.5, 4.6, 5.3, 5.7, 5.5, 4.5, 4.4, 4.4, 4.5, 4.5, 4.5, 4.6, 4.7, 6.5, 6.6, 6.8, 6.8, 6.5, 5.3, 4.1, 3.0, 2.3, 2.4, 3.1, 3.8, 4.2, 4.5, 4.5, 4.4, 4.5, 4.5, 4.5, 4.6, 4.7, 4.7, 6.5, 6.5, 6.6, 6.7, 5.9, 5.0, 4.3, 3.7, 3.2, 2.9, 3.0, 3.3, 3.6, 3.8, 3.9, 4.1, 4.5, 4.5, 4.6, 4.7, 4.7, 4.7, 6.5, 6.5, 6.5, 5.8, 5.1, 4.6, 4.2, 3.9, 3.7, 3.5, 3.4, 3.5, 3.6, 3.8, 3.9, 4.0, 4.2, 4.6, 4.7, 4.7, 4.7, 4.8, 6.4, 6.4, 5.8, 5.0, 4.5, 4.3, 4.0, 3.9, 3.9, 3.8, 3.8, 3.8, 3.9, 4.1, 4.2, 4.2, 4.1, 4.2, 4.7, 4.7, 4.9, 5.4, 6.4, 6.3, 5.2, 4.5, 4.1, 4.0, 3.8, 3.8, 3.9, 4.0, 4.0, 4.0, 4.2, 4.4, 4.6, 4.5, 4.2, 4.0, 4.3, 4.5, 5.4, 5.4, 6.7, 6.1, 4.8, 4.0, 3.7, 3.6, 3.7, 3.8, 3.9, 4.1, 4.1, 4.3, 4.5, 4.7, 4.9, 4.8, 4.4, 4.0, 4.3, 5.4, 5.4, 5.4, 6.8, 5.6, 4.4, 3.6, 3.2, 3.2, 3.5, 3.7, 3.9, 4.1, 4.2, 4.4, 4.8, 5.0, 5.0, 4.8, 4.4, 4.1, 4.4, 5.6, 5.6, 5.7, 6.1, 4.8, 3.9, 3.1, 2.7, 2.8, 3.2, 3.6, 3.8, 4.0, 4.2, 4.5, 4.9, 5.2, 5.1, 4.8, 4.4, 4.2, 4.7, 6.0, 6.0, 6.4, 5.2, 4.2, 3.3, 2.6, 2.2, 2.4, 3.0, 3.5, 3.8, 4.1, 4.4, 4.7, 5.0, 5.2, 5.1, 4.7, 4.3, 4.3, 4.9, 6.2, 6.5, 8.0, 4.7, 4.0, 3.1, 2.4, 2.0, 2.2, 2.8, 3.4, 3.8, 4.2, 4.5, 4.7, 4.8, 5.0, 4.9, 4.6, 4.3, 4.3, 4.9, 6.2, 7.9, 8.0, 4.6, 4.4, 3.5, 2.6, 2.2, 2.2, 2.8, 3.3, 3.8, 4.2, 4.4, 4.5, 4.5, 4.6, 4.7, 4.5, 4.2, 4.2, 4.8, 6.1, 7.7, 7.7, 4.7, 4.9, 4.1, 3.2, 2.6, 2.3, 2.6, 3.1, 3.7, 4.1, 4.3, 4.3, 4.3, 4.4, 4.5, 4.4, 4.1, 4.1, 4.7, 5.9, 7.4, 7.5, 5.1, 5.1, 4.6, 3.6, 2.8, 2.4, 2.5, 2.9, 3.5, 4.0, 4.2, 4.3, 4.2, 4.2, 4.3, 4.2, 3.9, 3.9, 4.5, 5.7, 7.2, 7.4, 5.2, 5.2, 4.8, 3.8, 2.8, 2.4, 2.5, 2.9, 3.5, 4.0, 4.3, 4.4, 4.3, 4.1, 4.0, 3.8, 3.5, 3.6, 4.2, 5.5, 7.1, 7.3, 4.6, 4.5, 4.4, 3.5, 2.6, 2.3, 2.5, 3.0, 3.6, 4.2, 4.6, 4.7, 4.4, 3.9, 3.5, 3.3, 3.1, 3.3, 4.0, 5.2, 7.0, 7.2, 4.3, 4.3, 4.3, 2.7, 1.7, 1.9, 2.5, 3.1, 3.8, 4.5, 4.9, 4.8, 4.3, 3.6, 3.0, 2.7, 2.7, 3.0, 3.7, 4.8, 6.6, 6.9, 4.3, 4.3, 2.9, 2.2, 1.6, 1.8, 2.6, 3.4, 4.0, 4.7, 5.1, 4.8, 4.0, 3.1, 2.4, 2.3, 2.4, 2.8, 3.4, 4.4, 6.1, 6.4, 4.3, 3.0, 2.2, 1.7, 1.5, 3.2, 3.4, 3.8, 4.3, 4.8, 4.9, 4.3, 3.3, 2.4, 1.8, 1.8, 2.0, 2.5, 3.1, 4.1, 5.5, 5.8, 3.0, 2.2, 1.7, 1.5, 3.0, 3.9, 4.7, 4.6, 4.6, 4.6, 4.2, 3.5, 2.5, 1.6, 1.2, 1.3, 1.7, 2.3, 3.0, 3.9, 5.0, 5.3, 2.2, 1.7, 1.5, 2.9, 3.8, 4.7, 5.1, 5.2, 4.6, 4.0, 3.3, 2.6, 1.8, 1.1, 0.9, 1.1, 1.7, 2.3, 3.1, 3.9, 4.9, 5.1, 1.7, 1.5, 2.9, 3.8, 4.6, 5.5, 5.7, 5.7, 4.4, 3.1, 2.2, 1.6, 1.2, 1.1, 1.1, 1.4, 1.8, 2.4, 3.1, 4.0, 5.0, 5.2, 1.5, 2.8, 3.8, 5.0, 5.6, 5.8, 5.8, 5.8, 4.1, 2.3, 1.1, 0.8, 1.0, 1.3, 1.5, 1.6, 1.8, 2.3, 3.0, 4.1, 5.0, 5.4, 2.7, 4.7, 5.4, 5.7, 5.8, 5.8, 4.4, 3.7, 3.5, 2.4, 1.1, 0.9, 1.5, 1.9, 1.9, 1.8, 1.8, 2.1, 2.8, 3.9, 4.3, 4.9, 4.6, 5.6, 5.8, 5.8, 4.5, 3.8, 3.6, 3.5, 3.5, 3.3, 2.4, 1.9, 2.2, 2.4, 2.4, 2.2, 2.0, 2.1, 2.6, 3.6, 4.2, 4.2, 5.6, 5.8, 4.6, 3.9, 3.6, 3.5, 3.5, 3.5, 3.4, 3.3, 3.3, 2.9, 2.6, 2.7, 2.8, 2.7, 2.5, 2.3, 2.5, 2.7, 3.6, 4.1, 4.7, 4.0, 3.7, 3.5, 3.5, 3.5, 3.5, 3.4, 3.3, 3.4, 3.4, 3.3, 2.8, 2.6, 2.7, 2.9, 2.7, 2.4, 2.3, 2.5, 2.7, 3.5, 3.7, 3.5, 3.5, 3.5, 3.5, 3.5, 3.4, 3.3, 3.4, 3.4, 3.3, 3.2, 2.8, 2.6, 2.5, 2.5, 2.5, 2.4, 2.3, 2.3, 2.5, 2.7]}, "None|2": {"ny": 23, "nx": 31, "lat0": 55.8291997, "lon0": 13.5639533, "dLat": 8.983e-06, "dLon": 1.5994e-05, "slope": [16.1, 17.0, 17.7, 17.7, 17.7, 15.3, 9.5, 9.5, 9.5, 10.2, 11.7, 12.5, 14.5, 14.4, 13.9, 13.3, 11.9, 7.4, 4.2, 2.5, 0.6, 2.0, 2.6, 2.7, 2.7, 2.8, 3.3, 4.4, 4.4, 4.3, 4.1, 14.3, 16.0, 17.0, 17.7, 17.7, 16.8, 13.2, 9.5, 9.5, 10.1, 11.7, 11.9, 13.0, 14.5, 13.5, 11.6, 12.0, 7.6, 3.8, 1.4, 0.8, 1.6, 1.9, 1.8, 1.8, 2.4, 3.5, 4.3, 4.3, 4.1, 3.8, 12.2, 14.2, 16.0, 16.9, 17.7, 17.7, 15.7, 9.5, 9.5, 9.0, 8.6, 11.7, 11.6, 12.0, 13.4, 9.7, 7.2, 4.4, 2.2, 0.9, 0.9, 1.2, 1.3, 1.2, 1.2, 2.0, 3.0, 3.8, 4.1, 3.9, 3.4, 11.7, 12.3, 14.8, 16.0, 16.9, 17.7, 17.0, 13.5, 9.5, 8.6, 6.1, 8.2, 11.3, 9.8, 8.2, 5.5, 3.8, 2.6, 1.6, 1.0, 1.0, 1.1, 0.9, 0.6, 0.8, 1.8, 2.6, 3.1, 3.3, 3.4, 3.4, 11.7, 11.8, 12.9, 14.7, 16.0, 16.8, 17.7, 16.2, 10.3, 8.7, 5.6, 5.6, 6.5, 5.3, 3.8, 2.9, 2.5, 2.2, 1.7, 1.4, 1.3, 1.2, 0.9, 0.5, 0.9, 1.7, 2.2, 2.5, 2.8, 3.1, 3.1, 11.7, 11.7, 12.0, 13.6, 14.7, 15.9, 16.8, 16.4, 10.2, 6.1, 3.3, 2.7, 2.5, 2.2, 2.0, 2.0, 2.1, 2.1, 2.0, 1.8, 1.6, 1.3, 0.9, 0.8, 1.3, 1.8, 2.1, 2.2, 2.4, 2.8, 2.8, 9.3, 11.7, 11.8, 12.6, 13.6, 14.6, 15.3, 11.8, 6.6, 3.4, 2.0, 1.5, 1.3, 1.3, 1.4, 1.6, 1.8, 1.9, 1.9, 1.8, 1.6, 1.3, 1.0, 1.1, 1.6, 1.9, 2.0, 2.0, 2.2, 2.5, 2.5, 6.4, 9.2, 11.7, 11.6, 11.7, 13.1, 10.5, 6.0, 3.4, 2.4, 2.0, 1.6, 1.3, 1.2, 1.3, 1.3, 1.4, 1.5, 1.6, 1.5, 1.3, 1.1, 1.1, 1.5, 1.9, 2.0, 2.0, 2.0, 2.1, 2.3, 2.3, 5.0, 6.3, 9.0, 11.5, 9.8, 9.1, 5.6, 3.4, 2.6, 2.4, 2.2, 1.8, 1.4, 1.2, 1.2, 1.2, 1.2, 1.2, 1.2, 1.1, 1.0, 1.1, 1.5, 1.9, 2.1, 2.1, 2.1, 2.0, 1.9, 1.9, 2.1, 3.8, 5.0, 6.2, 8.3, 6.8, 5.0, 3.6, 3.0, 2.7, 2.6, 2.5, 2.0, 1.5, 1.2, 1.1, 1.0, 1.0, 1.0, 0.9, 0.9, 1.1, 1.5, 1.8, 2.1, 2.2, 2.1, 2.1, 1.9, 1.6, 1.5, 1.6, 3.7, 3.8, 4.7, 4.4, 3.9, 3.5, 3.2, 3.0, 2.8, 2.8, 2.7, 2.3, 1.7, 1.2, 1.0, 0.9, 0.9, 0.9, 0.8, 1.0, 1.3, 1.7, 2.0, 2.2, 2.2, 2.1, 2.0, 1.7, 1.4, 1.3, 1.3, 3.4, 3.3, 3.2, 3.2, 3.2, 3.1, 3.1, 2.9, 2.9, 2.9, 2.8, 2.5, 1.8, 1.3, 1.0, 0.9, 0.8, 0.8, 0.9, 1.1, 1.5, 1.9, 2.1, 2.2, 2.1, 2.0, 1.9, 1.7, 1.5, 1.5, 1.4, 2.7, 2.7, 2.7, 2.7, 2.8, 2.9, 2.9, 2.9, 2.9, 2.9, 2.8, 2.5, 2.0, 1.4, 1.1, 0.9, 0.8, 0.9, 1.0, 1.3, 1.7, 2.0, 2.2, 2.2, 2.1, 1.9, 1.9, 2.0, 2.0, 2.0, 1.5, 2.5, 2.4, 2.3, 2.4, 2.5, 2.6, 2.8, 2.9, 2.9, 2.9, 2.8, 2.5, 2.0, 1.6, 1.3, 1.1, 1.0, 1.0, 1.0, 1.3, 1.7, 2.1, 2.2, 2.1, 2.0, 2.0, 2.1, 2.4, 2.7, 2.7, 2.6, 2.5, 2.2, 2.2, 2.2, 2.2, 2.4, 2.6, 2.8, 2.9, 2.9, 2.7, 2.4, 2.0, 1.7, 1.5, 1.4, 1.2, 1.0, 1.0, 1.2, 1.7, 2.1, 2.3, 2.2, 2.0, 2.0, 2.3, 2.9, 2.9, 2.8, 2.7, 2.5, 2.3, 2.2, 2.1, 2.1, 2.3, 2.5, 2.7, 2.9, 2.9, 2.7, 2.4, 2.1, 1.9, 1.7, 1.5, 1.2, 0.9, 0.9, 1.1, 1.7, 2.2, 2.4, 2.2, 2.0, 2.0, 2.6, 3.4, 3.5, 3.4, 2.8, 2.7, 2.5, 2.2, 2.0, 2.0, 2.2, 2.5, 2.7, 2.9, 2.9, 2.7, 2.5, 2.2, 1.9, 1.7, 1.4, 1.0, 0.7, 0.7, 1.1, 1.7, 2.3, 2.4, 2.1, 1.8, 1.9, 2.8, 2.8, 3.4, 3.5, 3.5, 2.8, 2.6, 2.3, 2.0, 1.9, 2.1, 2.4, 2.7, 2.7, 2.7, 2.6, 2.5, 2.2, 2.0, 1.7, 1.3, 0.9, 0.7, 0.7, 1.1, 1.8, 2.3, 2.4, 2.0, 1.6, 1.9, 1.9, 2.7, 2.8, 3.4, 3.5, 2.8, 2.7, 2.3, 2.0, 1.8, 2.0, 2.3, 2.5, 2.5, 2.4, 2.4, 2.5, 2.3, 2.0, 1.6, 1.2, 0.9, 0.8, 0.9, 1.3, 2.0, 2.5, 2.5, 2.1, 1.7, 1.7, 1.8, 1.9, 2.7, 2.8, 3.4, 2.7, 2.5, 2.3, 2.0, 1.7, 1.7, 2.0, 2.3, 2.3, 2.2, 2.4, 2.5, 2.5, 2.1, 1.5, 0.9, 0.7, 0.9, 1.3, 1.7, 2.4, 2.9, 3.0, 2.6, 2.6, 1.7, 1.7, 1.8, 1.9, 2.6, 2.8, 2.5, 2.3, 2.1, 1.9, 1.6, 1.5, 1.9, 2.4, 2.5, 2.4, 2.6, 2.9, 2.9, 2.4, 1.5, 0.6, 0.5, 1.1, 1.6, 2.1, 2.7, 3.3, 3.4, 2.7, 2.6, 2.6, 1.8, 1.7, 1.8, 1.9, 2.6, 2.3, 2.1, 1.9, 1.9, 1.6, 1.7, 1.9, 2.5, 2.6, 3.5, 3.5, 3.6, 3.5, 2.9, 2.0, 1.2, 1.1, 1.4, 1.8, 1.9, 2.7, 3.3, 3.4, 2.7, 2.6, 2.6, 2.6, 1.8, 1.7, 1.8, 1.9, 2.2, 1.9, 1.9, 1.9, 1.8, 1.9, 1.9, 2.5, 3.5, 4.1, 3.8, 3.9, 3.7, 3.1, 2.1, 1.4, 1.2, 1.4, 1.8, 1.9, 2.7, 3.3, 3.4, 3.4, 2.7, 2.6, 2.6, 2.6, 1.8, 1.7, 1.8]}, "None|3": {"ny": 31, "nx": 25, "lat0": 55.8281527, "lon0": 13.5644544, "dLat": 8.983e-06, "dLon": 1.5993e-05, "slope": [2.2, 3.0, 3.9, 4.2, 4.6, 4.5, 4.1, 3.6, 3.5, 2.8, 1.3, 2.4, 3.7, 4.7, 5.1, 5.0, 4.6, 4.2, 4.0, 3.5, 3.5, 3.5, 3.4, 3.3, 3.2, 1.2, 2.2, 2.9, 3.9, 4.2, 4.6, 4.0, 2.6, 3.7, 3.9, 4.0, 4.4, 4.8, 4.9, 4.7, 4.5, 4.2, 3.9, 3.6, 3.5, 3.5, 3.4, 3.3, 3.2, 3.3, 0.4, 1.1, 2.2, 2.9, 3.9, 4.2, 4.0, 2.2, 3.3, 4.1, 4.4, 4.5, 4.4, 4.2, 3.9, 3.7, 3.7, 3.6, 3.4, 3.3, 3.3, 3.3, 3.2, 3.3, 3.5, 0.7, 0.4, 1.0, 2.1, 2.8, 3.4, 1.5, 1.8, 2.8, 3.3, 3.6, 3.6, 3.4, 3.1, 2.9, 3.0, 3.1, 3.1, 3.0, 3.0, 3.1, 3.2, 3.3, 3.5, 3.6, 1.1, 0.7, 0.4, 1.0, 1.9, 1.3, 1.5, 2.0, 2.1, 2.3, 2.4, 2.4, 2.3, 2.1, 2.1, 2.4, 2.7, 2.7, 2.6, 2.7, 2.8, 3.1, 3.6, 3.6, 4.0, 1.1, 1.1, 0.8, 0.5, 1.5, 1.7, 2.0, 1.8, 1.5, 1.4, 1.3, 1.3, 1.3, 1.3, 1.5, 1.9, 2.3, 2.4, 2.4, 2.5, 2.6, 3.0, 3.6, 4.0, 4.8, 1.1, 1.1, 1.2, 1.5, 1.9, 1.9, 1.6, 1.3, 0.9, 0.7, 0.6, 0.7, 0.8, 1.0, 1.3, 1.7, 2.0, 2.2, 2.3, 2.4, 2.6, 2.9, 3.8, 4.7, 4.7, 1.5, 1.5, 1.6, 1.9, 1.7, 1.3, 1.0, 0.7, 0.4, 0.2, 0.4, 0.7, 0.9, 1.2, 1.5, 1.7, 1.8, 1.9, 2.1, 2.3, 2.5, 2.8, 3.5, 4.3, 4.3, 1.7, 1.7, 1.6, 1.5, 1.1, 0.7, 0.6, 0.4, 0.2, 0.4, 0.6, 0.9, 1.2, 1.5, 1.7, 1.8, 1.7, 1.7, 1.9, 2.1, 2.3, 2.5, 3.0, 3.7, 3.8, 1.5, 1.5, 1.1, 0.9, 0.5, 0.3, 0.4, 0.4, 0.4, 0.7, 0.8, 1.0, 1.2, 1.6, 1.9, 1.9, 1.7, 1.5, 1.7, 1.9, 2.0, 2.0, 2.4, 3.2, 3.7, 1.1, 1.0, 0.6, 0.5, 0.2, 0.1, 0.2, 0.2, 0.5, 0.7, 0.9, 0.9, 0.9, 1.3, 1.8, 1.9, 1.6, 1.5, 1.5, 1.6, 1.5, 1.3, 1.6, 2.6, 3.4, 1.5, 0.7, 0.2, 0.2, 0.2, 0.1, 0.2, 0.1, 0.5, 0.7, 0.7, 0.5, 0.5, 1.0, 1.5, 1.7, 1.5, 1.3, 1.3, 1.2, 1.1, 0.9, 0.9, 1.9, 2.0, 1.9, 0.7, 0.3, 0.3, 0.1, 0.1, 0.2, 0.1, 0.5, 0.8, 0.7, 0.3, 0.2, 0.7, 1.1, 1.2, 1.1, 1.0, 0.9, 0.9, 0.9, 0.9, 0.8, 1.1, 1.1, 2.0, 0.8, 0.7, 0.6, 0.3, 0.2, 0.2, 0.1, 0.5, 0.8, 0.6, 0.3, 0.3, 0.6, 0.8, 0.8, 0.7, 0.6, 0.5, 0.6, 0.9, 1.3, 1.3, 0.9, 0.9, 2.3, 1.2, 1.2, 1.0, 0.7, 0.5, 0.5, 0.4, 0.6, 0.7, 0.5, 0.3, 0.3, 0.5, 0.7, 0.7, 0.6, 0.4, 0.2, 0.6, 1.2, 1.7, 2.0, 2.0, 1.9, 2.8, 1.6, 1.6, 1.5, 1.1, 0.9, 0.8, 0.7, 0.7, 0.5, 0.3, 0.1, 0.3, 0.5, 0.7, 0.7, 0.6, 0.3, 0.2, 0.9, 1.6, 2.0, 2.5, 2.5, 2.0, 3.2, 2.0, 1.9, 1.8, 1.4, 1.0, 0.8, 0.7, 0.6, 0.4, 0.2, 0.1, 0.2, 0.4, 0.7, 0.8, 0.5, 0.1, 0.7, 1.4, 2.0, 2.4, 2.9, 2.9, 2.9, 3.4, 2.4, 2.2, 1.9, 1.5, 1.0, 0.7, 0.5, 0.4, 0.3, 0.2, 0.1, 0.2, 0.4, 0.7, 0.8, 0.5, 0.3, 1.0, 1.8, 2.4, 2.8, 3.1, 3.1, 3.1, 3.3, 2.7, 2.4, 2.1, 1.6, 1.1, 0.7, 0.4, 0.3, 0.3, 0.3, 0.1, 0.1, 0.4, 0.8, 0.9, 0.7, 0.5, 1.2, 2.0, 2.5, 2.9, 2.9, 3.1, 3.1, 3.2, 2.9, 2.6, 2.2, 1.7, 1.2, 0.8, 0.5, 0.4, 0.3, 0.2, 0.1, 0.3, 0.4, 0.8, 1.1, 0.9, 0.6, 1.2, 1.9, 2.4, 2.7, 2.8, 2.8, 3.1, 3.4, 3.1, 2.7, 2.2, 1.7, 1.3, 1.0, 0.8, 0.6, 0.4, 0.3, 0.3, 0.5, 0.5, 0.8, 1.1, 0.9, 0.5, 0.9, 1.6, 2.2, 2.2, 2.7, 2.8, 2.8, 3.8, 3.4, 2.7, 1.9, 1.5, 1.3, 1.1, 1.0, 0.8, 0.6, 0.5, 0.5, 0.6, 0.4, 0.6, 0.9, 0.9, 0.3, 0.7, 1.5, 2.2, 2.3, 2.3, 2.7, 2.7, 4.0, 3.6, 2.5, 1.6, 1.2, 1.2, 1.2, 1.1, 0.9, 0.7, 0.5, 0.5, 0.4, 0.2, 0.4, 0.9, 1.1, 0.9, 1.1, 1.8, 2.0, 2.3, 2.3, 2.3, 2.3, 3.5, 3.4, 2.2, 1.1, 0.8, 0.9, 1.1, 1.1, 0.9, 0.7, 0.3, 0.2, 0.2, 0.1, 0.4, 0.9, 1.2, 1.3, 1.4, 1.5, 1.9, 2.0, 2.2, 2.3, 2.3, 3.2, 3.2, 1.9, 0.7, 0.4, 0.7, 1.0, 1.1, 1.0, 0.7, 0.3, 0.2, 0.1, 0.1, 0.4, 0.8, 1.3, 1.6, 1.8, 1.8, 1.8, 2.0, 2.0, 2.2, 2.3, 2.4, 2.1, 1.6, 0.8, 0.2, 0.5, 0.9, 1.1, 1.1, 0.8, 0.3, 0.2, 0.3, 0.5, 0.8, 1.3, 1.8, 2.3, 2.4, 2.0, 1.8, 1.8, 1.8, 2.0, 2.2, 1.6, 1.5, 1.5, 1.1, 0.4, 0.5, 0.9, 1.1, 1.1, 0.8, 0.4, 0.5, 0.8, 1.1, 1.5, 2.0, 2.4, 2.6, 2.4, 2.4, 2.0, 1.8, 1.8, 1.8, 1.8, 1.5, 1.5, 1.3, 1.2, 0.6, 0.6, 1.0, 1.2, 1.1, 0.8, 0.5, 0.8, 1.3, 1.8, 2.2, 2.5, 2.6, 2.6, 2.6, 2.4, 2.4, 2.0, 1.8, 1.8, 1.8, 1.5, 1.3, 1.2, 0.8, 0.5, 0.7, 1.1, 1.3, 1.2, 0.8, 0.5, 0.9, 1.7, 2.3, 2.7, 2.7, 2.6, 2.6, 2.6, 2.6, 2.4, 2.4, 2.0, 1.8, 1.8, 1.3, 1.2, 0.8, 0.5, 0.6, 0.8, 1.3, 1.6, 1.5, 1.0, 0.7, 0.7, 1.6, 2.4, 2.7, 2.8, 2.8, 2.6, 2.6, 2.6, 2.6, 2.4, 2.4, 2.0, 1.9, 1.2, 0.8, 0.5, 0.6, 0.8, 1.2, 1.5, 1.6, 1.5, 1.1, 0.7, 0.6, 1.5, 2.4, 2.7, 2.8, 2.8, 2.8, 2.6, 2.6, 2.6, 2.6, 2.5, 2.4, 2.1]}, "None|4": {"ny": 29, "nx": 28, "lat0": 55.8278425, "lon0": 13.5709186, "dLat": 8.983e-06, "dLon": 1.5993e-05, "slope": [4.1, 3.9, 3.8, 4.2, 4.5, 4.6, 4.5, 4.4, 4.3, 4.8, 5.4, 6.0, 6.5, 6.4, 6.3, 6.1, 4.9, 3.8, 4.1, 4.5, 4.7, 5.6, 6.1, 6.3, 6.5, 6.6, 6.8, 7.0, 5.0, 4.1, 3.9, 3.8, 4.2, 4.5, 4.5, 4.5, 4.4, 4.3, 4.8, 5.4, 5.9, 6.5, 6.4, 6.3, 4.8, 3.3, 3.8, 4.1, 4.6, 5.2, 5.8, 6.2, 6.5, 6.8, 7.0, 6.9, 6.2, 5.0, 4.1, 3.9, 3.8, 4.2, 4.5, 4.5, 4.6, 4.4, 4.3, 4.8, 5.4, 5.9, 6.5, 6.4, 4.8, 2.9, 3.2, 4.0, 4.4, 4.7, 5.0, 5.5, 6.3, 6.9, 6.9, 6.4, 7.7, 6.3, 5.1, 4.1, 3.9, 3.8, 4.1, 4.5, 4.5, 4.6, 4.4, 4.3, 4.7, 5.3, 5.9, 5.1, 2.5, 2.0, 2.8, 3.7, 4.1, 4.3, 4.4, 4.8, 5.5, 6.0, 5.9, 5.9, 9.2, 7.8, 6.3, 5.2, 4.1, 3.9, 3.8, 4.1, 4.5, 4.5, 4.6, 4.4, 4.3, 4.7, 4.3, 2.0, 1.1, 1.6, 2.4, 3.1, 3.7, 4.0, 4.1, 4.3, 4.7, 5.3, 5.8, 5.7, 9.8, 9.2, 7.8, 6.3, 5.2, 4.1, 3.9, 3.8, 4.1, 4.5, 4.5, 4.6, 4.4, 3.3, 1.3, 0.7, 0.9, 1.3, 1.9, 2.5, 3.1, 3.6, 3.9, 4.0, 4.2, 4.5, 4.8, 4.8, 9.9, 9.8, 9.2, 7.9, 6.4, 5.3, 4.1, 3.9, 3.8, 4.1, 4.5, 4.5, 3.6, 1.2, 0.8, 0.8, 0.6, 0.8, 1.3, 1.9, 2.4, 3.0, 3.3, 3.5, 3.6, 3.8, 4.1, 4.2, 8.9, 9.9, 9.8, 9.3, 8.0, 6.4, 5.3, 4.1, 3.9, 3.8, 4.1, 3.7, 1.6, 0.9, 1.0, 0.7, 0.4, 0.4, 0.8, 1.2, 1.7, 2.1, 2.4, 2.7, 2.9, 3.3, 3.8, 4.3, 7.5, 8.8, 9.9, 9.8, 9.3, 8.1, 6.4, 5.4, 4.2, 4.0, 3.2, 1.6, 0.6, 0.9, 0.7, 0.5, 0.3, 0.2, 0.4, 0.7, 1.0, 1.3, 1.6, 1.9, 2.3, 2.7, 3.4, 3.9, 5.6, 7.4, 8.7, 10.0, 9.8, 9.4, 8.1, 6.5, 5.5, 3.7, 1.9, 0.8, 0.8, 0.7, 0.4, 0.4, 0.4, 0.3, 0.4, 0.5, 0.6, 0.8, 1.1, 1.4, 1.9, 2.5, 3.3, 3.9, 3.9, 5.5, 7.4, 8.7, 10.0, 9.8, 9.4, 8.2, 5.8, 2.7, 1.3, 1.1, 1.1, 1.0, 0.8, 0.9, 0.9, 0.8, 0.7, 0.7, 0.7, 0.8, 1.0, 1.5, 2.1, 2.8, 3.5, 4.0, 2.8, 3.8, 5.4, 7.4, 8.6, 10.0, 9.8, 8.6, 4.3, 1.6, 0.9, 1.2, 1.3, 1.3, 1.3, 1.3, 1.3, 1.2, 1.1, 1.1, 1.2, 1.3, 1.5, 1.9, 2.6, 3.2, 3.7, 4.0, 2.1, 2.8, 3.8, 5.3, 7.3, 8.5, 9.3, 5.9, 2.5, 0.9, 0.4, 0.9, 1.3, 1.4, 1.5, 1.5, 1.4, 1.4, 1.4, 1.5, 1.7, 1.9, 2.2, 2.6, 3.1, 3.6, 3.7, 3.4, 2.2, 2.1, 2.8, 3.7, 5.2, 7.0, 5.8, 3.2, 1.7, 0.9, 0.5, 0.5, 1.1, 1.4, 1.6, 1.6, 1.5, 1.5, 1.5, 1.7, 1.9, 2.2, 2.4, 2.8, 3.2, 3.3, 2.9, 2.2, 2.3, 2.2, 2.1, 2.7, 3.6, 3.8, 2.6, 1.9, 1.5, 1.1, 0.8, 0.7, 1.0, 1.3, 1.6, 1.6, 1.6, 1.6, 1.7, 1.9, 2.0, 2.1, 2.2, 2.4, 2.6, 2.5, 1.7, 0.9, 3.0, 2.3, 2.2, 2.0, 2.0, 1.6, 1.6, 1.6, 1.5, 1.3, 1.2, 1.1, 1.1, 1.2, 1.5, 1.6, 1.7, 1.8, 1.9, 2.0, 2.0, 1.9, 1.7, 1.6, 1.7, 1.5, 1.1, 1.4, 3.6, 3.0, 2.3, 1.4, 1.0, 1.1, 1.4, 1.6, 1.5, 1.4, 1.4, 1.4, 1.2, 1.2, 1.3, 1.4, 1.6, 1.7, 1.8, 1.8, 1.7, 1.4, 1.1, 0.8, 1.0, 1.3, 1.8, 2.6, 3.7, 3.5, 2.1, 1.2, 1.0, 1.2, 1.6, 1.7, 1.6, 1.5, 1.5, 1.5, 1.4, 1.3, 1.2, 1.1, 1.1, 1.2, 1.3, 1.3, 1.1, 0.9, 0.6, 0.2, 0.7, 1.5, 2.4, 2.4, 3.4, 3.3, 2.1, 1.6, 1.5, 1.8, 2.0, 1.9, 1.6, 1.5, 1.6, 1.6, 1.5, 1.3, 1.0, 0.8, 0.7, 0.8, 0.8, 0.8, 0.7, 0.7, 0.7, 0.6, 0.8, 1.6, 2.6, 2.6, 3.0, 3.0, 2.2, 2.1, 2.2, 2.4, 2.3, 2.0, 1.7, 1.6, 1.7, 1.7, 1.5, 1.2, 0.9, 0.7, 0.6, 0.6, 0.7, 0.7, 0.7, 0.8, 1.0, 1.2, 1.2, 1.7, 2.5, 2.5, 2.9, 2.6, 2.3, 2.4, 2.6, 2.6, 2.4, 2.1, 1.9, 1.8, 1.8, 1.7, 1.4, 1.1, 0.8, 0.6, 0.6, 0.7, 0.8, 0.9, 1.0, 1.2, 1.5, 1.8, 2.1, 2.4, 2.4, 2.5, 3.0, 2.4, 2.4, 2.5, 2.7, 2.6, 2.4, 2.3, 2.2, 2.2, 2.1, 1.9, 1.5, 1.2, 0.9, 0.8, 0.7, 0.9, 1.1, 1.3, 1.4, 1.5, 1.7, 2.1, 2.5, 2.5, 2.4, 2.4, 3.0, 2.6, 2.6, 2.7, 2.8, 2.8, 2.7, 2.7, 2.7, 2.7, 2.6, 2.3, 1.9, 1.6, 1.4, 1.2, 1.0, 1.1, 1.4, 1.5, 1.6, 1.6, 1.8, 2.1, 2.1, 2.5, 2.6, 2.4, 3.1, 2.9, 3.0, 3.1, 3.1, 3.2, 3.2, 3.2, 3.2, 3.2, 3.1, 2.9, 2.6, 2.4, 2.1, 1.9, 1.6, 1.4, 1.5, 1.7, 1.7, 1.7, 1.7, 1.7, 2.1, 2.1, 2.5, 2.6, 3.1, 3.1, 3.4, 3.5, 3.6, 3.7, 3.8, 3.8, 3.7, 3.7, 3.6, 3.6, 3.4, 3.2, 2.9, 2.6, 2.3, 1.9, 1.7, 1.8, 1.8, 1.6, 1.6, 1.7, 1.7, 2.0, 2.1, 2.5, 3.5, 3.6, 3.8, 3.9, 4.0, 4.1, 4.2, 4.2, 4.3, 4.3, 4.3, 4.4, 4.3, 4.2, 3.9, 3.5, 3.2, 2.7, 2.1, 1.7, 1.5, 1.5, 1.6, 1.6, 1.7, 1.7, 2.0, 2.1, 3.9, 3.9, 3.9, 4.1, 4.3, 4.3, 4.4, 4.6, 4.8, 5.0, 5.2, 5.4, 5.4, 5.4, 5.1, 4.8, 4.4, 3.7, 2.7, 2.6, 1.6, 1.5, 1.5, 1.6, 1.6, 1.7, 1.7, 2.0, 3.9, 3.9, 3.9, 4.3, 4.4, 4.3, 4.2, 4.5, 5.0, 5.6, 6.0, 6.2, 6.4, 6.5, 6.4, 6.1, 6.1, 4.0, 2.8, 2.7, 1.6, 1.5, 1.5, 1.5, 1.6, 1.6, 1.7, 1.7, 3.9, 3.9, 4.2, 4.4, 4.5, 4.2, 4.2, 4.5, 5.1, 5.7, 6.1, 6.4, 6.6, 6.7, 6.6, 6.3, 6.3, 4.0, 2.8, 2.7, 2.7, 1.6, 1.5, 1.5, 1.5, 1.6, 1.6, 1.7]}, "None|5": {"ny": 23, "nx": 30, "lat0": 55.8265296, "lon0": 13.5623744, "dLat": 8.983e-06, "dLon": 1.5993e-05, "slope": [3.4, 3.1, 2.9, 2.9, 3.1, 4.1, 4.8, 8.3, 13.3, 13.9, 17.3, 22.2, 21.5, 20.1, 17.8, 14.4, 10.4, 6.7, 4.0, 2.4, 2.1, 3.4, 3.8, 5.1, 6.6, 11.1, 11.1, 11.0, 10.2, 8.2, 3.2, 3.4, 3.2, 2.9, 3.0, 3.5, 4.1, 4.9, 8.9, 13.4, 14.1, 15.0, 13.7, 12.1, 10.2, 7.8, 5.2, 2.8, 1.3, 1.4, 1.5, 1.2, 2.2, 5.0, 6.5, 11.1, 11.0, 10.5, 9.1, 8.2, 3.0, 3.2, 3.4, 3.2, 2.9, 2.9, 3.2, 4.4, 6.2, 8.3, 8.1, 7.4, 6.3, 5.2, 4.4, 3.5, 2.5, 1.3, 0.8, 1.3, 1.9, 2.3, 2.5, 3.4, 6.4, 10.7, 10.6, 9.3, 8.2, 8.2, 3.1, 3.0, 3.2, 3.4, 3.2, 2.8, 2.5, 3.0, 3.7, 4.1, 3.9, 3.4, 2.9, 2.7, 2.8, 2.9, 2.6, 2.0, 1.5, 1.6, 1.9, 2.3, 2.8, 3.5, 4.3, 6.3, 9.1, 9.0, 8.2, 8.2, 3.3, 3.1, 3.0, 3.2, 3.4, 2.8, 2.4, 2.1, 2.2, 2.5, 2.6, 2.4, 2.4, 2.6, 3.0, 3.2, 3.0, 2.5, 1.9, 1.7, 1.9, 2.3, 2.9, 3.4, 3.7, 3.8, 4.4, 5.9, 7.4, 7.3, 3.9, 3.3, 3.1, 2.9, 2.6, 2.2, 2.0, 1.9, 2.0, 2.3, 2.5, 2.5, 2.7, 3.0, 3.2, 3.4, 3.2, 2.6, 1.9, 1.5, 1.7, 2.2, 2.7, 3.2, 3.2, 2.9, 2.5, 2.3, 2.6, 2.5, 4.4, 3.9, 3.2, 2.1, 1.6, 1.5, 1.6, 1.8, 2.1, 2.4, 2.6, 2.7, 2.9, 3.2, 3.4, 3.4, 3.2, 2.5, 1.7, 1.4, 1.5, 2.0, 2.5, 2.7, 2.5, 2.1, 1.6, 1.1, 1.1, 1.7, 4.4, 4.3, 2.3, 1.4, 1.3, 1.4, 1.7, 1.9, 2.2, 2.5, 2.7, 2.8, 2.9, 3.2, 3.3, 3.2, 2.9, 2.2, 1.6, 1.3, 1.5, 1.9, 2.1, 2.1, 1.8, 1.4, 1.0, 0.7, 0.9, 1.3, 3.8, 3.7, 1.8, 1.7, 1.8, 1.9, 2.1, 2.2, 2.3, 2.5, 2.6, 2.7, 2.8, 2.9, 3.0, 2.8, 2.5, 2.0, 1.5, 1.3, 1.5, 1.7, 1.8, 1.6, 1.2, 1.0, 0.8, 0.9, 1.2, 1.4, 4.3, 3.0, 2.0, 2.1, 2.2, 2.3, 2.3, 2.3, 2.3, 2.4, 2.5, 2.4, 2.4, 2.5, 2.5, 2.4, 2.2, 2.0, 1.7, 1.6, 1.6, 1.6, 1.5, 1.2, 1.0, 1.1, 1.3, 1.5, 1.6, 1.6, 5.1, 2.4, 1.6, 1.7, 1.9, 2.0, 2.1, 2.1, 2.1, 2.1, 2.1, 1.9, 1.9, 2.0, 2.1, 2.1, 2.1, 2.1, 2.1, 2.0, 1.9, 1.8, 1.6, 1.4, 1.5, 1.7, 1.9, 2.0, 2.0, 1.9, 4.9, 2.0, 0.8, 0.7, 0.9, 1.2, 1.5, 1.6, 1.6, 1.6, 1.5, 1.3, 1.3, 1.6, 1.9, 2.1, 2.4, 2.5, 2.5, 2.6, 2.5, 2.3, 2.1, 2.0, 2.1, 2.3, 2.4, 2.4, 2.3, 2.1, 4.7, 2.0, 0.7, 0.6, 0.6, 0.8, 0.9, 0.9, 0.9, 0.9, 0.8, 0.8, 1.2, 1.6, 2.0, 2.4, 2.7, 3.0, 3.1, 3.1, 3.0, 2.8, 2.6, 2.5, 2.6, 2.6, 2.6, 2.5, 2.3, 2.1, 4.8, 2.4, 1.5, 1.3, 1.3, 1.3, 1.2, 1.1, 0.9, 0.8, 0.8, 1.0, 1.4, 1.9, 2.4, 2.8, 3.2, 3.5, 3.7, 3.6, 3.4, 3.1, 2.8, 2.7, 2.7, 2.6, 2.6, 2.5, 2.3, 2.3, 4.9, 3.2, 2.4, 2.2, 2.1, 2.0, 1.8, 1.5, 1.2, 1.0, 1.0, 1.3, 1.7, 2.2, 2.7, 3.2, 3.5, 3.8, 4.0, 4.0, 3.7, 3.3, 2.9, 2.7, 2.6, 2.5, 2.5, 2.4, 2.2, 2.2, 4.3, 3.8, 3.0, 2.7, 2.5, 2.3, 2.0, 1.6, 1.3, 1.1, 1.1, 1.5, 2.0, 2.5, 2.9, 3.3, 3.6, 3.8, 4.1, 4.2, 3.9, 3.4, 3.0, 2.7, 2.5, 2.3, 2.3, 2.2, 2.2, 2.2, 4.0, 4.0, 3.1, 2.8, 2.8, 2.6, 2.2, 1.7, 1.2, 0.9, 1.2, 1.7, 2.3, 2.7, 3.0, 3.3, 3.5, 3.7, 4.1, 4.3, 4.1, 3.6, 3.1, 2.7, 2.4, 2.1, 1.9, 1.8, 1.8, 1.8, 4.0, 4.0, 2.5, 2.5, 2.8, 2.8, 2.4, 1.8, 1.1, 0.8, 1.2, 1.8, 2.4, 2.7, 2.9, 3.0, 3.2, 3.6, 4.1, 4.5, 4.5, 4.1, 3.4, 2.9, 2.4, 2.1, 1.8, 1.7, 1.8, 1.8, 4.0, 3.0, 2.0, 2.3, 2.8, 2.9, 2.6, 1.8, 1.0, 0.6, 1.2, 1.9, 2.5, 2.7, 2.6, 2.6, 2.9, 3.4, 4.0, 4.6, 5.0, 4.7, 4.1, 3.5, 2.9, 2.3, 2.3, 1.8, 1.7, 1.8, 3.1, 2.1, 1.9, 2.5, 2.8, 2.8, 2.5, 1.7, 0.8, 0.7, 1.3, 2.1, 2.7, 2.8, 2.6, 2.4, 2.8, 3.4, 4.0, 4.7, 5.2, 5.3, 4.9, 4.8, 3.1, 2.3, 2.3, 2.3, 1.8, 1.7, 2.1, 1.9, 2.3, 2.7, 2.8, 2.8, 2.4, 1.6, 0.7, 0.8, 1.6, 2.4, 2.9, 3.0, 2.9, 2.8, 3.0, 3.2, 4.0, 4.7, 5.2, 5.3, 4.9, 4.8, 3.2, 2.4, 2.3, 2.3, 2.3, 1.9, 1.9, 1.9, 2.6, 2.8, 2.8, 2.8, 2.4, 1.1, 0.5, 0.9, 1.7, 2.6, 3.1, 3.2, 3.0, 2.8, 3.1, 3.1, 3.9, 4.7, 5.2, 5.3, 4.9, 4.8, 4.8, 2.7, 2.3, 2.3, 2.3, 2.3, 1.9, 2.3, 2.7, 2.8, 2.8, 2.8, 1.5, 0.6, 0.5, 0.9, 2.2, 2.8, 3.1, 3.2, 3.0, 2.8, 3.1, 3.1, 3.2, 4.5, 5.2, 5.3, 4.9, 4.8, 4.8, 2.9, 2.3, 2.3, 2.3, 2.3]}, "None|6": {"ny": 32, "nx": 27, "lat0": 55.8268636, "lon0": 13.558754, "dLat": 8.983e-06, "dLon": 1.5993e-05, "slope": [5.4, 3.7, 2.8, 1.5, 2.7, 4.9, 5.1, 6.5, 8.3, 8.6, 8.5, 7.8, 6.4, 4.6, 3.3, 3.1, 3.4, 4.3, 4.7, 5.9, 6.3, 7.3, 7.3, 7.3, 7.3, 7.6, 7.9, 6.6, 5.5, 3.7, 2.8, 1.5, 2.6, 5.0, 5.7, 6.3, 6.5, 6.3, 5.5, 4.3, 3.0, 2.0, 2.6, 4.2, 4.7, 5.9, 6.3, 7.3, 7.3, 7.3, 7.3, 7.6, 7.9, 7.9, 8.5, 6.7, 5.6, 3.7, 2.9, 1.6, 2.8, 3.8, 4.3, 4.5, 4.3, 3.8, 3.0, 2.1, 1.6, 1.9, 3.6, 5.8, 6.2, 7.3, 7.3, 7.2, 7.1, 7.1, 7.9, 7.9, 7.9, 9.6, 8.6, 6.7, 5.7, 3.4, 1.4, 1.7, 2.6, 3.1, 3.2, 3.1, 2.8, 2.3, 1.7, 1.3, 1.4, 2.5, 4.8, 7.2, 7.2, 7.1, 6.7, 7.1, 7.9, 7.9, 7.9, 7.7, 9.7, 9.6, 8.7, 6.5, 4.3, 2.6, 2.3, 2.5, 2.5, 2.4, 2.3, 2.1, 1.8, 1.3, 0.9, 0.8, 1.6, 3.3, 5.4, 5.7, 6.7, 7.0, 7.9, 7.9, 7.8, 7.1, 6.3, 9.7, 9.7, 9.5, 7.4, 5.3, 3.7, 3.0, 2.6, 2.2, 1.8, 1.5, 1.4, 1.2, 0.9, 0.5, 0.5, 1.0, 2.3, 4.4, 6.6, 7.0, 7.9, 7.9, 7.3, 6.7, 3.7, 3.4, 10.7, 10.7, 9.6, 7.4, 5.2, 3.7, 2.9, 2.3, 1.8, 1.3, 0.9, 0.9, 0.9, 0.8, 0.6, 0.8, 1.3, 2.3, 3.9, 5.9, 7.7, 7.6, 6.9, 3.9, 3.7, 3.4, 3.4, 11.2, 11.0, 8.9, 6.1, 3.8, 2.6, 2.0, 1.8, 1.5, 1.0, 0.6, 0.6, 0.7, 0.8, 0.9, 1.3, 2.0, 2.8, 3.8, 4.8, 5.6, 5.5, 3.9, 3.8, 3.4, 3.4, 3.5, 10.9, 10.8, 7.8, 4.6, 2.2, 1.0, 0.9, 1.2, 1.2, 0.9, 0.7, 0.6, 0.7, 0.9, 1.2, 1.7, 2.4, 3.0, 3.4, 3.4, 3.1, 3.5, 3.8, 3.4, 3.4, 3.8, 4.0, 12.4, 10.5, 7.0, 3.7, 1.5, 0.7, 0.6, 0.7, 0.7, 0.8, 0.8, 0.9, 0.9, 1.1, 1.4, 1.9, 2.5, 2.9, 2.9, 2.5, 1.3, 1.2, 3.4, 3.4, 3.9, 5.3, 5.3, 13.2, 10.3, 6.6, 3.4, 1.5, 1.0, 0.8, 0.5, 0.2, 0.6, 0.9, 1.0, 1.2, 1.3, 1.4, 1.8, 2.2, 2.5, 2.5, 2.4, 2.1, 2.4, 3.6, 3.9, 5.3, 5.3, 5.1, 13.1, 10.0, 6.3, 3.1, 1.4, 0.8, 0.6, 0.4, 0.4, 0.6, 0.8, 1.0, 1.2, 1.3, 1.3, 1.4, 1.7, 1.9, 2.2, 2.4, 2.6, 3.2, 4.0, 5.2, 5.1, 5.1, 4.6, 12.9, 9.7, 6.0, 2.9, 1.1, 0.5, 0.4, 0.5, 0.7, 0.8, 0.9, 1.0, 1.2, 1.1, 1.0, 0.9, 1.1, 1.5, 1.8, 2.2, 2.6, 3.1, 3.7, 4.5, 4.6, 4.6, 4.6, 12.7, 9.5, 5.8, 3.0, 1.4, 0.8, 0.7, 0.8, 0.9, 1.0, 0.9, 1.0, 0.9, 0.7, 0.4, 0.3, 0.8, 1.2, 1.5, 1.7, 2.1, 2.5, 2.9, 3.5, 4.4, 4.4, 4.4, 12.5, 9.4, 5.8, 3.3, 2.0, 1.4, 1.0, 0.8, 0.8, 0.9, 0.8, 0.7, 0.6, 0.2, 0.2, 0.5, 0.8, 1.0, 1.1, 1.2, 1.4, 1.8, 2.2, 2.7, 3.5, 3.7, 3.7, 12.0, 9.0, 5.6, 3.4, 2.4, 1.8, 1.2, 0.6, 0.5, 0.7, 0.7, 0.6, 0.5, 0.4, 0.7, 0.8, 0.9, 0.9, 0.9, 0.8, 1.0, 1.5, 1.9, 2.3, 3.0, 3.6, 3.6, 11.8, 8.2, 4.8, 2.8, 2.2, 1.9, 1.3, 0.6, 0.4, 0.7, 0.8, 0.8, 0.7, 0.7, 0.9, 0.9, 0.8, 0.9, 0.9, 0.8, 0.9, 1.3, 1.8, 2.2, 2.7, 3.2, 3.2, 8.1, 6.8, 3.6, 1.2, 1.5, 1.8, 1.6, 1.1, 0.9, 1.1, 1.2, 1.1, 1.0, 0.9, 0.9, 0.8, 0.8, 0.9, 1.0, 0.9, 1.0, 1.3, 1.7, 2.1, 2.6, 2.8, 2.8, 6.5, 6.5, 3.8, 1.9, 2.1, 2.5, 2.4, 1.9, 1.6, 1.6, 1.6, 1.5, 1.4, 1.2, 1.1, 0.9, 0.8, 0.9, 1.0, 1.0, 0.9, 1.1, 1.5, 1.9, 2.3, 2.5, 2.6, 7.4, 7.4, 5.3, 3.9, 3.7, 3.7, 3.3, 2.8, 2.4, 2.2, 2.1, 2.0, 1.8, 1.6, 1.3, 1.1, 0.9, 0.9, 0.8, 0.8, 0.6, 0.8, 1.2, 1.6, 2.0, 2.1, 2.4, 7.8, 7.8, 6.9, 5.8, 5.1, 4.6, 4.0, 3.3, 3.0, 2.8, 2.7, 2.4, 2.1, 1.7, 1.4, 1.1, 0.9, 0.6, 0.5, 0.4, 0.3, 0.7, 1.2, 1.7, 2.0, 2.1, 2.1, 8.1, 8.3, 8.1, 7.0, 5.9, 5.0, 4.1, 3.5, 3.1, 2.9, 2.8, 2.6, 2.2, 1.7, 1.2, 0.9, 0.7, 0.7, 0.9, 1.3, 1.5, 1.7, 2.0, 2.3, 2.5, 2.6, 2.6, 8.6, 8.6, 8.6, 7.3, 5.8, 4.6, 3.6, 2.9, 2.6, 2.5, 2.5, 2.5, 2.2, 1.7, 1.2, 0.9, 1.1, 1.5, 2.0, 2.5, 2.8, 3.0, 3.3, 3.5, 3.6, 3.4, 3.3, 8.7, 8.7, 8.7, 6.7, 4.7, 3.3, 2.3, 1.7, 1.5, 1.6, 1.8, 2.1, 2.2, 1.8, 1.4, 1.4, 1.8, 2.5, 3.2, 3.7, 4.1, 4.4, 4.7, 5.0, 4.8, 3.9, 3.4, 8.7, 6.9, 6.1, 5.5, 4.1, 2.7, 1.9, 1.3, 1.0, 1.0, 1.2, 1.7, 2.0, 1.9, 1.8, 2.0, 2.7, 3.5, 4.2, 4.8, 5.2, 5.7, 6.2, 6.3, 5.5, 4.9, 3.9, 6.3, 5.5, 5.2, 5.2, 4.8, 3.8, 3.0, 2.5, 2.1, 1.7, 1.4, 1.4, 1.8, 2.0, 2.2, 2.7, 3.5, 4.4, 5.1, 5.6, 6.1, 6.6, 7.0, 7.1, 7.1, 5.7, 5.3, 5.2, 5.2, 5.6, 5.9, 5.8, 5.0, 4.2, 3.8, 3.3, 2.7, 2.0, 1.4, 1.4, 1.9, 2.5, 3.3, 4.2, 5.1, 5.9, 6.3, 6.5, 6.6, 7.0, 7.1, 7.1, 7.1, 7.1, 5.6, 5.8, 6.0, 6.1, 6.1, 5.5, 4.8, 4.4, 4.1, 3.5, 2.6, 1.7, 1.3, 1.7, 2.7, 3.8, 4.9, 5.8, 6.5, 6.6, 6.6, 6.6, 6.9, 7.1, 7.1, 7.1, 7.1, 6.0, 6.1, 6.1, 6.1, 5.7, 5.4, 4.7, 4.3, 4.2, 3.9, 3.2, 2.2, 1.6, 1.9, 2.9, 4.2, 5.4, 6.2, 6.7, 6.8, 6.7, 6.6, 6.6, 6.9, 7.1, 7.1, 7.1, 6.1, 6.1, 6.1, 5.7, 5.4, 4.8, 4.4, 3.7, 3.6, 3.8, 3.4, 2.6, 2.0, 2.1, 3.1, 4.3, 5.5, 5.9, 6.5, 6.8, 6.8, 6.7, 6.6, 6.9, 7.1, 7.1, 7.1, 6.1, 6.1, 5.8, 5.4, 4.9, 4.4, 3.7, 3.2, 3.5, 3.5, 3.0, 2.2, 1.6, 1.7, 2.7, 3.1, 4.8, 5.9, 6.4, 6.8, 6.8, 6.8, 6.7, 6.6, 6.9, 7.1, 7.1, 6.1, 5.8, 5.4, 4.9, 4.4, 3.8, 3.2, 3.1, 3.2, 3.2, 2.9, 2.2, 1.6, 1.7, 2.6, 3.1, 4.7, 5.8, 5.9, 6.4, 6.8, 6.8, 6.8, 6.7, 6.9, 7.1, 7.1]}, "None|7": {"ny": 24, "nx": 25, "lat0": 55.8275515, "lon0": 13.5637901, "dLat": 8.983e-06, "dLon": 1.5993e-05, "slope": [17.7, 14.2, 9.5, 9.5, 7.8, 3.1, 4.3, 6.3, 6.0, 5.5, 6.2, 5.0, 4.7, 4.6, 4.6, 4.9, 5.0, 5.9, 7.1, 7.1, 7.1, 7.2, 6.9, 6.4, 6.0, 21.4, 17.8, 14.5, 9.5, 9.1, 6.9, 3.1, 4.2, 5.9, 4.7, 3.9, 3.4, 3.1, 2.6, 2.3, 2.9, 4.3, 5.9, 7.0, 7.1, 7.2, 7.0, 6.4, 6.0, 5.3, 23.6, 21.5, 17.9, 14.8, 9.5, 8.0, 2.8, 3.0, 3.1, 3.1, 3.3, 3.2, 2.6, 1.9, 1.6, 2.5, 3.9, 5.3, 6.6, 7.2, 7.0, 6.4, 6.0, 5.3, 5.3, 24.0, 23.7, 21.7, 18.0, 15.0, 8.1, 2.4, 1.5, 2.5, 3.2, 3.3, 2.9, 2.2, 1.4, 1.4, 2.5, 3.8, 5.1, 6.2, 6.7, 6.4, 6.1, 5.3, 5.3, 5.2, 24.0, 24.0, 23.7, 21.9, 16.6, 7.6, 3.2, 3.1, 3.6, 3.6, 3.2, 2.4, 1.5, 0.8, 1.2, 2.4, 3.6, 4.8, 5.7, 6.2, 6.0, 5.3, 5.3, 5.2, 5.1, 19.3, 24.0, 24.0, 22.6, 13.5, 6.2, 4.0, 4.3, 4.2, 3.7, 3.0, 2.0, 1.0, 0.3, 1.2, 2.3, 3.4, 4.4, 5.1, 5.5, 5.6, 5.4, 5.4, 5.1, 5.2, 16.3, 18.3, 18.1, 16.9, 8.8, 4.8, 4.6, 4.7, 4.3, 3.6, 2.8, 2.0, 1.2, 0.9, 1.6, 2.5, 3.3, 4.0, 4.5, 4.8, 5.1, 5.3, 5.2, 5.2, 5.7, 15.9, 15.9, 15.3, 9.7, 4.9, 4.2, 4.5, 4.4, 3.9, 3.2, 2.6, 2.0, 1.5, 1.5, 2.0, 2.7, 3.1, 3.5, 3.9, 4.2, 4.7, 5.3, 5.7, 6.0, 6.8, 13.8, 13.5, 9.9, 4.5, 3.2, 3.6, 3.8, 3.4, 2.9, 2.4, 1.9, 1.6, 1.5, 1.8, 2.4, 2.8, 2.9, 3.0, 3.2, 3.6, 4.2, 5.1, 6.0, 6.7, 6.7, 12.9, 12.4, 5.6, 2.5, 2.6, 2.8, 2.6, 2.2, 1.8, 1.5, 1.2, 1.2, 1.5, 2.0, 2.6, 2.8, 2.6, 2.4, 2.5, 2.9, 3.6, 4.5, 5.4, 6.3, 6.3, 10.8, 10.4, 3.6, 2.0, 2.0, 1.9, 1.7, 1.5, 1.3, 1.1, 1.0, 1.3, 1.8, 2.3, 2.7, 2.7, 2.2, 1.7, 1.6, 2.0, 2.5, 3.2, 4.0, 4.6, 4.5, 11.7, 7.6, 2.5, 1.7, 1.6, 1.5, 1.4, 1.3, 1.2, 1.1, 1.3, 1.7, 2.1, 2.5, 2.7, 2.5, 1.9, 1.2, 0.8, 0.8, 1.1, 1.6, 2.0, 2.2, 2.2, 12.7, 5.2, 1.9, 1.6, 1.6, 1.5, 1.5, 1.4, 1.4, 1.4, 1.7, 2.1, 2.3, 2.5, 2.5, 2.3, 1.7, 1.1, 0.8, 0.5, 0.5, 0.8, 1.0, 1.1, 1.2, 10.3, 3.6, 1.7, 1.6, 1.7, 1.7, 1.7, 1.7, 1.7, 1.8, 2.1, 2.3, 2.4, 2.4, 2.4, 2.1, 1.7, 1.4, 1.3, 1.3, 1.6, 1.9, 2.3, 2.9, 2.9, 7.0, 2.7, 1.7, 1.7, 1.8, 1.9, 1.9, 2.0, 2.1, 2.3, 2.4, 2.4, 2.4, 2.3, 2.3, 2.1, 1.8, 1.6, 1.6, 1.7, 2.0, 2.6, 3.3, 4.1, 4.2, 4.5, 2.4, 1.9, 1.7, 1.8, 1.9, 2.1, 2.3, 2.5, 2.6, 2.6, 2.5, 2.4, 2.2, 2.2, 2.1, 1.9, 1.8, 1.8, 1.8, 2.1, 2.8, 3.7, 4.5, 4.7, 3.3, 2.5, 2.1, 1.8, 1.8, 2.0, 2.3, 2.6, 2.8, 2.9, 2.8, 2.7, 2.4, 2.2, 2.2, 2.1, 2.0, 1.9, 1.9, 2.0, 2.2, 2.7, 3.6, 3.6, 4.4, 3.0, 2.6, 2.3, 2.0, 2.0, 2.3, 2.6, 2.9, 3.1, 3.1, 2.9, 2.7, 2.5, 2.3, 2.3, 2.3, 2.1, 2.0, 2.0, 2.1, 2.3, 2.6, 3.2, 3.3, 3.3, 3.1, 2.7, 2.5, 2.3, 2.5, 2.8, 3.1, 3.3, 3.4, 3.3, 3.0, 2.8, 2.7, 2.7, 2.7, 2.7, 2.5, 2.3, 2.1, 2.0, 2.1, 2.4, 2.5, 3.1, 3.3, 3.1, 2.8, 2.8, 2.9, 3.1, 3.4, 3.6, 3.8, 3.8, 3.5, 3.3, 3.2, 3.3, 3.5, 3.6, 3.6, 3.3, 2.9, 2.3, 1.7, 1.5, 2.0, 2.3, 2.3, 3.1, 2.9, 2.8, 3.2, 3.6, 3.9, 4.2, 4.4, 4.4, 4.3, 4.1, 3.9, 4.1, 4.4, 4.7, 4.8, 4.7, 4.3, 3.6, 2.8, 1.7, 1.0, 0.8, 1.9, 2.3, 2.3, 2.8, 3.2, 3.4, 3.8, 4.9, 5.4, 5.5, 5.4, 5.3, 5.1, 5.1, 5.3, 5.7, 6.0, 5.9, 5.7, 5.1, 4.4, 3.5, 2.4, 2.2, 1.2, 0.8, 1.9, 2.2, 3.1, 3.4, 3.4, 4.7, 5.3, 5.6, 5.7, 6.4, 6.5, 6.5, 6.6, 7.0, 7.3, 7.3, 7.0, 6.4, 6.3, 4.6, 3.5, 2.4, 2.2, 2.2, 1.2, 0.9, 1.8, 3.4, 3.4, 4.5, 5.3, 5.4, 5.6, 6.4, 6.8, 6.7, 6.7, 6.8, 7.1, 7.4, 7.3, 7.0, 6.5, 6.3, 4.7, 3.5, 2.4, 2.2, 2.2, 2.2, 1.3, 0.9]}, "None|8": {"ny": 30, "nx": 21, "lat0": 55.8282744, "lon0": 13.5579828, "dLat": 8.983e-06, "dLon": 1.5993e-05, "slope": [3.4, 3.2, 2.9, 2.9, 2.9, 3.0, 3.0, 2.9, 2.4, 1.7, 3.0, 5.4, 7.0, 7.6, 7.2, 6.3, 5.6, 3.0, 3.0, 2.7, 2.1, 3.9, 3.4, 3.2, 2.9, 2.8, 2.3, 3.0, 2.9, 2.4, 1.5, 2.5, 4.7, 6.4, 6.9, 6.4, 5.1, 3.8, 2.9, 2.8, 2.1, 2.2, 4.2, 3.9, 3.4, 3.2, 2.7, 2.0, 2.1, 2.4, 2.2, 1.5, 2.4, 4.4, 5.9, 6.4, 5.7, 4.3, 2.9, 2.1, 2.1, 2.2, 2.3, 4.3, 4.2, 4.0, 3.3, 2.0, 1.1, 1.2, 1.8, 1.9, 1.7, 2.7, 4.4, 5.7, 5.9, 5.0, 3.6, 2.3, 1.3, 1.4, 2.3, 2.3, 4.3, 4.3, 4.2, 3.2, 1.8, 0.7, 0.6, 1.3, 1.6, 2.0, 3.2, 4.7, 5.5, 5.4, 4.4, 3.1, 1.8, 0.7, 0.8, 1.9, 1.9, 4.1, 4.1, 4.1, 3.3, 2.1, 0.9, 0.2, 0.9, 1.5, 2.4, 3.8, 4.9, 5.4, 5.0, 4.0, 2.7, 1.6, 0.7, 0.8, 1.7, 1.7, 4.0, 4.0, 4.0, 3.4, 2.4, 1.3, 0.6, 1.1, 2.0, 3.0, 4.2, 4.9, 5.1, 4.6, 3.6, 2.5, 1.6, 1.0, 1.1, 1.8, 1.8, 3.9, 4.0, 3.9, 3.4, 2.6, 1.8, 1.4, 1.9, 2.7, 3.6, 4.4, 4.7, 4.6, 4.0, 3.1, 2.2, 1.6, 1.3, 1.5, 2.1, 2.1, 3.9, 4.0, 3.9, 3.4, 2.9, 2.4, 2.3, 2.7, 3.3, 3.9, 4.2, 4.3, 4.0, 3.5, 2.7, 2.0, 1.5, 1.4, 1.7, 2.3, 2.2, 4.1, 4.2, 3.9, 3.5, 3.2, 3.0, 3.0, 3.2, 3.4, 3.6, 3.7, 3.6, 3.3, 2.9, 2.3, 1.7, 1.3, 1.3, 1.5, 2.1, 2.1, 4.4, 4.4, 4.1, 3.7, 3.4, 3.4, 3.4, 3.4, 3.3, 3.2, 3.0, 2.8, 2.6, 2.4, 2.1, 1.5, 1.1, 1.0, 1.3, 1.9, 1.9, 4.7, 4.6, 4.3, 3.8, 3.5, 3.5, 3.6, 3.5, 3.2, 2.8, 2.4, 2.2, 2.2, 2.2, 1.9, 1.4, 1.0, 0.9, 1.2, 1.9, 2.0, 4.9, 4.8, 4.4, 3.8, 3.5, 3.4, 3.5, 3.4, 3.0, 2.6, 2.2, 1.9, 2.0, 2.1, 1.9, 1.5, 1.0, 0.9, 1.3, 2.1, 2.1, 5.0, 4.9, 4.4, 3.8, 3.3, 3.2, 3.2, 3.1, 2.9, 2.5, 2.2, 2.0, 2.1, 2.2, 2.1, 1.8, 1.4, 1.3, 1.6, 2.2, 2.3, 4.9, 4.7, 4.2, 3.6, 3.1, 2.9, 2.8, 2.7, 2.6, 2.4, 2.2, 2.2, 2.3, 2.4, 2.3, 2.1, 1.9, 1.9, 2.1, 2.1, 2.3, 4.5, 4.3, 3.9, 3.3, 2.8, 2.6, 2.5, 2.3, 2.2, 2.1, 2.1, 2.2, 2.5, 2.6, 2.5, 2.3, 2.3, 2.5, 2.6, 2.7, 2.7, 4.0, 3.8, 3.4, 2.9, 2.5, 2.3, 2.3, 2.0, 1.8, 1.7, 1.8, 2.1, 2.4, 2.5, 2.5, 2.4, 2.6, 3.0, 3.1, 3.1, 3.1, 3.3, 3.0, 2.8, 2.4, 2.1, 2.2, 2.2, 1.9, 1.5, 1.4, 1.5, 1.8, 2.2, 2.3, 2.2, 2.2, 2.7, 3.1, 3.1, 3.0, 3.1, 2.5, 2.1, 2.0, 1.8, 1.8, 2.0, 2.1, 1.9, 1.5, 1.2, 1.3, 1.6, 1.9, 1.9, 1.7, 1.9, 2.5, 2.4, 2.3, 2.3, 2.9, 2.0, 1.2, 1.3, 1.5, 1.7, 1.9, 2.0, 1.7, 1.4, 1.1, 1.1, 1.4, 1.7, 1.5, 1.2, 1.6, 2.0, 1.8, 1.8, 1.8, 1.8, 2.1, 0.8, 0.9, 1.4, 1.7, 1.9, 1.8, 1.6, 1.2, 1.0, 1.1, 1.4, 1.5, 1.2, 0.7, 1.4, 1.2, 1.1, 1.6, 1.8, 1.8, 2.7, 1.4, 1.3, 1.7, 2.0, 2.0, 1.8, 1.4, 1.1, 1.0, 1.2, 1.5, 1.6, 1.0, 0.6, 1.3, 0.6, 0.4, 0.3, 1.4, 1.7, 2.9, 2.4, 2.1, 2.3, 2.4, 2.2, 1.9, 1.5, 1.2, 1.2, 1.5, 1.8, 1.7, 1.1, 0.9, 1.5, 1.8, 0.8, 0.4, 0.3, 0.3, 3.7, 3.7, 3.4, 3.3, 3.1, 2.7, 2.2, 1.8, 1.5, 1.6, 1.8, 2.0, 1.8, 1.3, 1.2, 1.8, 2.0, 2.0, 0.9, 0.5, 0.4, 4.1, 4.1, 4.5, 4.4, 3.9, 3.2, 2.6, 2.1, 1.9, 2.0, 2.3, 2.3, 2.1, 1.6, 1.6, 1.6, 1.9, 2.0, 2.0, 2.0, 1.0, 5.1, 5.7, 5.9, 5.6, 4.7, 3.7, 2.8, 2.3, 2.2, 2.4, 2.7, 2.6, 2.3, 2.0, 2.0, 2.0, 2.0, 2.0, 2.0, 2.0, 2.0, 6.1, 6.3, 6.3, 6.3, 5.4, 4.1, 3.1, 2.5, 2.5, 2.7, 2.9, 2.8, 2.5, 2.2, 2.2, 2.1, 2.0, 2.0, 2.0, 2.0, 2.0, 6.3, 6.3, 6.4, 6.4, 5.7, 4.5, 3.4, 3.0, 2.9, 3.1, 3.2, 3.1, 3.0, 2.5, 2.2, 2.2, 2.1, 2.0, 2.0, 2.0, 2.0, 6.3, 6.4, 6.4, 5.9, 5.5, 4.9, 4.1, 3.7, 3.8, 4.0, 4.1, 3.4, 3.0, 2.5, 2.2, 2.2, 2.2, 2.1, 2.0, 2.0, 2.0, 6.4, 6.4, 6.0, 5.5, 5.1, 4.7, 4.2, 3.9, 3.9, 4.1, 4.2, 3.5, 3.0, 3.0, 2.5, 2.2, 2.2, 2.2, 2.1, 2.0, 2.0]}, "None|9": {"ny": 31, "nx": 24, "lat0": 55.8298547, "lon0": 13.551059, "dLat": 8.983e-06, "dLon": 1.5994e-05, "slope": [3.9, 5.7, 6.4, 7.9, 7.9, 8.0, 8.2, 7.3, 6.6, 6.3, 6.0, 5.7, 5.2, 3.7, 3.6, 3.4, 3.4, 3.5, 3.6, 3.7, 4.3, 4.3, 4.3, 4.2, 3.1, 3.9, 5.7, 6.3, 7.9, 7.8, 7.2, 6.2, 5.3, 4.6, 4.1, 3.8, 3.7, 3.6, 3.4, 3.4, 3.5, 3.7, 4.3, 4.3, 4.3, 4.2, 4.1, 3.8, 2.2, 3.1, 3.8, 5.7, 6.6, 6.6, 6.1, 5.3, 4.4, 3.5, 2.9, 2.8, 2.9, 3.4, 3.4, 3.6, 4.3, 4.3, 4.3, 4.2, 4.1, 3.8, 3.8, 3.8, 1.8, 2.2, 3.1, 4.4, 5.2, 5.3, 5.0, 4.6, 4.0, 3.3, 2.7, 2.3, 2.5, 3.2, 3.4, 4.3, 4.3, 4.2, 4.2, 3.8, 3.8, 3.8, 3.5, 3.4, 1.8, 1.8, 1.7, 3.2, 4.0, 4.2, 4.1, 3.9, 3.6, 3.3, 2.7, 2.1, 2.0, 3.0, 4.3, 4.2, 4.2, 3.8, 3.8, 3.8, 3.6, 3.5, 2.7, 2.7, 1.9, 1.8, 1.4, 2.5, 3.0, 3.1, 3.1, 3.1, 3.1, 2.9, 2.5, 1.9, 1.5, 2.3, 3.6, 3.7, 3.8, 3.8, 3.6, 3.5, 2.7, 2.7, 2.7, 2.4, 2.6, 2.6, 1.8, 2.0, 2.1, 2.1, 2.2, 2.3, 2.3, 2.2, 2.1, 1.7, 1.2, 1.5, 2.7, 3.7, 3.7, 3.6, 2.7, 2.7, 2.7, 2.5, 2.4, 1.9, 4.8, 3.2, 1.9, 1.4, 1.4, 1.5, 1.6, 1.6, 1.5, 1.6, 1.6, 1.5, 1.0, 0.6, 1.7, 2.9, 2.9, 2.7, 2.7, 2.5, 2.4, 1.7, 1.9, 1.9, 5.5, 3.6, 2.0, 0.8, 0.8, 1.2, 1.3, 1.2, 1.0, 1.0, 1.1, 1.1, 0.9, 0.2, 0.9, 2.0, 2.6, 2.6, 2.5, 1.6, 1.7, 1.9, 1.9, 1.9, 5.5, 3.9, 2.3, 0.9, 0.5, 1.2, 1.5, 1.3, 0.9, 0.7, 0.8, 0.9, 0.9, 0.6, 0.6, 1.3, 2.1, 2.1, 1.6, 1.6, 1.9, 1.9, 1.8, 1.7, 5.4, 4.2, 2.6, 1.2, 0.5, 1.3, 1.7, 1.4, 1.0, 0.9, 0.9, 1.1, 1.1, 0.8, 0.6, 0.8, 1.4, 1.5, 1.6, 1.9, 1.9, 1.7, 1.7, 1.3, 5.2, 4.1, 2.7, 1.3, 0.7, 1.5, 1.8, 1.5, 1.1, 1.0, 1.1, 1.3, 1.2, 1.0, 0.8, 0.7, 1.0, 1.1, 1.7, 1.7, 1.7, 1.3, 1.3, 1.3, 5.1, 3.9, 2.4, 1.0, 0.8, 1.5, 1.8, 1.6, 1.2, 1.2, 1.4, 1.6, 1.5, 1.3, 1.1, 0.9, 0.9, 1.0, 1.1, 1.2, 1.3, 1.3, 1.1, 1.1, 4.9, 3.5, 1.9, 0.5, 0.9, 1.5, 1.8, 1.6, 1.4, 1.5, 1.7, 1.9, 1.8, 1.6, 1.4, 1.2, 1.2, 1.1, 0.9, 1.1, 1.1, 1.1, 0.4, 0.4, 4.6, 3.1, 1.4, 0.5, 1.0, 1.5, 1.8, 1.8, 1.8, 1.8, 2.0, 2.0, 1.8, 1.7, 1.6, 1.5, 1.4, 1.4, 1.1, 0.4, 0.2, 0.4, 0.4, 0.5, 4.0, 2.4, 0.9, 0.8, 1.4, 1.7, 1.9, 2.0, 2.1, 2.2, 2.2, 2.1, 1.9, 1.7, 1.6, 1.6, 1.6, 1.5, 1.5, 1.4, 0.7, 0.6, 0.5, 1.0, 3.1, 1.5, 0.7, 1.2, 1.7, 2.0, 2.2, 2.3, 2.4, 2.5, 2.5, 2.3, 2.0, 1.8, 1.7, 1.6, 1.6, 1.5, 1.7, 1.9, 1.7, 1.4, 1.1, 1.1, 2.9, 1.0, 0.9, 1.5, 2.0, 2.2, 2.5, 2.6, 2.8, 2.9, 2.7, 2.4, 2.1, 1.9, 1.8, 1.7, 1.5, 1.5, 1.7, 2.1, 2.5, 1.6, 1.5, 1.6, 1.7, 1.2, 1.4, 1.8, 2.2, 2.5, 2.8, 3.0, 3.1, 3.1, 2.8, 2.4, 2.1, 1.9, 1.8, 1.7, 1.6, 1.5, 1.6, 2.1, 2.7, 2.8, 2.8, 3.0, 2.3, 2.3, 2.1, 2.2, 2.6, 3.0, 3.3, 3.5, 3.6, 3.4, 2.9, 2.4, 2.1, 2.0, 1.9, 1.9, 1.8, 1.6, 1.6, 1.9, 2.5, 3.0, 3.1, 3.1, 3.7, 3.7, 3.2, 3.1, 3.3, 3.8, 4.1, 4.2, 4.0, 3.6, 3.0, 2.4, 2.2, 2.1, 2.1, 2.1, 2.1, 2.0, 1.8, 1.9, 2.2, 2.6, 3.0, 3.0, 4.0, 4.0, 4.4, 4.4, 4.5, 4.7, 4.7, 4.5, 4.0, 3.4, 2.7, 2.2, 2.0, 2.0, 2.1, 2.2, 2.3, 2.2, 2.1, 2.0, 2.0, 2.3, 2.6, 2.7, 5.4, 6.1, 6.2, 6.0, 5.8, 5.5, 5.0, 4.4, 3.6, 2.8, 2.1, 1.6, 1.5, 1.5, 1.6, 1.8, 1.9, 2.0, 2.0, 1.9, 1.9, 2.0, 2.4, 2.5, 6.4, 6.6, 6.6, 7.2, 6.9, 5.9, 4.9, 3.8, 2.8, 2.0, 1.4, 0.9, 0.8, 0.7, 0.8, 1.0, 1.2, 1.4, 1.5, 1.6, 1.7, 1.8, 2.2, 2.3, 6.6, 6.6, 7.2, 7.6, 7.1, 5.7, 4.2, 2.9, 1.9, 1.1, 0.6, 0.4, 0.3, 0.2, 0.3, 0.4, 0.6, 0.7, 0.9, 1.2, 1.5, 1.8, 2.2, 2.3, 6.6, 7.2, 7.6, 7.2, 6.8, 5.3, 3.4, 2.0, 1.0, 0.5, 0.5, 0.6, 0.6, 0.4, 0.3, 0.2, 0.3, 0.5, 0.8, 1.1, 1.5, 1.9, 2.3, 2.4, 7.1, 7.6, 7.2, 6.8, 5.5, 4.5, 3.3, 2.0, 1.4, 1.3, 1.2, 1.1, 0.9, 0.6, 0.4, 0.2, 0.2, 0.6, 1.0, 1.4, 1.8, 2.1, 2.4, 2.5, 7.6, 7.2, 6.8, 5.5, 4.3, 3.9, 3.8, 3.2, 2.7, 2.3, 1.9, 1.5, 1.2, 1.0, 0.8, 0.6, 0.5, 0.8, 1.3, 1.8, 2.1, 2.4, 2.5, 2.6, 7.3, 6.8, 5.4, 4.1, 3.9, 3.9, 3.9, 3.4, 3.5, 3.4, 2.8, 2.4, 2.1, 1.9, 1.7, 1.3, 1.2, 1.4, 1.9, 2.3, 2.7, 3.1, 3.0, 3.0, 5.6, 4.5, 4.1, 3.9, 3.9, 3.9, 3.9, 3.8, 3.8, 3.5, 3.8, 4.0, 3.8, 3.5, 3.2, 2.7, 2.3, 2.4, 2.9, 3.5, 4.0, 4.1, 3.5, 3.1, 4.2, 3.9, 3.9, 3.9, 3.9, 3.9, 3.9, 3.9, 3.9, 4.0, 4.2, 4.0, 3.8, 4.5, 4.7, 4.0, 3.6, 3.8, 4.4, 5.0, 5.2, 4.6, 4.1, 3.5]}, "None|10": {"ny": 23, "nx": 27, "lat0": 55.8271254, "lon0": 13.5573538, "dLat": 8.983e-06, "dLon": 1.5993e-05, "slope": [3.2, 2.8, 2.1, 2.3, 2.8, 2.8, 3.4, 4.5, 6.0, 7.9, 10.1, 12.4, 14.1, 15.0, 13.5, 5.3, 4.2, 3.7, 4.2, 4.8, 4.9, 4.4, 3.5, 3.5, 2.9, 1.7, 1.6, 3.2, 3.1, 2.2, 2.1, 2.0, 2.3, 3.0, 3.9, 4.6, 5.0, 5.4, 5.9, 6.4, 6.6, 6.3, 5.3, 4.2, 3.7, 4.1, 4.8, 4.8, 4.3, 3.4, 2.9, 1.7, 1.6, 1.5, 3.2, 3.1, 2.2, 1.7, 1.7, 2.1, 2.8, 3.6, 4.3, 4.6, 4.7, 4.6, 4.5, 4.2, 3.8, 3.5, 3.6, 3.8, 4.1, 4.3, 4.2, 3.6, 2.7, 1.7, 1.6, 1.5, 2.3, 3.1, 3.0, 2.4, 2.1, 2.1, 2.3, 2.7, 3.2, 3.8, 4.2, 4.4, 4.6, 4.7, 4.7, 4.4, 4.1, 3.9, 3.7, 3.6, 3.5, 3.3, 2.9, 2.6, 2.2, 1.8, 2.2, 4.0, 3.1, 3.2, 3.0, 2.9, 2.8, 2.7, 2.6, 2.8, 3.1, 3.5, 3.8, 4.0, 4.2, 4.3, 4.2, 3.8, 3.5, 3.1, 2.8, 2.6, 2.4, 2.4, 2.8, 3.5, 3.8, 4.3, 4.3, 3.1, 3.4, 3.4, 3.2, 3.0, 2.7, 2.3, 2.3, 2.5, 2.8, 3.0, 3.3, 3.5, 3.6, 3.4, 3.1, 2.7, 2.3, 1.9, 1.7, 1.7, 2.3, 3.4, 4.6, 5.3, 5.6, 5.6, 3.3, 3.2, 3.2, 3.0, 2.7, 2.2, 1.8, 1.6, 1.9, 2.2, 2.5, 2.8, 3.1, 3.2, 3.0, 2.7, 2.3, 1.8, 1.4, 1.3, 1.6, 2.6, 3.9, 5.3, 6.4, 6.7, 6.8, 4.2, 2.7, 2.7, 2.4, 2.1, 1.7, 1.4, 1.1, 1.3, 1.8, 2.1, 2.5, 2.9, 3.0, 2.8, 2.6, 2.3, 1.9, 1.5, 1.4, 1.9, 2.9, 4.2, 5.7, 7.1, 7.7, 7.7, 5.3, 2.2, 2.1, 1.8, 1.5, 1.3, 1.1, 0.9, 1.0, 1.4, 1.8, 2.2, 2.6, 2.8, 2.8, 2.7, 2.5, 2.2, 1.9, 1.9, 2.3, 3.2, 4.4, 6.0, 7.5, 8.4, 8.4, 6.1, 1.6, 1.7, 1.4, 1.1, 1.0, 0.9, 0.8, 0.8, 1.1, 1.5, 1.9, 2.3, 2.6, 2.6, 2.7, 2.7, 2.5, 2.2, 2.2, 2.6, 3.5, 4.5, 6.1, 7.7, 8.8, 8.8, 7.1, 1.4, 1.4, 1.3, 0.7, 0.6, 0.7, 0.6, 0.5, 0.9, 1.2, 1.6, 1.9, 2.2, 2.3, 2.4, 2.4, 2.3, 2.2, 2.3, 2.8, 3.5, 4.6, 6.1, 7.8, 8.9, 9.0, 9.1, 2.7, 1.3, 1.1, 0.6, 0.4, 0.5, 0.5, 0.2, 0.6, 1.0, 1.3, 1.6, 1.8, 1.8, 1.9, 2.0, 2.0, 2.0, 2.2, 2.7, 3.5, 4.5, 6.0, 7.7, 8.7, 8.8, 12.2, 5.2, 1.3, 0.8, 0.6, 0.5, 0.5, 0.6, 0.3, 0.4, 0.9, 1.2, 1.4, 1.5, 1.5, 1.6, 1.7, 1.7, 1.8, 2.1, 2.5, 3.2, 4.3, 5.8, 7.3, 8.0, 8.4, 13.2, 7.6, 2.2, 0.9, 1.0, 1.0, 0.9, 0.8, 0.5, 0.3, 0.8, 1.2, 1.4, 1.5, 1.5, 1.4, 1.5, 1.5, 1.7, 1.9, 2.3, 3.0, 4.0, 5.4, 6.6, 6.8, 7.7, 10.1, 8.8, 3.8, 2.0, 2.0, 1.9, 1.6, 1.4, 1.0, 0.3, 0.7, 1.2, 1.5, 1.6, 1.5, 1.4, 1.4, 1.4, 1.5, 1.8, 2.4, 3.1, 4.1, 5.2, 5.9, 6.2, 6.2, 9.0, 9.0, 5.4, 3.3, 2.9, 2.8, 2.5, 2.2, 1.7, 0.8, 0.7, 1.2, 1.6, 1.7, 1.6, 1.4, 1.3, 1.3, 1.5, 2.0, 2.7, 3.5, 4.5, 5.3, 5.5, 5.9, 6.2, 9.0, 6.6, 5.1, 3.9, 3.3, 3.2, 3.0, 2.8, 2.3, 1.5, 0.9, 1.2, 1.7, 1.9, 1.8, 1.5, 1.3, 1.4, 1.8, 2.5, 3.2, 4.1, 5.0, 5.3, 5.4, 5.5, 5.9, 6.8, 5.2, 4.2, 3.8, 3.1, 3.1, 3.2, 3.2, 2.9, 2.2, 1.6, 1.6, 2.0, 2.2, 2.1, 1.9, 1.8, 1.9, 2.4, 3.1, 3.8, 4.6, 4.9, 5.1, 5.3, 5.4, 5.5, 5.2, 4.2, 3.8, 3.2, 2.9, 3.3, 3.7, 3.9, 3.7, 3.1, 2.4, 2.2, 2.5, 2.7, 2.7, 2.5, 2.4, 2.6, 3.1, 3.7, 4.3, 4.5, 4.7, 4.9, 5.1, 5.3, 5.4, 4.3, 3.8, 3.3, 2.9, 3.2, 3.4, 4.3, 4.7, 4.5, 3.8, 3.1, 2.8, 3.1, 3.4, 3.5, 3.3, 3.2, 3.3, 3.7, 4.1, 4.2, 4.4, 4.5, 4.7, 4.9, 5.1, 5.2, 3.8, 3.3, 2.9, 3.2, 3.4, 4.2, 4.7, 4.8, 4.8, 4.1, 3.4, 3.1, 3.5, 4.0, 4.3, 4.2, 4.1, 4.0, 4.1, 4.2, 4.2, 4.2, 4.4, 4.5, 4.7, 4.9, 5.1, 3.3, 2.9, 3.2, 3.4, 4.2, 4.7, 4.8, 4.8, 4.8, 4.2, 3.3, 2.9, 3.5, 4.4, 5.0, 5.1, 5.1, 4.3, 4.1, 4.2, 4.2, 4.2, 4.2, 4.4, 4.5, 4.7, 4.8, 3.0, 3.2, 3.4, 4.1, 4.7, 4.8, 4.8, 4.8, 4.8, 3.6, 3.0, 2.9, 3.5, 4.4, 4.9, 5.1, 5.1, 4.4, 4.1, 4.2, 4.2, 4.2, 4.2, 4.2, 4.4, 4.5, 4.7]}, "None|11": {"ny": 25, "nx": 26, "lat0": 55.8252991, "lon0": 13.5616698, "dLat": 8.983e-06, "dLon": 1.5992e-05, "slope": [9.6, 9.6, 9.8, 10.6, 11.5, 11.6, 11.8, 11.8, 9.8, 3.9, 3.8, 3.7, 3.5, 3.0, 3.2, 3.0, 3.1, 3.3, 3.8, 4.5, 5.1, 5.2, 5.3, 5.3, 5.3, 5.2, 9.6, 9.6, 9.6, 9.6, 9.9, 11.5, 11.6, 11.8, 11.3, 8.6, 3.9, 3.8, 3.5, 2.7, 2.5, 2.4, 2.4, 2.7, 3.2, 3.7, 4.3, 4.8, 5.3, 5.3, 5.2, 5.5, 8.9, 9.6, 9.6, 9.5, 9.3, 9.8, 11.5, 11.6, 11.8, 10.2, 4.4, 3.6, 2.4, 1.8, 1.7, 1.8, 2.0, 2.4, 2.9, 3.4, 3.8, 4.1, 4.6, 5.2, 5.5, 6.0, 8.2, 8.9, 9.6, 9.6, 9.4, 8.6, 9.7, 11.5, 11.6, 10.4, 4.2, 1.7, 1.0, 1.0, 1.1, 1.3, 1.9, 2.6, 3.1, 3.6, 3.9, 4.2, 4.6, 5.3, 6.0, 6.1, 7.5, 8.2, 8.8, 9.6, 9.5, 9.1, 8.6, 9.6, 10.7, 6.1, 1.9, 0.6, 0.5, 0.4, 0.6, 1.4, 2.2, 2.9, 3.5, 3.9, 4.3, 4.5, 4.9, 5.4, 6.0, 6.3, 7.0, 7.5, 8.2, 8.8, 9.6, 9.2, 6.8, 8.2, 5.9, 2.6, 1.2, 1.0, 0.6, 0.4, 1.0, 1.9, 2.8, 3.3, 3.8, 4.2, 4.5, 4.7, 5.0, 5.4, 5.7, 5.8, 6.9, 7.0, 7.5, 8.2, 8.7, 9.1, 5.7, 4.4, 2.4, 1.4, 1.2, 0.9, 0.8, 1.1, 1.9, 2.7, 3.2, 3.6, 3.9, 4.2, 4.4, 4.5, 4.7, 5.1, 5.2, 5.2, 6.8, 6.9, 7.0, 7.4, 8.0, 6.0, 3.2, 1.8, 1.2, 1.0, 0.8, 1.0, 1.5, 2.1, 2.6, 3.1, 3.4, 3.7, 4.0, 4.2, 4.2, 4.2, 4.4, 4.6, 4.7, 4.6, 7.3, 6.8, 6.9, 6.9, 5.6, 3.0, 1.4, 0.9, 0.9, 0.8, 0.9, 1.5, 2.2, 2.7, 3.0, 3.2, 3.4, 3.7, 3.9, 4.0, 4.0, 3.9, 4.0, 4.1, 4.1, 4.1, 7.8, 7.4, 6.7, 5.6, 3.6, 1.9, 1.0, 0.9, 1.0, 1.2, 1.4, 2.1, 2.7, 3.0, 3.1, 3.2, 3.4, 3.7, 3.7, 3.7, 3.6, 3.5, 3.5, 3.5, 3.5, 3.5, 8.7, 7.8, 6.2, 4.3, 2.7, 1.7, 1.4, 1.5, 1.7, 1.7, 1.9, 2.4, 2.9, 3.1, 3.0, 3.1, 3.3, 3.5, 3.3, 3.2, 3.2, 3.1, 3.0, 3.0, 3.0, 3.1, 9.4, 7.7, 5.8, 4.0, 2.8, 2.3, 2.3, 2.4, 2.5, 2.3, 2.3, 2.5, 2.9, 3.0, 2.8, 2.8, 3.1, 3.1, 2.9, 2.8, 2.9, 2.8, 2.7, 2.7, 2.8, 2.9, 9.3, 7.5, 5.7, 4.3, 3.5, 3.3, 3.3, 3.3, 3.1, 2.8, 2.5, 2.4, 2.7, 2.7, 2.5, 2.6, 2.8, 2.8, 2.7, 2.6, 2.7, 2.7, 2.7, 2.8, 2.8, 2.8, 8.5, 6.9, 5.5, 4.6, 4.2, 4.0, 4.0, 3.7, 3.4, 3.0, 2.5, 2.3, 2.4, 2.5, 2.3, 2.2, 2.4, 2.5, 2.5, 2.6, 2.6, 2.8, 2.9, 3.1, 3.1, 2.9, 8.0, 5.8, 4.9, 4.5, 4.3, 4.2, 4.1, 3.8, 3.4, 3.1, 2.7, 2.4, 2.4, 2.4, 2.2, 1.9, 1.9, 2.1, 2.3, 2.4, 2.6, 2.7, 3.0, 3.3, 3.4, 3.4, 6.3, 5.3, 4.1, 3.9, 4.0, 4.0, 3.9, 3.7, 3.4, 3.2, 3.0, 2.8, 2.7, 2.5, 2.2, 1.8, 1.7, 1.8, 1.9, 2.1, 2.3, 2.5, 2.8, 3.2, 3.4, 3.4, 5.2, 5.2, 3.8, 3.3, 3.5, 3.7, 3.8, 3.7, 3.6, 3.5, 3.4, 3.2, 3.0, 2.8, 2.4, 2.0, 1.8, 1.8, 1.7, 1.7, 1.9, 2.2, 2.6, 3.0, 3.0, 3.3, 5.2, 4.4, 3.8, 3.1, 3.3, 3.9, 4.1, 4.1, 3.9, 3.8, 3.6, 3.4, 3.1, 2.8, 2.4, 2.1, 2.0, 1.9, 1.7, 1.4, 1.4, 1.7, 2.2, 2.6, 2.7, 2.7, 4.4, 3.8, 3.4, 3.1, 3.8, 4.3, 4.7, 4.7, 4.5, 4.2, 3.8, 3.4, 2.9, 2.5, 2.2, 2.0, 2.0, 1.9, 1.7, 1.3, 1.0, 1.0, 1.5, 1.6, 2.5, 2.7, 3.8, 3.4, 3.1, 3.7, 4.1, 4.9, 5.1, 5.2, 5.0, 4.6, 4.2, 3.6, 3.0, 2.5, 2.1, 1.9, 1.8, 1.7, 1.6, 1.5, 1.1, 0.5, 0.7, 0.7, 0.7, 2.3, 3.4, 3.2, 3.6, 4.1, 4.8, 5.2, 5.3, 5.2, 5.2, 5.0, 4.6, 4.1, 3.4, 2.7, 2.1, 1.8, 1.6, 1.6, 1.5, 1.5, 1.4, 1.2, 1.2, 0.8, 0.7, 0.7, 3.2, 3.6, 4.1, 4.7, 5.2, 5.3, 5.3, 5.2, 5.3, 5.2, 5.0, 4.4, 3.6, 2.8, 2.1, 1.5, 1.4, 1.4, 1.5, 1.5, 1.4, 1.4, 1.2, 1.2, 0.8, 0.7, 3.6, 4.1, 4.7, 5.2, 5.3, 5.3, 5.3, 5.3, 5.3, 5.4, 5.2, 4.5, 3.7, 2.8, 1.9, 1.0, 1.0, 1.3, 1.5, 1.4, 1.3, 1.4, 1.4, 1.2, 1.2, 0.9, 4.0, 4.7, 5.2, 5.3, 5.3, 5.3, 5.3, 5.3, 5.4, 5.5, 5.2, 4.6, 3.8, 3.0, 1.9, 0.6, 0.7, 0.9, 1.4, 1.4, 1.3, 1.3, 1.4, 1.4, 1.2, 1.2, 4.6, 5.2, 5.3, 5.3, 5.3, 5.3, 5.3, 5.4, 5.5, 5.2, 5.1, 4.6, 3.9, 3.0, 1.9, 0.6, 0.7, 0.8, 1.3, 1.4, 1.3, 1.3, 1.3, 1.4, 1.4, 1.2]}, "None|12": {"ny": 21, "nx": 26, "lat0": 55.8267167, "lon0": 13.5545293, "dLat": 8.983e-06, "dLon": 1.5993e-05, "slope": [3.5, 3.5, 3.5, 4.2, 6.1, 6.1, 6.1, 5.6, 4.6, 4.6, 4.4, 3.7, 3.9, 3.4, 2.2, 3.2, 5.0, 5.8, 4.6, 3.1, 2.1, 1.8, 2.0, 2.5, 2.4, 2.2, 3.5, 3.5, 3.5, 4.1, 6.1, 6.1, 6.1, 5.8, 5.2, 4.6, 4.4, 3.5, 3.7, 3.5, 2.1, 3.1, 4.6, 5.0, 4.1, 2.9, 1.9, 1.4, 1.5, 1.9, 2.1, 2.1, 3.5, 3.5, 3.5, 3.7, 4.8, 6.1, 6.1, 5.9, 5.6, 4.8, 4.4, 3.5, 3.6, 3.3, 2.8, 3.3, 4.0, 4.0, 3.4, 2.5, 1.7, 1.1, 0.9, 1.3, 1.6, 1.4, 3.5, 3.5, 3.5, 3.5, 3.5, 4.5, 6.1, 5.9, 5.6, 4.7, 3.3, 1.9, 2.3, 2.8, 3.0, 3.2, 3.3, 3.1, 2.6, 2.0, 1.5, 0.9, 0.5, 0.8, 1.1, 1.1, 2.8, 3.5, 3.5, 3.5, 3.3, 3.1, 3.9, 3.9, 4.1, 3.8, 2.6, 1.1, 1.1, 2.1, 2.6, 2.7, 2.6, 2.4, 2.1, 1.6, 1.3, 0.8, 0.3, 0.4, 0.7, 0.7, 1.9, 2.6, 2.6, 2.7, 2.4, 2.0, 2.0, 2.4, 3.0, 3.2, 2.6, 1.6, 1.1, 1.5, 1.9, 2.1, 2.1, 1.9, 1.7, 1.4, 1.1, 0.8, 0.4, 0.3, 0.5, 0.5, 1.9, 1.8, 1.8, 2.1, 1.9, 1.7, 1.6, 2.0, 2.5, 2.9, 2.7, 2.2, 1.5, 1.3, 1.5, 1.7, 1.7, 1.6, 1.4, 1.1, 0.9, 0.7, 0.5, 0.2, 0.3, 0.5, 1.9, 1.9, 2.1, 2.2, 2.0, 1.8, 1.7, 1.8, 2.2, 2.6, 2.7, 2.4, 2.0, 1.6, 1.5, 1.4, 1.4, 1.2, 1.0, 0.8, 0.7, 0.7, 0.6, 0.4, 0.2, 0.5, 2.2, 2.2, 2.6, 2.4, 2.1, 1.9, 1.8, 1.9, 2.2, 2.4, 2.6, 2.4, 2.2, 1.9, 1.6, 1.3, 1.1, 0.9, 0.7, 0.4, 0.4, 0.6, 0.7, 0.6, 0.4, 0.5, 2.5, 2.6, 2.8, 2.4, 2.1, 2.1, 2.1, 2.2, 2.3, 2.5, 2.5, 2.4, 2.2, 1.9, 1.6, 1.2, 0.8, 0.6, 0.4, 0.2, 0.2, 0.6, 0.9, 0.8, 0.5, 0.5, 3.4, 2.6, 2.7, 2.3, 2.1, 2.3, 2.5, 2.5, 2.5, 2.5, 2.4, 2.2, 2.0, 1.8, 1.6, 1.2, 0.8, 0.5, 0.3, 0.3, 0.3, 0.6, 0.9, 0.9, 0.5, 0.5, 4.1, 2.7, 2.5, 2.1, 2.2, 2.6, 2.8, 2.8, 2.6, 2.4, 2.1, 1.9, 1.8, 1.7, 1.5, 1.2, 0.8, 0.5, 0.2, 0.2, 0.1, 0.5, 0.8, 0.8, 0.8, 0.5, 4.4, 2.6, 2.1, 1.9, 2.2, 2.7, 3.1, 3.0, 2.6, 2.1, 1.7, 1.6, 1.5, 1.5, 1.5, 1.3, 0.9, 0.5, 0.1, 0.3, 0.5, 0.8, 1.2, 1.2, 0.9, 0.8, 4.6, 2.1, 1.4, 1.7, 2.3, 2.8, 3.1, 2.9, 2.4, 1.8, 1.4, 1.3, 1.3, 1.4, 1.6, 1.5, 1.2, 0.7, 0.3, 0.8, 1.2, 1.6, 1.6, 1.2, 1.2, 0.9, 3.0, 1.6, 0.8, 1.6, 2.3, 2.8, 3.0, 2.8, 2.2, 1.6, 1.2, 1.0, 1.0, 1.3, 1.7, 1.8, 1.7, 1.2, 0.8, 1.3, 1.3, 1.6, 1.6, 1.6, 1.2, 1.2, 1.5, 1.5, 0.9, 1.8, 2.5, 2.9, 3.0, 2.7, 2.2, 1.5, 1.0, 0.6, 0.7, 1.2, 1.8, 2.3, 2.4, 2.0, 1.3, 1.3, 1.3, 1.6, 1.6, 1.6, 1.6, 1.2, 1.5, 1.5, 1.3, 2.1, 2.7, 3.0, 3.0, 2.7, 2.2, 1.5, 0.8, 0.3, 0.8, 1.5, 2.1, 2.7, 2.9, 2.9, 1.4, 1.3, 1.3, 1.3, 1.6, 1.6, 1.6, 1.6, 1.7, 1.7, 1.7, 2.5, 3.0, 3.3, 3.3, 3.0, 2.5, 1.6, 0.8, 0.8, 1.5, 2.0, 2.4, 2.5, 2.9, 3.0, 1.5, 1.3, 1.3, 1.3, 1.6, 1.6, 1.6, 1.6, 1.9, 2.0, 2.0, 2.7, 3.5, 3.8, 3.8, 3.4, 2.7, 1.8, 1.2, 1.7, 2.2, 2.4, 2.5, 2.5, 2.9, 3.0, 2.8, 1.5, 1.3, 1.3, 1.4, 1.6, 1.6, 1.6, 2.0, 2.0, 2.0, 3.2, 3.8, 4.0, 4.1, 3.7, 2.9, 2.0, 1.8, 2.0, 2.4, 2.5, 2.5, 2.5, 2.6, 2.9, 3.0, 1.5, 1.3, 1.3, 1.3, 1.6, 1.6, 1.6, 2.0, 2.0, 2.8, 3.7, 3.8, 4.1, 4.2, 3.8, 2.9, 2.0, 1.9, 2.0, 2.4, 2.5, 2.5, 2.5, 2.5, 2.9, 3.0, 2.8, 1.6, 1.3, 1.3, 1.3, 1.6, 1.6]}, "None|13": {"ny": 28, "nx": 18, "lat0": 55.8255173, "lon0": 13.5543964, "dLat": 8.983e-06, "dLon": 1.5992e-05, "slope": [2.5, 3.7, 4.0, 5.1, 5.3, 6.2, 6.1, 6.0, 6.2, 6.4, 6.4, 6.7, 6.7, 6.7, 6.7, 6.6, 6.6, 6.6, 2.0, 2.4, 3.7, 4.0, 5.1, 5.1, 5.1, 5.2, 5.4, 5.7, 6.1, 6.6, 6.7, 6.7, 6.6, 6.6, 6.6, 6.5, 1.7, 2.0, 2.4, 3.7, 4.0, 4.1, 4.4, 4.7, 4.9, 5.2, 5.4, 5.8, 6.6, 6.6, 6.6, 6.5, 6.1, 5.7, 1.5, 1.6, 2.0, 2.9, 3.3, 3.7, 4.1, 4.3, 4.5, 4.7, 5.0, 5.2, 5.6, 6.5, 6.4, 5.9, 3.3, 3.3, 1.5, 1.6, 1.9, 2.6, 3.2, 3.7, 3.9, 4.0, 4.2, 4.4, 4.6, 4.8, 5.0, 4.8, 4.6, 3.3, 3.3, 3.3, 3.7, 2.3, 2.3, 2.8, 3.3, 3.6, 3.7, 3.7, 3.8, 4.0, 4.2, 4.4, 4.5, 4.1, 3.3, 3.3, 3.3, 3.5, 4.2, 3.1, 2.8, 3.0, 3.3, 3.3, 3.3, 3.4, 3.5, 3.6, 3.8, 3.9, 4.1, 3.8, 3.2, 3.2, 3.4, 4.6, 4.6, 3.5, 3.0, 2.9, 2.9, 2.9, 3.0, 3.1, 3.2, 3.3, 3.4, 3.5, 3.8, 3.9, 3.7, 3.8, 4.6, 4.6, 4.5, 3.5, 2.6, 2.5, 2.5, 2.6, 2.8, 2.9, 3.0, 3.1, 3.1, 3.3, 3.7, 4.2, 4.4, 4.6, 4.6, 4.5, 4.2, 3.2, 2.2, 2.1, 2.3, 2.5, 2.6, 2.8, 2.9, 2.9, 2.9, 3.1, 3.7, 4.5, 4.8, 4.2, 4.2, 4.2, 3.9, 2.8, 1.7, 1.8, 2.2, 2.4, 2.5, 2.6, 2.7, 2.8, 2.8, 3.0, 3.7, 4.6, 5.0, 4.3, 4.2, 4.3, 3.4, 2.3, 1.3, 1.7, 2.3, 2.5, 2.5, 2.6, 2.6, 2.6, 2.6, 2.9, 3.7, 4.5, 4.9, 4.6, 4.4, 4.4, 2.8, 1.5, 0.9, 1.8, 2.4, 2.6, 2.6, 2.5, 2.5, 2.5, 2.6, 2.9, 3.6, 4.3, 4.8, 4.9, 4.9, 4.9, 2.2, 0.7, 1.1, 2.1, 2.7, 2.8, 2.7, 2.5, 2.4, 2.3, 2.5, 2.9, 3.5, 4.2, 4.7, 4.9, 5.1, 5.1, 1.7, 1.2, 1.8, 2.6, 3.1, 3.0, 2.8, 2.5, 2.3, 2.3, 2.6, 3.0, 3.6, 4.1, 4.5, 4.7, 4.8, 4.8, 2.3, 2.2, 2.7, 3.2, 3.3, 3.1, 2.7, 2.4, 2.3, 2.4, 2.8, 3.2, 3.6, 3.9, 4.1, 4.2, 4.3, 4.3, 3.4, 3.3, 3.3, 3.5, 3.4, 3.0, 2.6, 2.3, 2.3, 2.5, 2.9, 3.2, 3.4, 3.6, 3.7, 3.7, 3.7, 3.6, 4.3, 4.0, 3.7, 3.6, 3.3, 2.9, 2.5, 2.3, 2.4, 2.6, 2.8, 3.0, 3.1, 3.2, 3.2, 3.1, 3.1, 3.1, 4.9, 4.4, 3.9, 3.5, 3.2, 2.9, 2.6, 2.5, 2.5, 2.6, 2.6, 2.7, 2.8, 2.8, 2.8, 2.7, 2.6, 2.6, 5.2, 4.6, 3.9, 3.4, 3.2, 2.9, 2.8, 2.6, 2.5, 2.4, 2.3, 2.4, 2.5, 2.5, 2.4, 2.3, 2.2, 2.1, 5.4, 4.7, 3.9, 3.4, 3.2, 3.0, 2.8, 2.5, 2.3, 2.0, 1.9, 2.0, 2.2, 2.3, 2.1, 2.0, 1.8, 1.8, 5.4, 4.9, 4.1, 3.5, 3.1, 2.9, 2.6, 2.3, 1.9, 1.6, 1.6, 1.8, 2.1, 2.2, 2.0, 1.9, 1.6, 1.6, 5.0, 4.9, 4.3, 3.5, 3.0, 2.7, 2.3, 2.0, 1.6, 1.4, 1.4, 1.7, 2.2, 2.3, 2.1, 1.9, 1.7, 1.6, 4.9, 4.9, 4.4, 3.6, 3.1, 2.7, 2.3, 1.9, 1.5, 1.3, 1.4, 1.7, 2.2, 2.4, 2.3, 2.1, 2.0, 1.8, 4.9, 4.9, 4.4, 3.8, 3.4, 3.0, 2.5, 2.0, 1.7, 1.5, 1.4, 1.6, 2.1, 2.4, 2.3, 2.2, 2.1, 2.0, 4.9, 4.5, 4.1, 4.0, 3.8, 3.4, 2.9, 2.4, 2.1, 1.8, 1.4, 1.2, 1.7, 2.3, 2.5, 2.4, 2.2, 2.1, 4.5, 4.1, 4.0, 4.0, 3.9, 3.8, 3.5, 3.0, 2.6, 2.1, 1.6, 0.9, 1.2, 1.5, 2.1, 2.5, 2.4, 2.2, 4.1, 4.0, 4.0, 4.0, 3.9, 3.8, 3.5, 3.0, 2.6, 2.1, 1.6, 0.9, 1.1, 1.5, 1.5, 2.0, 2.5, 2.4]}, "None|14": {"ny": 31, "nx": 20, "lat0": 55.8214903, "lon0": 13.5564959, "dLat": 8.983e-06, "dLon": 1.5991e-05, "slope": [5.9, 5.1, 4.8, 4.4, 4.1, 3.6, 3.2, 2.7, 2.5, 2.1, 1.5, 1.0, 0.9, 1.7, 2.8, 3.5, 3.7, 4.1, 4.4, 4.9, 6.4, 5.9, 5.1, 4.8, 4.4, 4.1, 3.6, 3.3, 2.5, 1.7, 1.1, 0.6, 0.5, 1.1, 1.9, 3.0, 4.1, 4.4, 4.9, 4.9, 6.5, 6.4, 5.9, 5.1, 4.9, 4.4, 4.1, 3.2, 2.0, 1.1, 0.7, 0.8, 1.0, 1.2, 1.6, 2.3, 3.5, 4.8, 4.8, 4.8, 6.5, 6.5, 6.5, 6.0, 5.2, 4.9, 4.1, 2.9, 1.8, 1.2, 1.2, 1.4, 1.5, 1.5, 1.7, 2.2, 2.8, 3.2, 3.2, 3.2, 6.5, 6.5, 6.5, 6.5, 6.0, 5.0, 4.0, 2.9, 2.1, 1.8, 1.9, 1.9, 1.8, 1.7, 1.8, 2.2, 2.6, 2.8, 2.8, 2.8, 11.5, 10.6, 6.5, 6.5, 6.2, 4.7, 3.7, 2.9, 2.4, 2.2, 2.2, 2.1, 1.9, 1.8, 1.8, 2.1, 2.4, 2.5, 2.5, 2.5, 13.7, 13.3, 11.8, 11.0, 6.3, 4.0, 3.1, 2.5, 2.3, 2.3, 2.3, 2.1, 1.9, 1.7, 1.7, 1.9, 2.1, 2.1, 2.1, 2.1, 13.7, 13.7, 13.7, 12.5, 5.9, 3.3, 2.5, 2.1, 2.1, 2.2, 2.1, 1.9, 1.7, 1.6, 1.5, 1.6, 1.6, 1.5, 1.5, 1.5, 10.1, 12.1, 12.0, 11.1, 5.0, 2.7, 2.0, 1.8, 2.0, 2.1, 2.0, 1.8, 1.7, 1.6, 1.5, 1.3, 1.2, 0.9, 0.9, 0.9, 8.2, 9.1, 9.0, 8.0, 3.8, 2.4, 1.8, 1.8, 2.1, 2.3, 2.1, 2.0, 1.9, 1.8, 1.5, 1.2, 0.9, 0.5, 0.5, 0.5, 8.1, 8.1, 7.8, 4.6, 2.9, 2.2, 1.9, 2.1, 2.4, 2.4, 2.2, 2.0, 1.9, 1.8, 1.5, 1.2, 0.8, 0.5, 0.5, 0.4, 6.3, 6.1, 4.4, 2.6, 2.4, 2.0, 2.0, 2.4, 2.5, 2.4, 2.1, 1.9, 1.7, 1.5, 1.4, 1.2, 0.9, 0.6, 0.4, 0.4, 5.5, 5.3, 2.1, 2.1, 2.0, 1.8, 2.1, 2.3, 2.3, 2.1, 1.8, 1.6, 1.5, 1.4, 1.3, 1.3, 1.1, 0.8, 0.6, 0.6, 3.3, 3.5, 1.9, 2.0, 1.7, 1.6, 1.9, 2.0, 1.9, 1.6, 1.4, 1.4, 1.3, 1.3, 1.4, 1.4, 1.3, 1.2, 0.9, 0.9, 2.2, 2.0, 2.0, 1.6, 1.2, 1.2, 1.5, 1.6, 1.4, 1.2, 1.1, 1.2, 1.2, 1.3, 1.4, 1.5, 1.5, 1.5, 1.4, 1.4, 2.2, 2.1, 1.8, 1.2, 0.6, 0.7, 1.1, 1.2, 1.1, 1.1, 1.1, 1.2, 1.2, 1.1, 1.2, 1.4, 1.5, 1.7, 1.9, 1.9, 3.3, 2.4, 1.5, 0.7, 0.2, 0.6, 1.0, 1.1, 1.1, 1.1, 1.2, 1.2, 1.1, 0.9, 1.1, 1.3, 1.4, 1.7, 2.1, 2.1, 3.5, 2.2, 1.1, 0.4, 0.3, 0.7, 1.1, 1.2, 1.2, 1.3, 1.4, 1.4, 1.1, 1.0, 1.1, 1.2, 1.3, 1.5, 1.5, 2.0, 2.7, 1.6, 0.8, 0.5, 0.6, 0.9, 1.2, 1.4, 1.4, 1.4, 1.5, 1.4, 1.3, 1.4, 1.4, 1.3, 1.3, 1.3, 1.3, 1.3, 2.5, 1.5, 0.9, 0.7, 0.7, 1.0, 1.2, 1.4, 1.4, 1.4, 1.5, 1.4, 1.5, 1.7, 1.8, 1.8, 1.8, 1.8, 1.4, 1.3, 3.0, 2.1, 1.4, 1.1, 0.9, 0.9, 1.2, 1.4, 1.5, 1.6, 1.5, 1.5, 1.5, 1.8, 2.2, 2.4, 2.5, 2.5, 2.5, 1.5, 3.5, 2.8, 2.2, 1.7, 1.3, 1.0, 1.1, 1.4, 1.7, 1.8, 1.7, 1.5, 1.4, 1.7, 2.2, 2.7, 2.7, 2.5, 2.5, 2.5, 3.8, 3.4, 2.9, 2.4, 1.9, 1.5, 1.2, 1.4, 1.8, 1.9, 1.8, 1.4, 1.2, 1.4, 1.9, 2.5, 2.5, 2.5, 2.5, 2.5, 3.9, 3.8, 3.5, 3.0, 2.5, 2.0, 1.5, 1.4, 1.6, 1.7, 1.6, 1.3, 1.1, 1.3, 1.7, 2.2, 2.3, 2.3, 2.3, 2.3, 4.0, 4.1, 3.9, 3.5, 2.9, 2.3, 1.6, 1.0, 1.0, 1.4, 1.6, 1.6, 1.6, 1.7, 2.1, 2.2, 2.3, 2.3, 2.3, 2.3, 4.1, 4.3, 4.3, 3.9, 3.4, 2.7, 1.8, 0.8, 0.6, 1.1, 1.5, 1.8, 2.0, 2.4, 2.9, 3.0, 3.0, 2.4, 2.3, 2.3, 4.1, 4.3, 4.5, 4.3, 3.9, 3.2, 2.3, 1.3, 0.4, 0.7, 1.2, 1.7, 2.3, 2.9, 3.1, 3.0, 3.0, 3.0, 3.0, 2.5, 4.2, 4.3, 4.3, 4.4, 4.2, 3.7, 2.8, 1.9, 1.0, 0.4, 0.7, 1.4, 2.2, 2.5, 3.0, 3.1, 3.0, 3.0, 3.0, 3.0, 4.3, 4.3, 4.2, 4.2, 4.2, 3.8, 3.1, 2.3, 1.6, 0.9, 0.6, 1.1, 1.3, 2.2, 2.5, 2.9, 3.1, 3.0, 3.0, 3.0, 4.3, 4.2, 4.1, 4.1, 4.2, 3.9, 3.0, 2.3, 1.9, 1.8, 0.8, 1.0, 1.2, 1.3, 2.1, 2.5, 2.9, 3.1, 3.0, 3.0, 4.2, 4.1, 4.1, 4.1, 4.2, 3.3, 2.7, 2.3, 2.0, 1.9, 0.9, 1.0, 1.2, 1.2, 1.2, 2.1, 2.5, 2.9, 3.1, 3.0]}, "None|15": {"ny": 27, "nx": 25, "lat0": 55.8237878, "lon0": 13.5524974, "dLat": 8.983e-06, "dLon": 1.5992e-05, "slope": [5.6, 5.4, 4.9, 4.8, 4.3, 3.0, 2.2, 1.8, 1.8, 2.3, 3.0, 3.5, 5.7, 5.7, 5.8, 5.9, 5.8, 5.5, 5.5, 5.6, 6.1, 7.1, 7.1, 7.1, 7.1, 5.7, 5.6, 5.5, 4.7, 3.3, 2.5, 2.3, 2.4, 2.7, 3.1, 3.7, 4.6, 5.7, 5.8, 5.9, 5.8, 5.5, 5.5, 5.6, 6.1, 7.1, 7.1, 7.1, 7.1, 7.1, 5.7, 5.7, 5.4, 3.5, 2.0, 1.6, 2.1, 2.5, 2.9, 3.2, 3.5, 4.0, 4.8, 5.9, 5.9, 5.5, 5.5, 5.6, 6.0, 7.1, 7.1, 7.1, 7.1, 7.3, 7.4, 6.2, 6.1, 4.8, 2.5, 0.9, 0.8, 1.7, 2.3, 2.7, 2.8, 3.0, 3.3, 3.7, 4.4, 5.4, 5.5, 5.6, 5.9, 7.1, 7.1, 7.1, 7.3, 7.4, 7.9, 7.8, 6.4, 6.2, 4.3, 2.5, 1.3, 1.0, 1.4, 1.9, 2.2, 2.2, 2.3, 2.4, 2.5, 2.9, 3.9, 5.5, 5.9, 7.1, 7.1, 7.2, 7.3, 7.9, 7.9, 7.8, 7.1, 4.7, 4.6, 3.8, 2.8, 2.1, 1.7, 1.5, 1.5, 1.4, 1.4, 1.5, 1.6, 1.5, 2.0, 3.4, 5.1, 7.0, 7.0, 7.3, 7.9, 7.9, 7.9, 7.7, 7.2, 5.7, 2.0, 2.6, 3.2, 3.1, 2.7, 2.2, 1.7, 1.4, 1.1, 1.0, 1.0, 1.0, 1.3, 2.3, 3.7, 5.1, 6.7, 6.9, 7.9, 7.9, 7.7, 7.7, 6.7, 5.7, 5.7, 1.4, 1.5, 2.8, 3.1, 2.9, 2.4, 1.9, 1.5, 1.3, 1.1, 1.1, 1.2, 2.0, 3.0, 4.2, 5.4, 6.6, 7.8, 7.8, 7.7, 7.1, 6.7, 5.7, 5.7, 5.7, 1.4, 1.0, 2.5, 3.0, 3.0, 2.6, 2.0, 1.6, 1.3, 1.2, 1.2, 1.7, 2.6, 3.6, 4.5, 5.6, 6.5, 7.3, 7.3, 7.1, 6.8, 5.7, 5.7, 5.7, 5.0, 2.5, 1.9, 2.7, 3.1, 3.1, 2.9, 2.3, 1.8, 1.5, 1.4, 1.5, 2.1, 3.0, 3.9, 4.8, 5.7, 6.2, 6.4, 6.8, 6.8, 5.7, 5.7, 5.1, 5.0, 3.2, 3.7, 3.0, 3.2, 3.3, 3.3, 3.3, 2.9, 2.4, 2.1, 1.9, 2.0, 2.6, 3.3, 4.0, 4.7, 5.4, 5.5, 5.3, 5.3, 5.4, 5.4, 5.1, 3.2, 3.2, 3.2, 3.9, 3.6, 3.5, 3.4, 3.5, 3.6, 3.5, 3.2, 2.8, 2.6, 2.6, 2.9, 3.4, 3.9, 4.3, 4.7, 4.7, 4.2, 4.0, 4.0, 3.9, 3.2, 3.2, 3.0, 3.0, 3.7, 3.7, 3.5, 3.4, 3.5, 3.7, 3.8, 3.7, 3.5, 3.2, 3.0, 3.0, 3.1, 3.3, 3.6, 4.0, 3.9, 3.5, 3.3, 3.3, 3.1, 3.1, 3.0, 2.7, 2.7, 3.1, 3.4, 3.3, 3.2, 3.3, 3.5, 3.6, 3.8, 3.8, 3.6, 3.2, 2.8, 2.5, 2.5, 2.8, 3.3, 3.4, 3.2, 3.0, 3.0, 2.9, 2.9, 2.7, 2.7, 2.7, 2.2, 2.8, 3.1, 3.2, 3.2, 3.3, 3.4, 3.6, 3.8, 3.6, 3.1, 2.4, 1.8, 1.6, 2.1, 2.7, 3.0, 3.0, 2.9, 2.9, 2.7, 2.7, 2.7, 2.7, 2.7, 1.3, 2.4, 3.1, 3.4, 3.4, 3.3, 3.3, 3.4, 3.5, 3.4, 3.0, 2.4, 1.5, 1.0, 1.5, 2.1, 2.5, 2.6, 2.7, 2.7, 2.6, 2.6, 2.7, 2.7, 2.5, 1.1, 2.5, 3.4, 3.7, 3.7, 3.5, 3.3, 3.2, 3.1, 3.0, 2.8, 2.5, 1.8, 1.0, 1.0, 1.5, 1.8, 2.0, 2.3, 2.4, 2.5, 2.7, 2.6, 2.5, 2.0, 2.2, 2.8, 3.3, 3.7, 3.8, 3.6, 3.3, 3.1, 3.0, 2.9, 2.7, 2.7, 2.4, 1.7, 0.9, 0.9, 1.2, 1.5, 1.7, 2.0, 2.4, 2.7, 2.6, 2.0, 1.9, 2.8, 3.2, 3.3, 2.4, 2.7, 3.2, 3.2, 3.2, 3.1, 2.9, 2.7, 2.7, 2.7, 2.3, 1.4, 0.5, 0.7, 1.1, 1.4, 1.8, 2.4, 2.8, 2.7, 2.3, 2.2, 3.2, 3.3, 2.4, 1.9, 1.2, 1.7, 2.7, 3.2, 3.4, 3.2, 2.8, 2.6, 2.6, 2.4, 1.9, 0.9, 0.5, 0.8, 1.3, 1.9, 2.6, 3.0, 3.1, 3.2, 3.2, 3.3, 2.4, 1.9, 1.2, 0.8, 1.9, 2.0, 2.9, 3.5, 3.5, 3.0, 2.6, 2.4, 2.4, 2.2, 1.5, 0.7, 0.7, 1.2, 2.0, 2.6, 2.9, 3.1, 3.6, 3.7, 2.5, 1.9, 1.2, 0.8, 1.8, 2.3, 2.4, 2.3, 3.3, 3.7, 3.3, 2.8, 2.6, 2.5, 2.4, 1.9, 1.1, 0.8, 1.3, 2.0, 2.3, 2.5, 2.7, 3.2, 3.3, 1.9, 1.2, 0.8, 1.7, 2.3, 2.4, 2.4, 1.5, 2.2, 3.4, 3.6, 3.3, 3.0, 2.8, 2.6, 2.2, 1.6, 1.2, 1.4, 1.8, 2.1, 2.2, 2.3, 2.5, 2.6, 1.3, 0.8, 1.7, 2.3, 2.4, 5.0, 6.3, 6.4, 2.5, 2.1, 3.4, 3.7, 3.4, 3.2, 3.0, 2.7, 2.3, 2.0, 2.1, 2.3, 2.6, 2.9, 3.0, 2.7, 2.6, 0.9, 1.6, 2.3, 4.8, 6.1, 6.6, 6.7, 6.7, 5.5, 2.2, 2.2, 3.4, 3.5, 3.3, 3.3, 3.3, 3.3, 3.4, 3.6, 3.8, 4.1, 4.3, 4.3, 3.4, 2.7, 1.6, 4.5, 6.0, 6.5, 6.7, 6.7, 8.3, 9.3, 9.3, 5.2, 2.1, 2.4, 2.8, 3.0, 3.4, 3.9, 4.5, 5.0, 5.3, 5.5, 5.6, 4.7, 4.3, 4.3, 3.5, 4.3, 6.4, 6.7, 6.7, 8.2, 9.2, 9.4, 9.5, 9.5, 5.4, 2.7, 1.9, 1.6, 2.2, 3.3, 4.4, 5.4, 5.7, 5.5, 5.5, 5.6, 4.9, 4.4, 4.3, 4.3]}, "None|16": {"ny": 22, "nx": 33, "lat0": 55.8247374, "lon0": 13.5460282, "dLat": 8.983e-06, "dLon": 1.5992e-05, "slope": [7.4, 8.1, 8.1, 8.3, 9.9, 12.6, 12.6, 12.3, 11.4, 10.5, 10.2, 10.6, 11.1, 11.9, 10.8, 9.9, 9.4, 9.1, 9.2, 8.9, 7.1, 6.5, 3.2, 3.2, 2.9, 2.0, 2.0, 1.9, 1.6, 0.8, 0.9, 1.0, 1.1, 6.9, 7.4, 8.1, 8.1, 8.3, 9.9, 12.6, 12.3, 11.5, 10.5, 10.2, 10.5, 10.7, 10.4, 9.5, 8.7, 8.1, 7.7, 7.5, 7.3, 7.0, 6.5, 3.2, 3.0, 2.0, 2.0, 1.9, 1.6, 0.8, 0.9, 1.0, 1.1, 1.3, 7.3, 6.9, 7.3, 8.1, 8.2, 8.5, 9.6, 9.1, 7.9, 6.8, 6.9, 7.8, 8.3, 8.0, 7.3, 6.7, 6.2, 5.7, 5.5, 5.4, 5.1, 4.4, 3.2, 2.9, 2.0, 1.9, 1.7, 0.8, 0.9, 1.0, 1.1, 1.3, 1.6, 7.6, 7.3, 6.8, 6.0, 5.6, 5.6, 5.6, 5.0, 3.7, 2.9, 4.1, 5.6, 6.2, 5.9, 5.3, 4.8, 4.4, 4.0, 3.9, 3.9, 3.7, 3.3, 2.9, 2.0, 1.9, 1.7, 0.8, 0.9, 1.0, 1.1, 1.3, 1.6, 2.2, 8.1, 7.6, 5.6, 3.7, 2.9, 2.8, 2.9, 2.6, 1.5, 1.1, 3.1, 4.6, 4.9, 4.4, 3.9, 3.6, 3.3, 3.0, 2.8, 2.7, 2.5, 2.4, 2.6, 2.7, 1.9, 1.0, 0.9, 1.0, 1.0, 1.3, 1.5, 2.2, 2.6, 8.5, 6.6, 4.2, 2.4, 1.5, 1.2, 1.6, 1.8, 1.4, 1.4, 2.8, 3.9, 4.0, 3.3, 2.9, 2.9, 2.8, 2.5, 2.2, 1.9, 1.5, 1.4, 2.0, 2.6, 2.7, 2.2, 1.2, 1.0, 1.3, 1.5, 2.1, 2.6, 3.5, 7.1, 5.0, 3.2, 2.0, 1.1, 0.4, 1.0, 1.5, 1.7, 1.8, 2.5, 3.2, 3.1, 2.4, 2.1, 2.2, 2.2, 2.0, 1.7, 1.3, 0.9, 0.7, 1.3, 2.0, 2.4, 2.6, 2.4, 1.5, 1.5, 2.1, 2.5, 3.5, 3.9, 5.0, 3.9, 2.8, 2.0, 1.3, 0.5, 0.6, 1.2, 1.6, 1.8, 2.1, 2.4, 2.3, 1.8, 1.4, 1.4, 1.5, 1.4, 1.0, 0.7, 0.4, 0.2, 0.8, 1.5, 1.8, 2.2, 2.6, 2.6, 2.3, 2.5, 3.5, 3.8, 4.6, 3.5, 3.3, 2.7, 2.1, 1.6, 1.0, 0.6, 0.8, 1.2, 1.4, 1.6, 1.7, 1.7, 1.3, 1.0, 0.9, 1.0, 0.9, 0.5, 0.2, 0.1, 0.1, 0.5, 1.0, 1.2, 1.4, 2.0, 2.6, 3.0, 3.6, 3.8, 4.6, 4.6, 2.7, 2.9, 2.6, 2.2, 1.8, 1.3, 0.9, 0.7, 0.8, 0.9, 1.0, 1.1, 1.2, 1.1, 0.9, 0.8, 0.9, 0.8, 0.5, 0.2, 0.1, 0.1, 0.4, 0.7, 0.6, 0.7, 1.3, 2.0, 2.9, 3.9, 4.5, 4.5, 4.3, 1.9, 2.3, 2.4, 2.2, 2.0, 1.6, 1.2, 0.9, 0.6, 0.5, 0.6, 0.8, 1.0, 1.1, 1.0, 0.9, 0.9, 1.0, 0.7, 0.4, 0.3, 0.4, 0.6, 0.6, 0.3, 0.3, 0.9, 1.6, 2.6, 3.5, 4.0, 4.1, 3.8, 1.5, 1.6, 2.0, 2.1, 2.0, 1.8, 1.6, 1.3, 1.1, 1.0, 0.9, 1.1, 1.2, 1.2, 1.1, 1.1, 1.1, 1.2, 1.1, 0.9, 0.7, 0.7, 0.9, 0.9, 0.7, 0.7, 1.2, 1.7, 2.4, 3.0, 3.4, 3.7, 3.7, 1.5, 1.0, 1.6, 1.9, 1.9, 1.8, 1.8, 1.8, 1.7, 1.5, 1.3, 1.3, 1.4, 1.4, 1.3, 1.2, 1.2, 1.4, 1.5, 1.4, 1.3, 1.2, 1.2, 1.1, 1.0, 1.2, 1.7, 2.1, 2.5, 2.9, 3.3, 3.6, 3.6, 1.0, 0.8, 1.5, 1.8, 1.7, 1.7, 1.8, 1.9, 2.0, 1.8, 1.6, 1.5, 1.5, 1.4, 1.2, 1.1, 1.1, 1.4, 1.8, 1.9, 1.9, 1.8, 1.6, 1.4, 1.3, 1.6, 2.1, 2.5, 2.8, 3.2, 3.6, 4.0, 4.0, 0.7, 0.7, 1.4, 1.7, 1.7, 1.6, 1.7, 1.8, 2.0, 1.9, 1.7, 1.6, 1.6, 1.4, 1.1, 0.8, 0.9, 1.4, 1.8, 2.2, 2.4, 2.2, 2.0, 1.7, 1.5, 1.7, 2.2, 2.7, 3.0, 3.4, 3.8, 4.4, 4.4, 0.6, 0.6, 1.0, 1.2, 1.4, 1.5, 1.5, 1.6, 1.7, 1.8, 1.8, 1.8, 1.9, 1.7, 1.1, 0.6, 0.9, 1.4, 1.8, 2.2, 2.5, 2.5, 2.3, 2.0, 1.8, 1.8, 2.2, 2.6, 3.0, 3.4, 3.9, 4.5, 4.6, 1.2, 1.4, 1.4, 0.8, 0.8, 1.1, 1.3, 1.3, 1.5, 1.7, 1.8, 2.0, 2.2, 2.0, 1.3, 0.8, 1.1, 1.6, 1.9, 2.2, 2.4, 2.5, 2.5, 2.3, 2.1, 2.0, 2.3, 2.6, 2.9, 3.3, 3.8, 4.3, 4.5, 1.7, 1.8, 1.8, 1.7, 1.0, 0.5, 0.8, 1.1, 1.4, 1.6, 1.9, 2.2, 2.4, 2.2, 1.4, 0.8, 1.2, 1.7, 2.0, 2.1, 2.3, 2.6, 2.6, 2.5, 2.4, 2.3, 2.4, 2.5, 2.8, 3.1, 3.6, 3.7, 4.1, 1.8, 1.8, 2.0, 2.3, 1.2, 0.4, 0.3, 0.8, 1.4, 1.8, 2.1, 2.5, 2.7, 2.4, 1.5, 0.6, 1.2, 1.9, 2.1, 2.1, 2.2, 2.5, 2.7, 2.7, 2.6, 2.5, 2.5, 2.4, 2.5, 2.7, 3.0, 3.3, 3.4, 1.8, 2.0, 2.2, 2.3, 1.2, 0.4, 0.2, 0.7, 1.3, 1.8, 2.8, 3.3, 3.5, 3.1, 2.1, 1.4, 1.9, 2.4, 2.6, 2.4, 2.2, 2.4, 2.7, 2.7, 2.7, 2.6, 2.5, 2.3, 2.1, 2.1, 2.2, 2.9, 3.3, 2.0, 2.2, 2.3, 2.3, 1.0, 0.3, 0.2, 0.7, 1.3, 2.5, 3.1, 3.4, 3.6, 3.2, 2.2, 1.5, 2.7, 3.6, 3.6, 3.1, 2.4, 2.2, 2.5, 2.7, 2.7, 2.7, 2.6, 2.3, 1.9, 1.8, 2.1, 2.2, 2.8, 2.2, 2.3, 2.3, 2.3, 0.9, 0.2, 0.2, 0.7, 2.2, 3.1, 3.2, 3.4, 3.6, 3.2, 2.2, 2.8, 3.3, 3.6, 3.6, 3.1, 2.4, 2.2, 2.5, 2.5, 2.6, 2.8, 2.9, 2.4, 1.9, 1.8, 1.8, 2.0, 2.2]}, "None|17": {"ny": 33, "nx": 24, "lat0": 55.8264493, "lon0": 13.5456637, "dLat": 8.983e-06, "dLon": 1.5993e-05, "slope": [8.4, 7.0, 6.0, 5.0, 5.5, 6.2, 6.5, 7.0, 6.5, 4.9, 3.8, 2.4, 1.1, 0.5, 1.0, 1.7, 2.6, 3.3, 2.9, 2.1, 2.1, 1.7, 1.0, 0.7, 9.5, 8.5, 7.0, 6.1, 5.0, 5.4, 6.2, 6.5, 6.6, 5.1, 3.6, 2.1, 0.9, 0.3, 0.5, 0.9, 1.5, 1.8, 1.9, 2.1, 1.8, 1.0, 0.8, 0.4, 10.5, 9.6, 8.5, 7.0, 6.2, 5.0, 5.4, 6.0, 5.4, 4.2, 2.8, 1.5, 0.5, 0.2, 0.6, 1.1, 1.7, 2.0, 1.5, 0.8, 1.0, 0.8, 0.4, 1.1, 11.0, 10.5, 9.6, 8.6, 7.1, 6.2, 4.7, 3.6, 3.0, 2.5, 1.7, 1.0, 0.7, 0.6, 0.7, 1.1, 1.7, 2.3, 2.3, 1.7, 0.9, 0.5, 1.0, 2.3, 11.1, 11.0, 10.5, 9.6, 8.7, 6.6, 4.0, 1.8, 0.7, 1.2, 1.3, 1.3, 1.2, 1.0, 0.9, 1.1, 1.5, 2.0, 2.3, 2.1, 1.7, 1.7, 2.4, 2.4, 11.1, 11.1, 11.1, 10.6, 9.3, 6.8, 4.4, 2.7, 1.8, 1.8, 1.9, 1.9, 1.7, 1.3, 1.1, 1.1, 1.3, 1.6, 1.9, 2.0, 2.1, 2.5, 3.0, 3.0, 10.8, 11.1, 11.1, 10.9, 9.2, 7.0, 5.0, 3.7, 2.9, 2.6, 2.5, 2.3, 1.9, 1.5, 1.3, 1.2, 1.2, 1.4, 1.6, 1.8, 2.2, 2.8, 3.2, 3.3, 10.6, 10.7, 10.7, 10.5, 8.9, 6.9, 5.2, 4.1, 3.3, 2.9, 2.6, 2.2, 1.8, 1.4, 1.2, 1.3, 1.3, 1.4, 1.5, 1.7, 2.1, 2.7, 3.1, 3.2, 10.5, 10.5, 10.5, 10.0, 8.3, 6.5, 5.1, 4.1, 3.4, 2.9, 2.4, 1.9, 1.4, 1.1, 1.0, 1.1, 1.3, 1.4, 1.6, 1.7, 1.9, 2.3, 2.6, 2.7, 10.1, 10.1, 10.0, 9.3, 7.7, 6.1, 4.9, 4.1, 3.5, 2.8, 2.2, 1.5, 1.0, 0.8, 0.8, 1.0, 1.2, 1.4, 1.6, 1.7, 1.8, 1.9, 1.8, 1.7, 8.5, 8.5, 9.2, 8.5, 7.1, 5.7, 4.7, 4.0, 3.4, 2.8, 2.1, 1.5, 1.0, 0.8, 0.9, 1.0, 1.2, 1.4, 1.6, 1.8, 1.9, 1.8, 1.5, 1.0, 7.7, 7.7, 8.0, 7.5, 6.5, 5.3, 4.4, 3.7, 3.2, 2.8, 2.3, 1.8, 1.3, 1.2, 1.2, 1.2, 1.3, 1.4, 1.6, 1.8, 2.1, 2.2, 1.9, 1.6, 7.0, 6.9, 6.7, 6.4, 5.7, 4.9, 4.1, 3.5, 3.1, 2.9, 2.6, 2.1, 1.7, 1.5, 1.4, 1.4, 1.4, 1.5, 1.6, 1.9, 2.3, 2.5, 2.4, 2.1, 6.6, 5.9, 5.4, 5.3, 4.9, 4.4, 3.8, 3.3, 3.1, 3.0, 2.8, 2.4, 2.1, 1.8, 1.6, 1.5, 1.7, 1.8, 1.8, 2.0, 2.4, 2.8, 2.7, 2.5, 6.1, 5.0, 4.4, 4.3, 4.1, 3.7, 3.4, 3.2, 3.1, 3.1, 3.0, 2.7, 2.3, 2.0, 1.7, 1.7, 1.9, 2.1, 2.1, 2.2, 2.6, 2.9, 2.9, 2.8, 5.7, 4.5, 3.7, 3.4, 3.3, 3.1, 3.0, 2.9, 2.9, 3.0, 3.0, 2.8, 2.5, 2.1, 1.8, 1.8, 2.1, 2.3, 2.4, 2.6, 2.8, 3.0, 3.0, 2.9, 6.0, 4.6, 3.6, 3.1, 2.8, 2.6, 2.6, 2.5, 2.5, 2.7, 2.7, 2.7, 2.5, 2.2, 1.9, 1.9, 2.2, 2.5, 2.8, 2.9, 3.0, 3.1, 3.1, 3.1, 7.1, 5.7, 4.3, 3.4, 2.9, 2.6, 2.4, 2.2, 2.1, 2.2, 2.3, 2.3, 2.3, 2.1, 2.0, 2.0, 2.4, 2.8, 3.1, 3.2, 3.1, 3.1, 2.8, 2.8, 8.5, 7.1, 5.5, 4.2, 3.4, 2.8, 2.4, 2.2, 2.0, 1.8, 1.8, 1.9, 2.1, 2.1, 2.1, 2.2, 2.6, 3.1, 3.5, 3.4, 3.2, 3.0, 2.5, 2.4, 9.4, 8.2, 6.5, 5.1, 3.9, 3.1, 2.6, 2.3, 2.0, 1.7, 1.5, 1.6, 1.9, 2.1, 2.2, 2.5, 2.9, 3.4, 3.7, 3.6, 3.2, 2.9, 2.9, 2.5, 9.4, 8.6, 7.1, 5.5, 4.2, 3.2, 2.7, 2.4, 2.2, 1.7, 1.4, 1.4, 1.7, 2.1, 2.4, 2.7, 3.2, 3.6, 3.8, 3.6, 3.3, 2.9, 2.8, 2.8, 8.9, 8.5, 7.2, 5.7, 4.3, 3.2, 2.6, 2.5, 2.3, 1.8, 1.4, 1.3, 1.7, 2.1, 2.5, 2.9, 3.3, 3.7, 3.9, 4.0, 3.7, 3.7, 3.1, 2.8, 8.4, 8.1, 7.1, 5.6, 4.2, 3.0, 2.5, 2.3, 2.2, 1.8, 1.5, 1.4, 1.7, 2.2, 2.7, 3.1, 3.4, 3.8, 4.2, 4.5, 4.4, 4.4, 4.4, 3.2, 8.2, 7.7, 6.7, 5.4, 3.9, 2.8, 2.3, 2.0, 1.9, 1.8, 1.7, 1.7, 2.0, 2.4, 2.8, 3.1, 3.4, 3.8, 4.3, 4.7, 4.8, 4.4, 4.4, 4.4, 7.3, 7.0, 6.1, 4.8, 3.5, 2.5, 1.9, 1.7, 1.7, 1.9, 2.1, 2.2, 2.4, 2.6, 2.9, 3.1, 3.3, 3.6, 4.0, 4.4, 4.5, 4.5, 4.4, 4.4, 6.0, 6.0, 5.2, 4.0, 2.8, 2.0, 1.5, 1.4, 1.7, 2.1, 2.4, 2.5, 2.7, 2.9, 3.0, 3.0, 3.0, 3.1, 3.2, 3.2, 4.1, 4.5, 4.5, 4.5, 5.7, 5.7, 4.3, 3.0, 2.0, 1.4, 1.1, 1.2, 1.6, 2.0, 2.3, 2.5, 2.7, 2.9, 3.0, 3.0, 2.9, 2.8, 2.2, 2.1, 2.1, 3.8, 4.3, 4.5, 4.2, 3.5, 2.9, 2.0, 1.2, 0.8, 0.7, 1.0, 1.5, 1.8, 2.0, 2.2, 2.6, 2.9, 3.1, 3.2, 3.2, 3.0, 3.0, 2.3, 2.1, 2.1, 2.1, 3.7, 3.2, 2.8, 2.8, 1.9, 1.0, 0.7, 0.7, 1.2, 1.6, 1.8, 1.8, 2.0, 2.4, 2.9, 3.3, 3.7, 3.8, 3.8, 3.2, 3.0, 2.3, 2.1, 2.1, 2.1, 3.0, 3.0, 3.0, 1.9, 1.6, 1.6, 1.6, 1.9, 2.1, 2.1, 1.9, 1.9, 2.4, 3.1, 3.8, 4.2, 4.2, 3.9, 3.8, 3.2, 3.0, 2.4, 2.1, 2.1, 3.0, 3.0, 3.0, 2.3, 2.0, 2.7, 3.1, 3.2, 3.2, 2.9, 2.4, 2.3, 2.7, 3.4, 4.1, 4.3, 4.3, 4.2, 4.0, 3.8, 3.3, 3.0, 2.4, 2.1, 3.0, 3.0, 2.6, 2.2, 2.7, 3.3, 3.4, 4.2, 4.5, 4.1, 3.5, 3.3, 3.4, 3.5, 4.0, 4.3, 4.3, 4.3, 4.3, 4.0, 3.8, 3.3, 3.0, 2.4, 3.0, 3.0, 2.4, 2.7, 3.3, 3.5, 4.2, 4.8, 4.8, 4.3, 3.7, 3.4, 3.5, 3.5, 4.0, 4.3, 4.3, 4.3, 4.3, 4.3, 4.0, 3.8, 3.3, 3.0]}, "None|18": {"ny": 33, "nx": 20, "lat0": 55.8297365, "lon0": 13.5486746, "dLat": 8.983e-06, "dLon": 1.5994e-05, "slope": [4.9, 5.1, 5.7, 6.2, 6.5, 6.6, 6.1, 5.5, 4.9, 4.2, 3.9, 2.2, 2.1, 3.1, 5.1, 6.6, 6.6, 6.5, 5.8, 5.6, 4.9, 4.9, 5.0, 5.7, 6.2, 6.4, 6.1, 5.2, 4.3, 3.4, 2.5, 1.4, 2.1, 3.1, 5.1, 6.6, 6.5, 5.9, 5.6, 6.7, 4.9, 4.9, 4.9, 5.0, 5.7, 6.0, 5.5, 4.5, 3.5, 2.7, 1.8, 1.3, 1.8, 3.3, 5.2, 6.3, 5.9, 5.6, 6.6, 7.7, 4.9, 4.9, 4.9, 4.9, 5.2, 5.3, 4.9, 4.0, 3.2, 2.5, 2.1, 2.2, 2.7, 3.1, 2.9, 3.8, 5.3, 6.6, 7.7, 9.2, 3.7, 3.9, 4.3, 4.3, 4.5, 4.7, 4.4, 3.7, 3.0, 2.6, 2.5, 2.8, 3.3, 3.4, 2.3, 1.8, 4.6, 7.4, 9.1, 10.3, 3.3, 3.4, 3.5, 3.6, 4.0, 4.3, 4.0, 3.4, 2.8, 2.6, 2.8, 3.2, 3.6, 3.6, 2.8, 2.2, 3.4, 7.2, 9.7, 9.7, 3.3, 3.3, 3.3, 3.4, 3.7, 3.9, 3.6, 3.0, 2.5, 2.4, 2.7, 3.2, 3.6, 3.5, 2.8, 2.2, 2.6, 4.8, 6.6, 6.8, 3.6, 3.6, 3.6, 3.6, 3.6, 3.7, 3.4, 2.7, 2.2, 2.1, 2.3, 2.9, 3.3, 3.2, 2.5, 1.6, 1.4, 2.9, 4.7, 6.0, 4.1, 4.1, 4.1, 4.0, 3.8, 3.7, 3.3, 2.7, 2.1, 1.9, 2.0, 2.4, 2.8, 2.8, 2.2, 1.2, 0.7, 1.8, 4.5, 6.7, 4.5, 4.5, 4.5, 4.4, 4.0, 3.8, 3.3, 2.7, 2.1, 1.8, 1.7, 2.1, 2.5, 2.6, 2.1, 1.4, 1.1, 1.6, 3.2, 4.7, 4.7, 4.7, 4.7, 4.5, 4.0, 3.7, 3.3, 2.8, 2.2, 1.7, 1.6, 2.0, 2.5, 2.6, 2.2, 1.7, 1.6, 1.8, 2.6, 3.3, 4.6, 4.6, 4.6, 4.4, 3.7, 3.4, 3.2, 2.9, 2.4, 1.9, 1.8, 2.2, 2.6, 2.6, 2.2, 1.9, 1.8, 2.1, 2.3, 2.4, 4.4, 4.4, 4.4, 4.1, 3.4, 3.1, 3.1, 3.0, 2.7, 2.3, 2.1, 2.4, 2.6, 2.5, 2.1, 1.8, 1.9, 2.1, 2.0, 1.7, 3.8, 3.8, 3.8, 3.6, 3.0, 2.7, 2.9, 3.1, 2.9, 2.6, 2.3, 2.4, 2.4, 2.2, 1.9, 1.6, 1.7, 1.9, 1.9, 1.9, 3.3, 3.3, 3.3, 3.0, 2.3, 2.2, 2.5, 3.0, 3.0, 2.7, 2.3, 2.1, 2.0, 1.8, 1.5, 1.4, 1.4, 1.7, 1.9, 1.9, 4.4, 4.4, 4.4, 3.8, 1.4, 1.4, 2.1, 2.8, 3.0, 2.7, 2.1, 1.7, 1.5, 1.4, 1.3, 1.4, 1.5, 1.8, 1.9, 2.0, 6.4, 6.4, 6.5, 5.5, 1.8, 1.4, 2.1, 2.8, 3.0, 2.7, 2.1, 1.6, 1.3, 1.4, 1.6, 1.8, 2.0, 2.4, 2.4, 2.3, 7.7, 7.7, 7.7, 6.8, 2.9, 2.3, 2.6, 3.0, 3.1, 2.7, 2.1, 1.6, 1.4, 1.5, 1.9, 2.3, 2.5, 2.5, 2.4, 2.4, 7.7, 7.6, 7.6, 7.0, 3.9, 3.3, 3.3, 3.5, 3.3, 2.8, 2.1, 1.5, 1.3, 1.6, 2.3, 2.9, 2.8, 2.5, 2.5, 2.4, 5.7, 6.5, 6.5, 6.2, 4.5, 4.1, 4.1, 4.1, 3.6, 2.9, 2.1, 1.4, 1.2, 1.9, 2.9, 3.0, 3.1, 2.8, 2.5, 2.5, 5.1, 5.3, 5.3, 5.0, 4.5, 4.5, 4.7, 4.5, 3.9, 3.1, 2.2, 1.3, 1.1, 2.6, 4.6, 4.7, 4.5, 3.2, 3.1, 2.5, 5.1, 5.1, 5.0, 4.1, 4.2, 4.6, 5.0, 4.8, 4.1, 3.2, 2.3, 1.3, 1.1, 3.4, 3.7, 4.6, 4.7, 4.7, 4.5, 3.2, 4.0, 4.0, 4.0, 3.6, 4.0, 4.7, 5.0, 4.8, 4.2, 3.4, 2.6, 1.4, 1.4, 1.7, 3.5, 3.6, 4.6, 4.7, 4.7, 4.7, 3.8, 3.7, 3.3, 3.4, 4.0, 4.7, 4.9, 4.7, 4.2, 3.7, 3.0, 1.8, 3.1, 3.1, 3.1, 3.5, 3.6, 4.5, 4.7, 4.7, 2.9, 2.9, 2.9, 3.3, 4.1, 4.7, 4.7, 4.4, 4.1, 3.9, 3.5, 2.6, 2.7, 3.2, 3.1, 3.1, 3.1, 3.5, 4.5, 4.7, 1.8, 2.1, 2.6, 3.3, 4.1, 4.6, 4.5, 4.0, 3.7, 3.7, 3.8, 4.2, 4.3, 4.2, 3.2, 3.2, 3.1, 3.1, 3.2, 4.4, 1.5, 1.7, 2.3, 3.3, 4.2, 4.5, 4.2, 3.6, 3.2, 3.2, 3.6, 3.6, 4.2, 4.3, 4.3, 4.2, 3.3, 3.3, 3.1, 3.2, 1.5, 1.5, 2.2, 3.2, 4.0, 4.3, 4.0, 3.4, 2.7, 2.4, 3.1, 3.1, 3.1, 4.2, 4.2, 4.3, 4.3, 4.3, 3.3, 3.3, 1.5, 1.4, 2.1, 3.0, 3.7, 4.1, 4.0, 3.4, 2.5, 1.6, 1.5, 3.0, 3.1, 3.1, 3.1, 4.1, 4.1, 4.3, 4.3, 4.3, 1.5, 1.2, 1.8, 2.6, 3.4, 4.0, 4.2, 3.8, 2.8, 2.7, 1.6, 1.5, 2.9, 3.1, 3.1, 3.1, 3.1, 4.1, 4.1, 4.3, 0.9, 0.8, 1.3, 2.1, 3.0, 3.9, 4.5, 4.4, 3.5, 3.4, 3.4, 1.7, 1.6, 2.9, 3.1, 3.1, 3.1, 3.1, 3.1, 4.0, 0.7, 0.7, 1.2, 1.6, 2.5, 3.6, 4.6, 4.7, 3.6, 3.4, 3.4, 3.4, 3.4, 1.8, 3.0, 3.1, 3.1, 3.1, 3.1, 3.1, 0.7, 0.7, 1.4, 1.6, 2.5, 3.6, 4.6, 4.8, 3.6, 3.4, 3.4, 3.4, 3.4, 3.4, 3.4, 3.1, 3.1, 3.1, 3.1, 3.1]}}}