{"type": "FeatureCollection", "attribution": "© Lantmäteriet, Markhöjdmodell Grid 1m (CC BY 4.0)", "features": [{"type": "Feature", "geometry": {"type": "LineString", "coordinates": [[12.822804, 55.385874], [12.8227958, 55.3858709]]}, "properties": {"t": "fall", "g": 1, "loop": null, "hole": 1, "slope_pct": 1.04, "bearing": 236.4}}, {"type": "Feature", "geometry": {"type": "LineString", "coordinates": [[12.8228513, 55.3858748], [12.8228396, 55.3858659]]}, "properties": {"t": "fall", "g": 1, "loop": null, "hole": 1, "slope_pct": 2.07, "bearing": 216.9}}, {"type": "Feature", "geometry": {"type": "LineString", "coordinates": [[12.8228987, 55.3858757], [12.8228673, 55.3858652]]}, "properties": {"t": "fall", "g": 1, "loop": null, "hole": 1, "slope_pct": 3.84, "bearing": 239.6}}, {"type": "Feature", "geometry": {"type": "LineString", "coordinates": [[12.822946, 55.3858765], [12.8229322, 55.3858768]]}, "properties": {"t": "fall", "g": 1, "loop": null, "hole": 1, "slope_pct": 1.45, "bearing": 271.8}}, {"type": "Feature", "geometry": {"type": "LineString", "coordinates": [[12.8227582, 55.3858462], [12.8227463, 55.3858501]]}, "properties": {"t": "fall", "g": 1, "loop": null, "hole": 1, "slope_pct": 1.45, "bearing": 299.8}}, {"type": "Feature", "geometry": {"type": "LineString", "coordinates": [[12.8228528, 55.3858479], [12.8228468, 55.3858453]]}, "properties": {"t": "fall", "g": 1, "loop": null, "hole": 1, "slope_pct": 0.8, "bearing": 232.1}}, {"type": "Feature", "geometry": {"type": "LineString", "coordinates": [[12.8229001, 55.3858487], [12.8228603, 55.3858445]]}, "properties": {"t": "fall", "g": 1, "loop": null, "hole": 1, "slope_pct": 4.27, "bearing": 259.3}}, {"type": "Feature", "geometry": {"type": "LineString", "coordinates": [[12.8229475, 55.3858496], [12.8229201, 55.3858506]]}, "properties": {"t": "fall", "g": 1, "loop": null, "hole": 1, "slope_pct": 2.89, "bearing": 273.6}}, {"type": "Feature", "geometry": {"type": "LineString", "coordinates": [[12.8229948, 55.3858504], [12.8229757, 55.3858491]]}, "properties": {"t": "fall", "g": 1, "loop": null, "hole": 1, "slope_pct": 2.02, "bearing": 263.0}}, {"type": "Feature", "geometry": {"type": "LineString", "coordinates": [[12.8227597, 55.3858193], [12.8227631, 55.3858171]]}, "properties": {"t": "fall", "g": 1, "loop": null, "hole": 1, "slope_pct": 0.54, "bearing": 138.3}}, {"type": "Feature", "geometry": {"type": "LineString", "coordinates": [[12.8229016, 55.3858218], [12.8228568, 55.3858257]]}, "properties": {"t": "fall", "g": 1, "loop": null, "hole": 1, "slope_pct": 4.78, "bearing": 278.6}}, {"type": "Feature", "geometry": {"type": "LineString", "coordinates": [[12.8229489, 55.3858226], [12.822923, 55.3858256]]}, "properties": {"t": "fall", "g": 1, "loop": null, "hole": 1, "slope_pct": 2.78, "bearing": 281.2}}, {"type": "Feature", "geometry": {"type": "LineString", "coordinates": [[12.8229963, 55.3858235], [12.8229901, 55.3858214]]}, "properties": {"t": "fall", "g": 1, "loop": null, "hole": 1, "slope_pct": 0.76, "bearing": 239.0}}, {"type": "Feature", "geometry": {"type": "LineString", "coordinates": [[12.8227138, 55.3857915], [12.8227265, 55.385781]]}, "properties": {"t": "fall", "g": 1, "loop": null, "hole": 1, "slope_pct": 2.36, "bearing": 145.5}}, {"type": "Feature", "geometry": {"type": "LineString", "coordinates": [[12.8227611, 55.3857923], [12.8227506, 55.3857888]]}, "properties": {"t": "fall", "g": 1, "loop": null, "hole": 1, "slope_pct": 1.29, "bearing": 239.7}}, {"type": "Feature", "geometry": {"type": "LineString", "coordinates": [[12.8228085, 55.3857932], [12.8228037, 55.385794]]}, "properties": {"t": "fall", "g": 1, "loop": null, "hole": 1, "slope_pct": 0.53, "bearing": 287.4}}, {"type": "Feature", "geometry": {"type": "LineString", "coordinates": [[12.8228558, 55.385794], [12.8228511, 55.385796]]}, "properties": {"t": "fall", "g": 1, "loop": null, "hole": 1, "slope_pct": 0.62, "bearing": 306.9}}, {"type": "Feature", "geometry": {"type": "LineString", "coordinates": [[12.8229031, 55.3857949], [12.8228576, 55.3857941]]}, "properties": {"t": "fall", "g": 1, "loop": null, "hole": 1, "slope_pct": 4.8, "bearing": 268.2}}, {"type": "Feature", "geometry": {"type": "LineString", "coordinates": [[12.8229504, 55.3857957], [12.8229324, 55.3857914]]}, "properties": {"t": "fall", "g": 1, "loop": null, "hole": 1, "slope_pct": 2.06, "bearing": 247.1}}, {"type": "Feature", "geometry": {"type": "LineString", "coordinates": [[12.8229977, 55.3857966], [12.822993, 55.3857941]]}, "properties": {"t": "fall", "g": 1, "loop": null, "hole": 1, "slope_pct": 0.67, "bearing": 227.9}}, {"type": "Feature", "geometry": {"type": "LineString", "coordinates": [[12.822668, 55.3857637], [12.8226951, 55.385757]]}, "properties": {"t": "fall", "g": 1, "loop": null, "hole": 1, "slope_pct": 3.12, "bearing": 113.7}}, {"type": "Feature", "geometry": {"type": "LineString", "coordinates": [[12.8227153, 55.3857646], [12.8227219, 55.3857654]]}, "properties": {"t": "fall", "g": 1, "loop": null, "hole": 1, "slope_pct": 0.72, "bearing": 77.0}}, {"type": "Feature", "geometry": {"type": "LineString", "coordinates": [[12.8227626, 55.3857654], [12.8227513, 55.3857682]]}, "properties": {"t": "fall", "g": 1, "loop": null, "hole": 1, "slope_pct": 1.3, "bearing": 293.6}}, {"type": "Feature", "geometry": {"type": "LineString", "coordinates": [[12.8228099, 55.3857662], [12.822802, 55.3857669]]}, "properties": {"t": "fall", "g": 1, "loop": null, "hole": 1, "slope_pct": 0.85, "bearing": 278.2}}, {"type": "Feature", "geometry": {"type": "LineString", "coordinates": [[12.8228573, 55.3857671], [12.822847, 55.3857711]]}, "properties": {"t": "fall", "g": 1, "loop": null, "hole": 1, "slope_pct": 1.32, "bearing": 304.8}}, {"type": "Feature", "geometry": {"type": "LineString", "coordinates": [[12.8229046, 55.3857679], [12.8228656, 55.3857807]]}, "properties": {"t": "fall", "g": 1, "loop": null, "hole": 1, "slope_pct": 4.75, "bearing": 300.0}}, {"type": "Feature", "geometry": {"type": "LineString", "coordinates": [[12.8229519, 55.3857688], [12.8229352, 55.3857737]]}, "properties": {"t": "fall", "g": 1, "loop": null, "hole": 1, "slope_pct": 1.98, "bearing": 297.5}}, {"type": "Feature", "geometry": {"type": "LineString", "coordinates": [[12.8226695, 55.3857368], [12.8226693, 55.3857275]]}, "properties": {"t": "fall", "g": 1, "loop": null, "hole": 1, "slope_pct": 1.72, "bearing": 180.7}}, {"type": "Feature", "geometry": {"type": "LineString", "coordinates": [[12.8227168, 55.3857376], [12.822709, 55.3857416]]}, "properties": {"t": "fall", "g": 1, "loop": null, "hole": 1, "slope_pct": 1.1, "bearing": 312.3}}, {"type": "Feature", "geometry": {"type": "LineString", "coordinates": [[12.8227641, 55.3857385], [12.8227573, 55.3857411]]}, "properties": {"t": "fall", "g": 1, "loop": null, "hole": 1, "slope_pct": 0.87, "bearing": 303.8}}, {"type": "Feature", "geometry": {"type": "LineString", "coordinates": [[12.8228114, 55.3857393], [12.8227998, 55.3857446]]}, "properties": {"t": "fall", "g": 1, "loop": null, "hole": 1, "slope_pct": 1.57, "bearing": 308.6}}, {"type": "Feature", "geometry": {"type": "LineString", "coordinates": [[12.8228587, 55.3857401], [12.8228282, 55.3857527]]}, "properties": {"t": "fall", "g": 1, "loop": null, "hole": 1, "slope_pct": 3.98, "bearing": 306.0}}, {"type": "Feature", "geometry": {"type": "LineString", "coordinates": [[12.8229061, 55.385741], [12.8228747, 55.3857568]]}, "properties": {"t": "fall", "g": 1, "loop": null, "hole": 1, "slope_pct": 4.42, "bearing": 311.5}}, {"type": "Feature", "geometry": {"type": "LineString", "coordinates": [[12.8229534, 55.3857418], [12.8229529, 55.3857459]]}, "properties": {"t": "fall", "g": 1, "loop": null, "hole": 1, "slope_pct": 0.76, "bearing": 356.2}}, {"type": "Feature", "geometry": {"type": "LineString", "coordinates": [[12.8226236, 55.385709], [12.8226105, 55.3857161]]}, "properties": {"t": "fall", "g": 1, "loop": null, "hole": 1, "slope_pct": 1.91, "bearing": 313.4}}, {"type": "Feature", "geometry": {"type": "LineString", "coordinates": [[12.8226709, 55.3857098], [12.8226588, 55.3857208]]}, "properties": {"t": "fall", "g": 1, "loop": null, "hole": 1, "slope_pct": 2.41, "bearing": 327.8}}, {"type": "Feature", "geometry": {"type": "LineString", "coordinates": [[12.8227183, 55.3857107], [12.8227136, 55.3857184]]}, "properties": {"t": "fall", "g": 1, "loop": null, "hole": 1, "slope_pct": 1.52, "bearing": 341.0}}, {"type": "Feature", "geometry": {"type": "LineString", "coordinates": [[12.8227656, 55.3857115], [12.8227605, 55.3857163]]}, "properties": {"t": "fall", "g": 1, "loop": null, "hole": 1, "slope_pct": 1.04, "bearing": 328.8}}, {"type": "Feature", "geometry": {"type": "LineString", "coordinates": [[12.8228129, 55.3857124], [12.8227959, 55.3857158]]}, "properties": {"t": "fall", "g": 1, "loop": null, "hole": 1, "slope_pct": 1.9, "bearing": 289.8}}, {"type": "Feature", "geometry": {"type": "LineString", "coordinates": [[12.8228602, 55.3857132], [12.8228205, 55.3857188]]}, "properties": {"t": "fall", "g": 1, "loop": null, "hole": 1, "slope_pct": 4.31, "bearing": 283.9}}, {"type": "Feature", "geometry": {"type": "LineString", "coordinates": [[12.8229075, 55.3857141], [12.8228865, 55.3857177]]}, "properties": {"t": "fall", "g": 1, "loop": null, "hole": 1, "slope_pct": 2.32, "bearing": 287.1}}, {"type": "Feature", "geometry": {"type": "LineString", "coordinates": [[12.8229549, 55.3857149], [12.8229552, 55.3857211]]}, "properties": {"t": "fall", "g": 1, "loop": null, "hole": 1, "slope_pct": 1.15, "bearing": 1.5}}, {"type": "Feature", "geometry": {"type": "LineString", "coordinates": [[12.8226251, 55.3856821], [12.8226116, 55.3856853]]}, "properties": {"t": "fall", "g": 1, "loop": null, "hole": 1, "slope_pct": 1.54, "bearing": 293.2}}, {"type": "Feature", "geometry": {"type": "LineString", "coordinates": [[12.8226724, 55.3856829], [12.8226616, 55.3856826]]}, "properties": {"t": "fall", "g": 1, "loop": null, "hole": 1, "slope_pct": 1.14, "bearing": 267.1}}, {"type": "Feature", "geometry": {"type": "LineString", "coordinates": [[12.8227671, 55.3856846], [12.8227627, 55.3856881]]}, "properties": {"t": "fall", "g": 1, "loop": null, "hole": 1, "slope_pct": 0.79, "bearing": 324.9}}, {"type": "Feature", "geometry": {"type": "LineString", "coordinates": [[12.8228144, 55.3856854], [12.8227957, 55.3856911]]}, "properties": {"t": "fall", "g": 1, "loop": null, "hole": 1, "slope_pct": 2.23, "bearing": 298.1}}, {"type": "Feature", "geometry": {"type": "LineString", "coordinates": [[12.8228617, 55.3856863], [12.8228248, 55.3856921]]}, "properties": {"t": "fall", "g": 1, "loop": null, "hole": 1, "slope_pct": 4.03, "bearing": 285.4}}, {"type": "Feature", "geometry": {"type": "LineString", "coordinates": [[12.822909, 55.3856871], [12.8228822, 55.3856923]]}, "properties": {"t": "fall", "g": 1, "loop": null, "hole": 1, "slope_pct": 2.99, "bearing": 288.9}}, {"type": "Feature", "geometry": {"type": "LineString", "coordinates": [[12.8226266, 55.3856551], [12.82263, 55.3856591]]}, "properties": {"t": "fall", "g": 1, "loop": null, "hole": 1, "slope_pct": 0.82, "bearing": 25.9}}, {"type": "Feature", "geometry": {"type": "LineString", "coordinates": [[12.8226739, 55.385656], [12.8226647, 55.3856527]]}, "properties": {"t": "fall", "g": 1, "loop": null, "hole": 1, "slope_pct": 1.14, "bearing": 237.8}}, {"type": "Feature", "geometry": {"type": "LineString", "coordinates": [[12.8227212, 55.3856568], [12.8227123, 55.3856544]]}, "properties": {"t": "fall", "g": 1, "loop": null, "hole": 1, "slope_pct": 1.04, "bearing": 245.1}}, {"type": "Feature", "geometry": {"type": "LineString", "coordinates": [[12.8228159, 55.3856585], [12.8227857, 55.3856619]]}, "properties": {"t": "fall", "g": 1, "loop": null, "hole": 1, "slope_pct": 3.24, "bearing": 281.3}}, {"type": "Feature", "geometry": {"type": "LineString", "coordinates": [[12.8226754, 55.385629], [12.8226689, 55.3856254]]}, "properties": {"t": "fall", "g": 1, "loop": null, "hole": 1, "slope_pct": 0.96, "bearing": 225.7}}, {"type": "Feature", "geometry": {"type": "LineString", "coordinates": [[12.8227227, 55.3856299], [12.8227131, 55.3856255]]}, "properties": {"t": "fall", "g": 1, "loop": null, "hole": 1, "slope_pct": 1.29, "bearing": 231.5}}, {"type": "Feature", "geometry": {"type": "LineString", "coordinates": [[12.82277, 55.3856307], [12.8227541, 55.385633]]}, "properties": {"t": "fall", "g": 1, "loop": null, "hole": 1, "slope_pct": 1.73, "bearing": 284.0}}, {"type": "Feature", "geometry": {"type": "LineString", "coordinates": [[12.8228173, 55.3856316], [12.8227768, 55.3856456]]}, "properties": {"t": "fall", "g": 1, "loop": null, "hole": 1, "slope_pct": 5.36, "bearing": 301.4}}, {"type": "Feature", "geometry": {"type": "LineString", "coordinates": [[12.8227242, 55.3856029], [12.8227038, 55.3856038]]}, "properties": {"t": "fall", "g": 1, "loop": null, "hole": 1, "slope_pct": 2.15, "bearing": 274.4}}, {"type": "Feature", "geometry": {"type": "Point", "coordinates": [12.8228085, 55.3857514]}, "properties": {"t": "aim", "g": 1, "loop": null, "hole": 1, "aim_bearing": 281.5, "slope_median": 1.49, "slope_max": 5.36, "n_cells": 62}}, {"type": "Feature", "geometry": {"type": "LineString", "coordinates": [[12.8236719, 55.3878938], [12.823659, 55.3878982]]}, "properties": {"t": "fall", "g": 2, "loop": null, "hole": 2, "slope_pct": 1.6, "bearing": 301.0}}, {"type": "Feature", "geometry": {"type": "LineString", "coordinates": [[12.8237193, 55.3878946], [12.8236986, 55.3878837]]}, "properties": {"t": "fall", "g": 2, "loop": null, "hole": 2, "slope_pct": 2.97, "bearing": 227.1}}, {"type": "Feature", "geometry": {"type": "LineString", "coordinates": [[12.8237666, 55.3878955], [12.8237971, 55.3878828]]}, "properties": {"t": "fall", "g": 2, "loop": null, "hole": 2, "slope_pct": 3.99, "bearing": 126.3}}, {"type": "Feature", "geometry": {"type": "LineString", "coordinates": [[12.8238139, 55.3878963], [12.8238396, 55.3879008]]}, "properties": {"t": "fall", "g": 2, "loop": null, "hole": 2, "slope_pct": 2.83, "bearing": 72.9}}, {"type": "Feature", "geometry": {"type": "LineString", "coordinates": [[12.8238612, 55.3878972], [12.823854, 55.3879147]]}, "properties": {"t": "fall", "g": 2, "loop": null, "hole": 2, "slope_pct": 3.33, "bearing": 346.8}}, {"type": "Feature", "geometry": {"type": "LineString", "coordinates": [[12.8239086, 55.387898], [12.8238644, 55.387908]]}, "properties": {"t": "fall", "g": 2, "loop": null, "hole": 2, "slope_pct": 5.63, "bearing": 291.6}}, {"type": "Feature", "geometry": {"type": "LineString", "coordinates": [[12.8236261, 55.387866], [12.8236181, 55.3878684]]}, "properties": {"t": "fall", "g": 2, "loop": null, "hole": 2, "slope_pct": 0.95, "bearing": 297.9}}, {"type": "Feature", "geometry": {"type": "LineString", "coordinates": [[12.8236734, 55.3878669], [12.8236756, 55.3878618]]}, "properties": {"t": "fall", "g": 2, "loop": null, "hole": 2, "slope_pct": 0.96, "bearing": 166.1}}, {"type": "Feature", "geometry": {"type": "LineString", "coordinates": [[12.8237207, 55.3878677], [12.8237134, 55.387858]]}, "properties": {"t": "fall", "g": 2, "loop": null, "hole": 2, "slope_pct": 1.96, "bearing": 203.2}}, {"type": "Feature", "geometry": {"type": "LineString", "coordinates": [[12.8237681, 55.3878686], [12.8237818, 55.3878607]]}, "properties": {"t": "fall", "g": 2, "loop": null, "hole": 2, "slope_pct": 2.06, "bearing": 135.2}}, {"type": "Feature", "geometry": {"type": "LineString", "coordinates": [[12.8238154, 55.3878694], [12.8238205, 55.3878702]]}, "properties": {"t": "fall", "g": 2, "loop": null, "hole": 2, "slope_pct": 0.55, "bearing": 75.2}}, {"type": "Feature", "geometry": {"type": "LineString", "coordinates": [[12.8238627, 55.3878702], [12.8238452, 55.3878766]]}, "properties": {"t": "fall", "g": 2, "loop": null, "hole": 2, "slope_pct": 2.19, "bearing": 302.6}}, {"type": "Feature", "geometry": {"type": "LineString", "coordinates": [[12.82391, 55.3878711], [12.8238985, 55.387872]]}, "properties": {"t": "fall", "g": 2, "loop": null, "hole": 2, "slope_pct": 1.23, "bearing": 277.7}}, {"type": "Feature", "geometry": {"type": "LineString", "coordinates": [[12.8239574, 55.3878719], [12.8239456, 55.3878645]]}, "properties": {"t": "fall", "g": 2, "loop": null, "hole": 2, "slope_pct": 1.85, "bearing": 222.0}}, {"type": "Feature", "geometry": {"type": "LineString", "coordinates": [[12.8240047, 55.3878728], [12.8239712, 55.3878692]]}, "properties": {"t": "fall", "g": 2, "loop": null, "hole": 2, "slope_pct": 3.59, "bearing": 259.4}}, {"type": "Feature", "geometry": {"type": "LineString", "coordinates": [[12.8235803, 55.3878382], [12.8235634, 55.3878413]]}, "properties": {"t": "fall", "g": 2, "loop": null, "hole": 2, "slope_pct": 1.86, "bearing": 287.5}}, {"type": "Feature", "geometry": {"type": "LineString", "coordinates": [[12.8237222, 55.3878408], [12.8237229, 55.3878364]]}, "properties": {"t": "fall", "g": 2, "loop": null, "hole": 2, "slope_pct": 0.82, "bearing": 175.3}}, {"type": "Feature", "geometry": {"type": "LineString", "coordinates": [[12.8237695, 55.3878416], [12.8237739, 55.3878373]]}, "properties": {"t": "fall", "g": 2, "loop": null, "hole": 2, "slope_pct": 0.93, "bearing": 150.1}}, {"type": "Feature", "geometry": {"type": "LineString", "coordinates": [[12.8238169, 55.3878425], [12.8238103, 55.3878455]]}, "properties": {"t": "fall", "g": 2, "loop": null, "hole": 2, "slope_pct": 0.9, "bearing": 309.4}}, {"type": "Feature", "geometry": {"type": "LineString", "coordinates": [[12.8238642, 55.3878433], [12.8238514, 55.3878455]]}, "properties": {"t": "fall", "g": 2, "loop": null, "hole": 2, "slope_pct": 1.41, "bearing": 287.2}}, {"type": "Feature", "geometry": {"type": "LineString", "coordinates": [[12.8239115, 55.3878441], [12.8239027, 55.3878457]]}, "properties": {"t": "fall", "g": 2, "loop": null, "hole": 2, "slope_pct": 0.97, "bearing": 287.3}}, {"type": "Feature", "geometry": {"type": "LineString", "coordinates": [[12.8239588, 55.387845], [12.8239438, 55.387852]]}, "properties": {"t": "fall", "g": 2, "loop": null, "hole": 2, "slope_pct": 2.05, "bearing": 309.3}}, {"type": "Feature", "geometry": {"type": "LineString", "coordinates": [[12.8240062, 55.3878458], [12.8239608, 55.3878537]]}, "properties": {"t": "fall", "g": 2, "loop": null, "hole": 2, "slope_pct": 5.05, "bearing": 287.0}}, {"type": "Feature", "geometry": {"type": "LineString", "coordinates": [[12.8235817, 55.3878113], [12.8236114, 55.3878324]]}, "properties": {"t": "fall", "g": 2, "loop": null, "hole": 2, "slope_pct": 6.49, "bearing": 38.7}}, {"type": "Feature", "geometry": {"type": "LineString", "coordinates": [[12.8236764, 55.387813], [12.823682, 55.387815]]}, "properties": {"t": "fall", "g": 2, "loop": null, "hole": 2, "slope_pct": 0.7, "bearing": 57.7}}, {"type": "Feature", "geometry": {"type": "LineString", "coordinates": [[12.8237237, 55.3878138], [12.8237323, 55.3878128]]}, "properties": {"t": "fall", "g": 2, "loop": null, "hole": 2, "slope_pct": 0.92, "bearing": 101.8}}, {"type": "Feature", "geometry": {"type": "LineString", "coordinates": [[12.823771, 55.3878147], [12.8237656, 55.3878134]]}, "properties": {"t": "fall", "g": 2, "loop": null, "hole": 2, "slope_pct": 0.61, "bearing": 247.9}}, {"type": "Feature", "geometry": {"type": "LineString", "coordinates": [[12.8238183, 55.3878155], [12.8238035, 55.387817]]}, "properties": {"t": "fall", "g": 2, "loop": null, "hole": 2, "slope_pct": 1.59, "bearing": 279.7}}, {"type": "Feature", "geometry": {"type": "LineString", "coordinates": [[12.8238657, 55.3878164], [12.8238581, 55.3878188]]}, "properties": {"t": "fall", "g": 2, "loop": null, "hole": 2, "slope_pct": 0.91, "bearing": 299.0}}, {"type": "Feature", "geometry": {"type": "LineString", "coordinates": [[12.823913, 55.3878172], [12.8238938, 55.3878233]]}, "properties": {"t": "fall", "g": 2, "loop": null, "hole": 2, "slope_pct": 2.31, "bearing": 299.3}}, {"type": "Feature", "geometry": {"type": "LineString", "coordinates": [[12.8239603, 55.387818], [12.8239418, 55.3878279]]}, "properties": {"t": "fall", "g": 2, "loop": null, "hole": 2, "slope_pct": 2.68, "bearing": 313.2}}, {"type": "Feature", "geometry": {"type": "LineString", "coordinates": [[12.8240076, 55.3878189], [12.8239644, 55.387829]]}, "properties": {"t": "fall", "g": 2, "loop": null, "hole": 2, "slope_pct": 4.92, "bearing": 292.3}}, {"type": "Feature", "geometry": {"type": "LineString", "coordinates": [[12.8235832, 55.3877844], [12.8236224, 55.3877995]]}, "properties": {"t": "fall", "g": 2, "loop": null, "hole": 2, "slope_pct": 13.43, "bearing": 55.8}}, {"type": "Feature", "geometry": {"type": "LineString", "coordinates": [[12.8236305, 55.3877852], [12.823655, 55.387797]]}, "properties": {"t": "fall", "g": 2, "loop": null, "hole": 2, "slope_pct": 3.38, "bearing": 49.7}}, {"type": "Feature", "geometry": {"type": "LineString", "coordinates": [[12.8236779, 55.3877861], [12.8236827, 55.3877888]]}, "properties": {"t": "fall", "g": 2, "loop": null, "hole": 2, "slope_pct": 0.72, "bearing": 44.8}}, {"type": "Feature", "geometry": {"type": "LineString", "coordinates": [[12.8237252, 55.3877869], [12.8237313, 55.3877942]]}, "properties": {"t": "fall", "g": 2, "loop": null, "hole": 2, "slope_pct": 1.51, "bearing": 25.6}}, {"type": "Feature", "geometry": {"type": "LineString", "coordinates": [[12.8237725, 55.3877877], [12.8237704, 55.3877942]]}, "properties": {"t": "fall", "g": 2, "loop": null, "hole": 2, "slope_pct": 1.23, "bearing": 349.6}}, {"type": "Feature", "geometry": {"type": "LineString", "coordinates": [[12.8238198, 55.3877886], [12.823806, 55.3877925]]}, "properties": {"t": "fall", "g": 2, "loop": null, "hole": 2, "slope_pct": 1.62, "bearing": 296.4}}, {"type": "Feature", "geometry": {"type": "LineString", "coordinates": [[12.8238671, 55.3877894], [12.8238546, 55.3877931]]}, "properties": {"t": "fall", "g": 2, "loop": null, "hole": 2, "slope_pct": 1.49, "bearing": 297.1}}, {"type": "Feature", "geometry": {"type": "LineString", "coordinates": [[12.8239145, 55.3877903], [12.8238877, 55.3877979]]}, "properties": {"t": "fall", "g": 2, "loop": null, "hole": 2, "slope_pct": 3.15, "bearing": 296.7}}, {"type": "Feature", "geometry": {"type": "LineString", "coordinates": [[12.8239618, 55.3877911], [12.8239319, 55.3878061]]}, "properties": {"t": "fall", "g": 2, "loop": null, "hole": 2, "slope_pct": 4.2, "bearing": 311.3}}, {"type": "Feature", "geometry": {"type": "LineString", "coordinates": [[12.8235847, 55.3877574], [12.8236293, 55.3877482]]}, "properties": {"t": "fall", "g": 2, "loop": null, "hole": 2, "slope_pct": 8.81, "bearing": 110.1}}, {"type": "Feature", "geometry": {"type": "LineString", "coordinates": [[12.823632, 55.3877583], [12.8236795, 55.3877586]]}, "properties": {"t": "fall", "g": 2, "loop": null, "hole": 2, "slope_pct": 5.07, "bearing": 89.4}}, {"type": "Feature", "geometry": {"type": "LineString", "coordinates": [[12.8236793, 55.3877591], [12.8236843, 55.3877594]]}, "properties": {"t": "fall", "g": 2, "loop": null, "hole": 2, "slope_pct": 0.53, "bearing": 84.8}}, {"type": "Feature", "geometry": {"type": "LineString", "coordinates": [[12.8238213, 55.3877616], [12.8238132, 55.3877632]]}, "properties": {"t": "fall", "g": 2, "loop": null, "hole": 2, "slope_pct": 0.9, "bearing": 288.2}}, {"type": "Feature", "geometry": {"type": "LineString", "coordinates": [[12.8238686, 55.3877625], [12.823853, 55.3877622]]}, "properties": {"t": "fall", "g": 2, "loop": null, "hole": 2, "slope_pct": 1.64, "bearing": 267.9}}, {"type": "Feature", "geometry": {"type": "LineString", "coordinates": [[12.823916, 55.3877633], [12.8238806, 55.387764]]}, "properties": {"t": "fall", "g": 2, "loop": null, "hole": 2, "slope_pct": 3.73, "bearing": 271.8}}, {"type": "Feature", "geometry": {"type": "LineString", "coordinates": [[12.8236335, 55.3877313], [12.8236587, 55.3877259]]}, "properties": {"t": "fall", "g": 2, "loop": null, "hole": 2, "slope_pct": 2.84, "bearing": 110.7}}, {"type": "Feature", "geometry": {"type": "LineString", "coordinates": [[12.8237755, 55.3877339], [12.8237698, 55.3877373]]}, "properties": {"t": "fall", "g": 2, "loop": null, "hole": 2, "slope_pct": 0.88, "bearing": 317.2}}, {"type": "Feature", "geometry": {"type": "LineString", "coordinates": [[12.8238228, 55.3877347], [12.8238156, 55.3877383]]}, "properties": {"t": "fall", "g": 2, "loop": null, "hole": 2, "slope_pct": 1.01, "bearing": 311.5}}, {"type": "Feature", "geometry": {"type": "LineString", "coordinates": [[12.8238701, 55.3877355], [12.8238645, 55.3877374]]}, "properties": {"t": "fall", "g": 2, "loop": null, "hole": 2, "slope_pct": 0.68, "bearing": 300.8}}, {"type": "Feature", "geometry": {"type": "LineString", "coordinates": [[12.8239174, 55.3877364], [12.8238853, 55.387729]]}, "properties": {"t": "fall", "g": 2, "loop": null, "hole": 2, "slope_pct": 3.65, "bearing": 248.0}}, {"type": "Feature", "geometry": {"type": "LineString", "coordinates": [[12.8236823, 55.3877052], [12.8236928, 55.387722]]}, "properties": {"t": "fall", "g": 2, "loop": null, "hole": 2, "slope_pct": 3.29, "bearing": 19.6}}, {"type": "Feature", "geometry": {"type": "LineString", "coordinates": [[12.8237296, 55.3877061], [12.8237333, 55.3877112]]}, "properties": {"t": "fall", "g": 2, "loop": null, "hole": 2, "slope_pct": 1.03, "bearing": 22.3}}, {"type": "Feature", "geometry": {"type": "LineString", "coordinates": [[12.8237769, 55.3877069], [12.8237705, 55.3877108]]}, "properties": {"t": "fall", "g": 2, "loop": null, "hole": 2, "slope_pct": 0.98, "bearing": 316.6}}, {"type": "Feature", "geometry": {"type": "LineString", "coordinates": [[12.8238243, 55.3877078], [12.823819, 55.3877102]]}, "properties": {"t": "fall", "g": 2, "loop": null, "hole": 2, "slope_pct": 0.71, "bearing": 308.7}}, {"type": "Feature", "geometry": {"type": "LineString", "coordinates": [[12.8239189, 55.3877095], [12.8238968, 55.3877083]]}, "properties": {"t": "fall", "g": 2, "loop": null, "hole": 2, "slope_pct": 2.34, "bearing": 264.8}}, {"type": "Feature", "geometry": {"type": "LineString", "coordinates": [[12.8237311, 55.3876791], [12.8237487, 55.3876901]]}, "properties": {"t": "fall", "g": 2, "loop": null, "hole": 2, "slope_pct": 2.75, "bearing": 42.4}}, {"type": "Feature", "geometry": {"type": "LineString", "coordinates": [[12.8237784, 55.38768], [12.8237748, 55.3876873]]}, "properties": {"t": "fall", "g": 2, "loop": null, "hole": 2, "slope_pct": 1.41, "bearing": 344.2}}, {"type": "Feature", "geometry": {"type": "LineString", "coordinates": [[12.8238257, 55.3876808], [12.8238272, 55.3876846]]}, "properties": {"t": "fall", "g": 2, "loop": null, "hole": 2, "slope_pct": 0.72, "bearing": 12.0}}, {"type": "Feature", "geometry": {"type": "LineString", "coordinates": [[12.8237326, 55.3876522], [12.8237585, 55.3876507]]}, "properties": {"t": "fall", "g": 2, "loop": null, "hole": 2, "slope_pct": 2.74, "bearing": 96.0}}, {"type": "Feature", "geometry": {"type": "LineString", "coordinates": [[12.8238272, 55.3876539], [12.8238332, 55.3876552]]}, "properties": {"t": "fall", "g": 2, "loop": null, "hole": 2, "slope_pct": 0.67, "bearing": 69.1}}, {"type": "Feature", "geometry": {"type": "LineString", "coordinates": [[12.8238745, 55.3876547], [12.8238579, 55.3876655]]}, "properties": {"t": "fall", "g": 2, "loop": null, "hole": 2, "slope_pct": 2.66, "bearing": 318.6}}, {"type": "Feature", "geometry": {"type": "LineString", "coordinates": [[12.8237814, 55.3876261], [12.8237762, 55.3876246]]}, "properties": {"t": "fall", "g": 2, "loop": null, "hole": 2, "slope_pct": 0.61, "bearing": 243.5}}, {"type": "Feature", "geometry": {"type": "LineString", "coordinates": [[12.8238287, 55.387627], [12.8238161, 55.3876336]]}, "properties": {"t": "fall", "g": 2, "loop": null, "hole": 2, "slope_pct": 1.81, "bearing": 312.8}}, {"type": "Feature", "geometry": {"type": "LineString", "coordinates": [[12.8237829, 55.3875992], [12.8237735, 55.3876002]]}, "properties": {"t": "fall", "g": 2, "loop": null, "hole": 2, "slope_pct": 1.0, "bearing": 280.9}}, {"type": "Feature", "geometry": {"type": "Point", "coordinates": [12.8237854, 55.3877825]}, "properties": {"t": "aim", "g": 2, "loop": null, "hole": 2, "aim_bearing": 335.0, "slope_median": 1.45, "slope_max": 13.43, "n_cells": 76}}, {"type": "Feature", "geometry": {"type": "LineString", "coordinates": [[12.8262225, 55.392631], [12.8262065, 55.3926194]]}, "properties": {"t": "fall", "g": 3, "loop": null, "hole": 3, "slope_pct": 2.73, "bearing": 218.2}}, {"type": "Feature", "geometry": {"type": "LineString", "coordinates": [[12.8262698, 55.3926318], [12.8262867, 55.3926125]]}, "properties": {"t": "fall", "g": 3, "loop": null, "hole": 3, "slope_pct": 4.01, "bearing": 153.6}}, {"type": "Feature", "geometry": {"type": "LineString", "coordinates": [[12.8263171, 55.3926327], [12.8263145, 55.392626]]}, "properties": {"t": "fall", "g": 3, "loop": null, "hole": 3, "slope_pct": 1.26, "bearing": 192.5}}, {"type": "Feature", "geometry": {"type": "LineString", "coordinates": [[12.8263645, 55.3926335], [12.8263377, 55.39264]]}, "properties": {"t": "fall", "g": 3, "loop": null, "hole": 3, "slope_pct": 3.07, "bearing": 293.1}}, {"type": "Feature", "geometry": {"type": "LineString", "coordinates": [[12.8261766, 55.3926032], [12.8261653, 55.3925907]]}, "properties": {"t": "fall", "g": 3, "loop": null, "hole": 3, "slope_pct": 2.62, "bearing": 207.0}}, {"type": "Feature", "geometry": {"type": "LineString", "coordinates": [[12.8262239, 55.3926041], [12.8262308, 55.392588]]}, "properties": {"t": "fall", "g": 3, "loop": null, "hole": 3, "slope_pct": 3.07, "bearing": 166.4}}, {"type": "Feature", "geometry": {"type": "LineString", "coordinates": [[12.8262713, 55.3926049], [12.8262698, 55.3925975]]}, "properties": {"t": "fall", "g": 3, "loop": null, "hole": 3, "slope_pct": 1.39, "bearing": 186.4}}, {"type": "Feature", "geometry": {"type": "LineString", "coordinates": [[12.8263186, 55.3926057], [12.826291, 55.3926084]]}, "properties": {"t": "fall", "g": 3, "loop": null, "hole": 3, "slope_pct": 2.95, "bearing": 279.5}}, {"type": "Feature", "geometry": {"type": "LineString", "coordinates": [[12.8263659, 55.3926066], [12.8263512, 55.3926025]]}, "properties": {"t": "fall", "g": 3, "loop": null, "hole": 3, "slope_pct": 1.72, "bearing": 244.1}}, {"type": "Feature", "geometry": {"type": "LineString", "coordinates": [[12.8261781, 55.3925763], [12.8261924, 55.3925778]]}, "properties": {"t": "fall", "g": 3, "loop": null, "hole": 3, "slope_pct": 1.53, "bearing": 79.5}}, {"type": "Feature", "geometry": {"type": "LineString", "coordinates": [[12.8262254, 55.3925771], [12.8262243, 55.3925728]]}, "properties": {"t": "fall", "g": 3, "loop": null, "hole": 3, "slope_pct": 0.8, "bearing": 188.8}}, {"type": "Feature", "geometry": {"type": "LineString", "coordinates": [[12.8262728, 55.392578], [12.8262617, 55.3925747]]}, "properties": {"t": "fall", "g": 3, "loop": null, "hole": 3, "slope_pct": 1.3, "bearing": 242.8}}, {"type": "Feature", "geometry": {"type": "LineString", "coordinates": [[12.8263201, 55.3925788], [12.8263014, 55.3925709]]}, "properties": {"t": "fall", "g": 3, "loop": null, "hole": 3, "slope_pct": 2.46, "bearing": 233.3}}, {"type": "Feature", "geometry": {"type": "LineString", "coordinates": [[12.8263674, 55.3925796], [12.8263675, 55.3925661]]}, "properties": {"t": "fall", "g": 3, "loop": null, "hole": 3, "slope_pct": 2.5, "bearing": 179.8}}, {"type": "Feature", "geometry": {"type": "LineString", "coordinates": [[12.8264147, 55.3925805], [12.8264146, 55.3925721]]}, "properties": {"t": "fall", "g": 3, "loop": null, "hole": 3, "slope_pct": 1.55, "bearing": 180.7}}, {"type": "Feature", "geometry": {"type": "LineString", "coordinates": [[12.8261796, 55.3925493], [12.8262113, 55.3925454]]}, "properties": {"t": "fall", "g": 3, "loop": null, "hole": 3, "slope_pct": 3.42, "bearing": 102.3}}, {"type": "Feature", "geometry": {"type": "LineString", "coordinates": [[12.8262742, 55.392551], [12.8262661, 55.3925527]]}, "properties": {"t": "fall", "g": 3, "loop": null, "hole": 3, "slope_pct": 0.92, "bearing": 290.2}}, {"type": "Feature", "geometry": {"type": "LineString", "coordinates": [[12.8263216, 55.3925519], [12.8263084, 55.3925536]]}, "properties": {"t": "fall", "g": 3, "loop": null, "hole": 3, "slope_pct": 1.42, "bearing": 283.4}}, {"type": "Feature", "geometry": {"type": "LineString", "coordinates": [[12.8263689, 55.3925527], [12.8263622, 55.3925583]]}, "properties": {"t": "fall", "g": 3, "loop": null, "hole": 3, "slope_pct": 1.26, "bearing": 325.7}}, {"type": "Feature", "geometry": {"type": "LineString", "coordinates": [[12.8264162, 55.3925535], [12.8264091, 55.3925618]]}, "properties": {"t": "fall", "g": 3, "loop": null, "hole": 3, "slope_pct": 1.7, "bearing": 334.0}}, {"type": "Feature", "geometry": {"type": "LineString", "coordinates": [[12.8261811, 55.3925224], [12.8261906, 55.3925108]]}, "properties": {"t": "fall", "g": 3, "loop": null, "hole": 3, "slope_pct": 2.38, "bearing": 155.1}}, {"type": "Feature", "geometry": {"type": "LineString", "coordinates": [[12.8262284, 55.3925232], [12.8262094, 55.3925216]]}, "properties": {"t": "fall", "g": 3, "loop": null, "hole": 3, "slope_pct": 2.02, "bearing": 261.5}}, {"type": "Feature", "geometry": {"type": "LineString", "coordinates": [[12.8262757, 55.3925241], [12.826254, 55.3925343]]}, "properties": {"t": "fall", "g": 3, "loop": null, "hole": 3, "slope_pct": 2.97, "bearing": 309.6}}, {"type": "Feature", "geometry": {"type": "LineString", "coordinates": [[12.826323, 55.3925249], [12.8263088, 55.3925407]]}, "properties": {"t": "fall", "g": 3, "loop": null, "hole": 3, "slope_pct": 3.28, "bearing": 332.7}}, {"type": "Feature", "geometry": {"type": "LineString", "coordinates": [[12.8263704, 55.3925258], [12.82636, 55.3925421]]}, "properties": {"t": "fall", "g": 3, "loop": null, "hole": 3, "slope_pct": 3.22, "bearing": 340.0}}, {"type": "Feature", "geometry": {"type": "LineString", "coordinates": [[12.8264177, 55.3925266], [12.8264172, 55.3925418]]}, "properties": {"t": "fall", "g": 3, "loop": null, "hole": 3, "slope_pct": 2.83, "bearing": 358.9}}, {"type": "Feature", "geometry": {"type": "LineString", "coordinates": [[12.8261825, 55.3924955], [12.8261805, 55.3924893]]}, "properties": {"t": "fall", "g": 3, "loop": null, "hole": 3, "slope_pct": 1.17, "bearing": 190.4}}, {"type": "Feature", "geometry": {"type": "LineString", "coordinates": [[12.8262299, 55.3924963], [12.8262084, 55.3924866]]}, "properties": {"t": "fall", "g": 3, "loop": null, "hole": 3, "slope_pct": 2.89, "bearing": 231.5}}, {"type": "Feature", "geometry": {"type": "LineString", "coordinates": [[12.8262772, 55.3924971], [12.8262473, 55.3924813]]}, "properties": {"t": "fall", "g": 3, "loop": null, "hole": 3, "slope_pct": 4.3, "bearing": 227.0}}, {"type": "Feature", "geometry": {"type": "LineString", "coordinates": [[12.8263245, 55.392498], [12.8263034, 55.3924831]]}, "properties": {"t": "fall", "g": 3, "loop": null, "hole": 3, "slope_pct": 3.54, "bearing": 218.9}}, {"type": "Feature", "geometry": {"type": "LineString", "coordinates": [[12.8263718, 55.3924988], [12.826353, 55.3924906]]}, "properties": {"t": "fall", "g": 3, "loop": null, "hole": 3, "slope_pct": 2.5, "bearing": 232.3}}, {"type": "Feature", "geometry": {"type": "LineString", "coordinates": [[12.8264192, 55.3924997], [12.8264088, 55.3925013]]}, "properties": {"t": "fall", "g": 3, "loop": null, "hole": 3, "slope_pct": 1.14, "bearing": 285.1}}, {"type": "Feature", "geometry": {"type": "LineString", "coordinates": [[12.826184, 55.3924685], [12.8261994, 55.3924631]]}, "properties": {"t": "fall", "g": 3, "loop": null, "hole": 3, "slope_pct": 1.91, "bearing": 121.9}}, {"type": "Feature", "geometry": {"type": "LineString", "coordinates": [[12.8262313, 55.3924694], [12.826217, 55.3924619]]}, "properties": {"t": "fall", "g": 3, "loop": null, "hole": 3, "slope_pct": 2.05, "bearing": 227.5}}, {"type": "Feature", "geometry": {"type": "LineString", "coordinates": [[12.8262787, 55.3924702], [12.8262602, 55.3924597]]}, "properties": {"t": "fall", "g": 3, "loop": null, "hole": 3, "slope_pct": 2.76, "bearing": 225.0}}, {"type": "Feature", "geometry": {"type": "LineString", "coordinates": [[12.826326, 55.3924711], [12.8263081, 55.3924535]]}, "properties": {"t": "fall", "g": 3, "loop": null, "hole": 3, "slope_pct": 3.76, "bearing": 210.1}}, {"type": "Feature", "geometry": {"type": "LineString", "coordinates": [[12.8263733, 55.3924719], [12.8263494, 55.3924486]]}, "properties": {"t": "fall", "g": 3, "loop": null, "hole": 3, "slope_pct": 5.13, "bearing": 210.3}}, {"type": "Feature", "geometry": {"type": "LineString", "coordinates": [[12.8264207, 55.3924727], [12.8263929, 55.3924509]]}, "properties": {"t": "fall", "g": 3, "loop": null, "hole": 3, "slope_pct": 5.22, "bearing": 215.8}}, {"type": "Feature", "geometry": {"type": "LineString", "coordinates": [[12.8261382, 55.3924407], [12.8261102, 55.3924377]]}, "properties": {"t": "fall", "g": 3, "loop": null, "hole": 3, "slope_pct": 3.0, "bearing": 259.1}}, {"type": "Feature", "geometry": {"type": "LineString", "coordinates": [[12.8261855, 55.3924416], [12.8262089, 55.3924368]]}, "properties": {"t": "fall", "g": 3, "loop": null, "hole": 3, "slope_pct": 2.62, "bearing": 109.7}}, {"type": "Feature", "geometry": {"type": "LineString", "coordinates": [[12.8262328, 55.3924424], [12.8262148, 55.3924378]]}, "properties": {"t": "fall", "g": 3, "loop": null, "hole": 3, "slope_pct": 2.08, "bearing": 245.9}}, {"type": "Feature", "geometry": {"type": "LineString", "coordinates": [[12.8262801, 55.3924433], [12.8262568, 55.392448]]}, "properties": {"t": "fall", "g": 3, "loop": null, "hole": 3, "slope_pct": 2.61, "bearing": 289.4}}, {"type": "Feature", "geometry": {"type": "LineString", "coordinates": [[12.8263275, 55.3924441], [12.826317, 55.3924553]]}, "properties": {"t": "fall", "g": 3, "loop": null, "hole": 3, "slope_pct": 2.34, "bearing": 332.0}}, {"type": "Feature", "geometry": {"type": "LineString", "coordinates": [[12.8263748, 55.392445], [12.8263574, 55.3924568]]}, "properties": {"t": "fall", "g": 3, "loop": null, "hole": 3, "slope_pct": 2.86, "bearing": 320.0}}, {"type": "Feature", "geometry": {"type": "LineString", "coordinates": [[12.8264221, 55.3924458], [12.8263854, 55.3924628]]}, "properties": {"t": "fall", "g": 3, "loop": null, "hole": 3, "slope_pct": 5.62, "bearing": 309.2}}, {"type": "Feature", "geometry": {"type": "LineString", "coordinates": [[12.8261396, 55.3924138], [12.8261353, 55.3924093]]}, "properties": {"t": "fall", "g": 3, "loop": null, "hole": 3, "slope_pct": 0.96, "bearing": 208.4}}, {"type": "Feature", "geometry": {"type": "LineString", "coordinates": [[12.826187, 55.3924147], [12.8262058, 55.3924044]]}, "properties": {"t": "fall", "g": 3, "loop": null, "hole": 3, "slope_pct": 2.74, "bearing": 133.8}}, {"type": "Feature", "geometry": {"type": "LineString", "coordinates": [[12.8262343, 55.3924155], [12.8262038, 55.3924123]]}, "properties": {"t": "fall", "g": 3, "loop": null, "hole": 3, "slope_pct": 3.27, "bearing": 259.7}}, {"type": "Feature", "geometry": {"type": "LineString", "coordinates": [[12.8262816, 55.3924163], [12.8262367, 55.3924249]]}, "properties": {"t": "fall", "g": 3, "loop": null, "hole": 3, "slope_pct": 5.17, "bearing": 288.6}}, {"type": "Feature", "geometry": {"type": "LineString", "coordinates": [[12.826329, 55.3924172], [12.8263114, 55.3924321]]}, "properties": {"t": "fall", "g": 3, "loop": null, "hole": 3, "slope_pct": 3.33, "bearing": 326.4}}, {"type": "Feature", "geometry": {"type": "LineString", "coordinates": [[12.8263763, 55.392418], [12.8263529, 55.3924203]]}, "properties": {"t": "fall", "g": 3, "loop": null, "hole": 3, "slope_pct": 2.5, "bearing": 279.7}}, {"type": "Feature", "geometry": {"type": "LineString", "coordinates": [[12.8260938, 55.392386], [12.8260605, 55.3923694]]}, "properties": {"t": "fall", "g": 3, "loop": null, "hole": 3, "slope_pct": 4.66, "bearing": 228.7}}, {"type": "Feature", "geometry": {"type": "LineString", "coordinates": [[12.8261411, 55.3923869], [12.8261594, 55.3923705]]}, "properties": {"t": "fall", "g": 3, "loop": null, "hole": 3, "slope_pct": 3.59, "bearing": 147.6}}, {"type": "Feature", "geometry": {"type": "LineString", "coordinates": [[12.8261885, 55.3923877], [12.8261913, 55.3923776]]}, "properties": {"t": "fall", "g": 3, "loop": null, "hole": 3, "slope_pct": 1.9, "bearing": 171.1}}, {"type": "Feature", "geometry": {"type": "LineString", "coordinates": [[12.8262358, 55.3923886], [12.8261934, 55.3923877]]}, "properties": {"t": "fall", "g": 3, "loop": null, "hole": 3, "slope_pct": 4.47, "bearing": 268.0}}, {"type": "Feature", "geometry": {"type": "LineString", "coordinates": [[12.8262831, 55.3923894], [12.8262409, 55.3923795]]}, "properties": {"t": "fall", "g": 3, "loop": null, "hole": 3, "slope_pct": 4.81, "bearing": 247.6}}, {"type": "Feature", "geometry": {"type": "LineString", "coordinates": [[12.8263304, 55.3923902], [12.8263541, 55.3923669]]}, "properties": {"t": "fall", "g": 3, "loop": null, "hole": 3, "slope_pct": 12.56, "bearing": 150.1}}, {"type": "Feature", "geometry": {"type": "LineString", "coordinates": [[12.8263778, 55.3923911], [12.8263894, 55.392365]]}, "properties": {"t": "fall", "g": 3, "loop": null, "hole": 3, "slope_pct": 20.54, "bearing": 165.8}}, {"type": "Feature", "geometry": {"type": "LineString", "coordinates": [[12.8261426, 55.3923599], [12.8261428, 55.3923528]]}, "properties": {"t": "fall", "g": 3, "loop": null, "hole": 3, "slope_pct": 1.32, "bearing": 179.2}}, {"type": "Feature", "geometry": {"type": "LineString", "coordinates": [[12.8261899, 55.3923608], [12.8261772, 55.3923639]]}, "properties": {"t": "fall", "g": 3, "loop": null, "hole": 3, "slope_pct": 1.46, "bearing": 293.4}}, {"type": "Feature", "geometry": {"type": "LineString", "coordinates": [[12.8262373, 55.3923616], [12.8261939, 55.3923726]]}, "properties": {"t": "fall", "g": 3, "loop": null, "hole": 3, "slope_pct": 5.97, "bearing": 294.0}}, {"type": "Feature", "geometry": {"type": "LineString", "coordinates": [[12.8262846, 55.3923625], [12.8263014, 55.3923548]]}, "properties": {"t": "fall", "g": 3, "loop": null, "hole": 3, "slope_pct": 2.28, "bearing": 128.7}}, {"type": "Feature", "geometry": {"type": "LineString", "coordinates": [[12.8263319, 55.3923633], [12.8263792, 55.3923609]]}, "properties": {"t": "fall", "g": 3, "loop": null, "hole": 3, "slope_pct": 10.62, "bearing": 95.1}}, {"type": "Feature", "geometry": {"type": "LineString", "coordinates": [[12.8263792, 55.3923641], [12.8263851, 55.3923909]]}, "properties": {"t": "fall", "g": 3, "loop": null, "hole": 3, "slope_pct": 5.44, "bearing": 7.1}}, {"type": "Feature", "geometry": {"type": "LineString", "coordinates": [[12.8262387, 55.3923347], [12.8262016, 55.392341]]}, "properties": {"t": "fall", "g": 3, "loop": null, "hole": 3, "slope_pct": 4.09, "bearing": 286.7}}, {"type": "Feature", "geometry": {"type": "LineString", "coordinates": [[12.8262861, 55.3923355], [12.8263289, 55.3923239]]}, "properties": {"t": "fall", "g": 3, "loop": null, "hole": 3, "slope_pct": 6.19, "bearing": 115.6}}, {"type": "Feature", "geometry": {"type": "Point", "coordinates": [12.8262825, 55.3924872]}, "properties": {"t": "aim", "g": 3, "loop": null, "hole": 3, "aim_bearing": 218.1, "slope_median": 2.74, "slope_max": 20.54, "n_cells": 67}}, {"type": "Feature", "geometry": {"type": "LineString", "coordinates": [[12.822928, 55.3896512], [12.8229097, 55.3896713]]}, "properties": {"t": "fall", "g": 4, "loop": null, "hole": 4, "slope_pct": 4.19, "bearing": 332.6}}, {"type": "Feature", "geometry": {"type": "LineString", "coordinates": [[12.8229753, 55.3896521], [12.8229831, 55.389673]]}, "properties": {"t": "fall", "g": 4, "loop": null, "hole": 4, "slope_pct": 3.97, "bearing": 11.9}}, {"type": "Feature", "geometry": {"type": "LineString", "coordinates": [[12.8230226, 55.3896529], [12.8230421, 55.3896771]]}, "properties": {"t": "fall", "g": 4, "loop": null, "hole": 4, "slope_pct": 4.94, "bearing": 24.5}}, {"type": "Feature", "geometry": {"type": "LineString", "coordinates": [[12.82307, 55.3896538], [12.8230662, 55.3896754]]}, "properties": {"t": "fall", "g": 4, "loop": null, "hole": 4, "slope_pct": 4.03, "bearing": 354.3}}, {"type": "Feature", "geometry": {"type": "LineString", "coordinates": [[12.8231173, 55.3896546], [12.8231115, 55.3896737]]}, "properties": {"t": "fall", "g": 4, "loop": null, "hole": 4, "slope_pct": 3.59, "bearing": 350.2}}, {"type": "Feature", "geometry": {"type": "LineString", "coordinates": [[12.8231646, 55.3896554], [12.8231662, 55.3896706]]}, "properties": {"t": "fall", "g": 4, "loop": null, "hole": 4, "slope_pct": 2.82, "bearing": 3.3}}, {"type": "Feature", "geometry": {"type": "LineString", "coordinates": [[12.8232119, 55.3896563], [12.8232248, 55.3896656]]}, "properties": {"t": "fall", "g": 4, "loop": null, "hole": 4, "slope_pct": 2.2, "bearing": 38.0}}, {"type": "Feature", "geometry": {"type": "LineString", "coordinates": [[12.8232593, 55.3896571], [12.8232647, 55.3896682]]}, "properties": {"t": "fall", "g": 4, "loop": null, "hole": 4, "slope_pct": 2.13, "bearing": 15.6}}, {"type": "Feature", "geometry": {"type": "LineString", "coordinates": [[12.8228348, 55.3896226], [12.8228022, 55.3896422]]}, "properties": {"t": "fall", "g": 4, "loop": null, "hole": 4, "slope_pct": 7.19, "bearing": 316.5}}, {"type": "Feature", "geometry": {"type": "LineString", "coordinates": [[12.8228821, 55.3896234], [12.8228658, 55.3896367]]}, "properties": {"t": "fall", "g": 4, "loop": null, "hole": 4, "slope_pct": 3.0, "bearing": 324.9}}, {"type": "Feature", "geometry": {"type": "LineString", "coordinates": [[12.8229295, 55.3896243], [12.8229197, 55.3896291]]}, "properties": {"t": "fall", "g": 4, "loop": null, "hole": 4, "slope_pct": 1.36, "bearing": 311.2}}, {"type": "Feature", "geometry": {"type": "LineString", "coordinates": [[12.8229768, 55.3896251], [12.8229772, 55.3896282]]}, "properties": {"t": "fall", "g": 4, "loop": null, "hole": 4, "slope_pct": 0.58, "bearing": 4.5}}, {"type": "Feature", "geometry": {"type": "LineString", "coordinates": [[12.8230241, 55.389626], [12.8230339, 55.3896321]]}, "properties": {"t": "fall", "g": 4, "loop": null, "hole": 4, "slope_pct": 1.53, "bearing": 42.1}}, {"type": "Feature", "geometry": {"type": "LineString", "coordinates": [[12.8230714, 55.3896268], [12.8230706, 55.3896373]]}, "properties": {"t": "fall", "g": 4, "loop": null, "hole": 4, "slope_pct": 1.95, "bearing": 357.4}}, {"type": "Feature", "geometry": {"type": "LineString", "coordinates": [[12.8231188, 55.3896277], [12.8231186, 55.3896372]]}, "properties": {"t": "fall", "g": 4, "loop": null, "hole": 4, "slope_pct": 1.77, "bearing": 359.5}}, {"type": "Feature", "geometry": {"type": "LineString", "coordinates": [[12.8231661, 55.3896285], [12.8231757, 55.389636]]}, "properties": {"t": "fall", "g": 4, "loop": null, "hole": 4, "slope_pct": 1.73, "bearing": 36.0}}, {"type": "Feature", "geometry": {"type": "LineString", "coordinates": [[12.8232134, 55.3896293], [12.8232262, 55.3896385]]}, "properties": {"t": "fall", "g": 4, "loop": null, "hole": 4, "slope_pct": 2.17, "bearing": 38.5}}, {"type": "Feature", "geometry": {"type": "LineString", "coordinates": [[12.8232607, 55.3896302], [12.8232663, 55.3896391]]}, "properties": {"t": "fall", "g": 4, "loop": null, "hole": 4, "slope_pct": 1.76, "bearing": 19.6}}, {"type": "Feature", "geometry": {"type": "LineString", "coordinates": [[12.8228363, 55.3895957], [12.8228062, 55.3896068]]}, "properties": {"t": "fall", "g": 4, "loop": null, "hole": 4, "slope_pct": 3.78, "bearing": 303.1}}, {"type": "Feature", "geometry": {"type": "LineString", "coordinates": [[12.8228836, 55.3895965], [12.8228795, 55.3896038]]}, "properties": {"t": "fall", "g": 4, "loop": null, "hole": 4, "slope_pct": 1.43, "bearing": 342.1}}, {"type": "Feature", "geometry": {"type": "LineString", "coordinates": [[12.8229783, 55.3895982], [12.8229779, 55.3895948]]}, "properties": {"t": "fall", "g": 4, "loop": null, "hole": 4, "slope_pct": 0.64, "bearing": 183.9}}, {"type": "Feature", "geometry": {"type": "LineString", "coordinates": [[12.8231676, 55.3896016], [12.8231759, 55.389604]]}, "properties": {"t": "fall", "g": 4, "loop": null, "hole": 4, "slope_pct": 0.99, "bearing": 62.8}}, {"type": "Feature", "geometry": {"type": "LineString", "coordinates": [[12.8232149, 55.3896024], [12.8232208, 55.3896074]]}, "properties": {"t": "fall", "g": 4, "loop": null, "hole": 4, "slope_pct": 1.12, "bearing": 34.0}}, {"type": "Feature", "geometry": {"type": "LineString", "coordinates": [[12.8232622, 55.3896032], [12.8232691, 55.389612]]}, "properties": {"t": "fall", "g": 4, "loop": null, "hole": 4, "slope_pct": 1.77, "bearing": 24.1}}, {"type": "Feature", "geometry": {"type": "LineString", "coordinates": [[12.8227905, 55.3895679], [12.8227451, 55.3895758]]}, "properties": {"t": "fall", "g": 4, "loop": null, "hole": 4, "slope_pct": 6.59, "bearing": 287.2}}, {"type": "Feature", "geometry": {"type": "LineString", "coordinates": [[12.8228378, 55.3895687], [12.8228052, 55.3895767]]}, "properties": {"t": "fall", "g": 4, "loop": null, "hole": 4, "slope_pct": 3.74, "bearing": 293.4}}, {"type": "Feature", "geometry": {"type": "LineString", "coordinates": [[12.8228851, 55.3895696], [12.8228895, 55.3895768]]}, "properties": {"t": "fall", "g": 4, "loop": null, "hole": 4, "slope_pct": 1.41, "bearing": 18.9}}, {"type": "Feature", "geometry": {"type": "LineString", "coordinates": [[12.8229324, 55.3895704], [12.8229437, 55.389574]]}, "properties": {"t": "fall", "g": 4, "loop": null, "hole": 4, "slope_pct": 1.37, "bearing": 60.6}}, {"type": "Feature", "geometry": {"type": "LineString", "coordinates": [[12.8230271, 55.3895721], [12.8230297, 55.3895685]]}, "properties": {"t": "fall", "g": 4, "loop": null, "hole": 4, "slope_pct": 0.73, "bearing": 157.9}}, {"type": "Feature", "geometry": {"type": "LineString", "coordinates": [[12.8230744, 55.3895729], [12.8230719, 55.3895685]]}, "properties": {"t": "fall", "g": 4, "loop": null, "hole": 4, "slope_pct": 0.87, "bearing": 197.8}}, {"type": "Feature", "geometry": {"type": "LineString", "coordinates": [[12.8231217, 55.3895738], [12.8231161, 55.3895735]]}, "properties": {"t": "fall", "g": 4, "loop": null, "hole": 4, "slope_pct": 0.6, "bearing": 265.2}}, {"type": "Feature", "geometry": {"type": "LineString", "coordinates": [[12.823169, 55.3895746], [12.8231738, 55.3895775]]}, "properties": {"t": "fall", "g": 4, "loop": null, "hole": 4, "slope_pct": 0.73, "bearing": 43.4}}, {"type": "Feature", "geometry": {"type": "LineString", "coordinates": [[12.8232164, 55.3895755], [12.8232204, 55.3895784]]}, "properties": {"t": "fall", "g": 4, "loop": null, "hole": 4, "slope_pct": 0.69, "bearing": 37.7}}, {"type": "Feature", "geometry": {"type": "LineString", "coordinates": [[12.8232637, 55.3895763], [12.8232698, 55.3895772]]}, "properties": {"t": "fall", "g": 4, "loop": null, "hole": 4, "slope_pct": 0.66, "bearing": 76.2}}, {"type": "Feature", "geometry": {"type": "LineString", "coordinates": [[12.8227919, 55.3895409], [12.8227571, 55.3895592]]}, "properties": {"t": "fall", "g": 4, "loop": null, "hole": 4, "slope_pct": 6.95, "bearing": 312.7}}, {"type": "Feature", "geometry": {"type": "LineString", "coordinates": [[12.8228393, 55.3895418], [12.8228197, 55.3895533]]}, "properties": {"t": "fall", "g": 4, "loop": null, "hole": 4, "slope_pct": 2.96, "bearing": 316.0}}, {"type": "Feature", "geometry": {"type": "LineString", "coordinates": [[12.8228866, 55.3895426], [12.8228904, 55.3895491]]}, "properties": {"t": "fall", "g": 4, "loop": null, "hole": 4, "slope_pct": 1.26, "bearing": 18.4}}, {"type": "Feature", "geometry": {"type": "LineString", "coordinates": [[12.8229339, 55.3895435], [12.8229481, 55.3895501]]}, "properties": {"t": "fall", "g": 4, "loop": null, "hole": 4, "slope_pct": 1.94, "bearing": 50.5}}, {"type": "Feature", "geometry": {"type": "LineString", "coordinates": [[12.8229812, 55.3895443], [12.8229897, 55.3895498]]}, "properties": {"t": "fall", "g": 4, "loop": null, "hole": 4, "slope_pct": 1.35, "bearing": 41.2}}, {"type": "Feature", "geometry": {"type": "LineString", "coordinates": [[12.8230286, 55.3895452], [12.8230345, 55.3895491]]}, "properties": {"t": "fall", "g": 4, "loop": null, "hole": 4, "slope_pct": 0.97, "bearing": 40.4}}, {"type": "Feature", "geometry": {"type": "LineString", "coordinates": [[12.8230759, 55.389546], [12.823074, 55.3895493]]}, "properties": {"t": "fall", "g": 4, "loop": null, "hole": 4, "slope_pct": 0.64, "bearing": 341.5}}, {"type": "Feature", "geometry": {"type": "LineString", "coordinates": [[12.8231232, 55.3895468], [12.8231108, 55.3895519]]}, "properties": {"t": "fall", "g": 4, "loop": null, "hole": 4, "slope_pct": 1.61, "bearing": 305.8}}, {"type": "Feature", "geometry": {"type": "LineString", "coordinates": [[12.8231705, 55.3895477], [12.82317, 55.3895596]]}, "properties": {"t": "fall", "g": 4, "loop": null, "hole": 4, "slope_pct": 2.21, "bearing": 358.5}}, {"type": "Feature", "geometry": {"type": "LineString", "coordinates": [[12.8227934, 55.389514], [12.822769, 55.3895233]]}, "properties": {"t": "fall", "g": 4, "loop": null, "hole": 4, "slope_pct": 3.11, "bearing": 303.9}}, {"type": "Feature", "geometry": {"type": "LineString", "coordinates": [[12.8228407, 55.3895148], [12.8228318, 55.3895201]]}, "properties": {"t": "fall", "g": 4, "loop": null, "hole": 4, "slope_pct": 1.36, "bearing": 316.0}}, {"type": "Feature", "geometry": {"type": "LineString", "coordinates": [[12.8228881, 55.3895157], [12.8228953, 55.3895212]]}, "properties": {"t": "fall", "g": 4, "loop": null, "hole": 4, "slope_pct": 1.28, "bearing": 36.8}}, {"type": "Feature", "geometry": {"type": "LineString", "coordinates": [[12.8229354, 55.3895165], [12.8229522, 55.3895182]]}, "properties": {"t": "fall", "g": 4, "loop": null, "hole": 4, "slope_pct": 1.8, "bearing": 80.2}}, {"type": "Feature", "geometry": {"type": "LineString", "coordinates": [[12.8229827, 55.3895174], [12.8229947, 55.389517]]}, "properties": {"t": "fall", "g": 4, "loop": null, "hole": 4, "slope_pct": 1.27, "bearing": 93.4}}, {"type": "Feature", "geometry": {"type": "LineString", "coordinates": [[12.8230774, 55.3895191], [12.8230753, 55.3895238]]}, "properties": {"t": "fall", "g": 4, "loop": null, "hole": 4, "slope_pct": 0.9, "bearing": 346.4}}, {"type": "Feature", "geometry": {"type": "LineString", "coordinates": [[12.8227949, 55.3894871], [12.822775, 55.3894883]]}, "properties": {"t": "fall", "g": 4, "loop": null, "hole": 4, "slope_pct": 2.11, "bearing": 276.1}}, {"type": "Feature", "geometry": {"type": "LineString", "coordinates": [[12.8228422, 55.3894879], [12.8228339, 55.3894883]]}, "properties": {"t": "fall", "g": 4, "loop": null, "hole": 4, "slope_pct": 0.88, "bearing": 274.7}}, {"type": "Feature", "geometry": {"type": "LineString", "coordinates": [[12.8228895, 55.3894888], [12.8228924, 55.3894917]]}, "properties": {"t": "fall", "g": 4, "loop": null, "hole": 4, "slope_pct": 0.63, "bearing": 28.7}}, {"type": "Feature", "geometry": {"type": "LineString", "coordinates": [[12.8229369, 55.3894896], [12.8229577, 55.3894971]]}, "properties": {"t": "fall", "g": 4, "loop": null, "hole": 4, "slope_pct": 2.6, "bearing": 57.8}}, {"type": "Feature", "geometry": {"type": "LineString", "coordinates": [[12.8229842, 55.3894904], [12.8229975, 55.3894948]]}, "properties": {"t": "fall", "g": 4, "loop": null, "hole": 4, "slope_pct": 1.62, "bearing": 60.0}}, {"type": "Feature", "geometry": {"type": "LineString", "coordinates": [[12.8227964, 55.3894601], [12.8227736, 55.3894383]]}, "properties": {"t": "fall", "g": 4, "loop": null, "hole": 4, "slope_pct": 4.7, "bearing": 210.7}}, {"type": "Feature", "geometry": {"type": "LineString", "coordinates": [[12.8228437, 55.389461], [12.8228252, 55.3894518]]}, "properties": {"t": "fall", "g": 4, "loop": null, "hole": 4, "slope_pct": 2.59, "bearing": 228.9}}, {"type": "Feature", "geometry": {"type": "LineString", "coordinates": [[12.822891, 55.3894618], [12.8228861, 55.3894608]]}, "properties": {"t": "fall", "g": 4, "loop": null, "hole": 4, "slope_pct": 0.55, "bearing": 250.6}}, {"type": "Feature", "geometry": {"type": "LineString", "coordinates": [[12.8229384, 55.3894627], [12.8229584, 55.3894628]]}, "properties": {"t": "fall", "g": 4, "loop": null, "hole": 4, "slope_pct": 2.12, "bearing": 89.2}}, {"type": "Feature", "geometry": {"type": "LineString", "coordinates": [[12.8229857, 55.3894635], [12.8230004, 55.3894683]]}, "properties": {"t": "fall", "g": 4, "loop": null, "hole": 4, "slope_pct": 1.79, "bearing": 60.0}}, {"type": "Feature", "geometry": {"type": "Point", "coordinates": [12.8230043, 55.3895695]}, "properties": {"t": "aim", "g": 4, "loop": null, "hole": 4, "aim_bearing": 348.5, "slope_median": 1.57, "slope_max": 7.19, "n_cells": 66}}, {"type": "Feature", "geometry": {"type": "LineString", "coordinates": [[12.8223702, 55.3871606], [12.8223968, 55.387176]]}, "properties": {"t": "fall", "g": 5, "loop": null, "hole": 5, "slope_pct": 4.01, "bearing": 44.4}}, {"type": "Feature", "geometry": {"type": "LineString", "coordinates": [[12.8224175, 55.3871614], [12.822431, 55.3871704]]}, "properties": {"t": "fall", "g": 5, "loop": null, "hole": 5, "slope_pct": 2.19, "bearing": 40.5}}, {"type": "Feature", "geometry": {"type": "LineString", "coordinates": [[12.8224648, 55.3871622], [12.8224582, 55.3871776]]}, "properties": {"t": "fall", "g": 5, "loop": null, "hole": 5, "slope_pct": 2.93, "bearing": 346.3}}, {"type": "Feature", "geometry": {"type": "LineString", "coordinates": [[12.822277, 55.3871319], [12.8222764, 55.387105]]}, "properties": {"t": "fall", "g": 5, "loop": null, "hole": 5, "slope_pct": 5.39, "bearing": 180.8}}, {"type": "Feature", "geometry": {"type": "LineString", "coordinates": [[12.8223243, 55.3871328], [12.8223601, 55.387115]]}, "properties": {"t": "fall", "g": 5, "loop": null, "hole": 5, "slope_pct": 5.02, "bearing": 131.1}}, {"type": "Feature", "geometry": {"type": "LineString", "coordinates": [[12.8223716, 55.3871336], [12.8224088, 55.3871341]]}, "properties": {"t": "fall", "g": 5, "loop": null, "hole": 5, "slope_pct": 3.92, "bearing": 88.6}}, {"type": "Feature", "geometry": {"type": "LineString", "coordinates": [[12.822419, 55.3871345], [12.8224245, 55.3871353]]}, "properties": {"t": "fall", "g": 5, "loop": null, "hole": 5, "slope_pct": 0.6, "bearing": 75.0}}, {"type": "Feature", "geometry": {"type": "LineString", "coordinates": [[12.8224663, 55.3871353], [12.8224506, 55.3871394]]}, "properties": {"t": "fall", "g": 5, "loop": null, "hole": 5, "slope_pct": 1.82, "bearing": 294.5}}, {"type": "Feature", "geometry": {"type": "LineString", "coordinates": [[12.8221838, 55.3871033], [12.8222021, 55.3870784]]}, "properties": {"t": "fall", "g": 5, "loop": null, "hole": 5, "slope_pct": 6.46, "bearing": 157.3}}, {"type": "Feature", "geometry": {"type": "LineString", "coordinates": [[12.8222312, 55.3871042], [12.8222404, 55.3870906]]}, "properties": {"t": "fall", "g": 5, "loop": null, "hole": 5, "slope_pct": 2.69, "bearing": 158.7}}, {"type": "Feature", "geometry": {"type": "LineString", "coordinates": [[12.8222785, 55.387105], [12.8222742, 55.3871024]]}, "properties": {"t": "fall", "g": 5, "loop": null, "hole": 5, "slope_pct": 0.66, "bearing": 223.6}}, {"type": "Feature", "geometry": {"type": "LineString", "coordinates": [[12.8223258, 55.3871058], [12.8223339, 55.387106]]}, "properties": {"t": "fall", "g": 5, "loop": null, "hole": 5, "slope_pct": 0.85, "bearing": 88.0}}, {"type": "Feature", "geometry": {"type": "LineString", "coordinates": [[12.8223731, 55.3871067], [12.8224088, 55.38711]]}, "properties": {"t": "fall", "g": 5, "loop": null, "hole": 5, "slope_pct": 3.81, "bearing": 80.7}}, {"type": "Feature", "geometry": {"type": "LineString", "coordinates": [[12.8224204, 55.3871075], [12.8224351, 55.3871014]]}, "properties": {"t": "fall", "g": 5, "loop": null, "hole": 5, "slope_pct": 1.91, "bearing": 126.3}}, {"type": "Feature", "geometry": {"type": "LineString", "coordinates": [[12.8224678, 55.3871084], [12.8224413, 55.3871005]]}, "properties": {"t": "fall", "g": 5, "loop": null, "hole": 5, "slope_pct": 3.14, "bearing": 242.5}}, {"type": "Feature", "geometry": {"type": "LineString", "coordinates": [[12.8221853, 55.3870764], [12.8221767, 55.3870724]]}, "properties": {"t": "fall", "g": 5, "loop": null, "hole": 5, "slope_pct": 1.17, "bearing": 231.2}}, {"type": "Feature", "geometry": {"type": "LineString", "coordinates": [[12.8222326, 55.3870772], [12.8222223, 55.387078]]}, "properties": {"t": "fall", "g": 5, "loop": null, "hole": 5, "slope_pct": 1.1, "bearing": 277.3}}, {"type": "Feature", "geometry": {"type": "LineString", "coordinates": [[12.82228, 55.3870781], [12.8222711, 55.3870818]]}, "properties": {"t": "fall", "g": 5, "loop": null, "hole": 5, "slope_pct": 1.16, "bearing": 306.8}}, {"type": "Feature", "geometry": {"type": "LineString", "coordinates": [[12.8223273, 55.3870789], [12.8223406, 55.3870783]]}, "properties": {"t": "fall", "g": 5, "loop": null, "hole": 5, "slope_pct": 1.41, "bearing": 94.6}}, {"type": "Feature", "geometry": {"type": "LineString", "coordinates": [[12.8223746, 55.3870797], [12.8224165, 55.3870729]]}, "properties": {"t": "fall", "g": 5, "loop": null, "hole": 5, "slope_pct": 4.59, "bearing": 106.2}}, {"type": "Feature", "geometry": {"type": "LineString", "coordinates": [[12.8224219, 55.3870806], [12.8224386, 55.3870772]]}, "properties": {"t": "fall", "g": 5, "loop": null, "hole": 5, "slope_pct": 1.87, "bearing": 109.9}}, {"type": "Feature", "geometry": {"type": "LineString", "coordinates": [[12.8224692, 55.3870814], [12.8224618, 55.3870755]]}, "properties": {"t": "fall", "g": 5, "loop": null, "hole": 5, "slope_pct": 1.35, "bearing": 215.6}}, {"type": "Feature", "geometry": {"type": "LineString", "coordinates": [[12.8225166, 55.3870823], [12.8224855, 55.3870619]]}, "properties": {"t": "fall", "g": 5, "loop": null, "hole": 5, "slope_pct": 6.22, "bearing": 220.9}}, {"type": "Feature", "geometry": {"type": "LineString", "coordinates": [[12.8221868, 55.3870494], [12.8221784, 55.3870555]]}, "properties": {"t": "fall", "g": 5, "loop": null, "hole": 5, "slope_pct": 1.43, "bearing": 321.5}}, {"type": "Feature", "geometry": {"type": "LineString", "coordinates": [[12.8222341, 55.3870503], [12.8222235, 55.3870506]]}, "properties": {"t": "fall", "g": 5, "loop": null, "hole": 5, "slope_pct": 1.13, "bearing": 273.5}}, {"type": "Feature", "geometry": {"type": "LineString", "coordinates": [[12.8222814, 55.3870511], [12.8222813, 55.3870467]]}, "properties": {"t": "fall", "g": 5, "loop": null, "hole": 5, "slope_pct": 0.82, "bearing": 180.9}}, {"type": "Feature", "geometry": {"type": "LineString", "coordinates": [[12.8223288, 55.387052], [12.8223506, 55.3870428]]}, "properties": {"t": "fall", "g": 5, "loop": null, "hole": 5, "slope_pct": 2.86, "bearing": 126.3}}, {"type": "Feature", "geometry": {"type": "LineString", "coordinates": [[12.8223761, 55.3870528], [12.8224145, 55.3870428]]}, "properties": {"t": "fall", "g": 5, "loop": null, "hole": 5, "slope_pct": 4.45, "bearing": 114.6}}, {"type": "Feature", "geometry": {"type": "LineString", "coordinates": [[12.8224234, 55.3870536], [12.8224331, 55.3870506]]}, "properties": {"t": "fall", "g": 5, "loop": null, "hole": 5, "slope_pct": 1.16, "bearing": 118.8}}, {"type": "Feature", "geometry": {"type": "LineString", "coordinates": [[12.8224707, 55.3870545], [12.8224691, 55.3870519]]}, "properties": {"t": "fall", "g": 5, "loop": null, "hole": 5, "slope_pct": 0.5, "bearing": 200.2}}, {"type": "Feature", "geometry": {"type": "LineString", "coordinates": [[12.822518, 55.3870553], [12.822505, 55.3870496]]}, "properties": {"t": "fall", "g": 5, "loop": null, "hole": 5, "slope_pct": 1.74, "bearing": 232.2}}, {"type": "Feature", "geometry": {"type": "LineString", "coordinates": [[12.8221883, 55.3870225], [12.8221928, 55.3870289]]}, "properties": {"t": "fall", "g": 5, "loop": null, "hole": 5, "slope_pct": 1.28, "bearing": 22.0}}, {"type": "Feature", "geometry": {"type": "LineString", "coordinates": [[12.8222356, 55.3870233], [12.8222315, 55.3870256]]}, "properties": {"t": "fall", "g": 5, "loop": null, "hole": 5, "slope_pct": 0.6, "bearing": 314.5}}, {"type": "Feature", "geometry": {"type": "LineString", "coordinates": [[12.8222829, 55.3870242], [12.8222915, 55.3870251]]}, "properties": {"t": "fall", "g": 5, "loop": null, "hole": 5, "slope_pct": 0.92, "bearing": 79.4}}, {"type": "Feature", "geometry": {"type": "LineString", "coordinates": [[12.8223302, 55.387025], [12.822355, 55.3870242]]}, "properties": {"t": "fall", "g": 5, "loop": null, "hole": 5, "slope_pct": 2.61, "bearing": 93.3}}, {"type": "Feature", "geometry": {"type": "LineString", "coordinates": [[12.8223776, 55.3870259], [12.822411, 55.3870266]]}, "properties": {"t": "fall", "g": 5, "loop": null, "hole": 5, "slope_pct": 3.52, "bearing": 87.9}}, {"type": "Feature", "geometry": {"type": "LineString", "coordinates": [[12.8225195, 55.3870284], [12.8225203, 55.3870255]]}, "properties": {"t": "fall", "g": 5, "loop": null, "hole": 5, "slope_pct": 0.55, "bearing": 171.7}}, {"type": "Feature", "geometry": {"type": "LineString", "coordinates": [[12.8225668, 55.3870292], [12.8225598, 55.3870086]]}, "properties": {"t": "fall", "g": 5, "loop": null, "hole": 5, "slope_pct": 3.9, "bearing": 191.0}}, {"type": "Feature", "geometry": {"type": "LineString", "coordinates": [[12.8222371, 55.3869964], [12.8222322, 55.3869975]]}, "properties": {"t": "fall", "g": 5, "loop": null, "hole": 5, "slope_pct": 0.55, "bearing": 291.3}}, {"type": "Feature", "geometry": {"type": "LineString", "coordinates": [[12.8222844, 55.3869972], [12.8222967, 55.3869963]]}, "properties": {"t": "fall", "g": 5, "loop": null, "hole": 5, "slope_pct": 1.3, "bearing": 97.8}}, {"type": "Feature", "geometry": {"type": "LineString", "coordinates": [[12.8223317, 55.3869981], [12.8223434, 55.3870032]]}, "properties": {"t": "fall", "g": 5, "loop": null, "hole": 5, "slope_pct": 1.56, "bearing": 52.6}}, {"type": "Feature", "geometry": {"type": "LineString", "coordinates": [[12.822379, 55.3869989], [12.8224149, 55.3870149]]}, "properties": {"t": "fall", "g": 5, "loop": null, "hole": 5, "slope_pct": 4.8, "bearing": 51.9}}, {"type": "Feature", "geometry": {"type": "LineString", "coordinates": [[12.8224264, 55.3869998], [12.8224425, 55.3870063]]}, "properties": {"t": "fall", "g": 5, "loop": null, "hole": 5, "slope_pct": 2.09, "bearing": 54.4}}, {"type": "Feature", "geometry": {"type": "LineString", "coordinates": [[12.822521, 55.3870015], [12.822533, 55.3869975]]}, "properties": {"t": "fall", "g": 5, "loop": null, "hole": 5, "slope_pct": 1.46, "bearing": 120.3}}, {"type": "Feature", "geometry": {"type": "LineString", "coordinates": [[12.8225683, 55.3870023], [12.8225838, 55.3869971]]}, "properties": {"t": "fall", "g": 5, "loop": null, "hole": 5, "slope_pct": 1.9, "bearing": 120.8}}, {"type": "Feature", "geometry": {"type": "LineString", "coordinates": [[12.8221912, 55.3869686], [12.8221834, 55.3869715]]}, "properties": {"t": "fall", "g": 5, "loop": null, "hole": 5, "slope_pct": 0.99, "bearing": 302.7}}, {"type": "Feature", "geometry": {"type": "LineString", "coordinates": [[12.8222386, 55.3869695], [12.8222439, 55.3869715]]}, "properties": {"t": "fall", "g": 5, "loop": null, "hole": 5, "slope_pct": 0.67, "bearing": 56.3}}, {"type": "Feature", "geometry": {"type": "LineString", "coordinates": [[12.8222859, 55.3869703], [12.8222937, 55.3869699]]}, "properties": {"t": "fall", "g": 5, "loop": null, "hole": 5, "slope_pct": 0.83, "bearing": 95.4}}, {"type": "Feature", "geometry": {"type": "LineString", "coordinates": [[12.8223332, 55.3869711], [12.8223271, 55.3869751]]}, "properties": {"t": "fall", "g": 5, "loop": null, "hole": 5, "slope_pct": 0.98, "bearing": 319.1}}, {"type": "Feature", "geometry": {"type": "LineString", "coordinates": [[12.8223805, 55.386972], [12.8223999, 55.3869864]]}, "properties": {"t": "fall", "g": 5, "loop": null, "hole": 5, "slope_pct": 3.36, "bearing": 37.5}}, {"type": "Feature", "geometry": {"type": "LineString", "coordinates": [[12.8224278, 55.3869728], [12.8224702, 55.3869839]]}, "properties": {"t": "fall", "g": 5, "loop": null, "hole": 5, "slope_pct": 4.92, "bearing": 65.2}}, {"type": "Feature", "geometry": {"type": "LineString", "coordinates": [[12.8224752, 55.3869737], [12.8224807, 55.3869762]]}, "properties": {"t": "fall", "g": 5, "loop": null, "hole": 5, "slope_pct": 0.75, "bearing": 50.5}}, {"type": "Feature", "geometry": {"type": "LineString", "coordinates": [[12.8225225, 55.3869745], [12.8225376, 55.386979]]}, "properties": {"t": "fall", "g": 5, "loop": null, "hole": 5, "slope_pct": 1.8, "bearing": 62.2}}, {"type": "Feature", "geometry": {"type": "LineString", "coordinates": [[12.8221927, 55.3869417], [12.8221863, 55.3869389]]}, "properties": {"t": "fall", "g": 5, "loop": null, "hole": 5, "slope_pct": 0.85, "bearing": 233.2}}, {"type": "Feature", "geometry": {"type": "LineString", "coordinates": [[12.82224, 55.3869425], [12.8222465, 55.386942]]}, "properties": {"t": "fall", "g": 5, "loop": null, "hole": 5, "slope_pct": 0.69, "bearing": 98.7}}, {"type": "Feature", "geometry": {"type": "LineString", "coordinates": [[12.8222874, 55.3869434], [12.8222872, 55.3869471]]}, "properties": {"t": "fall", "g": 5, "loop": null, "hole": 5, "slope_pct": 0.7, "bearing": 358.9}}, {"type": "Feature", "geometry": {"type": "LineString", "coordinates": [[12.8223347, 55.3869442], [12.822327, 55.3869512]]}, "properties": {"t": "fall", "g": 5, "loop": null, "hole": 5, "slope_pct": 1.52, "bearing": 327.9}}, {"type": "Feature", "geometry": {"type": "LineString", "coordinates": [[12.822382, 55.3869451], [12.8224009, 55.3869437]]}, "properties": {"t": "fall", "g": 5, "loop": null, "hole": 5, "slope_pct": 2.01, "bearing": 97.2}}, {"type": "Feature", "geometry": {"type": "LineString", "coordinates": [[12.8224293, 55.3869459], [12.8224761, 55.3869414]]}, "properties": {"t": "fall", "g": 5, "loop": null, "hole": 5, "slope_pct": 5.72, "bearing": 99.6}}, {"type": "Feature", "geometry": {"type": "LineString", "coordinates": [[12.8224766, 55.3869467], [12.8224791, 55.3869443]]}, "properties": {"t": "fall", "g": 5, "loop": null, "hole": 5, "slope_pct": 0.52, "bearing": 149.8}}, {"type": "Feature", "geometry": {"type": "LineString", "coordinates": [[12.822524, 55.3869476], [12.8225261, 55.3869565]]}, "properties": {"t": "fall", "g": 5, "loop": null, "hole": 5, "slope_pct": 1.67, "bearing": 7.8}}, {"type": "Feature", "geometry": {"type": "LineString", "coordinates": [[12.8222415, 55.3869156], [12.8222384, 55.386906]]}, "properties": {"t": "fall", "g": 5, "loop": null, "hole": 5, "slope_pct": 1.81, "bearing": 190.5}}, {"type": "Feature", "geometry": {"type": "LineString", "coordinates": [[12.8222888, 55.3869164], [12.8222811, 55.3869116]]}, "properties": {"t": "fall", "g": 5, "loop": null, "hole": 5, "slope_pct": 1.21, "bearing": 222.1}}, {"type": "Feature", "geometry": {"type": "LineString", "coordinates": [[12.8223362, 55.3869173], [12.8223368, 55.3869124]]}, "properties": {"t": "fall", "g": 5, "loop": null, "hole": 5, "slope_pct": 0.91, "bearing": 176.0}}, {"type": "Feature", "geometry": {"type": "LineString", "coordinates": [[12.8223835, 55.3869181], [12.8224186, 55.3869076]]}, "properties": {"t": "fall", "g": 5, "loop": null, "hole": 5, "slope_pct": 4.18, "bearing": 117.9}}, {"type": "Feature", "geometry": {"type": "LineString", "coordinates": [[12.8224308, 55.386919], [12.8224757, 55.3869103]]}, "properties": {"t": "fall", "g": 5, "loop": null, "hole": 5, "slope_pct": 5.14, "bearing": 108.8}}, {"type": "Feature", "geometry": {"type": "LineString", "coordinates": [[12.8224781, 55.3869198], [12.8224736, 55.386911]]}, "properties": {"t": "fall", "g": 5, "loop": null, "hole": 5, "slope_pct": 1.7, "bearing": 196.1}}, {"type": "Feature", "geometry": {"type": "Point", "coordinates": [12.8223576, 55.3870237]}, "properties": {"t": "aim", "g": 5, "loop": null, "hole": 5, "aim_bearing": 111.4, "slope_median": 1.52, "slope_max": 6.46, "n_cells": 71}}, {"type": "Feature", "geometry": {"type": "LineString", "coordinates": [[12.8213884, 55.3854892], [12.8213887, 55.3855059]]}, "properties": {"t": "fall", "g": 6, "loop": null, "hole": 6, "slope_pct": 3.09, "bearing": 0.6}}, {"type": "Feature", "geometry": {"type": "LineString", "coordinates": [[12.8213426, 55.3854615], [12.8213518, 55.3854851]]}, "properties": {"t": "fall", "g": 6, "loop": null, "hole": 6, "slope_pct": 4.49, "bearing": 12.5}}, {"type": "Feature", "geometry": {"type": "LineString", "coordinates": [[12.8213899, 55.3854623], [12.821389, 55.3854814]]}, "properties": {"t": "fall", "g": 6, "loop": null, "hole": 6, "slope_pct": 3.55, "bearing": 358.5}}, {"type": "Feature", "geometry": {"type": "LineString", "coordinates": [[12.8214372, 55.3854632], [12.8214292, 55.3854842]]}, "properties": {"t": "fall", "g": 6, "loop": null, "hole": 6, "slope_pct": 4.0, "bearing": 347.8}}, {"type": "Feature", "geometry": {"type": "LineString", "coordinates": [[12.8213441, 55.3854345], [12.8213778, 55.3854535]]}, "properties": {"t": "fall", "g": 6, "loop": null, "hole": 6, "slope_pct": 5.18, "bearing": 45.4}}, {"type": "Feature", "geometry": {"type": "LineString", "coordinates": [[12.8213914, 55.3854354], [12.8213914, 55.3854506]]}, "properties": {"t": "fall", "g": 6, "loop": null, "hole": 6, "slope_pct": 2.82, "bearing": 0.1}}, {"type": "Feature", "geometry": {"type": "LineString", "coordinates": [[12.8214387, 55.3854362], [12.8214291, 55.385451]]}, "properties": {"t": "fall", "g": 6, "loop": null, "hole": 6, "slope_pct": 2.93, "bearing": 339.7}}, {"type": "Feature", "geometry": {"type": "LineString", "coordinates": [[12.821486, 55.3854371], [12.8214407, 55.385445]]}, "properties": {"t": "fall", "g": 6, "loop": null, "hole": 6, "slope_pct": 8.65, "bearing": 287.2}}, {"type": "Feature", "geometry": {"type": "LineString", "coordinates": [[12.8213455, 55.3854076], [12.8213722, 55.3854082]]}, "properties": {"t": "fall", "g": 6, "loop": null, "hole": 6, "slope_pct": 2.82, "bearing": 87.7}}, {"type": "Feature", "geometry": {"type": "LineString", "coordinates": [[12.8213929, 55.3854084], [12.8213904, 55.3854184]]}, "properties": {"t": "fall", "g": 6, "loop": null, "hole": 6, "slope_pct": 1.86, "bearing": 352.1}}, {"type": "Feature", "geometry": {"type": "LineString", "coordinates": [[12.8214402, 55.3854093], [12.8214305, 55.3854218]]}, "properties": {"t": "fall", "g": 6, "loop": null, "hole": 6, "slope_pct": 2.55, "bearing": 336.4}}, {"type": "Feature", "geometry": {"type": "LineString", "coordinates": [[12.8214875, 55.3854101], [12.8214408, 55.3854149]]}, "properties": {"t": "fall", "g": 6, "loop": null, "hole": 6, "slope_pct": 6.57, "bearing": 280.3}}, {"type": "Feature", "geometry": {"type": "LineString", "coordinates": [[12.8215348, 55.385411], [12.8214882, 55.385406]]}, "properties": {"t": "fall", "g": 6, "loop": null, "hole": 6, "slope_pct": 7.01, "bearing": 259.5}}, {"type": "Feature", "geometry": {"type": "LineString", "coordinates": [[12.821347, 55.3853806], [12.8213478, 55.3853876]]}, "properties": {"t": "fall", "g": 6, "loop": null, "hole": 6, "slope_pct": 1.29, "bearing": 3.7}}, {"type": "Feature", "geometry": {"type": "LineString", "coordinates": [[12.8213943, 55.3853815], [12.8213876, 55.3853905]]}, "properties": {"t": "fall", "g": 6, "loop": null, "hole": 6, "slope_pct": 1.81, "bearing": 336.9}}, {"type": "Feature", "geometry": {"type": "LineString", "coordinates": [[12.8214417, 55.3853823], [12.8214311, 55.3853911]]}, "properties": {"t": "fall", "g": 6, "loop": null, "hole": 6, "slope_pct": 1.96, "bearing": 325.6}}, {"type": "Feature", "geometry": {"type": "LineString", "coordinates": [[12.821489, 55.3853832], [12.8214471, 55.3853897]]}, "properties": {"t": "fall", "g": 6, "loop": null, "hole": 6, "slope_pct": 4.58, "bearing": 285.3}}, {"type": "Feature", "geometry": {"type": "LineString", "coordinates": [[12.8215363, 55.385384], [12.8214895, 55.3853795]]}, "properties": {"t": "fall", "g": 6, "loop": null, "hole": 6, "slope_pct": 6.04, "bearing": 260.3}}, {"type": "Feature", "geometry": {"type": "LineString", "coordinates": [[12.8215836, 55.3853849], [12.8215995, 55.3853982]]}, "properties": {"t": "fall", "g": 6, "loop": null, "hole": 6, "slope_pct": 2.99, "bearing": 34.1}}, {"type": "Feature", "geometry": {"type": "LineString", "coordinates": [[12.8213485, 55.3853537], [12.8213472, 55.3853682]]}, "properties": {"t": "fall", "g": 6, "loop": null, "hole": 6, "slope_pct": 2.7, "bearing": 357.0}}, {"type": "Feature", "geometry": {"type": "LineString", "coordinates": [[12.8213958, 55.3853546], [12.8213932, 55.3853663]]}, "properties": {"t": "fall", "g": 6, "loop": null, "hole": 6, "slope_pct": 2.19, "bearing": 352.8}}, {"type": "Feature", "geometry": {"type": "LineString", "coordinates": [[12.8214431, 55.3853554], [12.8214368, 55.3853643]]}, "properties": {"t": "fall", "g": 6, "loop": null, "hole": 6, "slope_pct": 1.78, "bearing": 338.1}}, {"type": "Feature", "geometry": {"type": "LineString", "coordinates": [[12.8214905, 55.3853562], [12.8214612, 55.3853588]]}, "properties": {"t": "fall", "g": 6, "loop": null, "hole": 6, "slope_pct": 3.12, "bearing": 278.9}}, {"type": "Feature", "geometry": {"type": "LineString", "coordinates": [[12.8215378, 55.3853571], [12.8215023, 55.3853484]]}, "properties": {"t": "fall", "g": 6, "loop": null, "hole": 6, "slope_pct": 4.08, "bearing": 246.6}}, {"type": "Feature", "geometry": {"type": "LineString", "coordinates": [[12.8215851, 55.3853579], [12.8215526, 55.3853444]]}, "properties": {"t": "fall", "g": 6, "loop": null, "hole": 6, "slope_pct": 4.25, "bearing": 233.8}}, {"type": "Feature", "geometry": {"type": "LineString", "coordinates": [[12.8213973, 55.3853276], [12.8214036, 55.3853381]]}, "properties": {"t": "fall", "g": 6, "loop": null, "hole": 6, "slope_pct": 2.06, "bearing": 18.7}}, {"type": "Feature", "geometry": {"type": "LineString", "coordinates": [[12.8214446, 55.3853285], [12.8214406, 55.3853359]]}, "properties": {"t": "fall", "g": 6, "loop": null, "hole": 6, "slope_pct": 1.44, "bearing": 343.0}}, {"type": "Feature", "geometry": {"type": "LineString", "coordinates": [[12.8214919, 55.3853293], [12.8214777, 55.3853344]]}, "properties": {"t": "fall", "g": 6, "loop": null, "hole": 6, "slope_pct": 1.77, "bearing": 302.0}}, {"type": "Feature", "geometry": {"type": "LineString", "coordinates": [[12.8215393, 55.3853301], [12.8215152, 55.3853309]]}, "properties": {"t": "fall", "g": 6, "loop": null, "hole": 6, "slope_pct": 2.54, "bearing": 273.3}}, {"type": "Feature", "geometry": {"type": "LineString", "coordinates": [[12.8215866, 55.385331], [12.8215567, 55.3853277]]}, "properties": {"t": "fall", "g": 6, "loop": null, "hole": 6, "slope_pct": 3.21, "bearing": 258.9}}, {"type": "Feature", "geometry": {"type": "LineString", "coordinates": [[12.8213988, 55.3853007], [12.8214103, 55.3853094]]}, "properties": {"t": "fall", "g": 6, "loop": null, "hole": 6, "slope_pct": 2.02, "bearing": 36.9}}, {"type": "Feature", "geometry": {"type": "LineString", "coordinates": [[12.8214461, 55.3853015], [12.8214446, 55.3853079]]}, "properties": {"t": "fall", "g": 6, "loop": null, "hole": 6, "slope_pct": 1.19, "bearing": 352.4}}, {"type": "Feature", "geometry": {"type": "LineString", "coordinates": [[12.8214934, 55.3853024], [12.821481, 55.3853065]]}, "properties": {"t": "fall", "g": 6, "loop": null, "hole": 6, "slope_pct": 1.52, "bearing": 300.5}}, {"type": "Feature", "geometry": {"type": "LineString", "coordinates": [[12.8215407, 55.3853032], [12.8215235, 55.3853071]]}, "properties": {"t": "fall", "g": 6, "loop": null, "hole": 6, "slope_pct": 1.95, "bearing": 291.7}}, {"type": "Feature", "geometry": {"type": "LineString", "coordinates": [[12.8215881, 55.3853041], [12.8215603, 55.3853079]]}, "properties": {"t": "fall", "g": 6, "loop": null, "hole": 6, "slope_pct": 3.01, "bearing": 283.7}}, {"type": "Feature", "geometry": {"type": "LineString", "coordinates": [[12.8214003, 55.3852737], [12.8214032, 55.3852908]]}, "properties": {"t": "fall", "g": 6, "loop": null, "hole": 6, "slope_pct": 3.18, "bearing": 5.6}}, {"type": "Feature", "geometry": {"type": "LineString", "coordinates": [[12.8214476, 55.3852746], [12.8214548, 55.3852898]]}, "properties": {"t": "fall", "g": 6, "loop": null, "hole": 6, "slope_pct": 2.93, "bearing": 15.1}}, {"type": "Feature", "geometry": {"type": "LineString", "coordinates": [[12.8214949, 55.3852754], [12.8214853, 55.3852868]]}, "properties": {"t": "fall", "g": 6, "loop": null, "hole": 6, "slope_pct": 2.35, "bearing": 334.4}}, {"type": "Feature", "geometry": {"type": "LineString", "coordinates": [[12.8215422, 55.3852763], [12.8215213, 55.3852877]]}, "properties": {"t": "fall", "g": 6, "loop": null, "hole": 6, "slope_pct": 3.06, "bearing": 314.1}}, {"type": "Feature", "geometry": {"type": "LineString", "coordinates": [[12.8214491, 55.3852476], [12.8214573, 55.3852653]]}, "properties": {"t": "fall", "g": 6, "loop": null, "hole": 6, "slope_pct": 3.39, "bearing": 14.9}}, {"type": "Feature", "geometry": {"type": "LineString", "coordinates": [[12.8214964, 55.3852485], [12.8214914, 55.385268]]}, "properties": {"t": "fall", "g": 6, "loop": null, "hole": 6, "slope_pct": 3.65, "bearing": 351.8}}, {"type": "Feature", "geometry": {"type": "Point", "coordinates": [12.8214515, 55.3853621]}, "properties": {"t": "aim", "g": 6, "loop": null, "hole": 6, "aim_bearing": 321.7, "slope_median": 2.93, "slope_max": 8.65, "n_cells": 41}}, {"type": "Feature", "geometry": {"type": "LineString", "coordinates": [[12.8199619, 55.3821472], [12.8199606, 55.3821437]]}, "properties": {"t": "fall", "g": 7, "loop": null, "hole": 7, "slope_pct": 0.66, "bearing": 192.3}}, {"type": "Feature", "geometry": {"type": "LineString", "coordinates": [[12.8200092, 55.382148], [12.8199992, 55.382143]]}, "properties": {"t": "fall", "g": 7, "loop": null, "hole": 7, "slope_pct": 1.42, "bearing": 228.5}}, {"type": "Feature", "geometry": {"type": "LineString", "coordinates": [[12.8200565, 55.3821489], [12.820052, 55.3821362]]}, "properties": {"t": "fall", "g": 7, "loop": null, "hole": 7, "slope_pct": 2.4, "bearing": 191.6}}, {"type": "Feature", "geometry": {"type": "LineString", "coordinates": [[12.8201039, 55.3821497], [12.820116, 55.382139]]}, "properties": {"t": "fall", "g": 7, "loop": null, "hole": 7, "slope_pct": 2.36, "bearing": 147.1}}, {"type": "Feature", "geometry": {"type": "LineString", "coordinates": [[12.8201512, 55.3821506], [12.8201267, 55.382152]]}, "properties": {"t": "fall", "g": 7, "loop": null, "hole": 7, "slope_pct": 2.59, "bearing": 276.0}}, {"type": "Feature", "geometry": {"type": "LineString", "coordinates": [[12.8199634, 55.3821202], [12.8199713, 55.3821158]]}, "properties": {"t": "fall", "g": 7, "loop": null, "hole": 7, "slope_pct": 1.17, "bearing": 134.9}}, {"type": "Feature", "geometry": {"type": "LineString", "coordinates": [[12.8200107, 55.3821211], [12.8200116, 55.3821109]]}, "properties": {"t": "fall", "g": 7, "loop": null, "hole": 7, "slope_pct": 1.9, "bearing": 177.2}}, {"type": "Feature", "geometry": {"type": "LineString", "coordinates": [[12.820058, 55.3821219], [12.820056, 55.3821098]]}, "properties": {"t": "fall", "g": 7, "loop": null, "hole": 7, "slope_pct": 2.26, "bearing": 185.5}}, {"type": "Feature", "geometry": {"type": "LineString", "coordinates": [[12.8201053, 55.3821228], [12.8200948, 55.3821185]]}, "properties": {"t": "fall", "g": 7, "loop": null, "hole": 7, "slope_pct": 1.36, "bearing": 234.5}}, {"type": "Feature", "geometry": {"type": "LineString", "coordinates": [[12.8201527, 55.3821236], [12.8201102, 55.3821279]]}, "properties": {"t": "fall", "g": 7, "loop": null, "hole": 7, "slope_pct": 4.54, "bearing": 280.0}}, {"type": "Feature", "geometry": {"type": "LineString", "coordinates": [[12.8199649, 55.3820933], [12.8199754, 55.3820903]]}, "properties": {"t": "fall", "g": 7, "loop": null, "hole": 7, "slope_pct": 1.25, "bearing": 117.0}}, {"type": "Feature", "geometry": {"type": "LineString", "coordinates": [[12.8200595, 55.382095], [12.820052, 55.382095]]}, "properties": {"t": "fall", "g": 7, "loop": null, "hole": 7, "slope_pct": 0.79, "bearing": 270.2}}, {"type": "Feature", "geometry": {"type": "LineString", "coordinates": [[12.8201068, 55.3820958], [12.8200911, 55.3820956]]}, "properties": {"t": "fall", "g": 7, "loop": null, "hole": 7, "slope_pct": 1.65, "bearing": 268.7}}, {"type": "Feature", "geometry": {"type": "LineString", "coordinates": [[12.8201541, 55.3820967], [12.8201113, 55.3820933]]}, "properties": {"t": "fall", "g": 7, "loop": null, "hole": 7, "slope_pct": 4.56, "bearing": 262.0}}, {"type": "Feature", "geometry": {"type": "LineString", "coordinates": [[12.8200137, 55.3820672], [12.8200239, 55.3820812]]}, "properties": {"t": "fall", "g": 7, "loop": null, "hole": 7, "slope_pct": 2.81, "bearing": 22.5}}, {"type": "Feature", "geometry": {"type": "LineString", "coordinates": [[12.820061, 55.3820681], [12.8200574, 55.3820737]]}, "properties": {"t": "fall", "g": 7, "loop": null, "hole": 7, "slope_pct": 1.11, "bearing": 340.2}}, {"type": "Feature", "geometry": {"type": "LineString", "coordinates": [[12.8201083, 55.3820689], [12.8201005, 55.3820677]]}, "properties": {"t": "fall", "g": 7, "loop": null, "hole": 7, "slope_pct": 0.86, "bearing": 254.4}}, {"type": "Feature", "geometry": {"type": "LineString", "coordinates": [[12.8201556, 55.3820697], [12.8201316, 55.3820599]]}, "properties": {"t": "fall", "g": 7, "loop": null, "hole": 7, "slope_pct": 3.12, "bearing": 234.1}}, {"type": "Feature", "geometry": {"type": "LineString", "coordinates": [[12.8200152, 55.3820403], [12.8200424, 55.382042]]}, "properties": {"t": "fall", "g": 7, "loop": null, "hole": 7, "slope_pct": 2.89, "bearing": 83.5}}, {"type": "Feature", "geometry": {"type": "LineString", "coordinates": [[12.8200625, 55.3820411], [12.8200656, 55.3820453]]}, "properties": {"t": "fall", "g": 7, "loop": null, "hole": 7, "slope_pct": 0.84, "bearing": 22.9}}, {"type": "Feature", "geometry": {"type": "LineString", "coordinates": [[12.8201098, 55.382042], [12.8201148, 55.3820437]]}, "properties": {"t": "fall", "g": 7, "loop": null, "hole": 7, "slope_pct": 0.62, "bearing": 58.4}}, {"type": "Feature", "geometry": {"type": "LineString", "coordinates": [[12.8201571, 55.3820428], [12.8201467, 55.38204]]}, "properties": {"t": "fall", "g": 7, "loop": null, "hole": 7, "slope_pct": 1.22, "bearing": 244.8}}, {"type": "Feature", "geometry": {"type": "LineString", "coordinates": [[12.8202044, 55.3820436], [12.8201764, 55.3820354]]}, "properties": {"t": "fall", "g": 7, "loop": null, "hole": 7, "slope_pct": 3.33, "bearing": 242.5}}, {"type": "Feature", "geometry": {"type": "LineString", "coordinates": [[12.8200166, 55.3820133], [12.820037, 55.3820129]]}, "properties": {"t": "fall", "g": 7, "loop": null, "hole": 7, "slope_pct": 2.15, "bearing": 92.4}}, {"type": "Feature", "geometry": {"type": "LineString", "coordinates": [[12.820064, 55.3820142], [12.820061, 55.3820209]]}, "properties": {"t": "fall", "g": 7, "loop": null, "hole": 7, "slope_pct": 1.28, "bearing": 345.7}}, {"type": "Feature", "geometry": {"type": "LineString", "coordinates": [[12.8201113, 55.382015], [12.8201195, 55.3820234]]}, "properties": {"t": "fall", "g": 7, "loop": null, "hole": 7, "slope_pct": 1.78, "bearing": 29.0}}, {"type": "Feature", "geometry": {"type": "LineString", "coordinates": [[12.8201586, 55.3820159], [12.8201481, 55.3820249]]}, "properties": {"t": "fall", "g": 7, "loop": null, "hole": 7, "slope_pct": 2.01, "bearing": 326.6}}, {"type": "Feature", "geometry": {"type": "LineString", "coordinates": [[12.8202059, 55.3820167], [12.8201922, 55.3820232]]}, "properties": {"t": "fall", "g": 7, "loop": null, "hole": 7, "slope_pct": 1.88, "bearing": 309.8}}, {"type": "Feature", "geometry": {"type": "LineString", "coordinates": [[12.8202532, 55.3820176], [12.8202409, 55.3820184]]}, "properties": {"t": "fall", "g": 7, "loop": null, "hole": 7, "slope_pct": 1.31, "bearing": 276.6}}, {"type": "Feature", "geometry": {"type": "LineString", "coordinates": [[12.8200654, 55.3819872], [12.8200517, 55.3820123]]}, "properties": {"t": "fall", "g": 7, "loop": null, "hole": 7, "slope_pct": 4.87, "bearing": 342.7}}, {"type": "Feature", "geometry": {"type": "LineString", "coordinates": [[12.8201128, 55.3819881], [12.820122, 55.3820145]]}, "properties": {"t": "fall", "g": 7, "loop": null, "hole": 7, "slope_pct": 5.29, "bearing": 11.3}}, {"type": "Feature", "geometry": {"type": "LineString", "coordinates": [[12.8201601, 55.3819889], [12.8201599, 55.3820094]]}, "properties": {"t": "fall", "g": 7, "loop": null, "hole": 7, "slope_pct": 3.81, "bearing": 359.7}}, {"type": "Feature", "geometry": {"type": "LineString", "coordinates": [[12.8202074, 55.3819898], [12.8202002, 55.3820011]]}, "properties": {"t": "fall", "g": 7, "loop": null, "hole": 7, "slope_pct": 2.23, "bearing": 340.3}}, {"type": "Feature", "geometry": {"type": "LineString", "coordinates": [[12.8202547, 55.3819906], [12.8202447, 55.3820041]]}, "properties": {"t": "fall", "g": 7, "loop": null, "hole": 7, "slope_pct": 2.72, "bearing": 337.3}}, {"type": "Feature", "geometry": {"type": "LineString", "coordinates": [[12.8200669, 55.3819603], [12.8200596, 55.3819681]]}, "properties": {"t": "fall", "g": 7, "loop": null, "hole": 7, "slope_pct": 1.64, "bearing": 331.8}}, {"type": "Feature", "geometry": {"type": "LineString", "coordinates": [[12.8201142, 55.3819611], [12.8201161, 55.381969]]}, "properties": {"t": "fall", "g": 7, "loop": null, "hole": 7, "slope_pct": 1.47, "bearing": 7.6}}, {"type": "Feature", "geometry": {"type": "LineString", "coordinates": [[12.8201616, 55.381962], [12.8201758, 55.3819746]]}, "properties": {"t": "fall", "g": 7, "loop": null, "hole": 7, "slope_pct": 2.78, "bearing": 32.6}}, {"type": "Feature", "geometry": {"type": "LineString", "coordinates": [[12.8202089, 55.3819628], [12.8202041, 55.3819731]]}, "properties": {"t": "fall", "g": 7, "loop": null, "hole": 7, "slope_pct": 1.97, "bearing": 345.3}}, {"type": "Feature", "geometry": {"type": "LineString", "coordinates": [[12.8200684, 55.3819334], [12.8200642, 55.3819389]]}, "properties": {"t": "fall", "g": 7, "loop": null, "hole": 7, "slope_pct": 1.11, "bearing": 336.4}}, {"type": "Feature", "geometry": {"type": "LineString", "coordinates": [[12.8201157, 55.3819342], [12.8201124, 55.38194]]}, "properties": {"t": "fall", "g": 7, "loop": null, "hole": 7, "slope_pct": 1.14, "bearing": 342.2}}, {"type": "Feature", "geometry": {"type": "LineString", "coordinates": [[12.820163, 55.3819351], [12.8201715, 55.3819416]]}, "properties": {"t": "fall", "g": 7, "loop": null, "hole": 7, "slope_pct": 1.51, "bearing": 36.5}}, {"type": "Feature", "geometry": {"type": "Point", "coordinates": [12.820096, 55.3820489]}, "properties": {"t": "aim", "g": 7, "loop": null, "hole": 7, "aim_bearing": 320.5, "slope_median": 1.83, "slope_max": 5.29, "n_cells": 42}}, {"type": "Feature", "geometry": {"type": "LineString", "coordinates": [[12.8169482, 55.3812575], [12.816966, 55.3812342]]}, "properties": {"t": "fall", "g": 8, "loop": null, "hole": 8, "slope_pct": 4.7, "bearing": 156.5}}, {"type": "Feature", "geometry": {"type": "LineString", "coordinates": [[12.8169956, 55.3812583], [12.8170065, 55.3812452]]}, "properties": {"t": "fall", "g": 8, "loop": null, "hole": 8, "slope_pct": 2.7, "bearing": 154.8}}, {"type": "Feature", "geometry": {"type": "LineString", "coordinates": [[12.8170429, 55.3812592], [12.8170488, 55.3812503]]}, "properties": {"t": "fall", "g": 8, "loop": null, "hole": 8, "slope_pct": 1.75, "bearing": 159.3}}, {"type": "Feature", "geometry": {"type": "LineString", "coordinates": [[12.8170902, 55.38126], [12.8171062, 55.3812522]]}, "properties": {"t": "fall", "g": 8, "loop": null, "hole": 8, "slope_pct": 2.22, "bearing": 130.7}}, {"type": "Feature", "geometry": {"type": "LineString", "coordinates": [[12.8171375, 55.3812609], [12.8171463, 55.3812538]]}, "properties": {"t": "fall", "g": 8, "loop": null, "hole": 8, "slope_pct": 1.62, "bearing": 144.8}}, {"type": "Feature", "geometry": {"type": "LineString", "coordinates": [[12.8171848, 55.3812617], [12.8171984, 55.3812538]]}, "properties": {"t": "fall", "g": 8, "loop": null, "hole": 8, "slope_pct": 2.05, "bearing": 135.5}}, {"type": "Feature", "geometry": {"type": "LineString", "coordinates": [[12.8172321, 55.3812626], [12.8172395, 55.3812558]]}, "properties": {"t": "fall", "g": 8, "loop": null, "hole": 8, "slope_pct": 1.48, "bearing": 148.2}}, {"type": "Feature", "geometry": {"type": "LineString", "coordinates": [[12.8172794, 55.3812634], [12.8172888, 55.381259]]}, "properties": {"t": "fall", "g": 8, "loop": null, "hole": 8, "slope_pct": 1.29, "bearing": 129.8}}, {"type": "Feature", "geometry": {"type": "LineString", "coordinates": [[12.8168551, 55.3812289], [12.816857, 55.381225]]}, "properties": {"t": "fall", "g": 8, "loop": null, "hole": 8, "slope_pct": 0.75, "bearing": 164.4}}, {"type": "Feature", "geometry": {"type": "LineString", "coordinates": [[12.8169024, 55.3812297], [12.8169131, 55.3812218]]}, "properties": {"t": "fall", "g": 8, "loop": null, "hole": 8, "slope_pct": 1.85, "bearing": 142.6}}, {"type": "Feature", "geometry": {"type": "LineString", "coordinates": [[12.8169497, 55.3812306], [12.8169606, 55.3812247]]}, "properties": {"t": "fall", "g": 8, "loop": null, "hole": 8, "slope_pct": 1.58, "bearing": 133.2}}, {"type": "Feature", "geometry": {"type": "LineString", "coordinates": [[12.816997, 55.3812314], [12.8169963, 55.3812267]]}, "properties": {"t": "fall", "g": 8, "loop": null, "hole": 8, "slope_pct": 0.87, "bearing": 184.8}}, {"type": "Feature", "geometry": {"type": "LineString", "coordinates": [[12.8170444, 55.3812322], [12.817053, 55.3812294]]}, "properties": {"t": "fall", "g": 8, "loop": null, "hole": 8, "slope_pct": 1.05, "bearing": 120.2}}, {"type": "Feature", "geometry": {"type": "LineString", "coordinates": [[12.8170917, 55.3812331], [12.8171075, 55.3812299]]}, "properties": {"t": "fall", "g": 8, "loop": null, "hole": 8, "slope_pct": 1.77, "bearing": 109.8}}, {"type": "Feature", "geometry": {"type": "LineString", "coordinates": [[12.817139, 55.3812339], [12.8171493, 55.3812295]]}, "properties": {"t": "fall", "g": 8, "loop": null, "hole": 8, "slope_pct": 1.36, "bearing": 127.1}}, {"type": "Feature", "geometry": {"type": "LineString", "coordinates": [[12.8171863, 55.3812348], [12.817198, 55.3812313]]}, "properties": {"t": "fall", "g": 8, "loop": null, "hole": 8, "slope_pct": 1.39, "bearing": 117.3}}, {"type": "Feature", "geometry": {"type": "LineString", "coordinates": [[12.8172336, 55.3812356], [12.8172408, 55.3812314]]}, "properties": {"t": "fall", "g": 8, "loop": null, "hole": 8, "slope_pct": 1.09, "bearing": 136.0}}, {"type": "Feature", "geometry": {"type": "LineString", "coordinates": [[12.8172809, 55.3812365], [12.8172901, 55.3812306]]}, "properties": {"t": "fall", "g": 8, "loop": null, "hole": 8, "slope_pct": 1.46, "bearing": 138.3}}, {"type": "Feature", "geometry": {"type": "LineString", "coordinates": [[12.8173282, 55.3812373], [12.8173438, 55.3812321]]}, "properties": {"t": "fall", "g": 8, "loop": null, "hole": 8, "slope_pct": 1.91, "bearing": 120.6}}, {"type": "Feature", "geometry": {"type": "LineString", "coordinates": [[12.8168093, 55.3812011], [12.8168296, 55.3812043]]}, "properties": {"t": "fall", "g": 8, "loop": null, "hole": 8, "slope_pct": 2.22, "bearing": 74.6}}, {"type": "Feature", "geometry": {"type": "LineString", "coordinates": [[12.8168566, 55.3812019], [12.8168673, 55.3811946]]}, "properties": {"t": "fall", "g": 8, "loop": null, "hole": 8, "slope_pct": 1.77, "bearing": 140.2}}, {"type": "Feature", "geometry": {"type": "LineString", "coordinates": [[12.8169039, 55.3812028], [12.816912, 55.3811935]]}, "properties": {"t": "fall", "g": 8, "loop": null, "hole": 8, "slope_pct": 1.93, "bearing": 153.8}}, {"type": "Feature", "geometry": {"type": "LineString", "coordinates": [[12.8169512, 55.3812036], [12.8169532, 55.3811997]]}, "properties": {"t": "fall", "g": 8, "loop": null, "hole": 8, "slope_pct": 0.75, "bearing": 163.6}}, {"type": "Feature", "geometry": {"type": "LineString", "coordinates": [[12.8170458, 55.3812053], [12.817053, 55.3812078]]}, "properties": {"t": "fall", "g": 8, "loop": null, "hole": 8, "slope_pct": 0.88, "bearing": 58.4}}, {"type": "Feature", "geometry": {"type": "LineString", "coordinates": [[12.8170932, 55.3812062], [12.8171102, 55.3812082]]}, "properties": {"t": "fall", "g": 8, "loop": null, "hole": 8, "slope_pct": 1.83, "bearing": 77.8}}, {"type": "Feature", "geometry": {"type": "LineString", "coordinates": [[12.8171405, 55.381207], [12.8171528, 55.3812066]]}, "properties": {"t": "fall", "g": 8, "loop": null, "hole": 8, "slope_pct": 1.3, "bearing": 93.0}}, {"type": "Feature", "geometry": {"type": "LineString", "coordinates": [[12.8171878, 55.3812078], [12.8171984, 55.3812077]]}, "properties": {"t": "fall", "g": 8, "loop": null, "hole": 8, "slope_pct": 1.12, "bearing": 90.9}}, {"type": "Feature", "geometry": {"type": "LineString", "coordinates": [[12.8172351, 55.3812087], [12.8172443, 55.3812082]]}, "properties": {"t": "fall", "g": 8, "loop": null, "hole": 8, "slope_pct": 0.97, "bearing": 95.3}}, {"type": "Feature", "geometry": {"type": "LineString", "coordinates": [[12.8172824, 55.3812095], [12.8172937, 55.3812079]]}, "properties": {"t": "fall", "g": 8, "loop": null, "hole": 8, "slope_pct": 1.22, "bearing": 104.1}}, {"type": "Feature", "geometry": {"type": "LineString", "coordinates": [[12.8173297, 55.3812104], [12.8173417, 55.3812077]]}, "properties": {"t": "fall", "g": 8, "loop": null, "hole": 8, "slope_pct": 1.36, "bearing": 111.6}}, {"type": "Feature", "geometry": {"type": "LineString", "coordinates": [[12.8168108, 55.3811741], [12.8168515, 55.3811677]]}, "properties": {"t": "fall", "g": 8, "loop": null, "hole": 8, "slope_pct": 4.46, "bearing": 105.6}}, {"type": "Feature", "geometry": {"type": "LineString", "coordinates": [[12.8168581, 55.381175], [12.8168738, 55.3811696]]}, "properties": {"t": "fall", "g": 8, "loop": null, "hole": 8, "slope_pct": 1.93, "bearing": 121.0}}, {"type": "Feature", "geometry": {"type": "LineString", "coordinates": [[12.8169054, 55.3811758], [12.8169116, 55.3811697]]}, "properties": {"t": "fall", "g": 8, "loop": null, "hole": 8, "slope_pct": 1.3, "bearing": 150.1}}, {"type": "Feature", "geometry": {"type": "LineString", "coordinates": [[12.8169527, 55.3811767], [12.8169478, 55.3811725]]}, "properties": {"t": "fall", "g": 8, "loop": null, "hole": 8, "slope_pct": 0.94, "bearing": 213.4}}, {"type": "Feature", "geometry": {"type": "LineString", "coordinates": [[12.817, 55.3811775], [12.8169888, 55.3811794]]}, "properties": {"t": "fall", "g": 8, "loop": null, "hole": 8, "slope_pct": 1.23, "bearing": 286.3}}, {"type": "Feature", "geometry": {"type": "LineString", "coordinates": [[12.8170473, 55.3811784], [12.817043, 55.3811888]]}, "properties": {"t": "fall", "g": 8, "loop": null, "hole": 8, "slope_pct": 1.99, "bearing": 346.8}}, {"type": "Feature", "geometry": {"type": "LineString", "coordinates": [[12.8170946, 55.3811792], [12.8171184, 55.3811939]]}, "properties": {"t": "fall", "g": 8, "loop": null, "hole": 8, "slope_pct": 3.7, "bearing": 42.5}}, {"type": "Feature", "geometry": {"type": "LineString", "coordinates": [[12.8171419, 55.3811801], [12.817157, 55.3811909]]}, "properties": {"t": "fall", "g": 8, "loop": null, "hole": 8, "slope_pct": 2.56, "bearing": 38.3}}, {"type": "Feature", "geometry": {"type": "LineString", "coordinates": [[12.8171893, 55.3811809], [12.8172027, 55.3811864]]}, "properties": {"t": "fall", "g": 8, "loop": null, "hole": 8, "slope_pct": 1.75, "bearing": 54.2}}, {"type": "Feature", "geometry": {"type": "LineString", "coordinates": [[12.8172366, 55.3811817], [12.8172507, 55.3811838]]}, "properties": {"t": "fall", "g": 8, "loop": null, "hole": 8, "slope_pct": 1.54, "bearing": 75.4}}, {"type": "Feature", "geometry": {"type": "LineString", "coordinates": [[12.8172839, 55.3811826], [12.8172997, 55.3811814]]}, "properties": {"t": "fall", "g": 8, "loop": null, "hole": 8, "slope_pct": 1.68, "bearing": 97.4}}, {"type": "Feature", "geometry": {"type": "LineString", "coordinates": [[12.8173312, 55.3811834], [12.8173438, 55.3811785]]}, "properties": {"t": "fall", "g": 8, "loop": null, "hole": 8, "slope_pct": 1.62, "bearing": 124.6}}, {"type": "Feature", "geometry": {"type": "LineString", "coordinates": [[12.8168122, 55.3811472], [12.8168485, 55.3811373]]}, "properties": {"t": "fall", "g": 8, "loop": null, "hole": 8, "slope_pct": 4.24, "bearing": 115.6}}, {"type": "Feature", "geometry": {"type": "LineString", "coordinates": [[12.8168596, 55.3811481], [12.8168719, 55.3811401]]}, "properties": {"t": "fall", "g": 8, "loop": null, "hole": 8, "slope_pct": 1.97, "bearing": 138.4}}, {"type": "Feature", "geometry": {"type": "LineString", "coordinates": [[12.8169069, 55.3811489], [12.8169108, 55.3811438]]}, "properties": {"t": "fall", "g": 8, "loop": null, "hole": 8, "slope_pct": 1.03, "bearing": 155.9}}, {"type": "Feature", "geometry": {"type": "LineString", "coordinates": [[12.8169542, 55.3811497], [12.8169414, 55.3811466]]}, "properties": {"t": "fall", "g": 8, "loop": null, "hole": 8, "slope_pct": 1.47, "bearing": 246.8}}, {"type": "Feature", "geometry": {"type": "LineString", "coordinates": [[12.8170015, 55.3811506], [12.8169772, 55.3811519]]}, "properties": {"t": "fall", "g": 8, "loop": null, "hole": 8, "slope_pct": 2.58, "bearing": 275.5}}, {"type": "Feature", "geometry": {"type": "LineString", "coordinates": [[12.8170488, 55.3811514], [12.8170311, 55.3811604]]}, "properties": {"t": "fall", "g": 8, "loop": null, "hole": 8, "slope_pct": 2.51, "bearing": 311.7}}, {"type": "Feature", "geometry": {"type": "LineString", "coordinates": [[12.8170961, 55.3811523], [12.8171135, 55.3811692]]}, "properties": {"t": "fall", "g": 8, "loop": null, "hole": 8, "slope_pct": 3.63, "bearing": 30.2}}, {"type": "Feature", "geometry": {"type": "LineString", "coordinates": [[12.8171434, 55.3811531], [12.8171737, 55.3811704]]}, "properties": {"t": "fall", "g": 8, "loop": null, "hole": 8, "slope_pct": 4.52, "bearing": 44.9}}, {"type": "Feature", "geometry": {"type": "LineString", "coordinates": [[12.8171907, 55.381154], [12.8172177, 55.3811605]]}, "properties": {"t": "fall", "g": 8, "loop": null, "hole": 8, "slope_pct": 3.09, "bearing": 66.8}}, {"type": "Feature", "geometry": {"type": "LineString", "coordinates": [[12.8172381, 55.3811548], [12.8172568, 55.3811542]]}, "properties": {"t": "fall", "g": 8, "loop": null, "hole": 8, "slope_pct": 1.98, "bearing": 93.1}}, {"type": "Feature", "geometry": {"type": "LineString", "coordinates": [[12.8172854, 55.3811557], [12.8173084, 55.3811525]]}, "properties": {"t": "fall", "g": 8, "loop": null, "hole": 8, "slope_pct": 2.49, "bearing": 103.4}}, {"type": "Feature", "geometry": {"type": "LineString", "coordinates": [[12.8167664, 55.3811194], [12.8168038, 55.3811225]]}, "properties": {"t": "fall", "g": 8, "loop": null, "hole": 8, "slope_pct": 3.98, "bearing": 81.9}}, {"type": "Feature", "geometry": {"type": "LineString", "coordinates": [[12.8168137, 55.3811203], [12.8168494, 55.3811167]]}, "properties": {"t": "fall", "g": 8, "loop": null, "hole": 8, "slope_pct": 3.82, "bearing": 100.0}}, {"type": "Feature", "geometry": {"type": "LineString", "coordinates": [[12.816861, 55.3811211], [12.8168736, 55.3811148]]}, "properties": {"t": "fall", "g": 8, "loop": null, "hole": 8, "slope_pct": 1.76, "bearing": 131.4}}, {"type": "Feature", "geometry": {"type": "LineString", "coordinates": [[12.8169083, 55.381122], [12.8169107, 55.3811163]]}, "properties": {"t": "fall", "g": 8, "loop": null, "hole": 8, "slope_pct": 1.09, "bearing": 166.8}}, {"type": "Feature", "geometry": {"type": "LineString", "coordinates": [[12.8169557, 55.3811228], [12.8169391, 55.3811184]]}, "properties": {"t": "fall", "g": 8, "loop": null, "hole": 8, "slope_pct": 1.93, "bearing": 244.7}}, {"type": "Feature", "geometry": {"type": "LineString", "coordinates": [[12.817003, 55.3811236], [12.8169709, 55.3811204]]}, "properties": {"t": "fall", "g": 8, "loop": null, "hole": 8, "slope_pct": 3.43, "bearing": 260.0}}, {"type": "Feature", "geometry": {"type": "LineString", "coordinates": [[12.8170503, 55.3811245], [12.8170124, 55.3811305]]}, "properties": {"t": "fall", "g": 8, "loop": null, "hole": 8, "slope_pct": 4.14, "bearing": 285.5}}, {"type": "Feature", "geometry": {"type": "LineString", "coordinates": [[12.8172395, 55.3811279], [12.8172746, 55.381134]]}, "properties": {"t": "fall", "g": 8, "loop": null, "hole": 8, "slope_pct": 3.86, "bearing": 72.9}}, {"type": "Feature", "geometry": {"type": "LineString", "coordinates": [[12.8168152, 55.3810933], [12.8168587, 55.3810921]]}, "properties": {"t": "fall", "g": 8, "loop": null, "hole": 8, "slope_pct": 4.59, "bearing": 92.9}}, {"type": "Feature", "geometry": {"type": "LineString", "coordinates": [[12.8168625, 55.3810942], [12.8168784, 55.3810906]]}, "properties": {"t": "fall", "g": 8, "loop": null, "hole": 8, "slope_pct": 1.81, "bearing": 111.8}}, {"type": "Feature", "geometry": {"type": "LineString", "coordinates": [[12.8169098, 55.381095], [12.8169108, 55.3810896]]}, "properties": {"t": "fall", "g": 8, "loop": null, "hole": 8, "slope_pct": 1.01, "bearing": 174.2}}, {"type": "Feature", "geometry": {"type": "LineString", "coordinates": [[12.8169571, 55.3810959], [12.8169404, 55.3810903]]}, "properties": {"t": "fall", "g": 8, "loop": null, "hole": 8, "slope_pct": 2.04, "bearing": 239.7}}, {"type": "Feature", "geometry": {"type": "LineString", "coordinates": [[12.8170045, 55.3810967], [12.8169666, 55.3810945]]}, "properties": {"t": "fall", "g": 8, "loop": null, "hole": 8, "slope_pct": 4.01, "bearing": 264.2}}, {"type": "Feature", "geometry": {"type": "LineString", "coordinates": [[12.8168167, 55.3810664], [12.8168638, 55.3810633]]}, "properties": {"t": "fall", "g": 8, "loop": null, "hole": 8, "slope_pct": 5.55, "bearing": 96.7}}, {"type": "Feature", "geometry": {"type": "LineString", "coordinates": [[12.816864, 55.3810672], [12.8168863, 55.3810569]]}, "properties": {"t": "fall", "g": 8, "loop": null, "hole": 8, "slope_pct": 3.04, "bearing": 129.2}}, {"type": "Feature", "geometry": {"type": "LineString", "coordinates": [[12.8169113, 55.3810681], [12.8169133, 55.3810541]]}, "properties": {"t": "fall", "g": 8, "loop": null, "hole": 8, "slope_pct": 2.61, "bearing": 175.5}}, {"type": "Feature", "geometry": {"type": "LineString", "coordinates": [[12.8169586, 55.3810689], [12.816931, 55.3810615]]}, "properties": {"t": "fall", "g": 8, "loop": null, "hole": 8, "slope_pct": 3.22, "bearing": 244.5}}, {"type": "Feature", "geometry": {"type": "Point", "coordinates": [12.8170377, 55.3811757]}, "properties": {"t": "aim", "g": 8, "loop": null, "hole": 8, "aim_bearing": 114.7, "slope_median": 1.83, "slope_max": 5.55, "n_cells": 71}}, {"type": "Feature", "geometry": {"type": "LineString", "coordinates": [[12.8196387, 55.3845772], [12.8196174, 55.3845947]]}, "properties": {"t": "fall", "g": 9, "loop": null, "hole": 9, "slope_pct": 3.94, "bearing": 325.2}}, {"type": "Feature", "geometry": {"type": "LineString", "coordinates": [[12.8196861, 55.3845781], [12.8196719, 55.3845849]]}, "properties": {"t": "fall", "g": 9, "loop": null, "hole": 9, "slope_pct": 1.96, "bearing": 310.4}}, {"type": "Feature", "geometry": {"type": "LineString", "coordinates": [[12.8197334, 55.3845789], [12.8197313, 55.3845881]]}, "properties": {"t": "fall", "g": 9, "loop": null, "hole": 9, "slope_pct": 1.73, "bearing": 352.6}}, {"type": "Feature", "geometry": {"type": "LineString", "coordinates": [[12.8196402, 55.3845503], [12.8196358, 55.3845552]]}, "properties": {"t": "fall", "g": 9, "loop": null, "hole": 9, "slope_pct": 1.02, "bearing": 332.7}}, {"type": "Feature", "geometry": {"type": "LineString", "coordinates": [[12.8196875, 55.3845511], [12.8196825, 55.3845527]]}, "properties": {"t": "fall", "g": 9, "loop": null, "hole": 9, "slope_pct": 0.61, "bearing": 299.1}}, {"type": "Feature", "geometry": {"type": "LineString", "coordinates": [[12.8197349, 55.384552], [12.8197349, 55.3845455]]}, "properties": {"t": "fall", "g": 9, "loop": null, "hole": 9, "slope_pct": 1.19, "bearing": 180.0}}, {"type": "Feature", "geometry": {"type": "LineString", "coordinates": [[12.8197822, 55.3845528], [12.8197901, 55.3845447]]}, "properties": {"t": "fall", "g": 9, "loop": null, "hole": 9, "slope_pct": 1.73, "bearing": 150.9}}, {"type": "Feature", "geometry": {"type": "LineString", "coordinates": [[12.8196417, 55.3845233], [12.8196345, 55.3845181]]}, "properties": {"t": "fall", "g": 9, "loop": null, "hole": 9, "slope_pct": 1.23, "bearing": 218.1}}, {"type": "Feature", "geometry": {"type": "LineString", "coordinates": [[12.819689, 55.3845242], [12.8196961, 55.3845171]]}, "properties": {"t": "fall", "g": 9, "loop": null, "hole": 9, "slope_pct": 1.51, "bearing": 150.3}}, {"type": "Feature", "geometry": {"type": "LineString", "coordinates": [[12.8197363, 55.384525], [12.8197443, 55.3845166]]}, "properties": {"t": "fall", "g": 9, "loop": null, "hole": 9, "slope_pct": 1.77, "bearing": 151.6}}, {"type": "Feature", "geometry": {"type": "LineString", "coordinates": [[12.8197837, 55.3845259], [12.8197887, 55.3845184]]}, "properties": {"t": "fall", "g": 9, "loop": null, "hole": 9, "slope_pct": 1.48, "bearing": 159.1}}, {"type": "Feature", "geometry": {"type": "LineString", "coordinates": [[12.8195959, 55.3844955], [12.8195524, 55.3845064]]}, "properties": {"t": "fall", "g": 9, "loop": null, "hole": 9, "slope_pct": 7.22, "bearing": 293.7}}, {"type": "Feature", "geometry": {"type": "LineString", "coordinates": [[12.8196432, 55.3844964], [12.8196449, 55.3844915]]}, "properties": {"t": "fall", "g": 9, "loop": null, "hole": 9, "slope_pct": 0.92, "bearing": 168.5}}, {"type": "Feature", "geometry": {"type": "LineString", "coordinates": [[12.8196905, 55.3844972], [12.8196959, 55.3844916]]}, "properties": {"t": "fall", "g": 9, "loop": null, "hole": 9, "slope_pct": 1.19, "bearing": 151.4}}, {"type": "Feature", "geometry": {"type": "LineString", "coordinates": [[12.8197851, 55.3844989], [12.81978, 55.3845049]]}, "properties": {"t": "fall", "g": 9, "loop": null, "hole": 9, "slope_pct": 1.24, "bearing": 334.0}}, {"type": "Feature", "geometry": {"type": "LineString", "coordinates": [[12.81955, 55.3844678], [12.8195193, 55.3844883]]}, "properties": {"t": "fall", "g": 9, "loop": null, "hole": 9, "slope_pct": 5.67, "bearing": 319.6}}, {"type": "Feature", "geometry": {"type": "LineString", "coordinates": [[12.8195973, 55.3844686], [12.8195849, 55.3844697]]}, "properties": {"t": "fall", "g": 9, "loop": null, "hole": 9, "slope_pct": 1.33, "bearing": 279.0}}, {"type": "Feature", "geometry": {"type": "LineString", "coordinates": [[12.8196447, 55.3844695], [12.8196506, 55.3844631]]}, "properties": {"t": "fall", "g": 9, "loop": null, "hole": 9, "slope_pct": 1.34, "bearing": 152.1}}, {"type": "Feature", "geometry": {"type": "LineString", "coordinates": [[12.8197393, 55.3844711], [12.8197328, 55.3844715]]}, "properties": {"t": "fall", "g": 9, "loop": null, "hole": 9, "slope_pct": 0.69, "bearing": 275.7}}, {"type": "Feature", "geometry": {"type": "LineString", "coordinates": [[12.8195515, 55.3844408], [12.8195435, 55.3844488]]}, "properties": {"t": "fall", "g": 9, "loop": null, "hole": 9, "slope_pct": 1.71, "bearing": 330.3}}, {"type": "Feature", "geometry": {"type": "LineString", "coordinates": [[12.8195988, 55.3844417], [12.8196059, 55.3844405]]}, "properties": {"t": "fall", "g": 9, "loop": null, "hole": 9, "slope_pct": 0.77, "bearing": 106.6}}, {"type": "Feature", "geometry": {"type": "LineString", "coordinates": [[12.8196462, 55.3844425], [12.8196511, 55.3844389]]}, "properties": {"t": "fall", "g": 9, "loop": null, "hole": 9, "slope_pct": 0.85, "bearing": 141.8}}, {"type": "Feature", "geometry": {"type": "LineString", "coordinates": [[12.8196935, 55.3844434], [12.8196891, 55.3844381]]}, "properties": {"t": "fall", "g": 9, "loop": null, "hole": 9, "slope_pct": 1.07, "bearing": 205.5}}, {"type": "Feature", "geometry": {"type": "LineString", "coordinates": [[12.819553, 55.3844139], [12.8195655, 55.3844122]]}, "properties": {"t": "fall", "g": 9, "loop": null, "hole": 9, "slope_pct": 1.35, "bearing": 103.3}}, {"type": "Feature", "geometry": {"type": "LineString", "coordinates": [[12.8196003, 55.3844147], [12.8196126, 55.3844059]]}, "properties": {"t": "fall", "g": 9, "loop": null, "hole": 9, "slope_pct": 2.08, "bearing": 141.6}}, {"type": "Feature", "geometry": {"type": "LineString", "coordinates": [[12.8196476, 55.3844156], [12.8196545, 55.3844066]]}, "properties": {"t": "fall", "g": 9, "loop": null, "hole": 9, "slope_pct": 1.82, "bearing": 156.7}}, {"type": "Feature", "geometry": {"type": "LineString", "coordinates": [[12.8195545, 55.384387], [12.8195779, 55.3843726]]}, "properties": {"t": "fall", "g": 9, "loop": null, "hole": 9, "slope_pct": 3.63, "bearing": 137.1}}, {"type": "Feature", "geometry": {"type": "LineString", "coordinates": [[12.8196018, 55.3843878], [12.8196173, 55.384373]]}, "properties": {"t": "fall", "g": 9, "loop": null, "hole": 9, "slope_pct": 3.2, "bearing": 149.2}}, {"type": "Feature", "geometry": {"type": "LineString", "coordinates": [[12.8196491, 55.3843886], [12.8196511, 55.3843762]]}, "properties": {"t": "fall", "g": 9, "loop": null, "hole": 9, "slope_pct": 2.33, "bearing": 174.9}}, {"type": "Feature", "geometry": {"type": "LineString", "coordinates": [[12.8196033, 55.3843609], [12.819617, 55.3843472]]}, "properties": {"t": "fall", "g": 9, "loop": null, "hole": 9, "slope_pct": 2.92, "bearing": 150.4}}, {"type": "Feature", "geometry": {"type": "Point", "coordinates": [12.8196635, 55.3844823]}, "properties": {"t": "aim", "g": 9, "loop": null, "hole": 9, "aim_bearing": 208.0, "slope_median": 1.42, "slope_max": 7.22, "n_cells": 32}}, {"type": "Feature", "geometry": {"type": "LineString", "coordinates": [[12.821614, 55.3868415], [12.8216235, 55.3868402]]}, "properties": {"t": "fall", "g": 10, "loop": null, "hole": 10, "slope_pct": 1.02, "bearing": 103.5}}, {"type": "Feature", "geometry": {"type": "LineString", "coordinates": [[12.8216614, 55.3868423], [12.8216805, 55.3868423]]}, "properties": {"t": "fall", "g": 10, "loop": null, "hole": 10, "slope_pct": 2.02, "bearing": 90.0}}, {"type": "Feature", "geometry": {"type": "LineString", "coordinates": [[12.8217087, 55.3868432], [12.8217275, 55.3868432]]}, "properties": {"t": "fall", "g": 10, "loop": null, "hole": 10, "slope_pct": 1.98, "bearing": 90.1}}, {"type": "Feature", "geometry": {"type": "LineString", "coordinates": [[12.821756, 55.386844], [12.8217763, 55.3868423]]}, "properties": {"t": "fall", "g": 10, "loop": null, "hole": 10, "slope_pct": 2.16, "bearing": 98.5}}, {"type": "Feature", "geometry": {"type": "LineString", "coordinates": [[12.8214262, 55.3868112], [12.8214354, 55.3868119]]}, "properties": {"t": "fall", "g": 10, "loop": null, "hole": 10, "slope_pct": 0.97, "bearing": 82.3}}, {"type": "Feature", "geometry": {"type": "LineString", "coordinates": [[12.8214736, 55.386812], [12.8214643, 55.3868164]]}, "properties": {"t": "fall", "g": 10, "loop": null, "hole": 10, "slope_pct": 1.27, "bearing": 309.8}}, {"type": "Feature", "geometry": {"type": "LineString", "coordinates": [[12.8215209, 55.3868129], [12.8215071, 55.3868143]]}, "properties": {"t": "fall", "g": 10, "loop": null, "hole": 10, "slope_pct": 1.47, "bearing": 280.6}}, {"type": "Feature", "geometry": {"type": "LineString", "coordinates": [[12.8216155, 55.3868146], [12.8216241, 55.3868132]]}, "properties": {"t": "fall", "g": 10, "loop": null, "hole": 10, "slope_pct": 0.94, "bearing": 105.5}}, {"type": "Feature", "geometry": {"type": "LineString", "coordinates": [[12.8216628, 55.3868154], [12.8216753, 55.3868161]]}, "properties": {"t": "fall", "g": 10, "loop": null, "hole": 10, "slope_pct": 1.32, "bearing": 84.5}}, {"type": "Feature", "geometry": {"type": "LineString", "coordinates": [[12.8217102, 55.3868162], [12.8217294, 55.3868199]]}, "properties": {"t": "fall", "g": 10, "loop": null, "hole": 10, "slope_pct": 2.13, "bearing": 71.6}}, {"type": "Feature", "geometry": {"type": "LineString", "coordinates": [[12.8217575, 55.3868171], [12.8217893, 55.3868193]]}, "properties": {"t": "fall", "g": 10, "loop": null, "hole": 10, "slope_pct": 3.38, "bearing": 83.1}}, {"type": "Feature", "geometry": {"type": "LineString", "coordinates": [[12.8213331, 55.3867826], [12.8213382, 55.3867827]]}, "properties": {"t": "fall", "g": 10, "loop": null, "hole": 10, "slope_pct": 0.54, "bearing": 86.5}}, {"type": "Feature", "geometry": {"type": "LineString", "coordinates": [[12.8213804, 55.3867834], [12.8213864, 55.3867843]]}, "properties": {"t": "fall", "g": 10, "loop": null, "hole": 10, "slope_pct": 0.66, "bearing": 74.5}}, {"type": "Feature", "geometry": {"type": "LineString", "coordinates": [[12.8214277, 55.3867842], [12.821432, 55.3867866]]}, "properties": {"t": "fall", "g": 10, "loop": null, "hole": 10, "slope_pct": 0.63, "bearing": 45.5}}, {"type": "Feature", "geometry": {"type": "LineString", "coordinates": [[12.821475, 55.3867851], [12.8214668, 55.3867889]]}, "properties": {"t": "fall", "g": 10, "loop": null, "hole": 10, "slope_pct": 1.12, "bearing": 308.9}}, {"type": "Feature", "geometry": {"type": "LineString", "coordinates": [[12.8215224, 55.3867859], [12.8215143, 55.3867858]]}, "properties": {"t": "fall", "g": 10, "loop": null, "hole": 10, "slope_pct": 0.84, "bearing": 268.4}}, {"type": "Feature", "geometry": {"type": "LineString", "coordinates": [[12.821617, 55.3867876], [12.8216236, 55.3867873]]}, "properties": {"t": "fall", "g": 10, "loop": null, "hole": 10, "slope_pct": 0.7, "bearing": 94.8}}, {"type": "Feature", "geometry": {"type": "LineString", "coordinates": [[12.8216643, 55.3867885], [12.8216705, 55.3867909]]}, "properties": {"t": "fall", "g": 10, "loop": null, "hole": 10, "slope_pct": 0.79, "bearing": 55.6}}, {"type": "Feature", "geometry": {"type": "LineString", "coordinates": [[12.8217116, 55.3867893], [12.8217306, 55.3867903]]}, "properties": {"t": "fall", "g": 10, "loop": null, "hole": 10, "slope_pct": 2.01, "bearing": 84.8}}, {"type": "Feature", "geometry": {"type": "LineString", "coordinates": [[12.821759, 55.3867901], [12.8217952, 55.3867898]]}, "properties": {"t": "fall", "g": 10, "loop": null, "hole": 10, "slope_pct": 3.82, "bearing": 91.0}}, {"type": "Feature", "geometry": {"type": "LineString", "coordinates": [[12.8213346, 55.3867556], [12.821328, 55.386753]]}, "properties": {"t": "fall", "g": 10, "loop": null, "hole": 10, "slope_pct": 0.84, "bearing": 235.1}}, {"type": "Feature", "geometry": {"type": "LineString", "coordinates": [[12.8214292, 55.3867573], [12.8214222, 55.3867642]]}, "properties": {"t": "fall", "g": 10, "loop": null, "hole": 10, "slope_pct": 1.47, "bearing": 330.1}}, {"type": "Feature", "geometry": {"type": "LineString", "coordinates": [[12.8214765, 55.3867581], [12.8214732, 55.3867661]]}, "properties": {"t": "fall", "g": 10, "loop": null, "hole": 10, "slope_pct": 1.51, "bearing": 346.5}}, {"type": "Feature", "geometry": {"type": "LineString", "coordinates": [[12.8215238, 55.386759], [12.8215229, 55.3867648]]}, "properties": {"t": "fall", "g": 10, "loop": null, "hole": 10, "slope_pct": 1.08, "bearing": 354.8}}, {"type": "Feature", "geometry": {"type": "LineString", "coordinates": [[12.8215712, 55.3867598], [12.8215728, 55.386763]]}, "properties": {"t": "fall", "g": 10, "loop": null, "hole": 10, "slope_pct": 0.61, "bearing": 16.7}}, {"type": "Feature", "geometry": {"type": "LineString", "coordinates": [[12.8216185, 55.3867607], [12.8216222, 55.3867635]]}, "properties": {"t": "fall", "g": 10, "loop": null, "hole": 10, "slope_pct": 0.66, "bearing": 36.8}}, {"type": "Feature", "geometry": {"type": "LineString", "coordinates": [[12.8216658, 55.3867615], [12.8216769, 55.3867621]]}, "properties": {"t": "fall", "g": 10, "loop": null, "hole": 10, "slope_pct": 1.17, "bearing": 84.6}}, {"type": "Feature", "geometry": {"type": "LineString", "coordinates": [[12.8217131, 55.3867624], [12.821737, 55.3867585]]}, "properties": {"t": "fall", "g": 10, "loop": null, "hole": 10, "slope_pct": 2.62, "bearing": 106.0}}, {"type": "Feature", "geometry": {"type": "LineString", "coordinates": [[12.821336, 55.3867287], [12.8213284, 55.3867265]]}, "properties": {"t": "fall", "g": 10, "loop": null, "hole": 10, "slope_pct": 0.9, "bearing": 244.0}}, {"type": "Feature", "geometry": {"type": "LineString", "coordinates": [[12.8213834, 55.3867295], [12.8213739, 55.3867327]]}, "properties": {"t": "fall", "g": 10, "loop": null, "hole": 10, "slope_pct": 1.16, "bearing": 301.0}}, {"type": "Feature", "geometry": {"type": "LineString", "coordinates": [[12.8214307, 55.3867304], [12.8214134, 55.3867393]]}, "properties": {"t": "fall", "g": 10, "loop": null, "hole": 10, "slope_pct": 2.47, "bearing": 312.3}}, {"type": "Feature", "geometry": {"type": "LineString", "coordinates": [[12.821478, 55.3867312], [12.8214743, 55.3867437]]}, "properties": {"t": "fall", "g": 10, "loop": null, "hole": 10, "slope_pct": 2.36, "bearing": 350.4}}, {"type": "Feature", "geometry": {"type": "LineString", "coordinates": [[12.8215253, 55.386732], [12.8215318, 55.3867439]]}, "properties": {"t": "fall", "g": 10, "loop": null, "hole": 10, "slope_pct": 2.3, "bearing": 17.2}}, {"type": "Feature", "geometry": {"type": "LineString", "coordinates": [[12.8215726, 55.3867329], [12.8215814, 55.3867396]]}, "properties": {"t": "fall", "g": 10, "loop": null, "hole": 10, "slope_pct": 1.55, "bearing": 36.5}}, {"type": "Feature", "geometry": {"type": "LineString", "coordinates": [[12.82162, 55.3867337], [12.8216277, 55.3867332]]}, "properties": {"t": "fall", "g": 10, "loop": null, "hole": 10, "slope_pct": 0.82, "bearing": 97.0}}, {"type": "Feature", "geometry": {"type": "LineString", "coordinates": [[12.8216673, 55.3867346], [12.8216856, 55.3867291]]}, "properties": {"t": "fall", "g": 10, "loop": null, "hole": 10, "slope_pct": 2.18, "bearing": 117.8}}, {"type": "Feature", "geometry": {"type": "LineString", "coordinates": [[12.8217146, 55.3867354], [12.8217409, 55.3867292]]}, "properties": {"t": "fall", "g": 10, "loop": null, "hole": 10, "slope_pct": 3.0, "bearing": 112.6}}, {"type": "Feature", "geometry": {"type": "LineString", "coordinates": [[12.8212902, 55.3867009], [12.8212844, 55.3867006]]}, "properties": {"t": "fall", "g": 10, "loop": null, "hole": 10, "slope_pct": 0.61, "bearing": 265.3}}, {"type": "Feature", "geometry": {"type": "LineString", "coordinates": [[12.8213375, 55.3867017], [12.8213249, 55.3866961]]}, "properties": {"t": "fall", "g": 10, "loop": null, "hole": 10, "slope_pct": 1.69, "bearing": 231.9}}, {"type": "Feature", "geometry": {"type": "LineString", "coordinates": [[12.8213848, 55.3867026], [12.8213596, 55.3867066]]}, "properties": {"t": "fall", "g": 10, "loop": null, "hole": 10, "slope_pct": 2.76, "bearing": 285.8}}, {"type": "Feature", "geometry": {"type": "LineString", "coordinates": [[12.8214322, 55.3867034], [12.8214111, 55.3867145]]}, "properties": {"t": "fall", "g": 10, "loop": null, "hole": 10, "slope_pct": 3.02, "bearing": 312.6}}, {"type": "Feature", "geometry": {"type": "LineString", "coordinates": [[12.8214795, 55.3867043], [12.8214726, 55.3867164]]}, "properties": {"t": "fall", "g": 10, "loop": null, "hole": 10, "slope_pct": 2.36, "bearing": 342.1}}, {"type": "Feature", "geometry": {"type": "LineString", "coordinates": [[12.8215268, 55.3867051], [12.8215354, 55.3867152]]}, "properties": {"t": "fall", "g": 10, "loop": null, "hole": 10, "slope_pct": 2.07, "bearing": 25.8}}, {"type": "Feature", "geometry": {"type": "LineString", "coordinates": [[12.8215741, 55.386706], [12.8215956, 55.3867136]]}, "properties": {"t": "fall", "g": 10, "loop": null, "hole": 10, "slope_pct": 2.66, "bearing": 58.0}}, {"type": "Feature", "geometry": {"type": "LineString", "coordinates": [[12.8216214, 55.3867068], [12.821645, 55.3867059]]}, "properties": {"t": "fall", "g": 10, "loop": null, "hole": 10, "slope_pct": 2.49, "bearing": 93.8}}, {"type": "Feature", "geometry": {"type": "LineString", "coordinates": [[12.8216688, 55.3867076], [12.821695, 55.3866978]]}, "properties": {"t": "fall", "g": 10, "loop": null, "hole": 10, "slope_pct": 3.32, "bearing": 123.5}}, {"type": "Feature", "geometry": {"type": "LineString", "coordinates": [[12.821339, 55.3866748], [12.8213172, 55.3866749]]}, "properties": {"t": "fall", "g": 10, "loop": null, "hole": 10, "slope_pct": 2.3, "bearing": 270.7}}, {"type": "Feature", "geometry": {"type": "LineString", "coordinates": [[12.8213863, 55.3866756], [12.8213432, 55.3866868]]}, "properties": {"t": "fall", "g": 10, "loop": null, "hole": 10, "slope_pct": 5.18, "bearing": 294.5}}, {"type": "Feature", "geometry": {"type": "LineString", "coordinates": [[12.8214336, 55.3866765], [12.8214044, 55.3866948]]}, "properties": {"t": "fall", "g": 10, "loop": null, "hole": 10, "slope_pct": 4.58, "bearing": 317.8}}, {"type": "Feature", "geometry": {"type": "LineString", "coordinates": [[12.821481, 55.3866773], [12.8214757, 55.386699]]}, "properties": {"t": "fall", "g": 10, "loop": null, "hole": 10, "slope_pct": 4.06, "bearing": 352.2}}, {"type": "Feature", "geometry": {"type": "Point", "coordinates": [12.8215249, 55.3867579]}, "properties": {"t": "aim", "g": 10, "loop": null, "hole": 10, "aim_bearing": 32.4, "slope_median": 1.47, "slope_max": 5.18, "n_cells": 55}}, {"type": "Feature", "geometry": {"type": "LineString", "coordinates": [[12.8194298, 55.387225], [12.8194304, 55.3872359]]}, "properties": {"t": "fall", "g": 11, "loop": null, "hole": 11, "slope_pct": 2.03, "bearing": 1.7}}, {"type": "Feature", "geometry": {"type": "LineString", "coordinates": [[12.8194772, 55.3872258], [12.8194951, 55.3872298]]}, "properties": {"t": "fall", "g": 11, "loop": null, "hole": 11, "slope_pct": 2.03, "bearing": 68.5}}, {"type": "Feature", "geometry": {"type": "LineString", "coordinates": [[12.8195245, 55.3872267], [12.8195296, 55.3872335]]}, "properties": {"t": "fall", "g": 11, "loop": null, "hole": 11, "slope_pct": 1.37, "bearing": 23.3}}, {"type": "Feature", "geometry": {"type": "LineString", "coordinates": [[12.8195718, 55.3872275], [12.819574, 55.387236]]}, "properties": {"t": "fall", "g": 11, "loop": null, "hole": 11, "slope_pct": 1.6, "bearing": 8.3}}, {"type": "Feature", "geometry": {"type": "LineString", "coordinates": [[12.8196191, 55.3872284], [12.8196211, 55.3872365]]}, "properties": {"t": "fall", "g": 11, "loop": null, "hole": 11, "slope_pct": 1.52, "bearing": 7.7}}, {"type": "Feature", "geometry": {"type": "LineString", "coordinates": [[12.8193367, 55.3871964], [12.8193408, 55.3872111]]}, "properties": {"t": "fall", "g": 11, "loop": null, "hole": 11, "slope_pct": 2.77, "bearing": 8.9}}, {"type": "Feature", "geometry": {"type": "LineString", "coordinates": [[12.819384, 55.3871972], [12.8193904, 55.3872071]]}, "properties": {"t": "fall", "g": 11, "loop": null, "hole": 11, "slope_pct": 1.95, "bearing": 20.3}}, {"type": "Feature", "geometry": {"type": "LineString", "coordinates": [[12.8194313, 55.387198], [12.8194436, 55.3872076]]}, "properties": {"t": "fall", "g": 11, "loop": null, "hole": 11, "slope_pct": 2.19, "bearing": 36.1}}, {"type": "Feature", "geometry": {"type": "LineString", "coordinates": [[12.8194786, 55.3871989], [12.8194907, 55.3872092]]}, "properties": {"t": "fall", "g": 11, "loop": null, "hole": 11, "slope_pct": 2.3, "bearing": 33.6}}, {"type": "Feature", "geometry": {"type": "LineString", "coordinates": [[12.819526, 55.3871997], [12.8195323, 55.3872093]]}, "properties": {"t": "fall", "g": 11, "loop": null, "hole": 11, "slope_pct": 1.9, "bearing": 20.6}}, {"type": "Feature", "geometry": {"type": "LineString", "coordinates": [[12.8195733, 55.3872006], [12.8195747, 55.3872098]]}, "properties": {"t": "fall", "g": 11, "loop": null, "hole": 11, "slope_pct": 1.72, "bearing": 5.0}}, {"type": "Feature", "geometry": {"type": "LineString", "coordinates": [[12.8196206, 55.3872014], [12.819621, 55.3872109]]}, "properties": {"t": "fall", "g": 11, "loop": null, "hole": 11, "slope_pct": 1.77, "bearing": 1.5}}, {"type": "Feature", "geometry": {"type": "LineString", "coordinates": [[12.8193382, 55.3871694], [12.8193515, 55.3871784]]}, "properties": {"t": "fall", "g": 11, "loop": null, "hole": 11, "slope_pct": 2.18, "bearing": 40.1}}, {"type": "Feature", "geometry": {"type": "LineString", "coordinates": [[12.8193855, 55.3871703], [12.8193947, 55.387178]]}, "properties": {"t": "fall", "g": 11, "loop": null, "hole": 11, "slope_pct": 1.73, "bearing": 34.1}}, {"type": "Feature", "geometry": {"type": "LineString", "coordinates": [[12.8194328, 55.3871711], [12.8194456, 55.3871787]]}, "properties": {"t": "fall", "g": 11, "loop": null, "hole": 11, "slope_pct": 1.96, "bearing": 43.7}}, {"type": "Feature", "geometry": {"type": "LineString", "coordinates": [[12.8194801, 55.387172], [12.819489, 55.3871805]]}, "properties": {"t": "fall", "g": 11, "loop": null, "hole": 11, "slope_pct": 1.84, "bearing": 30.5}}, {"type": "Feature", "geometry": {"type": "LineString", "coordinates": [[12.8195274, 55.3871728], [12.8195316, 55.3871839]]}, "properties": {"t": "fall", "g": 11, "loop": null, "hole": 11, "slope_pct": 2.11, "bearing": 12.0}}, {"type": "Feature", "geometry": {"type": "LineString", "coordinates": [[12.8195748, 55.3871736], [12.8195738, 55.3871887]]}, "properties": {"t": "fall", "g": 11, "loop": null, "hole": 11, "slope_pct": 2.8, "bearing": 357.9}}, {"type": "Feature", "geometry": {"type": "LineString", "coordinates": [[12.8196221, 55.3871745], [12.8196179, 55.3871929]]}, "properties": {"t": "fall", "g": 11, "loop": null, "hole": 11, "slope_pct": 3.45, "bearing": 352.6}}, {"type": "Feature", "geometry": {"type": "LineString", "coordinates": [[12.8192923, 55.3871416], [12.8192781, 55.3871452]]}, "properties": {"t": "fall", "g": 11, "loop": null, "hole": 11, "slope_pct": 1.64, "bearing": 293.7}}, {"type": "Feature", "geometry": {"type": "LineString", "coordinates": [[12.8193396, 55.3871425], [12.8193487, 55.3871524]]}, "properties": {"t": "fall", "g": 11, "loop": null, "hole": 11, "slope_pct": 2.08, "bearing": 27.5}}, {"type": "Feature", "geometry": {"type": "LineString", "coordinates": [[12.819387, 55.3871433], [12.8193953, 55.3871542]]}, "properties": {"t": "fall", "g": 11, "loop": null, "hole": 11, "slope_pct": 2.21, "bearing": 23.3}}, {"type": "Feature", "geometry": {"type": "LineString", "coordinates": [[12.8194343, 55.3871442], [12.8194452, 55.3871565]]}, "properties": {"t": "fall", "g": 11, "loop": null, "hole": 11, "slope_pct": 2.56, "bearing": 26.7}}, {"type": "Feature", "geometry": {"type": "LineString", "coordinates": [[12.8194816, 55.387145], [12.8194902, 55.3871569]]}, "properties": {"t": "fall", "g": 11, "loop": null, "hole": 11, "slope_pct": 2.38, "bearing": 22.4}}, {"type": "Feature", "geometry": {"type": "LineString", "coordinates": [[12.8195289, 55.3871459], [12.8195282, 55.3871581]]}, "properties": {"t": "fall", "g": 11, "loop": null, "hole": 11, "slope_pct": 2.27, "bearing": 358.0}}, {"type": "Feature", "geometry": {"type": "LineString", "coordinates": [[12.8195763, 55.3871467], [12.8195674, 55.3871605]]}, "properties": {"t": "fall", "g": 11, "loop": null, "hole": 11, "slope_pct": 2.72, "bearing": 339.9}}, {"type": "Feature", "geometry": {"type": "LineString", "coordinates": [[12.8196236, 55.3871475], [12.819606, 55.3871685]]}, "properties": {"t": "fall", "g": 11, "loop": null, "hole": 11, "slope_pct": 4.31, "bearing": 334.5}}, {"type": "Feature", "geometry": {"type": "LineString", "coordinates": [[12.8192465, 55.3871139], [12.8192065, 55.3871283]]}, "properties": {"t": "fall", "g": 11, "loop": null, "hole": 11, "slope_pct": 9.37, "bearing": 302.5}}, {"type": "Feature", "geometry": {"type": "LineString", "coordinates": [[12.8192938, 55.3871147], [12.8192934, 55.3871394]]}, "properties": {"t": "fall", "g": 11, "loop": null, "hole": 11, "slope_pct": 4.58, "bearing": 359.5}}, {"type": "Feature", "geometry": {"type": "LineString", "coordinates": [[12.8193411, 55.3871155], [12.8193504, 55.3871359]]}, "properties": {"t": "fall", "g": 11, "loop": null, "hole": 11, "slope_pct": 3.91, "bearing": 14.5}}, {"type": "Feature", "geometry": {"type": "LineString", "coordinates": [[12.8193885, 55.3871164], [12.819401, 55.3871329]]}, "properties": {"t": "fall", "g": 11, "loop": null, "hole": 11, "slope_pct": 3.33, "bearing": 23.4}}, {"type": "Feature", "geometry": {"type": "LineString", "coordinates": [[12.8194358, 55.3871172], [12.8194492, 55.3871299]]}, "properties": {"t": "fall", "g": 11, "loop": null, "hole": 11, "slope_pct": 2.74, "bearing": 31.1}}, {"type": "Feature", "geometry": {"type": "LineString", "coordinates": [[12.8194831, 55.3871181], [12.8194972, 55.3871256]]}, "properties": {"t": "fall", "g": 11, "loop": null, "hole": 11, "slope_pct": 2.03, "bearing": 47.0}}, {"type": "Feature", "geometry": {"type": "LineString", "coordinates": [[12.8195304, 55.3871189], [12.8195353, 55.3871186]]}, "properties": {"t": "fall", "g": 11, "loop": null, "hole": 11, "slope_pct": 0.52, "bearing": 96.3}}, {"type": "Feature", "geometry": {"type": "LineString", "coordinates": [[12.8195777, 55.3871198], [12.8195688, 55.3871144]]}, "properties": {"t": "fall", "g": 11, "loop": null, "hole": 11, "slope_pct": 1.37, "bearing": 223.3}}, {"type": "Feature", "geometry": {"type": "LineString", "coordinates": [[12.8196251, 55.3871206], [12.8196008, 55.3871125]]}, "properties": {"t": "fall", "g": 11, "loop": null, "hole": 11, "slope_pct": 2.96, "bearing": 239.6}}, {"type": "Feature", "geometry": {"type": "LineString", "coordinates": [[12.819248, 55.3870869], [12.8192111, 55.3871039]]}, "properties": {"t": "fall", "g": 11, "loop": null, "hole": 11, "slope_pct": 7.85, "bearing": 309.1}}, {"type": "Feature", "geometry": {"type": "LineString", "coordinates": [[12.8192953, 55.3870878], [12.8193012, 55.3871011]]}, "properties": {"t": "fall", "g": 11, "loop": null, "hole": 11, "slope_pct": 2.55, "bearing": 14.1}}, {"type": "Feature", "geometry": {"type": "LineString", "coordinates": [[12.8193426, 55.3870886], [12.8193614, 55.387095]]}, "properties": {"t": "fall", "g": 11, "loop": null, "hole": 11, "slope_pct": 2.31, "bearing": 59.0}}, {"type": "Feature", "geometry": {"type": "LineString", "coordinates": [[12.8193899, 55.3870895], [12.819413, 55.3870883]]}, "properties": {"t": "fall", "g": 11, "loop": null, "hole": 11, "slope_pct": 2.44, "bearing": 95.0}}, {"type": "Feature", "geometry": {"type": "LineString", "coordinates": [[12.8194373, 55.3870903], [12.8194609, 55.387081]]}, "properties": {"t": "fall", "g": 11, "loop": null, "hole": 11, "slope_pct": 3.04, "bearing": 124.8}}, {"type": "Feature", "geometry": {"type": "LineString", "coordinates": [[12.8194846, 55.3870911], [12.8195069, 55.3870791]]}, "properties": {"t": "fall", "g": 11, "loop": null, "hole": 11, "slope_pct": 3.25, "bearing": 133.5}}, {"type": "Feature", "geometry": {"type": "LineString", "coordinates": [[12.8195319, 55.387092], [12.8195454, 55.3870822]]}, "properties": {"t": "fall", "g": 11, "loop": null, "hole": 11, "slope_pct": 2.31, "bearing": 141.8}}, {"type": "Feature", "geometry": {"type": "LineString", "coordinates": [[12.8195792, 55.3870928], [12.8195798, 55.3870808]]}, "properties": {"t": "fall", "g": 11, "loop": null, "hole": 11, "slope_pct": 2.24, "bearing": 178.5}}, {"type": "Feature", "geometry": {"type": "LineString", "coordinates": [[12.8196265, 55.3870937], [12.8196225, 55.3870692]]}, "properties": {"t": "fall", "g": 11, "loop": null, "hole": 11, "slope_pct": 4.57, "bearing": 185.4}}, {"type": "Feature", "geometry": {"type": "LineString", "coordinates": [[12.8192495, 55.38706], [12.8192367, 55.3870719]]}, "properties": {"t": "fall", "g": 11, "loop": null, "hole": 11, "slope_pct": 2.59, "bearing": 328.6}}, {"type": "Feature", "geometry": {"type": "LineString", "coordinates": [[12.8192968, 55.3870608], [12.8193215, 55.387059]]}, "properties": {"t": "fall", "g": 11, "loop": null, "hole": 11, "slope_pct": 2.63, "bearing": 97.4}}, {"type": "Feature", "geometry": {"type": "LineString", "coordinates": [[12.8193441, 55.3870617], [12.8193746, 55.387049]]}, "properties": {"t": "fall", "g": 11, "loop": null, "hole": 11, "slope_pct": 3.98, "bearing": 126.1}}, {"type": "Feature", "geometry": {"type": "LineString", "coordinates": [[12.8193914, 55.3870625], [12.8194237, 55.3870471]]}, "properties": {"t": "fall", "g": 11, "loop": null, "hole": 11, "slope_pct": 4.44, "bearing": 130.1}}, {"type": "Feature", "geometry": {"type": "LineString", "coordinates": [[12.8194387, 55.3870634], [12.8194647, 55.3870509]]}, "properties": {"t": "fall", "g": 11, "loop": null, "hole": 11, "slope_pct": 3.58, "bearing": 130.3}}, {"type": "Feature", "geometry": {"type": "LineString", "coordinates": [[12.8194861, 55.3870642], [12.8195008, 55.3870574]]}, "properties": {"t": "fall", "g": 11, "loop": null, "hole": 11, "slope_pct": 2.0, "bearing": 129.1}}, {"type": "Feature", "geometry": {"type": "LineString", "coordinates": [[12.8195334, 55.387065], [12.8195411, 55.3870611]]}, "properties": {"t": "fall", "g": 11, "loop": null, "hole": 11, "slope_pct": 1.1, "bearing": 131.9}}, {"type": "Feature", "geometry": {"type": "LineString", "coordinates": [[12.8195807, 55.3870659], [12.8195888, 55.3870602]]}, "properties": {"t": "fall", "g": 11, "loop": null, "hole": 11, "slope_pct": 1.35, "bearing": 141.0}}, {"type": "Feature", "geometry": {"type": "LineString", "coordinates": [[12.819628, 55.3870667], [12.819647, 55.3870574]]}, "properties": {"t": "fall", "g": 11, "loop": null, "hole": 11, "slope_pct": 2.65, "bearing": 131.0}}, {"type": "Feature", "geometry": {"type": "LineString", "coordinates": [[12.8193456, 55.3870347], [12.8193827, 55.3870179]]}, "properties": {"t": "fall", "g": 11, "loop": null, "hole": 11, "slope_pct": 5.11, "bearing": 128.5}}, {"type": "Feature", "geometry": {"type": "LineString", "coordinates": [[12.8193929, 55.3870356], [12.8194187, 55.3870225]]}, "properties": {"t": "fall", "g": 11, "loop": null, "hole": 11, "slope_pct": 3.64, "bearing": 131.8}}, {"type": "Feature", "geometry": {"type": "LineString", "coordinates": [[12.8194402, 55.3870364], [12.8194543, 55.3870289]]}, "properties": {"t": "fall", "g": 11, "loop": null, "hole": 11, "slope_pct": 2.03, "bearing": 133.3}}, {"type": "Feature", "geometry": {"type": "LineString", "coordinates": [[12.8194875, 55.3870373], [12.8194965, 55.387033]]}, "properties": {"t": "fall", "g": 11, "loop": null, "hole": 11, "slope_pct": 1.24, "bearing": 129.9}}, {"type": "Feature", "geometry": {"type": "LineString", "coordinates": [[12.8195349, 55.3870381], [12.8195453, 55.3870342]]}, "properties": {"t": "fall", "g": 11, "loop": null, "hole": 11, "slope_pct": 1.32, "bearing": 123.2}}, {"type": "Feature", "geometry": {"type": "LineString", "coordinates": [[12.8195822, 55.387039], [12.8195988, 55.3870313]]}, "properties": {"t": "fall", "g": 11, "loop": null, "hole": 11, "slope_pct": 2.26, "bearing": 129.0}}, {"type": "Feature", "geometry": {"type": "LineString", "coordinates": [[12.8194417, 55.3870095], [12.8194491, 55.3870056]]}, "properties": {"t": "fall", "g": 11, "loop": null, "hole": 11, "slope_pct": 1.06, "bearing": 132.4}}, {"type": "Feature", "geometry": {"type": "LineString", "coordinates": [[12.819489, 55.3870103], [12.8194966, 55.3870076]]}, "properties": {"t": "fall", "g": 11, "loop": null, "hole": 11, "slope_pct": 0.94, "bearing": 122.2}}, {"type": "Feature", "geometry": {"type": "Point", "coordinates": [12.8194614, 55.3871259]}, "properties": {"t": "aim", "g": 11, "loop": null, "hole": 11, "aim_bearing": 41.9, "slope_median": 2.26, "slope_max": 9.37, "n_cells": 62}}, {"type": "Feature", "geometry": {"type": "LineString", "coordinates": [[12.8173743, 55.3849862], [12.8173344, 55.3850008]]}, "properties": {"t": "fall", "g": 12, "loop": null, "hole": 12, "slope_pct": 6.08, "bearing": 302.8}}, {"type": "Feature", "geometry": {"type": "LineString", "coordinates": [[12.8174216, 55.384987], [12.8174135, 55.3849875]]}, "properties": {"t": "fall", "g": 12, "loop": null, "hole": 12, "slope_pct": 0.86, "bearing": 275.8}}, {"type": "Feature", "geometry": {"type": "LineString", "coordinates": [[12.8174689, 55.3849879], [12.8175145, 55.3849804]]}, "properties": {"t": "fall", "g": 12, "loop": null, "hole": 12, "slope_pct": 5.59, "bearing": 106.1}}, {"type": "Feature", "geometry": {"type": "LineString", "coordinates": [[12.8175163, 55.3849887], [12.8175494, 55.3850012]]}, "properties": {"t": "fall", "g": 12, "loop": null, "hole": 12, "slope_pct": 4.18, "bearing": 56.5}}, {"type": "Feature", "geometry": {"type": "LineString", "coordinates": [[12.8173758, 55.3849593], [12.8173333, 55.3849473]]}, "properties": {"t": "fall", "g": 12, "loop": null, "hole": 12, "slope_pct": 5.81, "bearing": 243.7}}, {"type": "Feature", "geometry": {"type": "LineString", "coordinates": [[12.8174231, 55.3849601], [12.8174224, 55.3849374]]}, "properties": {"t": "fall", "g": 12, "loop": null, "hole": 12, "slope_pct": 4.22, "bearing": 181.0}}, {"type": "Feature", "geometry": {"type": "LineString", "coordinates": [[12.8174704, 55.384961], [12.817482, 55.3849517]]}, "properties": {"t": "fall", "g": 12, "loop": null, "hole": 12, "slope_pct": 2.11, "bearing": 144.7}}, {"type": "Feature", "geometry": {"type": "LineString", "coordinates": [[12.8175177, 55.3849618], [12.8175109, 55.3849728]]}, "properties": {"t": "fall", "g": 12, "loop": null, "hole": 12, "slope_pct": 2.16, "bearing": 340.5}}, {"type": "Feature", "geometry": {"type": "LineString", "coordinates": [[12.8173773, 55.3849323], [12.817366, 55.3849507]]}, "properties": {"t": "fall", "g": 12, "loop": null, "hole": 12, "slope_pct": 3.61, "bearing": 340.8}}, {"type": "Feature", "geometry": {"type": "LineString", "coordinates": [[12.8174246, 55.3849332], [12.8174294, 55.3849368]]}, "properties": {"t": "fall", "g": 12, "loop": null, "hole": 12, "slope_pct": 0.85, "bearing": 36.9}}, {"type": "Feature", "geometry": {"type": "LineString", "coordinates": [[12.8174719, 55.384934], [12.8174636, 55.384936]]}, "properties": {"t": "fall", "g": 12, "loop": null, "hole": 12, "slope_pct": 0.94, "bearing": 292.5}}, {"type": "Feature", "geometry": {"type": "LineString", "coordinates": [[12.8175192, 55.3849349], [12.8175017, 55.3849328]]}, "properties": {"t": "fall", "g": 12, "loop": null, "hole": 12, "slope_pct": 1.88, "bearing": 258.2}}, {"type": "Feature", "geometry": {"type": "LineString", "coordinates": [[12.8175665, 55.3849357], [12.8175294, 55.3849496]]}, "properties": {"t": "fall", "g": 12, "loop": null, "hole": 12, "slope_pct": 4.69, "bearing": 303.4}}, {"type": "Feature", "geometry": {"type": "LineString", "coordinates": [[12.8173314, 55.3849045], [12.8172907, 55.3849183]]}, "properties": {"t": "fall", "g": 12, "loop": null, "hole": 12, "slope_pct": 20.4, "bearing": 300.8}}, {"type": "Feature", "geometry": {"type": "LineString", "coordinates": [[12.8173788, 55.3849054], [12.8174086, 55.3849138]]}, "properties": {"t": "fall", "g": 12, "loop": null, "hole": 12, "slope_pct": 3.51, "bearing": 63.6}}, {"type": "Feature", "geometry": {"type": "LineString", "coordinates": [[12.8174261, 55.3849062], [12.8174305, 55.3849102]]}, "properties": {"t": "fall", "g": 12, "loop": null, "hole": 12, "slope_pct": 0.88, "bearing": 32.2}}, {"type": "Feature", "geometry": {"type": "LineString", "coordinates": [[12.8174734, 55.3849071], [12.8174827, 55.384907]]}, "properties": {"t": "fall", "g": 12, "loop": null, "hole": 12, "slope_pct": 0.99, "bearing": 90.8}}, {"type": "Feature", "geometry": {"type": "LineString", "coordinates": [[12.8175207, 55.3849079], [12.8175024, 55.3849035]]}, "properties": {"t": "fall", "g": 12, "loop": null, "hole": 12, "slope_pct": 2.1, "bearing": 247.1}}, {"type": "Feature", "geometry": {"type": "LineString", "coordinates": [[12.817568, 55.3849088], [12.8175206, 55.3849091]]}, "properties": {"t": "fall", "g": 12, "loop": null, "hole": 12, "slope_pct": 8.06, "bearing": 270.7}}, {"type": "Feature", "geometry": {"type": "LineString", "coordinates": [[12.8173329, 55.3848776], [12.8173224, 55.3849039]]}, "properties": {"t": "fall", "g": 12, "loop": null, "hole": 12, "slope_pct": 5.51, "bearing": 347.2}}, {"type": "Feature", "geometry": {"type": "LineString", "coordinates": [[12.8173802, 55.3848784], [12.8174265, 55.3848724]]}, "properties": {"t": "fall", "g": 12, "loop": null, "hole": 12, "slope_pct": 5.77, "bearing": 102.9}}, {"type": "Feature", "geometry": {"type": "LineString", "coordinates": [[12.8174276, 55.3848793], [12.8174333, 55.3848707]]}, "properties": {"t": "fall", "g": 12, "loop": null, "hole": 12, "slope_pct": 1.7, "bearing": 159.3}}, {"type": "Feature", "geometry": {"type": "LineString", "coordinates": [[12.8174749, 55.3848801], [12.8174788, 55.3848737]]}, "properties": {"t": "fall", "g": 12, "loop": null, "hole": 12, "slope_pct": 1.26, "bearing": 160.7}}, {"type": "Feature", "geometry": {"type": "LineString", "coordinates": [[12.8175222, 55.384881], [12.8175059, 55.3848811]]}, "properties": {"t": "fall", "g": 12, "loop": null, "hole": 12, "slope_pct": 1.72, "bearing": 270.7}}, {"type": "Feature", "geometry": {"type": "LineString", "coordinates": [[12.8175695, 55.3848818], [12.8175237, 55.3848748]]}, "properties": {"t": "fall", "g": 12, "loop": null, "hole": 12, "slope_pct": 7.04, "bearing": 254.8}}, {"type": "Feature", "geometry": {"type": "LineString", "coordinates": [[12.8176168, 55.3848827], [12.8176087, 55.3848561]]}, "properties": {"t": "fall", "g": 12, "loop": null, "hole": 12, "slope_pct": 6.5, "bearing": 189.8}}, {"type": "Feature", "geometry": {"type": "LineString", "coordinates": [[12.8173344, 55.3848507], [12.8173752, 55.3848369]]}, "properties": {"t": "fall", "g": 12, "loop": null, "hole": 12, "slope_pct": 6.78, "bearing": 120.6}}, {"type": "Feature", "geometry": {"type": "LineString", "coordinates": [[12.8173817, 55.3848515], [12.8174232, 55.3848469]]}, "properties": {"t": "fall", "g": 12, "loop": null, "hole": 12, "slope_pct": 4.46, "bearing": 101.0}}, {"type": "Feature", "geometry": {"type": "LineString", "coordinates": [[12.817429, 55.3848524], [12.8174415, 55.3848499]]}, "properties": {"t": "fall", "g": 12, "loop": null, "hole": 12, "slope_pct": 1.39, "bearing": 109.4}}, {"type": "Feature", "geometry": {"type": "LineString", "coordinates": [[12.8174764, 55.3848532], [12.8174697, 55.3848493]]}, "properties": {"t": "fall", "g": 12, "loop": null, "hole": 12, "slope_pct": 1.01, "bearing": 224.1}}, {"type": "Feature", "geometry": {"type": "LineString", "coordinates": [[12.8175237, 55.384854], [12.8175134, 55.3848524]]}, "properties": {"t": "fall", "g": 12, "loop": null, "hole": 12, "slope_pct": 1.13, "bearing": 254.4}}, {"type": "Feature", "geometry": {"type": "LineString", "coordinates": [[12.817571, 55.3848549], [12.8175344, 55.3848456]]}, "properties": {"t": "fall", "g": 12, "loop": null, "hole": 12, "slope_pct": 4.23, "bearing": 245.8}}, {"type": "Feature", "geometry": {"type": "LineString", "coordinates": [[12.8176183, 55.3848557], [12.8176435, 55.3848358]]}, "properties": {"t": "fall", "g": 12, "loop": null, "hole": 12, "slope_pct": 4.56, "bearing": 144.3}}, {"type": "Feature", "geometry": {"type": "LineString", "coordinates": [[12.8172886, 55.3848229], [12.8173056, 55.3847977]]}, "properties": {"t": "fall", "g": 12, "loop": null, "hole": 12, "slope_pct": 7.23, "bearing": 159.0}}, {"type": "Feature", "geometry": {"type": "LineString", "coordinates": [[12.8173359, 55.3848237], [12.8173484, 55.3848038]]}, "properties": {"t": "fall", "g": 12, "loop": null, "hole": 12, "slope_pct": 3.93, "bearing": 160.4}}, {"type": "Feature", "geometry": {"type": "LineString", "coordinates": [[12.8173832, 55.3848246], [12.8174055, 55.3848315]]}, "properties": {"t": "fall", "g": 12, "loop": null, "hole": 12, "slope_pct": 2.68, "bearing": 61.2}}, {"type": "Feature", "geometry": {"type": "LineString", "coordinates": [[12.8174305, 55.3848254], [12.8174537, 55.3848299]]}, "properties": {"t": "fall", "g": 12, "loop": null, "hole": 12, "slope_pct": 2.58, "bearing": 71.3}}, {"type": "Feature", "geometry": {"type": "LineString", "coordinates": [[12.8174778, 55.3848263], [12.8174684, 55.384831]]}, "properties": {"t": "fall", "g": 12, "loop": null, "hole": 12, "slope_pct": 1.33, "bearing": 311.3}}, {"type": "Feature", "geometry": {"type": "LineString", "coordinates": [[12.8175252, 55.3848271], [12.8175115, 55.384829]]}, "properties": {"t": "fall", "g": 12, "loop": null, "hole": 12, "slope_pct": 1.48, "bearing": 283.8}}, {"type": "Feature", "geometry": {"type": "LineString", "coordinates": [[12.8175725, 55.384828], [12.8175383, 55.3848388]]}, "properties": {"t": "fall", "g": 12, "loop": null, "hole": 12, "slope_pct": 4.13, "bearing": 299.1}}, {"type": "Feature", "geometry": {"type": "LineString", "coordinates": [[12.8176198, 55.3848288], [12.8176324, 55.3848533]]}, "properties": {"t": "fall", "g": 12, "loop": null, "hole": 12, "slope_pct": 4.74, "bearing": 16.3}}, {"type": "Feature", "geometry": {"type": "LineString", "coordinates": [[12.8172901, 55.3847959], [12.8173011, 55.3847787]]}, "properties": {"t": "fall", "g": 12, "loop": null, "hole": 12, "slope_pct": 3.4, "bearing": 160.0}}, {"type": "Feature", "geometry": {"type": "LineString", "coordinates": [[12.8173374, 55.3847968], [12.8173247, 55.384784]]}, "properties": {"t": "fall", "g": 12, "loop": null, "hole": 12, "slope_pct": 2.72, "bearing": 209.5}}, {"type": "Feature", "geometry": {"type": "LineString", "coordinates": [[12.8173847, 55.3847976], [12.8173737, 55.3847915]]}, "properties": {"t": "fall", "g": 12, "loop": null, "hole": 12, "slope_pct": 1.61, "bearing": 225.6}}, {"type": "Feature", "geometry": {"type": "LineString", "coordinates": [[12.817432, 55.3847985], [12.8174509, 55.3848167]]}, "properties": {"t": "fall", "g": 12, "loop": null, "hole": 12, "slope_pct": 3.92, "bearing": 30.6}}, {"type": "Feature", "geometry": {"type": "LineString", "coordinates": [[12.8174793, 55.3847993], [12.8174813, 55.3848126]]}, "properties": {"t": "fall", "g": 12, "loop": null, "hole": 12, "slope_pct": 2.48, "bearing": 4.7}}, {"type": "Feature", "geometry": {"type": "LineString", "coordinates": [[12.8175266, 55.3848002], [12.8175083, 55.3848111]]}, "properties": {"t": "fall", "g": 12, "loop": null, "hole": 12, "slope_pct": 2.8, "bearing": 316.2}}, {"type": "Feature", "geometry": {"type": "LineString", "coordinates": [[12.817574, 55.384801], [12.8175282, 55.3848081]]}, "properties": {"t": "fall", "g": 12, "loop": null, "hole": 12, "slope_pct": 5.15, "bearing": 285.3}}, {"type": "Feature", "geometry": {"type": "LineString", "coordinates": [[12.8176213, 55.3848019], [12.8176227, 55.3848087]]}, "properties": {"t": "fall", "g": 12, "loop": null, "hole": 12, "slope_pct": 1.28, "bearing": 6.5}}, {"type": "Feature", "geometry": {"type": "LineString", "coordinates": [[12.8172915, 55.384769], [12.8172935, 55.3847781]]}, "properties": {"t": "fall", "g": 12, "loop": null, "hole": 12, "slope_pct": 1.7, "bearing": 6.9}}, {"type": "Feature", "geometry": {"type": "LineString", "coordinates": [[12.8173389, 55.3847699], [12.817334, 55.3847734]]}, "properties": {"t": "fall", "g": 12, "loop": null, "hole": 12, "slope_pct": 0.83, "bearing": 322.0}}, {"type": "Feature", "geometry": {"type": "LineString", "coordinates": [[12.8173862, 55.3847707], [12.8173582, 55.3847692]]}, "properties": {"t": "fall", "g": 12, "loop": null, "hole": 12, "slope_pct": 2.96, "bearing": 264.7}}, {"type": "Feature", "geometry": {"type": "LineString", "coordinates": [[12.8174335, 55.3847715], [12.8174248, 55.3847797]]}, "properties": {"t": "fall", "g": 12, "loop": null, "hole": 12, "slope_pct": 1.77, "bearing": 328.7}}, {"type": "Feature", "geometry": {"type": "LineString", "coordinates": [[12.8174808, 55.3847724], [12.8174922, 55.3847914]]}, "properties": {"t": "fall", "g": 12, "loop": null, "hole": 12, "slope_pct": 3.72, "bearing": 18.8}}, {"type": "Feature", "geometry": {"type": "LineString", "coordinates": [[12.8175281, 55.3847732], [12.8175289, 55.3847766]]}, "properties": {"t": "fall", "g": 12, "loop": null, "hole": 12, "slope_pct": 0.62, "bearing": 7.6}}, {"type": "Feature", "geometry": {"type": "LineString", "coordinates": [[12.8175754, 55.3847741], [12.817554, 55.3847524]]}, "properties": {"t": "fall", "g": 12, "loop": null, "hole": 12, "slope_pct": 4.61, "bearing": 209.4}}, {"type": "Feature", "geometry": {"type": "LineString", "coordinates": [[12.817293, 55.3847421], [12.8173118, 55.3847537]]}, "properties": {"t": "fall", "g": 12, "loop": null, "hole": 12, "slope_pct": 2.92, "bearing": 42.7}}, {"type": "Feature", "geometry": {"type": "LineString", "coordinates": [[12.8173403, 55.3847429], [12.817344, 55.3847468]]}, "properties": {"t": "fall", "g": 12, "loop": null, "hole": 12, "slope_pct": 0.82, "bearing": 27.8}}, {"type": "Feature", "geometry": {"type": "LineString", "coordinates": [[12.8173877, 55.3847438], [12.8173558, 55.3847514]]}, "properties": {"t": "fall", "g": 12, "loop": null, "hole": 12, "slope_pct": 3.65, "bearing": 292.7}}, {"type": "Feature", "geometry": {"type": "LineString", "coordinates": [[12.817435, 55.3847446], [12.8173999, 55.3847628]]}, "properties": {"t": "fall", "g": 12, "loop": null, "hole": 12, "slope_pct": 5.58, "bearing": 312.4}}, {"type": "Feature", "geometry": {"type": "LineString", "coordinates": [[12.8174823, 55.3847454], [12.8175228, 55.384755]]}, "properties": {"t": "fall", "g": 12, "loop": null, "hole": 12, "slope_pct": 4.62, "bearing": 67.5}}, {"type": "Feature", "geometry": {"type": "LineString", "coordinates": [[12.8175296, 55.3847463], [12.8175653, 55.3847285]]}, "properties": {"t": "fall", "g": 12, "loop": null, "hole": 12, "slope_pct": 6.38, "bearing": 131.2}}, {"type": "Feature", "geometry": {"type": "LineString", "coordinates": [[12.8175769, 55.3847471], [12.8175967, 55.3847227]]}, "properties": {"t": "fall", "g": 12, "loop": null, "hole": 12, "slope_pct": 10.49, "bearing": 155.3}}, {"type": "Feature", "geometry": {"type": "Point", "coordinates": [12.8174528, 55.3848527]}, "properties": {"t": "aim", "g": 12, "loop": null, "hole": 12, "aim_bearing": 272.7, "slope_median": 3.4, "slope_max": 20.4, "n_cells": 63}}, {"type": "Feature", "geometry": {"type": "LineString", "coordinates": [[12.8162533, 55.3815507], [12.8162865, 55.3815459]]}, "properties": {"t": "fall", "g": 13, "loop": null, "hole": 13, "slope_pct": 3.61, "bearing": 104.2}}, {"type": "Feature", "geometry": {"type": "LineString", "coordinates": [[12.8163006, 55.3815515], [12.8163207, 55.3815511]]}, "properties": {"t": "fall", "g": 13, "loop": null, "hole": 13, "slope_pct": 2.12, "bearing": 92.2}}, {"type": "Feature", "geometry": {"type": "LineString", "coordinates": [[12.8163479, 55.3815524], [12.8163435, 55.3815602]]}, "properties": {"t": "fall", "g": 13, "loop": null, "hole": 13, "slope_pct": 1.52, "bearing": 342.2}}, {"type": "Feature", "geometry": {"type": "LineString", "coordinates": [[12.8162547, 55.3815237], [12.8163022, 55.3815233]]}, "properties": {"t": "fall", "g": 13, "loop": null, "hole": 13, "slope_pct": 5.24, "bearing": 91.0}}, {"type": "Feature", "geometry": {"type": "LineString", "coordinates": [[12.8163494, 55.3815254], [12.8163473, 55.381528]]}, "properties": {"t": "fall", "g": 13, "loop": null, "hole": 13, "slope_pct": 0.52, "bearing": 335.3}}, {"type": "Feature", "geometry": {"type": "LineString", "coordinates": [[12.8162089, 55.381496], [12.8162563, 55.3814968]]}, "properties": {"t": "fall", "g": 13, "loop": null, "hole": 13, "slope_pct": 7.99, "bearing": 88.2}}, {"type": "Feature", "geometry": {"type": "LineString", "coordinates": [[12.8162562, 55.3814968], [12.8163036, 55.3814981]]}, "properties": {"t": "fall", "g": 13, "loop": null, "hole": 13, "slope_pct": 5.72, "bearing": 87.3}}, {"type": "Feature", "geometry": {"type": "LineString", "coordinates": [[12.8163035, 55.3814976], [12.8163024, 55.3815008]]}, "properties": {"t": "fall", "g": 13, "loop": null, "hole": 13, "slope_pct": 0.61, "bearing": 348.9}}, {"type": "Feature", "geometry": {"type": "LineString", "coordinates": [[12.8163982, 55.3814993], [12.816397, 55.3815034]]}, "properties": {"t": "fall", "g": 13, "loop": null, "hole": 13, "slope_pct": 0.76, "bearing": 350.7}}, {"type": "Feature", "geometry": {"type": "LineString", "coordinates": [[12.8161631, 55.3814682], [12.8161993, 55.3814508]]}, "properties": {"t": "fall", "g": 13, "loop": null, "hole": 13, "slope_pct": 15.96, "bearing": 130.3}}, {"type": "Feature", "geometry": {"type": "LineString", "coordinates": [[12.8162104, 55.381469], [12.8162456, 55.3814509]]}, "properties": {"t": "fall", "g": 13, "loop": null, "hole": 13, "slope_pct": 7.52, "bearing": 132.1}}, {"type": "Feature", "geometry": {"type": "LineString", "coordinates": [[12.8162577, 55.3814699], [12.8162949, 55.3814657]]}, "properties": {"t": "fall", "g": 13, "loop": null, "hole": 13, "slope_pct": 4.0, "bearing": 101.2}}, {"type": "Feature", "geometry": {"type": "LineString", "coordinates": [[12.816305, 55.3814707], [12.8163016, 55.3814779]]}, "properties": {"t": "fall", "g": 13, "loop": null, "hole": 13, "slope_pct": 1.39, "bearing": 345.1}}, {"type": "Feature", "geometry": {"type": "LineString", "coordinates": [[12.8163523, 55.3814716], [12.8163604, 55.3814757]]}, "properties": {"t": "fall", "g": 13, "loop": null, "hole": 13, "slope_pct": 1.14, "bearing": 47.9}}, {"type": "Feature", "geometry": {"type": "LineString", "coordinates": [[12.8163996, 55.3814724], [12.8163773, 55.381481]]}, "properties": {"t": "fall", "g": 13, "loop": null, "hole": 13, "slope_pct": 2.85, "bearing": 304.1}}, {"type": "Feature", "geometry": {"type": "LineString", "coordinates": [[12.8161172, 55.3814404], [12.8161534, 55.3814229]]}, "properties": {"t": "fall", "g": 13, "loop": null, "hole": 13, "slope_pct": 22.65, "bearing": 130.4}}, {"type": "Feature", "geometry": {"type": "LineString", "coordinates": [[12.8161646, 55.3814412], [12.8161936, 55.3814199]]}, "properties": {"t": "fall", "g": 13, "loop": null, "hole": 13, "slope_pct": 9.67, "bearing": 142.2}}, {"type": "Feature", "geometry": {"type": "LineString", "coordinates": [[12.8162119, 55.3814421], [12.8162154, 55.381429]]}, "properties": {"t": "fall", "g": 13, "loop": null, "hole": 13, "slope_pct": 2.45, "bearing": 171.3}}, {"type": "Feature", "geometry": {"type": "LineString", "coordinates": [[12.8162592, 55.3814429], [12.8162639, 55.3814447]]}, "properties": {"t": "fall", "g": 13, "loop": null, "hole": 13, "slope_pct": 0.6, "bearing": 56.0}}, {"type": "Feature", "geometry": {"type": "LineString", "coordinates": [[12.8163065, 55.3814438], [12.8163028, 55.3814515]]}, "properties": {"t": "fall", "g": 13, "loop": null, "hole": 13, "slope_pct": 1.49, "bearing": 344.7}}, {"type": "Feature", "geometry": {"type": "LineString", "coordinates": [[12.8163538, 55.3814446], [12.816366, 55.381452]]}, "properties": {"t": "fall", "g": 13, "loop": null, "hole": 13, "slope_pct": 1.88, "bearing": 43.0}}, {"type": "Feature", "geometry": {"type": "LineString", "coordinates": [[12.8164011, 55.3814455], [12.8163669, 55.3814485]]}, "properties": {"t": "fall", "g": 13, "loop": null, "hole": 13, "slope_pct": 3.66, "bearing": 279.0}}, {"type": "Feature", "geometry": {"type": "LineString", "coordinates": [[12.8161187, 55.3814134], [12.8161601, 55.3814003]]}, "properties": {"t": "fall", "g": 13, "loop": null, "hole": 13, "slope_pct": 9.85, "bearing": 119.2}}, {"type": "Feature", "geometry": {"type": "LineString", "coordinates": [[12.816166, 55.3814143], [12.8161786, 55.3814234]]}, "properties": {"t": "fall", "g": 13, "loop": null, "hole": 13, "slope_pct": 2.15, "bearing": 38.2}}, {"type": "Feature", "geometry": {"type": "LineString", "coordinates": [[12.8162134, 55.3814151], [12.8162101, 55.3814203]]}, "properties": {"t": "fall", "g": 13, "loop": null, "hole": 13, "slope_pct": 1.01, "bearing": 340.1}}, {"type": "Feature", "geometry": {"type": "LineString", "coordinates": [[12.8162607, 55.381416], [12.8162522, 55.3814208]]}, "properties": {"t": "fall", "g": 13, "loop": null, "hole": 13, "slope_pct": 1.26, "bearing": 315.0}}, {"type": "Feature", "geometry": {"type": "LineString", "coordinates": [[12.816308, 55.3814168], [12.8163084, 55.3814237]]}, "properties": {"t": "fall", "g": 13, "loop": null, "hole": 13, "slope_pct": 1.27, "bearing": 1.7}}, {"type": "Feature", "geometry": {"type": "LineString", "coordinates": [[12.8163553, 55.3814177], [12.8163642, 55.3814244]]}, "properties": {"t": "fall", "g": 13, "loop": null, "hole": 13, "slope_pct": 1.55, "bearing": 37.0}}, {"type": "Feature", "geometry": {"type": "LineString", "coordinates": [[12.8164026, 55.3814185], [12.8163953, 55.3814222]]}, "properties": {"t": "fall", "g": 13, "loop": null, "hole": 13, "slope_pct": 1.03, "bearing": 311.2}}, {"type": "Feature", "geometry": {"type": "LineString", "coordinates": [[12.8160729, 55.3813857], [12.8160863, 55.3813598]]}, "properties": {"t": "fall", "g": 13, "loop": null, "hole": 13, "slope_pct": 6.62, "bearing": 163.6}}, {"type": "Feature", "geometry": {"type": "LineString", "coordinates": [[12.8161202, 55.3813865], [12.8161307, 55.3813773]]}, "properties": {"t": "fall", "g": 13, "loop": null, "hole": 13, "slope_pct": 2.04, "bearing": 147.3}}, {"type": "Feature", "geometry": {"type": "LineString", "coordinates": [[12.8161675, 55.3813874], [12.8161696, 55.3813932]]}, "properties": {"t": "fall", "g": 13, "loop": null, "hole": 13, "slope_pct": 1.1, "bearing": 11.3}}, {"type": "Feature", "geometry": {"type": "LineString", "coordinates": [[12.8162148, 55.3813882], [12.8162228, 55.3813951]]}, "properties": {"t": "fall", "g": 13, "loop": null, "hole": 13, "slope_pct": 1.53, "bearing": 33.1}}, {"type": "Feature", "geometry": {"type": "LineString", "coordinates": [[12.8162622, 55.381389], [12.8162552, 55.381388]]}, "properties": {"t": "fall", "g": 13, "loop": null, "hole": 13, "slope_pct": 0.75, "bearing": 255.8}}, {"type": "Feature", "geometry": {"type": "LineString", "coordinates": [[12.8163095, 55.3813899], [12.8163086, 55.381387]]}, "properties": {"t": "fall", "g": 13, "loop": null, "hole": 13, "slope_pct": 0.55, "bearing": 189.6}}, {"type": "Feature", "geometry": {"type": "LineString", "coordinates": [[12.8164041, 55.3813916], [12.8164071, 55.3813946]]}, "properties": {"t": "fall", "g": 13, "loop": null, "hole": 13, "slope_pct": 0.64, "bearing": 29.9}}, {"type": "Feature", "geometry": {"type": "LineString", "coordinates": [[12.8160744, 55.3813587], [12.8160511, 55.3813512]]}, "properties": {"t": "fall", "g": 13, "loop": null, "hole": 13, "slope_pct": 2.83, "bearing": 240.3}}, {"type": "Feature", "geometry": {"type": "LineString", "coordinates": [[12.8161217, 55.3813596], [12.8161218, 55.381356]]}, "properties": {"t": "fall", "g": 13, "loop": null, "hole": 13, "slope_pct": 0.66, "bearing": 179.5}}, {"type": "Feature", "geometry": {"type": "LineString", "coordinates": [[12.816169, 55.3813604], [12.8161594, 55.3813587]]}, "properties": {"t": "fall", "g": 13, "loop": null, "hole": 13, "slope_pct": 1.07, "bearing": 252.1}}, {"type": "Feature", "geometry": {"type": "LineString", "coordinates": [[12.8162163, 55.3813613], [12.816236, 55.3813597]]}, "properties": {"t": "fall", "g": 13, "loop": null, "hole": 13, "slope_pct": 2.1, "bearing": 98.0}}, {"type": "Feature", "geometry": {"type": "LineString", "coordinates": [[12.8162636, 55.3813621], [12.8162604, 55.3813586]]}, "properties": {"t": "fall", "g": 13, "loop": null, "hole": 13, "slope_pct": 0.74, "bearing": 207.8}}, {"type": "Feature", "geometry": {"type": "LineString", "coordinates": [[12.816311, 55.381363], [12.8163085, 55.3813598]]}, "properties": {"t": "fall", "g": 13, "loop": null, "hole": 13, "slope_pct": 0.64, "bearing": 204.3}}, {"type": "Feature", "geometry": {"type": "LineString", "coordinates": [[12.8163583, 55.3813638], [12.8163566, 55.3813603]]}, "properties": {"t": "fall", "g": 13, "loop": null, "hole": 13, "slope_pct": 0.67, "bearing": 195.5}}, {"type": "Feature", "geometry": {"type": "LineString", "coordinates": [[12.8160759, 55.3813318], [12.8160447, 55.381326]]}, "properties": {"t": "fall", "g": 13, "loop": null, "hole": 13, "slope_pct": 3.46, "bearing": 251.7}}, {"type": "Feature", "geometry": {"type": "LineString", "coordinates": [[12.8161232, 55.3813326], [12.816118, 55.3813337]]}, "properties": {"t": "fall", "g": 13, "loop": null, "hole": 13, "slope_pct": 0.59, "bearing": 290.6}}, {"type": "Feature", "geometry": {"type": "LineString", "coordinates": [[12.8161705, 55.3813335], [12.8161618, 55.3813358]]}, "properties": {"t": "fall", "g": 13, "loop": null, "hole": 13, "slope_pct": 1.01, "bearing": 295.4}}, {"type": "Feature", "geometry": {"type": "LineString", "coordinates": [[12.8162178, 55.3813343], [12.8162333, 55.3813375]]}, "properties": {"t": "fall", "g": 13, "loop": null, "hole": 13, "slope_pct": 1.73, "bearing": 70.1}}, {"type": "Feature", "geometry": {"type": "LineString", "coordinates": [[12.8163124, 55.381336], [12.8163021, 55.381339]]}, "properties": {"t": "fall", "g": 13, "loop": null, "hole": 13, "slope_pct": 1.22, "bearing": 296.9}}, {"type": "Feature", "geometry": {"type": "LineString", "coordinates": [[12.8163598, 55.3813369], [12.8163635, 55.3813422]]}, "properties": {"t": "fall", "g": 13, "loop": null, "hole": 13, "slope_pct": 1.06, "bearing": 21.7}}, {"type": "Feature", "geometry": {"type": "LineString", "coordinates": [[12.8161247, 55.3813057], [12.8161042, 55.3812993]]}, "properties": {"t": "fall", "g": 13, "loop": null, "hole": 13, "slope_pct": 2.46, "bearing": 241.3}}, {"type": "Feature", "geometry": {"type": "LineString", "coordinates": [[12.816172, 55.3813065], [12.8161603, 55.3813093]]}, "properties": {"t": "fall", "g": 13, "loop": null, "hole": 13, "slope_pct": 1.34, "bearing": 292.3}}, {"type": "Feature", "geometry": {"type": "LineString", "coordinates": [[12.8162193, 55.3813074], [12.816236, 55.381313]]}, "properties": {"t": "fall", "g": 13, "loop": null, "hole": 13, "slope_pct": 2.05, "bearing": 59.3}}, {"type": "Feature", "geometry": {"type": "LineString", "coordinates": [[12.8162666, 55.3813082], [12.8162721, 55.3813155]]}, "properties": {"t": "fall", "g": 13, "loop": null, "hole": 13, "slope_pct": 1.47, "bearing": 23.0}}, {"type": "Feature", "geometry": {"type": "LineString", "coordinates": [[12.8163139, 55.3813091], [12.8162945, 55.3813177]]}, "properties": {"t": "fall", "g": 13, "loop": null, "hole": 13, "slope_pct": 2.6, "bearing": 308.0}}, {"type": "Feature", "geometry": {"type": "Point", "coordinates": [12.8162487, 55.3814165]}, "properties": {"t": "aim", "g": 13, "loop": null, "hole": 13, "aim_bearing": 115.5, "slope_median": 1.47, "slope_max": 22.65, "n_cells": 59}}, {"type": "Feature", "geometry": {"type": "LineString", "coordinates": [[12.8161642, 55.383167], [12.8161284, 55.3831822]]}, "properties": {"t": "fall", "g": 14, "loop": null, "hole": 14, "slope_pct": 4.71, "bearing": 306.8}}, {"type": "Feature", "geometry": {"type": "LineString", "coordinates": [[12.8162115, 55.3831678], [12.8161757, 55.3831811]]}, "properties": {"t": "fall", "g": 14, "loop": null, "hole": 14, "slope_pct": 4.51, "bearing": 303.1}}, {"type": "Feature", "geometry": {"type": "LineString", "coordinates": [[12.8162588, 55.3831686], [12.8162114, 55.3831681]]}, "properties": {"t": "fall", "g": 14, "loop": null, "hole": 14, "slope_pct": 5.16, "bearing": 268.8}}, {"type": "Feature", "geometry": {"type": "LineString", "coordinates": [[12.8163061, 55.3831695], [12.8163215, 55.3831649]]}, "properties": {"t": "fall", "g": 14, "loop": null, "hole": 14, "slope_pct": 1.83, "bearing": 117.9}}, {"type": "Feature", "geometry": {"type": "LineString", "coordinates": [[12.8161183, 55.3831392], [12.8160786, 55.3831539]]}, "properties": {"t": "fall", "g": 14, "loop": null, "hole": 14, "slope_pct": 12.17, "bearing": 303.1}}, {"type": "Feature", "geometry": {"type": "LineString", "coordinates": [[12.8161656, 55.38314], [12.8161333, 55.3831501]]}, "properties": {"t": "fall", "g": 14, "loop": null, "hole": 14, "slope_pct": 3.89, "bearing": 298.7}}, {"type": "Feature", "geometry": {"type": "LineString", "coordinates": [[12.816213, 55.3831409], [12.8161961, 55.3831451]]}, "properties": {"t": "fall", "g": 14, "loop": null, "hole": 14, "slope_pct": 1.95, "bearing": 293.6}}, {"type": "Feature", "geometry": {"type": "LineString", "coordinates": [[12.8162603, 55.3831417], [12.8162389, 55.3831363]]}, "properties": {"t": "fall", "g": 14, "loop": null, "hole": 14, "slope_pct": 2.47, "bearing": 246.1}}, {"type": "Feature", "geometry": {"type": "LineString", "coordinates": [[12.8163076, 55.3831426], [12.8163077, 55.3831328]]}, "properties": {"t": "fall", "g": 14, "loop": null, "hole": 14, "slope_pct": 1.8, "bearing": 179.7}}, {"type": "Feature", "geometry": {"type": "LineString", "coordinates": [[12.8160725, 55.3831114], [12.8160562, 55.3831367]]}, "properties": {"t": "fall", "g": 14, "loop": null, "hole": 14, "slope_pct": 11.18, "bearing": 340.0}}, {"type": "Feature", "geometry": {"type": "LineString", "coordinates": [[12.8161198, 55.3831122], [12.8160958, 55.3831332]]}, "properties": {"t": "fall", "g": 14, "loop": null, "hole": 14, "slope_pct": 4.65, "bearing": 327.0}}, {"type": "Feature", "geometry": {"type": "LineString", "coordinates": [[12.8161671, 55.3831131], [12.8161475, 55.3831272]]}, "properties": {"t": "fall", "g": 14, "loop": null, "hole": 14, "slope_pct": 3.34, "bearing": 321.7}}, {"type": "Feature", "geometry": {"type": "LineString", "coordinates": [[12.8162144, 55.3831139], [12.8162118, 55.3831198]]}, "properties": {"t": "fall", "g": 14, "loop": null, "hole": 14, "slope_pct": 1.13, "bearing": 345.6}}, {"type": "Feature", "geometry": {"type": "LineString", "coordinates": [[12.8162618, 55.3831148], [12.8162543, 55.3831116]]}, "properties": {"t": "fall", "g": 14, "loop": null, "hole": 14, "slope_pct": 0.98, "bearing": 232.9}}, {"type": "Feature", "geometry": {"type": "LineString", "coordinates": [[12.8163091, 55.3831156], [12.8162952, 55.3831129]]}, "properties": {"t": "fall", "g": 14, "loop": null, "hole": 14, "slope_pct": 1.55, "bearing": 250.9}}, {"type": "Feature", "geometry": {"type": "LineString", "coordinates": [[12.8160267, 55.3830836], [12.8160121, 55.3830991]]}, "properties": {"t": "fall", "g": 14, "loop": null, "hole": 14, "slope_pct": 3.25, "bearing": 331.8}}, {"type": "Feature", "geometry": {"type": "LineString", "coordinates": [[12.816074, 55.3830844], [12.8160657, 55.3830977]]}, "properties": {"t": "fall", "g": 14, "loop": null, "hole": 14, "slope_pct": 2.61, "bearing": 340.5}}, {"type": "Feature", "geometry": {"type": "LineString", "coordinates": [[12.8161213, 55.3830853], [12.8161079, 55.3830956]]}, "properties": {"t": "fall", "g": 14, "loop": null, "hole": 14, "slope_pct": 2.38, "bearing": 323.4}}, {"type": "Feature", "geometry": {"type": "LineString", "coordinates": [[12.8161686, 55.3830861], [12.8161583, 55.3830919]]}, "properties": {"t": "fall", "g": 14, "loop": null, "hole": 14, "slope_pct": 1.53, "bearing": 314.9}}, {"type": "Feature", "geometry": {"type": "LineString", "coordinates": [[12.8162159, 55.383087], [12.8162237, 55.3830882]]}, "properties": {"t": "fall", "g": 14, "loop": null, "hole": 14, "slope_pct": 0.85, "bearing": 74.7}}, {"type": "Feature", "geometry": {"type": "LineString", "coordinates": [[12.8160282, 55.3830567], [12.8160204, 55.3830586]]}, "properties": {"t": "fall", "g": 14, "loop": null, "hole": 14, "slope_pct": 0.89, "bearing": 293.3}}, {"type": "Feature", "geometry": {"type": "LineString", "coordinates": [[12.8160755, 55.3830575], [12.8160668, 55.3830581]]}, "properties": {"t": "fall", "g": 14, "loop": null, "hole": 14, "slope_pct": 0.92, "bearing": 277.2}}, {"type": "Feature", "geometry": {"type": "LineString", "coordinates": [[12.8161228, 55.3830584], [12.8161139, 55.3830598]]}, "properties": {"t": "fall", "g": 14, "loop": null, "hole": 14, "slope_pct": 0.97, "bearing": 286.0}}, {"type": "Feature", "geometry": {"type": "LineString", "coordinates": [[12.8162174, 55.38306], [12.8162279, 55.3830574]]}, "properties": {"t": "fall", "g": 14, "loop": null, "hole": 14, "slope_pct": 1.21, "bearing": 114.3}}, {"type": "Feature", "geometry": {"type": "LineString", "coordinates": [[12.8162647, 55.3830609], [12.816254, 55.3830636]]}, "properties": {"t": "fall", "g": 14, "loop": null, "hole": 14, "slope_pct": 1.24, "bearing": 294.0}}, {"type": "Feature", "geometry": {"type": "LineString", "coordinates": [[12.8160296, 55.3830297], [12.8160256, 55.3830265]]}, "properties": {"t": "fall", "g": 14, "loop": null, "hole": 14, "slope_pct": 0.73, "bearing": 215.0}}, {"type": "Feature", "geometry": {"type": "LineString", "coordinates": [[12.816077, 55.3830306], [12.8160644, 55.3830301]]}, "properties": {"t": "fall", "g": 14, "loop": null, "hole": 14, "slope_pct": 1.32, "bearing": 265.9}}, {"type": "Feature", "geometry": {"type": "LineString", "coordinates": [[12.8161243, 55.3830314], [12.8161188, 55.3830309]]}, "properties": {"t": "fall", "g": 14, "loop": null, "hole": 14, "slope_pct": 0.59, "bearing": 260.6}}, {"type": "Feature", "geometry": {"type": "LineString", "coordinates": [[12.8162189, 55.3830331], [12.8162246, 55.3830347]]}, "properties": {"t": "fall", "g": 14, "loop": null, "hole": 14, "slope_pct": 0.67, "bearing": 64.4}}, {"type": "Feature", "geometry": {"type": "LineString", "coordinates": [[12.8162662, 55.383034], [12.8162396, 55.3830418]]}, "properties": {"t": "fall", "g": 14, "loop": null, "hole": 14, "slope_pct": 3.16, "bearing": 297.4}}, {"type": "Feature", "geometry": {"type": "LineString", "coordinates": [[12.8160311, 55.3830028], [12.8160246, 55.3829989]]}, "properties": {"t": "fall", "g": 14, "loop": null, "hole": 14, "slope_pct": 1.0, "bearing": 223.6}}, {"type": "Feature", "geometry": {"type": "LineString", "coordinates": [[12.8160784, 55.3830036], [12.816061, 55.3830029]]}, "properties": {"t": "fall", "g": 14, "loop": null, "hole": 14, "slope_pct": 1.85, "bearing": 265.8}}, {"type": "Feature", "geometry": {"type": "LineString", "coordinates": [[12.8161258, 55.3830045], [12.8161249, 55.3830017]]}, "properties": {"t": "fall", "g": 14, "loop": null, "hole": 14, "slope_pct": 0.52, "bearing": 189.9}}, {"type": "Feature", "geometry": {"type": "LineString", "coordinates": [[12.8161731, 55.3830053], [12.8161671, 55.3830029]]}, "properties": {"t": "fall", "g": 14, "loop": null, "hole": 14, "slope_pct": 0.77, "bearing": 234.2}}, {"type": "Feature", "geometry": {"type": "LineString", "coordinates": [[12.8162677, 55.383007], [12.8162377, 55.3830085]]}, "properties": {"t": "fall", "g": 14, "loop": null, "hole": 14, "slope_pct": 3.17, "bearing": 275.0}}, {"type": "Feature", "geometry": {"type": "LineString", "coordinates": [[12.816315, 55.3830079], [12.8162935, 55.3829974]]}, "properties": {"t": "fall", "g": 14, "loop": null, "hole": 14, "slope_pct": 2.99, "bearing": 229.5}}, {"type": "Feature", "geometry": {"type": "LineString", "coordinates": [[12.8160326, 55.3829759], [12.8160172, 55.3829693]]}, "properties": {"t": "fall", "g": 14, "loop": null, "hole": 14, "slope_pct": 2.03, "bearing": 233.0}}, {"type": "Feature", "geometry": {"type": "LineString", "coordinates": [[12.8160799, 55.3829767], [12.816064, 55.3829712]]}, "properties": {"t": "fall", "g": 14, "loop": null, "hole": 14, "slope_pct": 1.97, "bearing": 238.8}}, {"type": "Feature", "geometry": {"type": "LineString", "coordinates": [[12.8161272, 55.3829775], [12.8161254, 55.3829748]]}, "properties": {"t": "fall", "g": 14, "loop": null, "hole": 14, "slope_pct": 0.54, "bearing": 201.6}}, {"type": "Feature", "geometry": {"type": "LineString", "coordinates": [[12.8161746, 55.3829784], [12.8161697, 55.3829722]]}, "properties": {"t": "fall", "g": 14, "loop": null, "hole": 14, "slope_pct": 1.25, "bearing": 204.1}}, {"type": "Feature", "geometry": {"type": "LineString", "coordinates": [[12.8162219, 55.3829792], [12.8162123, 55.3829747]]}, "properties": {"t": "fall", "g": 14, "loop": null, "hole": 14, "slope_pct": 1.32, "bearing": 230.1}}, {"type": "Feature", "geometry": {"type": "LineString", "coordinates": [[12.8162692, 55.3829801], [12.8162519, 55.3829753]]}, "properties": {"t": "fall", "g": 14, "loop": null, "hole": 14, "slope_pct": 2.03, "bearing": 243.9}}, {"type": "Feature", "geometry": {"type": "LineString", "coordinates": [[12.8163165, 55.3829809], [12.8163147, 55.3829678]]}, "properties": {"t": "fall", "g": 14, "loop": null, "hole": 14, "slope_pct": 2.45, "bearing": 184.4}}, {"type": "Feature", "geometry": {"type": "LineString", "coordinates": [[12.8162707, 55.3829531], [12.8162539, 55.3829353]]}, "properties": {"t": "fall", "g": 14, "loop": null, "hole": 14, "slope_pct": 3.75, "bearing": 208.0}}, {"type": "Feature", "geometry": {"type": "LineString", "coordinates": [[12.816318, 55.382954], [12.8163367, 55.3829329]]}, "properties": {"t": "fall", "g": 14, "loop": null, "hole": 14, "slope_pct": 4.38, "bearing": 153.3}}, {"type": "Feature", "geometry": {"type": "Point", "coordinates": [12.8161768, 55.3830574]}, "properties": {"t": "aim", "g": 14, "loop": null, "hole": 14, "aim_bearing": 285.9, "slope_median": 1.8, "slope_max": 12.17, "n_cells": 49}}, {"type": "Feature", "geometry": {"type": "LineString", "coordinates": [[12.8140186, 55.3799917], [12.8140545, 55.3799988]]}, "properties": {"t": "fall", "g": 15, "loop": null, "hole": 15, "slope_pct": 4.0, "bearing": 70.9}}, {"type": "Feature", "geometry": {"type": "LineString", "coordinates": [[12.8140659, 55.3799926], [12.8140781, 55.3800004]]}, "properties": {"t": "fall", "g": 15, "loop": null, "hole": 15, "slope_pct": 1.94, "bearing": 41.4}}, {"type": "Feature", "geometry": {"type": "LineString", "coordinates": [[12.8141132, 55.3799934], [12.8141152, 55.3800024]]}, "properties": {"t": "fall", "g": 15, "loop": null, "hole": 15, "slope_pct": 1.69, "bearing": 7.2}}, {"type": "Feature", "geometry": {"type": "LineString", "coordinates": [[12.8139728, 55.3799639], [12.8139772, 55.3799414]]}, "properties": {"t": "fall", "g": 15, "loop": null, "hole": 15, "slope_pct": 4.22, "bearing": 173.7}}, {"type": "Feature", "geometry": {"type": "LineString", "coordinates": [[12.8140201, 55.3799648], [12.8140268, 55.3799573]]}, "properties": {"t": "fall", "g": 15, "loop": null, "hole": 15, "slope_pct": 1.56, "bearing": 152.9}}, {"type": "Feature", "geometry": {"type": "LineString", "coordinates": [[12.8140674, 55.3799656], [12.8140862, 55.3799652]]}, "properties": {"t": "fall", "g": 15, "loop": null, "hole": 15, "slope_pct": 1.99, "bearing": 92.5}}, {"type": "Feature", "geometry": {"type": "LineString", "coordinates": [[12.8139269, 55.3799362], [12.8139233, 55.3799305]]}, "properties": {"t": "fall", "g": 15, "loop": null, "hole": 15, "slope_pct": 1.12, "bearing": 199.8}}, {"type": "Feature", "geometry": {"type": "LineString", "coordinates": [[12.8139743, 55.379937], [12.8139743, 55.3799305]]}, "properties": {"t": "fall", "g": 15, "loop": null, "hole": 15, "slope_pct": 1.21, "bearing": 179.9}}, {"type": "Feature", "geometry": {"type": "LineString", "coordinates": [[12.8140216, 55.3799379], [12.814015, 55.3799318]]}, "properties": {"t": "fall", "g": 15, "loop": null, "hole": 15, "slope_pct": 1.32, "bearing": 211.4}}, {"type": "Feature", "geometry": {"type": "LineString", "coordinates": [[12.8140689, 55.3799387], [12.8140769, 55.3799359]]}, "properties": {"t": "fall", "g": 15, "loop": null, "hole": 15, "slope_pct": 0.99, "bearing": 121.4}}, {"type": "Feature", "geometry": {"type": "LineString", "coordinates": [[12.8141162, 55.3799395], [12.8141146, 55.3799425]]}, "properties": {"t": "fall", "g": 15, "loop": null, "hole": 15, "slope_pct": 0.58, "bearing": 342.7}}, {"type": "Feature", "geometry": {"type": "LineString", "coordinates": [[12.8138338, 55.3799075], [12.8138518, 55.3798826]]}, "properties": {"t": "fall", "g": 15, "loop": null, "hole": 15, "slope_pct": 6.74, "bearing": 157.7}}, {"type": "Feature", "geometry": {"type": "LineString", "coordinates": [[12.8138811, 55.3799084], [12.8138974, 55.3799068]]}, "properties": {"t": "fall", "g": 15, "loop": null, "hole": 15, "slope_pct": 1.74, "bearing": 99.8}}, {"type": "Feature", "geometry": {"type": "LineString", "coordinates": [[12.8139284, 55.3799092], [12.81393, 55.3799136]]}, "properties": {"t": "fall", "g": 15, "loop": null, "hole": 15, "slope_pct": 0.82, "bearing": 11.3}}, {"type": "Feature", "geometry": {"type": "LineString", "coordinates": [[12.8140231, 55.3799109], [12.8140189, 55.3799134]]}, "properties": {"t": "fall", "g": 15, "loop": null, "hole": 15, "slope_pct": 0.63, "bearing": 316.4}}, {"type": "Feature", "geometry": {"type": "LineString", "coordinates": [[12.8140704, 55.3799118], [12.8140677, 55.3799174]]}, "properties": {"t": "fall", "g": 15, "loop": null, "hole": 15, "slope_pct": 1.09, "bearing": 345.0}}, {"type": "Feature", "geometry": {"type": "LineString", "coordinates": [[12.813788, 55.3798797], [12.8137653, 55.3798743]]}, "properties": {"t": "fall", "g": 15, "loop": null, "hole": 15, "slope_pct": 2.6, "bearing": 247.0}}, {"type": "Feature", "geometry": {"type": "LineString", "coordinates": [[12.8138353, 55.3798806], [12.8138259, 55.3798806]]}, "properties": {"t": "fall", "g": 15, "loop": null, "hole": 15, "slope_pct": 0.99, "bearing": 269.6}}, {"type": "Feature", "geometry": {"type": "LineString", "coordinates": [[12.8138826, 55.3798814], [12.8138726, 55.379887]]}, "properties": {"t": "fall", "g": 15, "loop": null, "hole": 15, "slope_pct": 1.47, "bearing": 314.3}}, {"type": "Feature", "geometry": {"type": "LineString", "coordinates": [[12.8139299, 55.3798823], [12.8139386, 55.3798921]]}, "properties": {"t": "fall", "g": 15, "loop": null, "hole": 15, "slope_pct": 2.04, "bearing": 26.7}}, {"type": "Feature", "geometry": {"type": "LineString", "coordinates": [[12.8139772, 55.3798831], [12.8139703, 55.3798942]]}, "properties": {"t": "fall", "g": 15, "loop": null, "hole": 15, "slope_pct": 2.19, "bearing": 340.4}}, {"type": "Feature", "geometry": {"type": "LineString", "coordinates": [[12.8140245, 55.379884], [12.814019, 55.3798989]]}, "properties": {"t": "fall", "g": 15, "loop": null, "hole": 15, "slope_pct": 2.83, "bearing": 348.1}}, {"type": "Feature", "geometry": {"type": "LineString", "coordinates": [[12.8137895, 55.3798528], [12.8137584, 55.3798615]]}, "properties": {"t": "fall", "g": 15, "loop": null, "hole": 15, "slope_pct": 3.65, "bearing": 296.3}}, {"type": "Feature", "geometry": {"type": "LineString", "coordinates": [[12.8138368, 55.3798537], [12.8138228, 55.3798644]]}, "properties": {"t": "fall", "g": 15, "loop": null, "hole": 15, "slope_pct": 2.47, "bearing": 323.4}}, {"type": "Feature", "geometry": {"type": "LineString", "coordinates": [[12.8138841, 55.3798545], [12.8138788, 55.3798632]]}, "properties": {"t": "fall", "g": 15, "loop": null, "hole": 15, "slope_pct": 1.71, "bearing": 341.1}}, {"type": "Feature", "geometry": {"type": "LineString", "coordinates": [[12.8139314, 55.3798553], [12.8139308, 55.3798633]]}, "properties": {"t": "fall", "g": 15, "loop": null, "hole": 15, "slope_pct": 1.48, "bearing": 357.4}}, {"type": "Feature", "geometry": {"type": "LineString", "coordinates": [[12.8139787, 55.3798562], [12.8139627, 55.3798679]]}, "properties": {"t": "fall", "g": 15, "loop": null, "hole": 15, "slope_pct": 2.76, "bearing": 322.2}}, {"type": "Feature", "geometry": {"type": "LineString", "coordinates": [[12.813791, 55.3798259], [12.8137546, 55.3798359]]}, "properties": {"t": "fall", "g": 15, "loop": null, "hole": 15, "slope_pct": 4.26, "bearing": 295.9}}, {"type": "Feature", "geometry": {"type": "LineString", "coordinates": [[12.8138383, 55.3798267], [12.8138266, 55.3798323]]}, "properties": {"t": "fall", "g": 15, "loop": null, "hole": 15, "slope_pct": 1.6, "bearing": 310.0}}, {"type": "Feature", "geometry": {"type": "LineString", "coordinates": [[12.8138856, 55.3798276], [12.8138763, 55.3798351]]}, "properties": {"t": "fall", "g": 15, "loop": null, "hole": 15, "slope_pct": 1.7, "bearing": 324.9}}, {"type": "Feature", "geometry": {"type": "LineString", "coordinates": [[12.8139329, 55.3798284], [12.8139359, 55.3798377]]}, "properties": {"t": "fall", "g": 15, "loop": null, "hole": 15, "slope_pct": 1.75, "bearing": 10.4}}, {"type": "Feature", "geometry": {"type": "LineString", "coordinates": [[12.8139802, 55.3798293], [12.8139611, 55.3798388]]}, "properties": {"t": "fall", "g": 15, "loop": null, "hole": 15, "slope_pct": 2.68, "bearing": 311.3}}, {"type": "Feature", "geometry": {"type": "LineString", "coordinates": [[12.8138398, 55.3797998], [12.8138443, 55.3798042]]}, "properties": {"t": "fall", "g": 15, "loop": null, "hole": 15, "slope_pct": 0.95, "bearing": 30.4}}, {"type": "Feature", "geometry": {"type": "LineString", "coordinates": [[12.8138871, 55.3798006], [12.8138736, 55.3798023]]}, "properties": {"t": "fall", "g": 15, "loop": null, "hole": 15, "slope_pct": 1.45, "bearing": 282.3}}, {"type": "Feature", "geometry": {"type": "LineString", "coordinates": [[12.8139344, 55.3798015], [12.8139304, 55.379804]]}, "properties": {"t": "fall", "g": 15, "loop": null, "hole": 15, "slope_pct": 0.63, "bearing": 317.8}}, {"type": "Feature", "geometry": {"type": "LineString", "coordinates": [[12.8139817, 55.3798023], [12.8139767, 55.3798026]]}, "properties": {"t": "fall", "g": 15, "loop": null, "hole": 15, "slope_pct": 0.52, "bearing": 276.0}}, {"type": "Feature", "geometry": {"type": "LineString", "coordinates": [[12.8138885, 55.3797737], [12.8138696, 55.379771]]}, "properties": {"t": "fall", "g": 15, "loop": null, "hole": 15, "slope_pct": 2.06, "bearing": 255.7}}, {"type": "Feature", "geometry": {"type": "LineString", "coordinates": [[12.8139832, 55.3797754], [12.8139755, 55.3797727]]}, "properties": {"t": "fall", "g": 15, "loop": null, "hole": 15, "slope_pct": 0.95, "bearing": 238.2}}, {"type": "Feature", "geometry": {"type": "Point", "coordinates": [12.8139469, 55.3798858]}, "properties": {"t": "aim", "g": 15, "loop": null, "hole": 15, "aim_bearing": 319.3, "slope_median": 1.6, "slope_max": 6.74, "n_cells": 41}}, {"type": "Feature", "geometry": {"type": "LineString", "coordinates": [[12.8112351, 55.378369], [12.811193, 55.3783813]]}, "properties": {"t": "fall", "g": 16, "loop": null, "hole": 16, "slope_pct": 9.43, "bearing": 297.2}}, {"type": "Feature", "geometry": {"type": "LineString", "coordinates": [[12.8112824, 55.3783698], [12.8112821, 55.378392]]}, "properties": {"t": "fall", "g": 16, "loop": null, "hole": 16, "slope_pct": 4.1, "bearing": 359.6}}, {"type": "Feature", "geometry": {"type": "LineString", "coordinates": [[12.8113298, 55.3783707], [12.8113613, 55.3783908]]}, "properties": {"t": "fall", "g": 16, "loop": null, "hole": 16, "slope_pct": 22.75, "bearing": 41.6}}, {"type": "Feature", "geometry": {"type": "LineString", "coordinates": [[12.8112366, 55.378342], [12.8111977, 55.3783574]]}, "properties": {"t": "fall", "g": 16, "loop": null, "hole": 16, "slope_pct": 5.74, "bearing": 304.8}}, {"type": "Feature", "geometry": {"type": "LineString", "coordinates": [[12.8112839, 55.3783429], [12.811292, 55.3783366]]}, "properties": {"t": "fall", "g": 16, "loop": null, "hole": 16, "slope_pct": 1.44, "bearing": 143.8}}, {"type": "Feature", "geometry": {"type": "LineString", "coordinates": [[12.8113312, 55.3783437], [12.8113445, 55.3783346]]}, "properties": {"t": "fall", "g": 16, "loop": null, "hole": 16, "slope_pct": 2.2, "bearing": 140.8}}, {"type": "Feature", "geometry": {"type": "LineString", "coordinates": [[12.8113786, 55.3783446], [12.8114072, 55.378366]]}, "properties": {"t": "fall", "g": 16, "loop": null, "hole": 16, "slope_pct": 6.46, "bearing": 37.2}}, {"type": "Feature", "geometry": {"type": "LineString", "coordinates": [[12.8112381, 55.3783151], [12.8112132, 55.378311]]}, "properties": {"t": "fall", "g": 16, "loop": null, "hole": 16, "slope_pct": 2.73, "bearing": 253.7}}, {"type": "Feature", "geometry": {"type": "LineString", "coordinates": [[12.8112854, 55.378316], [12.8113073, 55.378317]]}, "properties": {"t": "fall", "g": 16, "loop": null, "hole": 16, "slope_pct": 2.31, "bearing": 85.3}}, {"type": "Feature", "geometry": {"type": "LineString", "coordinates": [[12.8113327, 55.3783168], [12.8113466, 55.3783159]]}, "properties": {"t": "fall", "g": 16, "loop": null, "hole": 16, "slope_pct": 1.47, "bearing": 96.4}}, {"type": "Feature", "geometry": {"type": "LineString", "coordinates": [[12.81138, 55.3783176], [12.8113633, 55.3782994]]}, "properties": {"t": "fall", "g": 16, "loop": null, "hole": 16, "slope_pct": 3.82, "bearing": 207.5}}, {"type": "Feature", "geometry": {"type": "LineString", "coordinates": [[12.8114274, 55.3783185], [12.811474, 55.3783136]]}, "properties": {"t": "fall", "g": 16, "loop": null, "hole": 16, "slope_pct": 5.01, "bearing": 100.5}}, {"type": "Feature", "geometry": {"type": "LineString", "coordinates": [[12.8114747, 55.3783193], [12.8115141, 55.3783343]]}, "properties": {"t": "fall", "g": 16, "loop": null, "hole": 16, "slope_pct": 8.32, "bearing": 56.2}}, {"type": "Feature", "geometry": {"type": "LineString", "coordinates": [[12.811522, 55.3783202], [12.8115541, 55.3783308]]}, "properties": {"t": "fall", "g": 16, "loop": null, "hole": 16, "slope_pct": 3.92, "bearing": 59.8}}, {"type": "Feature", "geometry": {"type": "LineString", "coordinates": [[12.8115693, 55.378321], [12.8115873, 55.3783213]]}, "properties": {"t": "fall", "g": 16, "loop": null, "hole": 16, "slope_pct": 1.9, "bearing": 88.7}}, {"type": "Feature", "geometry": {"type": "LineString", "coordinates": [[12.8111923, 55.3782873], [12.8111647, 55.3783059]]}, "properties": {"t": "fall", "g": 16, "loop": null, "hole": 16, "slope_pct": 4.5, "bearing": 319.8}}, {"type": "Feature", "geometry": {"type": "LineString", "coordinates": [[12.8112396, 55.3782882], [12.8112283, 55.3782929]]}, "properties": {"t": "fall", "g": 16, "loop": null, "hole": 16, "slope_pct": 1.48, "bearing": 306.3}}, {"type": "Feature", "geometry": {"type": "LineString", "coordinates": [[12.8112869, 55.378289], [12.811299, 55.3782821]]}, "properties": {"t": "fall", "g": 16, "loop": null, "hole": 16, "slope_pct": 1.8, "bearing": 134.9}}, {"type": "Feature", "geometry": {"type": "LineString", "coordinates": [[12.8113342, 55.3782899], [12.8113606, 55.3782834]]}, "properties": {"t": "fall", "g": 16, "loop": null, "hole": 16, "slope_pct": 3.03, "bearing": 113.2}}, {"type": "Feature", "geometry": {"type": "LineString", "coordinates": [[12.8113815, 55.3782907], [12.8114097, 55.3782756]]}, "properties": {"t": "fall", "g": 16, "loop": null, "hole": 16, "slope_pct": 4.09, "bearing": 133.3}}, {"type": "Feature", "geometry": {"type": "LineString", "coordinates": [[12.8114288, 55.3782916], [12.8114476, 55.3782708]]}, "properties": {"t": "fall", "g": 16, "loop": null, "hole": 16, "slope_pct": 4.33, "bearing": 152.9}}, {"type": "Feature", "geometry": {"type": "LineString", "coordinates": [[12.8114761, 55.3782924], [12.8115083, 55.378285]]}, "properties": {"t": "fall", "g": 16, "loop": null, "hole": 16, "slope_pct": 3.66, "bearing": 112.1}}, {"type": "Feature", "geometry": {"type": "LineString", "coordinates": [[12.8115235, 55.3782933], [12.8115516, 55.3782963]]}, "properties": {"t": "fall", "g": 16, "loop": null, "hole": 16, "slope_pct": 3.02, "bearing": 79.3}}, {"type": "Feature", "geometry": {"type": "LineString", "coordinates": [[12.8115708, 55.3782941], [12.8115957, 55.3782966]]}, "properties": {"t": "fall", "g": 16, "loop": null, "hole": 16, "slope_pct": 2.67, "bearing": 80.0}}, {"type": "Feature", "geometry": {"type": "LineString", "coordinates": [[12.8111465, 55.3782595], [12.8111162, 55.3782803]]}, "properties": {"t": "fall", "g": 16, "loop": null, "hole": 16, "slope_pct": 6.16, "bearing": 320.4}}, {"type": "Feature", "geometry": {"type": "LineString", "coordinates": [[12.8111938, 55.3782604], [12.8111842, 55.3782695]]}, "properties": {"t": "fall", "g": 16, "loop": null, "hole": 16, "slope_pct": 1.96, "bearing": 329.0}}, {"type": "Feature", "geometry": {"type": "LineString", "coordinates": [[12.8112411, 55.3782612], [12.8112503, 55.3782645]]}, "properties": {"t": "fall", "g": 16, "loop": null, "hole": 16, "slope_pct": 1.15, "bearing": 58.3}}, {"type": "Feature", "geometry": {"type": "LineString", "coordinates": [[12.8112884, 55.3782621], [12.8113156, 55.3782607]]}, "properties": {"t": "fall", "g": 16, "loop": null, "hole": 16, "slope_pct": 2.88, "bearing": 95.1}}, {"type": "Feature", "geometry": {"type": "LineString", "coordinates": [[12.8113357, 55.3782629], [12.811363, 55.3782538]]}, "properties": {"t": "fall", "g": 16, "loop": null, "hole": 16, "slope_pct": 3.34, "bearing": 120.6}}, {"type": "Feature", "geometry": {"type": "LineString", "coordinates": [[12.811383, 55.3782638], [12.8114093, 55.378262]]}, "properties": {"t": "fall", "g": 16, "loop": null, "hole": 16, "slope_pct": 2.79, "bearing": 96.9}}, {"type": "Feature", "geometry": {"type": "LineString", "coordinates": [[12.8114303, 55.3782646], [12.8114462, 55.3782639]]}, "properties": {"t": "fall", "g": 16, "loop": null, "hole": 16, "slope_pct": 1.68, "bearing": 94.5}}, {"type": "Feature", "geometry": {"type": "LineString", "coordinates": [[12.8114776, 55.3782655], [12.8115007, 55.3782643]]}, "properties": {"t": "fall", "g": 16, "loop": null, "hole": 16, "slope_pct": 2.44, "bearing": 95.1}}, {"type": "Feature", "geometry": {"type": "LineString", "coordinates": [[12.8111006, 55.3782317], [12.8110773, 55.3782552]]}, "properties": {"t": "fall", "g": 16, "loop": null, "hole": 16, "slope_pct": 5.56, "bearing": 330.5}}, {"type": "Feature", "geometry": {"type": "LineString", "coordinates": [[12.811148, 55.3782326], [12.8111496, 55.3782395]]}, "properties": {"t": "fall", "g": 16, "loop": null, "hole": 16, "slope_pct": 1.28, "bearing": 7.7}}, {"type": "Feature", "geometry": {"type": "LineString", "coordinates": [[12.8111953, 55.3782334], [12.8111914, 55.3782355]]}, "properties": {"t": "fall", "g": 16, "loop": null, "hole": 16, "slope_pct": 0.56, "bearing": 313.0}}, {"type": "Feature", "geometry": {"type": "LineString", "coordinates": [[12.8112426, 55.3782343], [12.8112551, 55.3782343]]}, "properties": {"t": "fall", "g": 16, "loop": null, "hole": 16, "slope_pct": 1.32, "bearing": 90.0}}, {"type": "Feature", "geometry": {"type": "LineString", "coordinates": [[12.8112899, 55.3782351], [12.8113246, 55.378234]]}, "properties": {"t": "fall", "g": 16, "loop": null, "hole": 16, "slope_pct": 3.66, "bearing": 93.3}}, {"type": "Feature", "geometry": {"type": "LineString", "coordinates": [[12.8113372, 55.378236], [12.8113633, 55.3782351]]}, "properties": {"t": "fall", "g": 16, "loop": null, "hole": 16, "slope_pct": 2.76, "bearing": 93.3}}, {"type": "Feature", "geometry": {"type": "LineString", "coordinates": [[12.8113845, 55.3782368], [12.8114022, 55.3782358]]}, "properties": {"t": "fall", "g": 16, "loop": null, "hole": 16, "slope_pct": 1.88, "bearing": 96.1}}, {"type": "Feature", "geometry": {"type": "LineString", "coordinates": [[12.8114318, 55.3782377], [12.8114501, 55.3782394]]}, "properties": {"t": "fall", "g": 16, "loop": null, "hole": 16, "slope_pct": 1.95, "bearing": 80.8}}, {"type": "Feature", "geometry": {"type": "LineString", "coordinates": [[12.8114791, 55.3782385], [12.8114879, 55.3782444]]}, "properties": {"t": "fall", "g": 16, "loop": null, "hole": 16, "slope_pct": 1.43, "bearing": 40.2}}, {"type": "Feature", "geometry": {"type": "LineString", "coordinates": [[12.8111494, 55.3782057], [12.8111671, 55.3782087]]}, "properties": {"t": "fall", "g": 16, "loop": null, "hole": 16, "slope_pct": 1.95, "bearing": 73.1}}, {"type": "Feature", "geometry": {"type": "LineString", "coordinates": [[12.8111968, 55.3782065], [12.8111979, 55.3782036]]}, "properties": {"t": "fall", "g": 16, "loop": null, "hole": 16, "slope_pct": 0.55, "bearing": 167.2}}, {"type": "Feature", "geometry": {"type": "LineString", "coordinates": [[12.8112441, 55.3782074], [12.8112582, 55.3782028]]}, "properties": {"t": "fall", "g": 16, "loop": null, "hole": 16, "slope_pct": 1.72, "bearing": 119.7}}, {"type": "Feature", "geometry": {"type": "LineString", "coordinates": [[12.8112914, 55.3782082], [12.8113309, 55.3782018]]}, "properties": {"t": "fall", "g": 16, "loop": null, "hole": 16, "slope_pct": 4.34, "bearing": 106.0}}, {"type": "Feature", "geometry": {"type": "LineString", "coordinates": [[12.8113387, 55.378209], [12.8113595, 55.378204]]}, "properties": {"t": "fall", "g": 16, "loop": null, "hole": 16, "slope_pct": 2.39, "bearing": 112.9}}, {"type": "Feature", "geometry": {"type": "LineString", "coordinates": [[12.811386, 55.3782099], [12.8113997, 55.3782086]]}, "properties": {"t": "fall", "g": 16, "loop": null, "hole": 16, "slope_pct": 1.46, "bearing": 99.4}}, {"type": "Feature", "geometry": {"type": "LineString", "coordinates": [[12.8114333, 55.3782107], [12.8114526, 55.3782081]]}, "properties": {"t": "fall", "g": 16, "loop": null, "hole": 16, "slope_pct": 2.09, "bearing": 103.7}}, {"type": "Feature", "geometry": {"type": "LineString", "coordinates": [[12.8114806, 55.3782116], [12.8114747, 55.3782111]]}, "properties": {"t": "fall", "g": 16, "loop": null, "hole": 16, "slope_pct": 0.63, "bearing": 261.3}}, {"type": "Feature", "geometry": {"type": "LineString", "coordinates": [[12.8111982, 55.3781796], [12.8112056, 55.3781725]]}, "properties": {"t": "fall", "g": 16, "loop": null, "hole": 16, "slope_pct": 1.52, "bearing": 149.3}}, {"type": "Feature", "geometry": {"type": "LineString", "coordinates": [[12.8112456, 55.3781804], [12.811254, 55.3781741]]}, "properties": {"t": "fall", "g": 16, "loop": null, "hole": 16, "slope_pct": 1.47, "bearing": 142.7}}, {"type": "Feature", "geometry": {"type": "Point", "coordinates": [12.8113353, 55.3782714]}, "properties": {"t": "aim", "g": 16, "loop": null, "hole": 16, "aim_bearing": 65.2, "slope_median": 2.44, "slope_max": 22.75, "n_cells": 51}}, {"type": "Feature", "geometry": {"type": "LineString", "coordinates": [[12.8157756, 55.3796187], [12.8157886, 55.3795927]]}, "properties": {"t": "fall", "g": 17, "loop": null, "hole": 17, "slope_pct": 6.19, "bearing": 164.1}}, {"type": "Feature", "geometry": {"type": "LineString", "coordinates": [[12.815823, 55.3796195], [12.8158254, 55.3796098]]}, "properties": {"t": "fall", "g": 17, "loop": null, "hole": 17, "slope_pct": 1.82, "bearing": 171.8}}, {"type": "Feature", "geometry": {"type": "LineString", "coordinates": [[12.8158703, 55.3796204], [12.8158568, 55.3796204]]}, "properties": {"t": "fall", "g": 17, "loop": null, "hole": 17, "slope_pct": 1.42, "bearing": 270.5}}, {"type": "Feature", "geometry": {"type": "LineString", "coordinates": [[12.8155406, 55.3795875], [12.815588, 55.3795882]]}, "properties": {"t": "fall", "g": 17, "loop": null, "hole": 17, "slope_pct": 6.23, "bearing": 88.5}}, {"type": "Feature", "geometry": {"type": "LineString", "coordinates": [[12.8155879, 55.3795884], [12.8155899, 55.379595]]}, "properties": {"t": "fall", "g": 17, "loop": null, "hole": 17, "slope_pct": 1.26, "bearing": 9.9}}, {"type": "Feature", "geometry": {"type": "LineString", "coordinates": [[12.8156352, 55.3795892], [12.8156162, 55.3795952]]}, "properties": {"t": "fall", "g": 17, "loop": null, "hole": 17, "slope_pct": 2.3, "bearing": 299.2}}, {"type": "Feature", "geometry": {"type": "LineString", "coordinates": [[12.8156825, 55.37959], [12.815657, 55.3795837]]}, "properties": {"t": "fall", "g": 17, "loop": null, "hole": 17, "slope_pct": 2.94, "bearing": 246.2}}, {"type": "Feature", "geometry": {"type": "LineString", "coordinates": [[12.8157298, 55.3795909], [12.8157204, 55.3795775]]}, "properties": {"t": "fall", "g": 17, "loop": null, "hole": 17, "slope_pct": 2.67, "bearing": 201.8}}, {"type": "Feature", "geometry": {"type": "LineString", "coordinates": [[12.8157771, 55.3795917], [12.8157691, 55.3795815]]}, "properties": {"t": "fall", "g": 17, "loop": null, "hole": 17, "slope_pct": 2.09, "bearing": 203.9}}, {"type": "Feature", "geometry": {"type": "LineString", "coordinates": [[12.8158244, 55.3795926], [12.8158127, 55.3795866]]}, "properties": {"t": "fall", "g": 17, "loop": null, "hole": 17, "slope_pct": 1.66, "bearing": 228.2}}, {"type": "Feature", "geometry": {"type": "LineString", "coordinates": [[12.8158718, 55.3795934], [12.8158575, 55.3795871]]}, "properties": {"t": "fall", "g": 17, "loop": null, "hole": 17, "slope_pct": 1.91, "bearing": 231.9}}, {"type": "Feature", "geometry": {"type": "LineString", "coordinates": [[12.8159191, 55.3795943], [12.815912, 55.3795857]]}, "properties": {"t": "fall", "g": 17, "loop": null, "hole": 17, "slope_pct": 1.76, "bearing": 205.0}}, {"type": "Feature", "geometry": {"type": "LineString", "coordinates": [[12.8154474, 55.3795589], [12.8154015, 55.3795655]]}, "properties": {"t": "fall", "g": 17, "loop": null, "hole": 17, "slope_pct": 7.2, "bearing": 284.2}}, {"type": "Feature", "geometry": {"type": "LineString", "coordinates": [[12.8154947, 55.3795597], [12.8155314, 55.3795426]]}, "properties": {"t": "fall", "g": 17, "loop": null, "hole": 17, "slope_pct": 6.0, "bearing": 129.3}}, {"type": "Feature", "geometry": {"type": "LineString", "coordinates": [[12.8155421, 55.3795606], [12.8155843, 55.3795607]]}, "properties": {"t": "fall", "g": 17, "loop": null, "hole": 17, "slope_pct": 4.45, "bearing": 89.6}}, {"type": "Feature", "geometry": {"type": "LineString", "coordinates": [[12.8156367, 55.3795623], [12.8156246, 55.3795606]]}, "properties": {"t": "fall", "g": 17, "loop": null, "hole": 17, "slope_pct": 1.31, "bearing": 256.5}}, {"type": "Feature", "geometry": {"type": "LineString", "coordinates": [[12.815684, 55.3795631], [12.8156724, 55.3795625]]}, "properties": {"t": "fall", "g": 17, "loop": null, "hole": 17, "slope_pct": 1.22, "bearing": 264.9}}, {"type": "Feature", "geometry": {"type": "LineString", "coordinates": [[12.8157313, 55.379564], [12.8157235, 55.3795594]]}, "properties": {"t": "fall", "g": 17, "loop": null, "hole": 17, "slope_pct": 1.18, "bearing": 224.2}}, {"type": "Feature", "geometry": {"type": "LineString", "coordinates": [[12.8157786, 55.3795648], [12.8157662, 55.379559]]}, "properties": {"t": "fall", "g": 17, "loop": null, "hole": 17, "slope_pct": 1.7, "bearing": 230.3}}, {"type": "Feature", "geometry": {"type": "LineString", "coordinates": [[12.8158259, 55.3795656], [12.8158087, 55.3795622]]}, "properties": {"t": "fall", "g": 17, "loop": null, "hole": 17, "slope_pct": 1.93, "bearing": 250.7}}, {"type": "Feature", "geometry": {"type": "LineString", "coordinates": [[12.8158732, 55.3795665], [12.8158578, 55.3795681]]}, "properties": {"t": "fall", "g": 17, "loop": null, "hole": 17, "slope_pct": 1.66, "bearing": 280.3}}, {"type": "Feature", "geometry": {"type": "LineString", "coordinates": [[12.8159206, 55.3795673], [12.8159007, 55.3795819]]}, "properties": {"t": "fall", "g": 17, "loop": null, "hole": 17, "slope_pct": 3.43, "bearing": 322.2}}, {"type": "Feature", "geometry": {"type": "LineString", "coordinates": [[12.8154016, 55.3795311], [12.8153792, 55.3795256]]}, "properties": {"t": "fall", "g": 17, "loop": null, "hole": 17, "slope_pct": 2.57, "bearing": 246.4}}, {"type": "Feature", "geometry": {"type": "LineString", "coordinates": [[12.8154489, 55.3795319], [12.8154294, 55.3795215]]}, "properties": {"t": "fall", "g": 17, "loop": null, "hole": 17, "slope_pct": 2.82, "bearing": 226.7}}, {"type": "Feature", "geometry": {"type": "LineString", "coordinates": [[12.8154962, 55.3795328], [12.8155052, 55.3795305]]}, "properties": {"t": "fall", "g": 17, "loop": null, "hole": 17, "slope_pct": 1.04, "bearing": 114.5}}, {"type": "Feature", "geometry": {"type": "LineString", "coordinates": [[12.8155435, 55.3795336], [12.8155693, 55.379543]]}, "properties": {"t": "fall", "g": 17, "loop": null, "hole": 17, "slope_pct": 3.22, "bearing": 57.2}}, {"type": "Feature", "geometry": {"type": "LineString", "coordinates": [[12.8155909, 55.3795345], [12.8155991, 55.3795452]]}, "properties": {"t": "fall", "g": 17, "loop": null, "hole": 17, "slope_pct": 2.17, "bearing": 23.5}}, {"type": "Feature", "geometry": {"type": "LineString", "coordinates": [[12.8156382, 55.3795353], [12.8156252, 55.3795443]]}, "properties": {"t": "fall", "g": 17, "loop": null, "hole": 17, "slope_pct": 2.16, "bearing": 320.7}}, {"type": "Feature", "geometry": {"type": "LineString", "coordinates": [[12.8156855, 55.3795362], [12.8156754, 55.3795455]]}, "properties": {"t": "fall", "g": 17, "loop": null, "hole": 17, "slope_pct": 2.03, "bearing": 328.6}}, {"type": "Feature", "geometry": {"type": "LineString", "coordinates": [[12.8157328, 55.379537], [12.8157275, 55.3795473]]}, "properties": {"t": "fall", "g": 17, "loop": null, "hole": 17, "slope_pct": 2.0, "bearing": 343.9}}, {"type": "Feature", "geometry": {"type": "LineString", "coordinates": [[12.8157801, 55.3795379], [12.8157703, 55.3795444]]}, "properties": {"t": "fall", "g": 17, "loop": null, "hole": 17, "slope_pct": 1.59, "bearing": 319.5}}, {"type": "Feature", "geometry": {"type": "LineString", "coordinates": [[12.8158274, 55.3795387], [12.8158105, 55.3795394]]}, "properties": {"t": "fall", "g": 17, "loop": null, "hole": 17, "slope_pct": 1.78, "bearing": 274.1}}, {"type": "Feature", "geometry": {"type": "LineString", "coordinates": [[12.8158747, 55.3795395], [12.8158379, 55.3795441]]}, "properties": {"t": "fall", "g": 17, "loop": null, "hole": 17, "slope_pct": 3.98, "bearing": 282.4}}, {"type": "Feature", "geometry": {"type": "LineString", "coordinates": [[12.815922, 55.3795404], [12.8158865, 55.3795513]]}, "properties": {"t": "fall", "g": 17, "loop": null, "hole": 17, "slope_pct": 4.26, "bearing": 298.4}}, {"type": "Feature", "geometry": {"type": "LineString", "coordinates": [[12.8154031, 55.3795042], [12.8153813, 55.3795085]]}, "properties": {"t": "fall", "g": 17, "loop": null, "hole": 17, "slope_pct": 2.43, "bearing": 289.3}}, {"type": "Feature", "geometry": {"type": "LineString", "coordinates": [[12.8154504, 55.379505], [12.8154255, 55.3795126]]}, "properties": {"t": "fall", "g": 17, "loop": null, "hole": 17, "slope_pct": 2.98, "bearing": 298.2}}, {"type": "Feature", "geometry": {"type": "LineString", "coordinates": [[12.8154977, 55.3795058], [12.8154898, 55.3795209]]}, "properties": {"t": "fall", "g": 17, "loop": null, "hole": 17, "slope_pct": 2.91, "bearing": 343.5}}, {"type": "Feature", "geometry": {"type": "LineString", "coordinates": [[12.815545, 55.3795067], [12.8155616, 55.3795248]]}, "properties": {"t": "fall", "g": 17, "loop": null, "hole": 17, "slope_pct": 3.79, "bearing": 27.4}}, {"type": "Feature", "geometry": {"type": "LineString", "coordinates": [[12.8155923, 55.3795075], [12.8156062, 55.3795281]]}, "properties": {"t": "fall", "g": 17, "loop": null, "hole": 17, "slope_pct": 4.09, "bearing": 20.9}}, {"type": "Feature", "geometry": {"type": "LineString", "coordinates": [[12.8156397, 55.3795084], [12.8156234, 55.379531]]}, "properties": {"t": "fall", "g": 17, "loop": null, "hole": 17, "slope_pct": 4.53, "bearing": 337.8}}, {"type": "Feature", "geometry": {"type": "LineString", "coordinates": [[12.815687, 55.3795092], [12.815673, 55.3795332]]}, "properties": {"t": "fall", "g": 17, "loop": null, "hole": 17, "slope_pct": 4.68, "bearing": 341.7}}, {"type": "Feature", "geometry": {"type": "LineString", "coordinates": [[12.8157343, 55.3795101], [12.8157361, 55.379532]]}, "properties": {"t": "fall", "g": 17, "loop": null, "hole": 17, "slope_pct": 4.08, "bearing": 2.7}}, {"type": "Feature", "geometry": {"type": "LineString", "coordinates": [[12.8157816, 55.3795109], [12.8157863, 55.3795234]]}, "properties": {"t": "fall", "g": 17, "loop": null, "hole": 17, "slope_pct": 2.36, "bearing": 12.2}}, {"type": "Feature", "geometry": {"type": "LineString", "coordinates": [[12.8158289, 55.3795118], [12.8158194, 55.3795166]]}, "properties": {"t": "fall", "g": 17, "loop": null, "hole": 17, "slope_pct": 1.34, "bearing": 312.1}}, {"type": "Feature", "geometry": {"type": "LineString", "coordinates": [[12.8158762, 55.3795126], [12.8158449, 55.3795079]]}, "properties": {"t": "fall", "g": 17, "loop": null, "hole": 17, "slope_pct": 3.42, "bearing": 255.1}}, {"type": "Feature", "geometry": {"type": "LineString", "coordinates": [[12.8156884, 55.3794823], [12.8156849, 55.3795092]]}, "properties": {"t": "fall", "g": 17, "loop": null, "hole": 17, "slope_pct": 11.13, "bearing": 355.7}}, {"type": "Feature", "geometry": {"type": "LineString", "coordinates": [[12.8157358, 55.3794831], [12.8157504, 55.3795088]]}, "properties": {"t": "fall", "g": 17, "loop": null, "hole": 17, "slope_pct": 8.53, "bearing": 17.9}}, {"type": "Feature", "geometry": {"type": "LineString", "coordinates": [[12.8157831, 55.379484], [12.8158069, 55.3795073]]}, "properties": {"t": "fall", "g": 17, "loop": null, "hole": 17, "slope_pct": 5.81, "bearing": 30.1}}, {"type": "Feature", "geometry": {"type": "Point", "coordinates": [12.81568, 55.3795475]}, "properties": {"t": "aim", "g": 17, "loop": null, "hole": 17, "aim_bearing": 327.4, "slope_median": 2.43, "slope_max": 11.13, "n_cells": 49}}, {"type": "Feature", "geometry": {"type": "LineString", "coordinates": [[12.8208171, 55.3818119], [12.8208261, 55.3818005]]}, "properties": {"t": "fall", "g": 18, "loop": null, "hole": 18, "slope_pct": 2.33, "bearing": 155.8}}, {"type": "Feature", "geometry": {"type": "LineString", "coordinates": [[12.8208644, 55.3818127], [12.8208712, 55.3818023]]}, "properties": {"t": "fall", "g": 18, "loop": null, "hole": 18, "slope_pct": 2.07, "bearing": 159.7}}, {"type": "Feature", "geometry": {"type": "LineString", "coordinates": [[12.8209117, 55.3818136], [12.8209571, 55.3818214]]}, "properties": {"t": "fall", "g": 18, "loop": null, "hole": 18, "slope_pct": 9.82, "bearing": 73.2}}, {"type": "Feature", "geometry": {"type": "LineString", "coordinates": [[12.8208186, 55.381785], [12.8208307, 55.3817848]]}, "properties": {"t": "fall", "g": 18, "loop": null, "hole": 18, "slope_pct": 1.28, "bearing": 91.0}}, {"type": "Feature", "geometry": {"type": "LineString", "coordinates": [[12.8208659, 55.3817858], [12.8208714, 55.3817866]]}, "properties": {"t": "fall", "g": 18, "loop": null, "hole": 18, "slope_pct": 0.6, "bearing": 75.9}}, {"type": "Feature", "geometry": {"type": "LineString", "coordinates": [[12.8209132, 55.3817866], [12.8209463, 55.3817926]]}, "properties": {"t": "fall", "g": 18, "loop": null, "hole": 18, "slope_pct": 3.66, "bearing": 72.5}}, {"type": "Feature", "geometry": {"type": "LineString", "coordinates": [[12.8209605, 55.3817875], [12.8210002, 55.3818022]]}, "properties": {"t": "fall", "g": 18, "loop": null, "hole": 18, "slope_pct": 10.85, "bearing": 56.9}}, {"type": "Feature", "geometry": {"type": "LineString", "coordinates": [[12.8207727, 55.3817572], [12.8208202, 55.3817566]]}, "properties": {"t": "fall", "g": 18, "loop": null, "hole": 18, "slope_pct": 5.66, "bearing": 91.2}}, {"type": "Feature", "geometry": {"type": "LineString", "coordinates": [[12.82082, 55.381758], [12.820839, 55.3817572]]}, "properties": {"t": "fall", "g": 18, "loop": null, "hole": 18, "slope_pct": 2.0, "bearing": 94.5}}, {"type": "Feature", "geometry": {"type": "LineString", "coordinates": [[12.8209147, 55.3817597], [12.820925, 55.3817623]]}, "properties": {"t": "fall", "g": 18, "loop": null, "hole": 18, "slope_pct": 1.19, "bearing": 66.3}}, {"type": "Feature", "geometry": {"type": "LineString", "coordinates": [[12.820962, 55.3817605], [12.8209898, 55.3817824]]}, "properties": {"t": "fall", "g": 18, "loop": null, "hole": 18, "slope_pct": 5.64, "bearing": 36.0}}, {"type": "Feature", "geometry": {"type": "LineString", "coordinates": [[12.8210093, 55.3817614], [12.8210024, 55.3817881]]}, "properties": {"t": "fall", "g": 18, "loop": null, "hole": 18, "slope_pct": 7.74, "bearing": 351.6}}, {"type": "Feature", "geometry": {"type": "LineString", "coordinates": [[12.8207269, 55.3817294], [12.8207645, 55.381713]]}, "properties": {"t": "fall", "g": 18, "loop": null, "hole": 18, "slope_pct": 8.46, "bearing": 127.6}}, {"type": "Feature", "geometry": {"type": "LineString", "coordinates": [[12.8207742, 55.3817302], [12.8208091, 55.3817152]]}, "properties": {"t": "fall", "g": 18, "loop": null, "hole": 18, "slope_pct": 4.62, "bearing": 127.1}}, {"type": "Feature", "geometry": {"type": "LineString", "coordinates": [[12.8208215, 55.3817311], [12.8208344, 55.3817301]]}, "properties": {"t": "fall", "g": 18, "loop": null, "hole": 18, "slope_pct": 1.37, "bearing": 97.9}}, {"type": "Feature", "geometry": {"type": "LineString", "coordinates": [[12.8209635, 55.3817336], [12.8209683, 55.3817368]]}, "properties": {"t": "fall", "g": 18, "loop": null, "hole": 18, "slope_pct": 0.78, "bearing": 41.2}}, {"type": "Feature", "geometry": {"type": "LineString", "coordinates": [[12.8210108, 55.3817345], [12.8210143, 55.3817367]]}, "properties": {"t": "fall", "g": 18, "loop": null, "hole": 18, "slope_pct": 0.55, "bearing": 41.8}}, {"type": "Feature", "geometry": {"type": "LineString", "coordinates": [[12.8210581, 55.3817353], [12.8210461, 55.3817316]]}, "properties": {"t": "fall", "g": 18, "loop": null, "hole": 18, "slope_pct": 1.44, "bearing": 241.8}}, {"type": "Feature", "geometry": {"type": "LineString", "coordinates": [[12.8207284, 55.3817025], [12.8207655, 55.3816857]]}, "properties": {"t": "fall", "g": 18, "loop": null, "hole": 18, "slope_pct": 6.6, "bearing": 128.5}}, {"type": "Feature", "geometry": {"type": "LineString", "coordinates": [[12.8207757, 55.3817033], [12.8207848, 55.3816925]]}, "properties": {"t": "fall", "g": 18, "loop": null, "hole": 18, "slope_pct": 2.22, "bearing": 154.3}}, {"type": "Feature", "geometry": {"type": "LineString", "coordinates": [[12.820823, 55.3817041], [12.8208231, 55.3817003]]}, "properties": {"t": "fall", "g": 18, "loop": null, "hole": 18, "slope_pct": 0.72, "bearing": 179.2}}, {"type": "Feature", "geometry": {"type": "LineString", "coordinates": [[12.8208703, 55.381705], [12.8208676, 55.3817074]]}, "properties": {"t": "fall", "g": 18, "loop": null, "hole": 18, "slope_pct": 0.54, "bearing": 328.2}}, {"type": "Feature", "geometry": {"type": "LineString", "coordinates": [[12.8209176, 55.3817058], [12.8209161, 55.3817131]]}, "properties": {"t": "fall", "g": 18, "loop": null, "hole": 18, "slope_pct": 1.35, "bearing": 353.0}}, {"type": "Feature", "geometry": {"type": "LineString", "coordinates": [[12.8209649, 55.3817067], [12.8209695, 55.381714]]}, "properties": {"t": "fall", "g": 18, "loop": null, "hole": 18, "slope_pct": 1.44, "bearing": 19.5}}, {"type": "Feature", "geometry": {"type": "LineString", "coordinates": [[12.8210123, 55.3817075], [12.8210206, 55.3817129]]}, "properties": {"t": "fall", "g": 18, "loop": null, "hole": 18, "slope_pct": 1.33, "bearing": 41.1}}, {"type": "Feature", "geometry": {"type": "LineString", "coordinates": [[12.8206352, 55.3816738], [12.8206502, 55.3816483]]}, "properties": {"t": "fall", "g": 18, "loop": null, "hole": 18, "slope_pct": 8.04, "bearing": 161.5}}, {"type": "Feature", "geometry": {"type": "LineString", "coordinates": [[12.8206825, 55.3816747], [12.8207103, 55.3816528]]}, "properties": {"t": "fall", "g": 18, "loop": null, "hole": 18, "slope_pct": 6.24, "bearing": 144.2}}, {"type": "Feature", "geometry": {"type": "LineString", "coordinates": [[12.8207299, 55.3816755], [12.8207499, 55.381667]]}, "properties": {"t": "fall", "g": 18, "loop": null, "hole": 18, "slope_pct": 2.64, "bearing": 126.8}}, {"type": "Feature", "geometry": {"type": "LineString", "coordinates": [[12.8208718, 55.381678], [12.8208593, 55.3816798]]}, "properties": {"t": "fall", "g": 18, "loop": null, "hole": 18, "slope_pct": 1.36, "bearing": 283.9}}, {"type": "Feature", "geometry": {"type": "LineString", "coordinates": [[12.8209191, 55.3816789], [12.8209166, 55.3816816]]}, "properties": {"t": "fall", "g": 18, "loop": null, "hole": 18, "slope_pct": 0.57, "bearing": 331.8}}, {"type": "Feature", "geometry": {"type": "LineString", "coordinates": [[12.8206367, 55.3816469], [12.8206434, 55.3816259]]}, "properties": {"t": "fall", "g": 18, "loop": null, "hole": 18, "slope_pct": 3.96, "bearing": 169.8}}, {"type": "Feature", "geometry": {"type": "LineString", "coordinates": [[12.820684, 55.3816477], [12.8206854, 55.381643]]}, "properties": {"t": "fall", "g": 18, "loop": null, "hole": 18, "slope_pct": 0.89, "bearing": 170.9}}, {"type": "Feature", "geometry": {"type": "LineString", "coordinates": [[12.8207313, 55.3816486], [12.8207359, 55.3816517]]}, "properties": {"t": "fall", "g": 18, "loop": null, "hole": 18, "slope_pct": 0.75, "bearing": 39.2}}, {"type": "Feature", "geometry": {"type": "LineString", "coordinates": [[12.820826, 55.3816503], [12.8208155, 55.3816614]]}, "properties": {"t": "fall", "g": 18, "loop": null, "hole": 18, "slope_pct": 2.35, "bearing": 332.0}}, {"type": "Feature", "geometry": {"type": "LineString", "coordinates": [[12.8208733, 55.3816511], [12.8208664, 55.3816665]]}, "properties": {"t": "fall", "g": 18, "loop": null, "hole": 18, "slope_pct": 2.96, "bearing": 345.7}}, {"type": "Feature", "geometry": {"type": "LineString", "coordinates": [[12.8206382, 55.38162], [12.8206327, 55.3816183]]}, "properties": {"t": "fall", "g": 18, "loop": null, "hole": 18, "slope_pct": 0.66, "bearing": 242.2}}, {"type": "Feature", "geometry": {"type": "LineString", "coordinates": [[12.8206855, 55.3816208], [12.8206754, 55.3816196]]}, "properties": {"t": "fall", "g": 18, "loop": null, "hole": 18, "slope_pct": 1.09, "bearing": 258.0}}, {"type": "Feature", "geometry": {"type": "LineString", "coordinates": [[12.8207328, 55.3816216], [12.8207411, 55.3816216]]}, "properties": {"t": "fall", "g": 18, "loop": null, "hole": 18, "slope_pct": 0.87, "bearing": 90.1}}, {"type": "Feature", "geometry": {"type": "LineString", "coordinates": [[12.8207801, 55.3816225], [12.8207665, 55.3816304]]}, "properties": {"t": "fall", "g": 18, "loop": null, "hole": 18, "slope_pct": 2.05, "bearing": 315.5}}, {"type": "Feature", "geometry": {"type": "LineString", "coordinates": [[12.8206397, 55.381593], [12.8206315, 55.3815917]]}, "properties": {"t": "fall", "g": 18, "loop": null, "hole": 18, "slope_pct": 0.89, "bearing": 254.2}}, {"type": "Feature", "geometry": {"type": "LineString", "coordinates": [[12.820687, 55.3815939], [12.8206644, 55.3816021]]}, "properties": {"t": "fall", "g": 18, "loop": null, "hole": 18, "slope_pct": 2.83, "bearing": 302.8}}, {"type": "Feature", "geometry": {"type": "Point", "coordinates": [12.8208296, 55.3817108]}, "properties": {"t": "aim", "g": 18, "loop": null, "hole": 18, "aim_bearing": 92.0, "slope_median": 1.37, "slope_max": 10.85, "n_cells": 47}}], "grids": {"None|1": {"ny": 34, "nx": 28, "lat0": 55.3858939, "lon0": 12.8225921, "dLat": 8.983e-06, "dLon": 1.5814e-05, "slope": [3.5, 3.4, 3.3, 3.2, 3.2, 3.2, 3.2, 3.2, 2.7, 1.7, 1.3, 1.2, 1.1, 1.1, 1.6, 3.2, 4.0, 3.9, 3.9, 4.0, 3.4, 3.1, 1.5, 0.8, 0.8, 1.0, 1.8, 2.3, 3.6, 3.6, 3.5, 3.4, 3.3, 3.2, 3.2, 3.2, 3.2, 2.8, 1.8, 1.3, 1.0, 1.0, 1.3, 1.8, 2.0, 2.1, 2.7, 3.4, 3.4, 2.5, 1.3, 0.9, 1.0, 1.8, 2.3, 2.8, 3.0, 3.3, 3.6, 3.6, 3.5, 3.4, 3.3, 3.2, 3.2, 3.2, 2.8, 1.8, 0.9, 0.9, 1.3, 1.6, 1.9, 2.3, 2.9, 3.6, 3.8, 3.0, 1.9, 1.4, 1.9, 2.3, 2.8, 3.0, 1.8, 2.4, 2.9, 3.3, 3.6, 3.6, 3.5, 3.5, 3.3, 3.2, 3.2, 2.0, 0.8, 0.8, 1.1, 1.5, 1.9, 2.2, 2.8, 3.6, 4.1, 3.7, 2.6, 1.9, 1.9, 2.6, 3.0, 2.9, 1.8, 1.8, 1.8, 2.3, 2.8, 3.2, 3.6, 3.6, 3.6, 3.5, 3.1, 1.7, 0.6, 0.5, 0.7, 1.0, 1.3, 1.7, 2.4, 3.5, 4.4, 4.3, 3.2, 2.2, 1.8, 2.2, 2.5, 2.6, 1.8, 1.8, 1.8, 1.8, 1.8, 2.3, 2.6, 3.1, 3.6, 3.6, 2.7, 1.1, 0.4, 0.4, 0.4, 0.5, 0.7, 1.2, 2.1, 3.5, 4.7, 4.8, 3.6, 2.3, 1.6, 1.8, 2.2, 2.5, 2.1, 2.0, 1.8, 1.8, 1.8, 1.8, 1.8, 2.2, 2.5, 2.5, 1.8, 0.5, 0.2, 0.3, 0.3, 0.3, 0.4, 0.9, 1.8, 3.4, 4.9, 5.1, 3.9, 2.4, 1.4, 1.4, 1.7, 2.0, 2.8, 2.5, 2.2, 2.2, 2.1, 1.8, 1.8, 1.8, 1.8, 1.5, 0.8, 0.3, 0.2, 0.2, 0.3, 0.3, 0.3, 0.7, 1.6, 3.3, 5.0, 5.3, 4.1, 2.3, 1.1, 1.0, 1.1, 1.4, 3.1, 2.8, 2.7, 2.7, 2.5, 2.3, 1.9, 1.2, 1.2, 1.0, 0.6, 0.4, 0.2, 0.2, 0.3, 0.3, 0.3, 0.7, 1.7, 3.5, 5.2, 5.5, 4.0, 2.0, 0.8, 0.6, 0.7, 0.7, 3.1, 3.1, 2.9, 2.9, 2.7, 2.7, 2.4, 1.9, 1.7, 1.3, 0.9, 0.5, 0.3, 0.3, 0.4, 0.4, 0.4, 0.7, 1.9, 3.8, 5.4, 5.4, 3.7, 1.7, 0.6, 0.5, 0.6, 0.6, 3.1, 3.1, 3.2, 3.1, 2.8, 2.6, 2.7, 2.7, 2.5, 1.8, 1.2, 0.8, 0.5, 0.5, 0.5, 0.4, 0.4, 0.8, 2.0, 3.8, 5.4, 5.2, 3.4, 1.5, 0.7, 0.6, 0.6, 0.6, 3.1, 3.1, 3.1, 3.2, 3.1, 2.7, 2.5, 2.5, 2.3, 1.7, 1.3, 1.1, 0.9, 0.7, 0.5, 0.4, 0.4, 0.9, 1.9, 3.5, 5.1, 5.1, 3.5, 1.7, 0.8, 0.7, 0.7, 0.7, 3.1, 3.1, 3.1, 3.1, 3.2, 3.1, 2.7, 2.2, 1.6, 1.1, 1.3, 1.3, 1.1, 0.8, 0.5, 0.4, 0.5, 0.9, 1.8, 3.2, 4.6, 4.8, 3.4, 1.7, 0.8, 0.6, 0.6, 0.6, 3.0, 3.1, 3.1, 3.1, 3.1, 3.2, 3.0, 2.2, 1.1, 0.7, 1.3, 1.3, 1.2, 0.9, 0.7, 0.5, 0.7, 1.1, 1.9, 3.2, 4.4, 4.5, 3.3, 1.7, 0.8, 0.5, 0.5, 0.6, 2.7, 3.0, 3.3, 3.1, 3.1, 3.2, 3.1, 2.1, 0.8, 0.9, 1.4, 1.3, 1.1, 0.9, 0.8, 0.7, 0.9, 1.5, 2.6, 3.9, 4.7, 4.4, 3.1, 1.7, 0.9, 0.6, 0.6, 0.6, 2.2, 2.8, 3.3, 3.4, 3.4, 3.3, 2.9, 1.7, 0.6, 1.1, 1.4, 1.1, 0.9, 1.0, 0.9, 0.9, 1.3, 2.3, 3.7, 4.9, 5.1, 4.1, 2.6, 1.4, 0.8, 0.5, 0.5, 0.5, 1.2, 2.1, 2.7, 3.3, 3.7, 3.1, 2.2, 1.0, 0.6, 1.3, 1.3, 0.9, 0.9, 1.1, 1.2, 1.4, 2.0, 3.3, 4.7, 5.5, 4.9, 3.3, 1.8, 0.9, 0.5, 0.5, 0.5, 0.5, 1.0, 1.1, 2.0, 2.7, 3.0, 2.2, 1.2, 0.6, 0.9, 1.3, 1.1, 0.9, 1.0, 1.3, 1.5, 1.9, 2.7, 4.1, 5.3, 5.5, 4.2, 2.5, 1.3, 0.7, 0.5, 0.5, 0.6, 0.6, 1.0, 1.0, 1.1, 1.9, 1.7, 1.2, 0.9, 1.0, 1.3, 1.3, 1.1, 1.0, 1.2, 1.5, 1.8, 2.2, 3.2, 4.4, 5.3, 4.9, 3.3, 1.7, 1.3, 1.1, 1.1, 1.1, 1.1, 1.1, 1.3, 1.0, 1.0, 1.1, 1.2, 1.4, 1.6, 1.7, 1.6, 1.3, 1.1, 1.1, 1.2, 1.6, 1.9, 2.4, 3.3, 4.4, 5.0, 4.3, 2.6, 1.2, 1.1, 1.3, 1.4, 1.4, 1.4, 1.4, 1.9, 1.3, 1.3, 1.7, 2.0, 2.2, 2.1, 1.9, 1.6, 1.3, 1.1, 1.1, 1.2, 1.5, 1.9, 2.5, 3.4, 4.3, 4.7, 3.9, 2.3, 1.0, 0.9, 1.2, 1.2, 1.4, 1.4, 1.4, 2.0, 1.9, 2.1, 2.2, 2.3, 2.2, 2.0, 1.7, 1.3, 1.1, 1.0, 1.0, 1.1, 1.4, 1.9, 2.5, 3.4, 4.3, 4.6, 3.8, 2.3, 1.2, 1.0, 1.2, 1.2, 1.2, 1.4, 1.4, 2.4, 2.4, 2.3, 2.1, 1.8, 1.7, 1.5, 1.2, 0.9, 0.9, 0.9, 1.0, 1.1, 1.5, 2.0, 2.6, 3.3, 4.2, 4.5, 3.9, 2.6, 1.7, 1.6, 1.6, 1.2, 1.2, 1.2, 1.2, 2.6, 2.3, 2.0, 1.5, 1.2, 1.2, 1.1, 0.8, 0.5, 0.6, 0.7, 0.8, 1.0, 1.5, 2.2, 2.7, 3.3, 4.0, 4.4, 4.0, 3.0, 2.3, 2.3, 1.7, 1.6, 1.2, 1.2, 1.2, 2.5, 1.8, 1.3, 1.1, 1.1, 1.2, 1.2, 0.8, 0.4, 0.4, 0.6, 0.7, 0.9, 1.6, 2.3, 2.9, 3.4, 3.9, 4.1, 3.7, 3.7, 2.4, 2.3, 2.3, 1.7, 1.6, 1.3, 1.2, 1.9, 1.2, 0.7, 0.7, 1.0, 1.3, 1.4, 1.0, 0.6, 0.5, 0.5, 0.5, 0.9, 1.7, 2.6, 3.3, 3.7, 3.8, 3.9, 3.7, 3.7, 2.5, 2.3, 2.3, 2.3, 1.7, 1.6, 1.3, 1.3, 1.0, 0.6, 0.4, 0.7, 1.2, 1.4, 1.3, 1.0, 0.7, 0.6, 0.5, 0.9, 1.9, 3.0, 3.7, 3.9, 3.8, 3.8, 3.7, 3.7, 3.7, 2.5, 2.3, 2.3, 2.3, 1.8, 1.6, 1.1, 0.8, 0.8, 0.6, 0.3, 0.8, 1.3, 1.4, 1.2, 1.0, 0.7, 0.6, 1.1, 2.3, 3.5, 4.2, 4.3, 4.3, 3.9, 3.8, 3.7, 3.7, 2.6, 2.3, 2.3, 2.3, 2.3, 1.8, 0.6, 0.6, 0.8, 0.9, 0.4, 0.7, 1.2, 1.4, 1.3, 1.1, 0.9, 0.9, 1.5, 2.9, 4.1, 4.5, 4.4, 4.4, 4.3, 3.9, 3.7, 3.7, 3.7, 2.6, 2.3, 2.3, 2.3, 2.3, 0.6, 0.6, 0.7, 1.1, 0.9, 0.8, 1.2, 1.3, 1.3, 1.3, 1.2, 1.4, 2.4, 3.8, 5.0, 5.2, 5.2, 4.6, 4.4, 4.4, 3.9, 3.7, 3.7, 2.7, 2.3, 2.3, 2.3, 2.3, 0.6, 0.7, 1.0, 1.4, 1.1, 1.1, 1.3, 1.4, 1.4, 1.5, 1.7, 2.3, 3.5, 4.9, 5.4, 5.4, 5.4, 5.3, 5.3, 4.6, 4.4, 3.9, 3.7, 3.7, 2.7, 2.3, 2.3, 2.3, 0.7, 0.9, 1.4, 1.5, 1.2, 1.3, 1.5, 1.5, 1.5, 1.8, 2.4, 3.4, 4.7, 5.3, 5.5, 5.5, 5.4, 5.4, 5.4, 5.3, 5.3, 4.7, 3.9, 3.7, 2.8, 2.4, 2.3, 2.3, 0.9, 1.3, 1.5, 1.5, 1.3, 1.4, 1.6, 1.5, 1.8, 2.4, 3.4, 4.0, 5.0, 5.4, 5.4, 5.5, 5.5, 5.4, 5.4, 5.4, 5.4, 5.4, 5.4, 4.3, 3.7, 2.7, 2.3, 2.3, 1.3, 1.5, 1.5, 1.4, 1.4, 1.6, 1.6, 1.8, 2.0, 2.7, 3.8, 4.2, 5.0, 5.4, 5.4, 5.4, 5.5, 5.5, 5.4, 5.4, 5.4, 5.4, 5.4, 5.4, 4.4, 3.0, 2.4, 2.3]}, "None|2": {"ny": 37, "nx": 29, "lat0": 55.387914, "lon0": 12.823565, "dLat": 8.983e-06, "dLon": 1.5815e-05, "slope": [2.7, 2.7, 2.8, 2.8, 2.4, 1.8, 2.5, 3.4, 3.6, 3.8, 3.6, 3.3, 4.2, 6.3, 7.3, 7.3, 6.2, 4.1, 4.3, 4.8, 5.2, 5.4, 5.6, 5.6, 5.5, 4.9, 4.3, 4.1, 3.7, 2.5, 2.7, 2.7, 2.8, 2.7, 2.2, 1.7, 2.4, 3.5, 3.8, 3.6, 3.4, 4.2, 5.2, 5.5, 4.9, 4.2, 3.9, 4.1, 4.6, 5.1, 5.3, 5.6, 5.6, 5.2, 4.3, 4.3, 4.0, 3.7, 2.2, 2.4, 2.7, 2.7, 2.8, 2.4, 1.3, 1.7, 2.3, 3.0, 3.0, 2.9, 3.5, 4.1, 4.1, 3.5, 2.7, 2.4, 2.8, 3.5, 4.3, 4.9, 5.2, 5.1, 4.9, 4.3, 4.2, 3.7, 3.7, 2.1, 2.2, 2.4, 2.7, 2.7, 2.4, 1.1, 1.0, 1.7, 2.4, 2.6, 2.5, 2.8, 3.2, 3.1, 2.5, 1.7, 1.6, 2.2, 3.0, 3.5, 3.6, 3.4, 3.3, 3.6, 4.0, 4.0, 3.7, 3.7, 2.0, 2.0, 2.2, 2.4, 2.5, 1.5, 0.6, 0.9, 1.5, 2.1, 2.4, 2.3, 2.4, 2.6, 2.4, 1.8, 1.1, 1.1, 1.9, 2.5, 2.8, 2.5, 2.0, 1.9, 2.3, 2.9, 3.3, 3.6, 3.6, 2.4, 2.0, 2.0, 2.0, 1.4, 0.6, 0.7, 1.0, 1.3, 1.8, 2.0, 2.0, 2.0, 2.1, 1.8, 1.2, 0.6, 0.9, 1.7, 2.2, 2.1, 1.6, 1.1, 0.9, 1.2, 1.8, 2.7, 3.5, 3.8, 2.9, 2.5, 1.9, 1.2, 0.6, 0.6, 0.8, 0.8, 0.9, 1.1, 1.4, 1.4, 1.5, 1.5, 1.3, 0.8, 0.3, 1.0, 1.8, 1.9, 1.6, 1.1, 0.7, 0.6, 0.8, 1.5, 2.6, 3.8, 4.4, 3.0, 2.8, 1.5, 0.6, 0.6, 0.7, 0.6, 0.5, 0.4, 0.6, 0.8, 1.0, 1.1, 1.1, 0.9, 0.4, 0.5, 1.3, 1.8, 1.7, 1.3, 1.0, 0.7, 0.8, 1.2, 1.8, 2.9, 4.1, 4.9, 3.2, 2.3, 1.0, 0.6, 0.5, 0.4, 0.3, 0.2, 0.3, 0.5, 0.8, 1.1, 1.1, 0.9, 0.5, 0.2, 1.0, 1.5, 1.6, 1.3, 1.1, 1.0, 1.1, 1.3, 1.7, 2.2, 3.0, 4.1, 5.0, 3.5, 1.7, 0.5, 0.4, 0.3, 0.1, 0.2, 0.2, 0.4, 0.8, 1.1, 1.3, 1.2, 0.8, 0.4, 0.7, 1.3, 1.5, 1.3, 1.0, 1.0, 1.3, 1.6, 1.8, 2.0, 2.4, 3.0, 4.1, 5.0, 4.7, 2.7, 1.1, 0.3, 0.2, 0.2, 0.3, 0.4, 0.7, 1.0, 1.1, 1.1, 1.0, 0.8, 0.8, 1.2, 1.5, 1.4, 1.0, 0.9, 1.1, 1.6, 2.0, 2.2, 2.2, 2.5, 3.1, 4.0, 4.9, 7.4, 5.3, 3.0, 1.1, 0.4, 0.5, 0.4, 0.6, 1.1, 1.2, 1.0, 0.6, 0.3, 0.6, 1.1, 1.5, 1.6, 1.3, 0.9, 0.9, 1.4, 2.0, 2.4, 2.5, 2.6, 2.9, 3.4, 4.2, 4.7, 10.3, 8.5, 5.7, 2.7, 0.9, 0.7, 0.5, 0.8, 1.3, 1.4, 1.1, 0.8, 0.6, 0.7, 1.2, 1.7, 1.7, 1.3, 1.0, 1.2, 1.7, 2.3, 2.6, 2.8, 3.1, 3.5, 3.9, 4.5, 4.5, 12.1, 11.4, 8.7, 4.9, 2.0, 0.9, 0.6, 0.8, 1.3, 1.5, 1.4, 1.3, 1.1, 1.0, 1.3, 1.7, 1.7, 1.4, 1.2, 1.4, 1.9, 2.5, 2.9, 3.2, 3.6, 4.0, 4.3, 4.7, 4.8, 11.6, 12.8, 11.1, 7.2, 3.4, 1.3, 0.6, 0.7, 1.1, 1.4, 1.5, 1.5, 1.4, 1.2, 1.4, 1.7, 1.6, 1.4, 1.3, 1.5, 2.0, 2.7, 3.2, 3.6, 3.9, 4.2, 4.7, 4.7, 4.8, 8.3, 12.0, 12.2, 8.9, 4.8, 1.9, 0.8, 0.6, 0.8, 1.0, 1.1, 1.2, 1.2, 1.1, 1.2, 1.4, 1.3, 1.2, 1.2, 1.5, 2.1, 2.9, 3.4, 3.8, 4.1, 4.4, 4.8, 4.9, 5.0, 4.2, 9.7, 12.0, 9.7, 5.7, 2.5, 1.0, 0.6, 0.5, 0.5, 0.6, 0.7, 0.7, 0.7, 0.9, 1.1, 1.0, 1.0, 1.2, 1.6, 2.3, 3.1, 3.6, 3.8, 4.1, 4.4, 4.6, 4.8, 4.9, 4.4, 8.3, 11.1, 9.7, 6.0, 2.8, 1.1, 0.6, 0.4, 0.3, 0.3, 0.4, 0.4, 0.4, 0.7, 0.9, 0.9, 0.9, 1.1, 1.5, 2.3, 3.2, 3.7, 3.9, 4.3, 4.4, 4.6, 4.6, 4.8, 6.1, 8.0, 10.2, 9.1, 5.8, 2.8, 1.2, 0.6, 0.4, 0.2, 0.2, 0.3, 0.3, 0.4, 0.8, 1.0, 1.0, 0.9, 1.0, 1.3, 2.0, 3.0, 3.8, 4.3, 4.7, 4.8, 4.8, 4.7, 4.7, 7.2, 8.0, 9.1, 7.9, 5.1, 2.5, 1.1, 0.6, 0.3, 0.2, 0.2, 0.3, 0.3, 0.6, 1.0, 1.2, 1.1, 1.0, 0.8, 0.9, 1.5, 2.6, 3.6, 4.6, 4.8, 4.8, 4.8, 4.8, 4.8, 8.1, 8.1, 7.9, 6.3, 4.0, 2.0, 0.9, 0.4, 0.2, 0.2, 0.3, 0.3, 0.5, 0.8, 1.1, 1.2, 1.1, 0.9, 0.7, 0.7, 0.9, 1.8, 3.1, 4.2, 4.8, 5.0, 4.9, 4.9, 4.8, 8.1, 7.7, 7.1, 4.8, 2.6, 1.5, 0.8, 0.6, 0.5, 0.5, 0.4, 0.5, 0.6, 0.9, 1.1, 1.1, 0.9, 0.7, 0.6, 0.5, 0.5, 1.2, 2.5, 3.0, 3.9, 4.8, 5.0, 5.0, 4.9, 7.8, 7.1, 5.5, 3.5, 2.3, 1.9, 1.8, 1.5, 1.2, 0.9, 0.7, 0.6, 0.7, 0.9, 1.1, 1.0, 0.8, 0.7, 0.6, 0.4, 0.3, 0.7, 2.0, 2.6, 2.6, 3.6, 4.1, 4.0, 4.6, 7.2, 5.6, 3.6, 2.6, 2.2, 2.2, 3.0, 3.2, 2.4, 1.7, 1.2, 0.9, 0.8, 0.9, 1.0, 0.9, 0.8, 0.6, 0.4, 0.2, 0.2, 0.5, 1.5, 2.2, 2.3, 2.3, 2.3, 2.3, 3.3, 5.8, 3.7, 2.6, 2.2, 2.1, 2.9, 4.0, 4.7, 4.2, 2.9, 1.8, 1.2, 1.0, 1.0, 1.0, 0.9, 0.6, 0.4, 0.2, 0.2, 0.2, 0.6, 0.9, 1.6, 2.2, 2.3, 2.3, 2.3, 2.3, 3.8, 2.6, 2.2, 2.1, 2.8, 3.9, 4.7, 5.4, 5.5, 4.4, 2.7, 1.7, 1.2, 1.1, 1.1, 0.9, 0.6, 0.3, 0.2, 0.2, 0.4, 0.9, 1.2, 1.2, 1.7, 2.0, 2.2, 2.3, 2.3, 2.7, 2.3, 2.1, 2.1, 3.1, 4.7, 5.4, 5.6, 5.7, 5.2, 3.7, 2.2, 1.5, 1.4, 1.3, 1.2, 0.9, 0.6, 0.3, 0.4, 0.8, 1.2, 1.3, 1.3, 1.2, 1.2, 1.6, 1.9, 2.1, 2.3, 2.1, 2.1, 2.7, 4.2, 5.3, 5.6, 5.7, 5.6, 5.5, 4.3, 2.4, 1.5, 1.4, 1.4, 1.3, 1.1, 0.9, 0.6, 0.8, 1.5, 2.0, 2.0, 1.8, 1.6, 1.7, 1.5, 1.2, 1.6, 2.1, 2.1, 2.1, 3.4, 5.3, 5.6, 5.6, 5.6, 5.5, 5.5, 4.4, 2.2, 1.1, 1.0, 1.0, 0.9, 0.9, 0.9, 0.8, 1.3, 2.2, 2.7, 2.7, 2.7, 2.7, 2.7, 2.3, 1.8, 1.8, 2.1, 2.1, 2.9, 4.8, 5.5, 5.5, 5.5, 5.5, 4.7, 3.3, 3.0, 2.0, 0.6, 0.4, 0.3, 0.3, 0.6, 0.7, 1.0, 2.0, 2.6, 2.7, 2.7, 2.7, 2.7, 2.7, 2.7, 2.7, 2.7, 2.1, 2.8, 4.6, 5.5, 5.5, 5.5, 4.8, 3.3, 3.0, 2.6, 2.6, 1.9, 0.7, 0.6, 0.4, 0.3, 0.4, 0.6, 1.7, 2.7, 2.8, 2.9, 2.7, 2.7, 2.7, 2.7, 2.7, 2.7, 2.7, 2.1, 3.2, 5.5, 4.9, 3.6, 3.5, 3.1, 2.6, 2.6, 2.6, 2.6, 2.0, 1.0, 0.8, 0.5, 0.2, 0.3, 1.2, 3.1, 4.4, 4.4, 3.9, 3.0, 2.9, 2.7, 2.7, 2.7, 2.7, 2.7, 2.2, 2.8, 3.8, 3.4, 2.6, 2.6, 2.6, 2.6, 2.6, 2.3, 1.7, 1.6, 1.3, 1.0, 0.5, 0.3, 0.9, 2.6, 4.2, 4.3, 4.4, 4.4, 4.4, 4.0, 3.2, 3.1, 2.7, 2.7, 2.7, 2.4, 2.6, 2.6, 2.6, 2.6, 2.6, 2.6, 2.5, 2.1, 2.0, 1.9, 1.9, 1.8, 1.3, 0.7, 0.8, 2.1, 3.8, 4.0, 4.3, 4.3, 4.4, 4.4, 4.4, 4.4, 4.1, 3.1, 2.7, 2.7, 2.6, 2.6, 2.6, 2.5, 2.4, 2.3, 2.3, 2.3, 2.2, 2.2, 2.2, 2.2, 2.0, 1.4, 1.0, 1.6, 3.6, 5.7, 5.8, 5.4, 4.4, 4.5, 4.4, 4.4, 4.4, 4.4, 4.1, 3.3, 3.2, 2.4, 2.4, 2.4, 2.3, 2.2, 2.2, 2.2, 2.2, 2.2, 2.2, 2.2, 2.2, 2.1, 1.5, 1.2, 2.4, 4.2, 4.6, 5.7, 5.8, 5.8, 5.5, 4.6, 4.7, 4.4, 4.4, 4.4, 4.4, 4.2, 2.2, 2.2, 2.2, 2.2, 2.2, 2.2, 2.2, 2.2, 2.2, 2.2, 2.2, 2.2, 2.0, 1.0, 1.2, 2.3, 4.2, 4.2, 4.5, 5.6, 5.8, 5.8, 5.8, 5.6, 4.7, 4.4, 4.4, 4.4, 4.4]}, "None|3": {"ny": 37, "nx": 24, "lat0": 55.3926504, "lon0": 12.8260933, "dLat": 8.983e-06, "dLon": 1.5817e-05, "slope": [2.6, 2.4, 1.9, 3.1, 5.7, 6.6, 8.3, 8.5, 4.9, 3.8, 4.1, 4.0, 3.3, 2.5, 2.4, 1.2, 1.3, 1.3, 3.2, 3.4, 3.4, 3.4, 3.4, 2.8, 2.6, 2.6, 2.4, 2.0, 2.9, 5.6, 6.5, 8.2, 5.1, 3.8, 4.2, 4.2, 3.6, 2.7, 1.9, 1.2, 1.4, 1.5, 3.2, 3.4, 3.4, 3.0, 2.9, 1.5, 2.6, 2.6, 2.6, 2.4, 2.0, 2.8, 5.5, 5.5, 3.4, 3.6, 4.3, 4.1, 3.3, 2.3, 1.4, 1.3, 2.1, 3.0, 3.3, 3.3, 3.0, 1.6, 1.4, 1.4, 2.6, 2.6, 2.6, 2.6, 2.4, 2.0, 2.9, 2.7, 2.9, 3.8, 4.0, 3.5, 2.6, 1.6, 1.4, 2.1, 2.9, 3.1, 2.5, 2.4, 1.5, 1.4, 1.7, 1.8, 2.6, 2.6, 2.6, 2.6, 2.6, 2.3, 2.4, 2.8, 3.4, 3.6, 3.3, 2.6, 1.8, 1.6, 2.2, 2.9, 3.0, 2.5, 1.6, 1.5, 1.6, 1.7, 2.6, 2.8, 2.4, 2.4, 2.6, 2.6, 2.6, 2.6, 2.7, 3.0, 3.1, 2.9, 2.3, 1.6, 1.5, 2.1, 2.8, 2.9, 2.5, 1.9, 1.8, 2.3, 2.4, 2.7, 2.8, 2.4, 2.3, 2.3, 2.4, 2.4, 1.9, 1.9, 2.2, 2.5, 2.4, 2.0, 1.4, 1.1, 1.6, 2.5, 2.9, 2.6, 2.2, 2.3, 2.6, 2.8, 2.8, 2.7, 2.4, 1.4, 2.3, 2.3, 2.3, 2.3, 1.3, 0.9, 1.4, 1.6, 1.5, 1.2, 1.0, 1.1, 1.7, 2.5, 2.7, 2.4, 2.4, 2.6, 2.8, 2.7, 2.3, 2.1, 1.3, 1.0, 2.9, 2.9, 3.0, 3.0, 2.2, 1.5, 1.2, 1.0, 0.9, 0.8, 0.9, 1.2, 1.8, 2.3, 2.5, 2.3, 2.3, 2.4, 2.3, 2.0, 1.5, 1.1, 0.9, 0.9, 3.5, 3.5, 3.5, 3.5, 3.3, 2.6, 1.7, 0.9, 0.6, 0.6, 0.8, 1.1, 1.6, 2.1, 2.1, 1.9, 1.7, 1.5, 1.2, 1.0, 0.8, 0.7, 0.6, 0.7, 3.6, 3.6, 3.6, 3.6, 3.7, 3.3, 2.2, 1.0, 0.4, 0.4, 0.6, 0.9, 1.3, 1.7, 1.7, 1.3, 0.9, 0.6, 0.6, 0.9, 1.0, 1.1, 1.1, 1.3, 3.6, 3.6, 3.7, 3.8, 3.9, 3.6, 2.5, 1.2, 0.5, 0.5, 0.6, 0.8, 1.2, 1.5, 1.5, 1.3, 1.2, 1.3, 1.6, 1.8, 1.8, 1.7, 1.6, 1.5, 3.6, 3.7, 3.8, 3.9, 3.9, 3.6, 2.6, 1.3, 0.8, 0.9, 1.1, 1.4, 1.8, 2.2, 2.4, 2.3, 2.3, 2.4, 2.5, 2.5, 2.4, 2.1, 1.8, 1.6, 3.9, 3.9, 3.9, 3.9, 3.9, 3.5, 2.5, 1.4, 1.1, 1.5, 1.8, 2.2, 2.8, 3.2, 3.3, 3.2, 3.1, 3.1, 3.1, 3.0, 2.7, 2.4, 2.0, 1.8, 4.0, 4.0, 4.0, 4.0, 4.0, 3.3, 2.1, 1.3, 1.5, 2.1, 2.5, 2.7, 3.1, 3.4, 3.3, 3.2, 3.1, 3.1, 3.1, 3.1, 2.9, 2.7, 2.5, 2.4, 4.4, 4.5, 4.5, 4.5, 4.5, 3.5, 1.7, 1.4, 1.9, 2.6, 2.9, 3.0, 2.9, 2.7, 2.4, 2.1, 2.1, 2.3, 2.4, 2.4, 2.5, 2.6, 2.8, 2.9, 4.7, 4.7, 4.7, 4.7, 4.7, 3.4, 1.5, 1.5, 2.2, 3.0, 3.4, 3.5, 3.3, 2.9, 2.4, 1.9, 1.7, 1.7, 1.7, 1.7, 1.7, 2.0, 2.5, 2.9, 3.5, 4.0, 4.0, 3.9, 3.9, 2.9, 1.3, 1.6, 2.3, 3.1, 3.7, 4.1, 4.2, 4.1, 3.8, 3.4, 3.1, 2.8, 2.6, 2.3, 1.8, 1.5, 1.8, 2.1, 2.3, 2.7, 2.6, 2.5, 2.4, 1.9, 1.3, 1.7, 2.3, 3.0, 3.6, 4.1, 4.5, 4.7, 4.7, 4.6, 4.5, 4.3, 4.1, 3.8, 3.4, 2.8, 2.3, 2.0, 2.1, 2.1, 2.1, 2.0, 1.6, 0.8, 1.5, 1.7, 2.1, 2.6, 3.0, 3.5, 4.0, 4.3, 4.6, 4.8, 5.0, 5.1, 5.1, 5.0, 4.8, 4.4, 4.2, 3.7, 2.9, 2.7, 2.1, 2.1, 1.8, 1.3, 1.7, 1.5, 1.8, 2.1, 2.3, 2.6, 2.9, 3.2, 3.5, 3.8, 4.2, 4.7, 5.0, 5.2, 5.1, 5.1, 5.1, 5.1, 3.5, 3.4, 3.0, 2.6, 1.3, 2.2, 1.9, 1.2, 1.6, 1.9, 1.9, 1.9, 2.0, 2.0, 2.0, 2.1, 2.5, 3.0, 3.6, 4.0, 4.3, 4.5, 4.8, 5.0, 3.5, 3.5, 3.5, 2.9, 1.2, 2.7, 2.1, 1.1, 1.5, 1.9, 1.9, 1.9, 1.9, 1.8, 1.5, 1.2, 1.2, 1.6, 2.2, 2.9, 3.6, 4.3, 4.5, 5.1, 4.3, 4.1, 3.2, 2.8, 1.5, 3.0, 2.3, 1.2, 1.5, 2.1, 2.3, 2.4, 2.6, 2.6, 2.5, 2.4, 2.4, 2.7, 3.3, 4.3, 5.3, 5.9, 5.6, 5.5, 4.9, 4.7, 3.6, 2.5, 1.7, 3.1, 2.5, 1.3, 1.6, 2.4, 2.9, 3.3, 3.5, 3.5, 3.5, 3.6, 3.8, 4.3, 5.2, 6.4, 7.4, 7.2, 6.1, 5.6, 4.9, 4.8, 4.0, 2.0, 2.1, 3.4, 2.7, 1.4, 1.8, 2.8, 3.6, 4.2, 4.3, 4.3, 4.1, 4.1, 4.2, 4.5, 5.2, 6.4, 7.4, 7.3, 7.0, 5.6, 4.5, 4.4, 3.3, 1.3, 2.7, 3.6, 2.7, 1.5, 2.1, 3.3, 4.3, 5.0, 5.1, 4.7, 4.0, 3.2, 2.5, 2.5, 3.7, 5.6, 7.4, 7.7, 8.0, 8.2, 3.8, 3.7, 2.4, 1.5, 3.3, 3.7, 2.5, 1.5, 2.4, 3.7, 5.0, 5.7, 5.5, 4.4, 2.7, 1.4, 4.0, 7.6, 11.1, 14.1, 16.1, 16.4, 16.7, 17.0, 3.6, 3.5, 2.1, 2.4, 3.9, 3.6, 2.2, 1.7, 2.7, 4.1, 5.4, 6.0, 5.5, 3.9, 3.3, 6.9, 12.0, 16.5, 19.6, 21.7, 23.2, 23.2, 23.1, 23.1, 4.2, 4.1, 2.8, 3.3, 4.1, 3.3, 2.0, 1.9, 3.0, 4.4, 5.5, 5.6, 4.8, 4.3, 7.2, 12.7, 17.6, 19.7, 19.5, 18.9, 19.8, 19.5, 19.1, 18.8, 4.7, 4.9, 3.6, 3.5, 3.7, 2.7, 1.6, 2.2, 3.6, 4.8, 5.2, 4.5, 3.6, 5.1, 9.6, 14.7, 17.0, 15.2, 11.5, 9.0, 9.6, 11.6, 11.6, 11.6, 5.0, 5.2, 3.7, 2.8, 2.8, 1.8, 1.1, 2.6, 4.4, 5.3, 4.7, 2.9, 2.2, 5.0, 9.3, 12.9, 12.7, 8.6, 3.9, 2.5, 2.7, 10.4, 11.6, 11.6, 5.3, 5.3, 3.6, 1.9, 1.7, 0.9, 1.3, 3.4, 5.3, 5.9, 4.3, 1.2, 2.1, 4.8, 7.9, 10.3, 9.7, 6.8, 6.1, 8.2, 8.0, 8.0, 10.5, 10.6, 5.3, 4.3, 3.4, 1.7, 1.1, 0.4, 1.9, 4.3, 6.2, 6.1, 3.4, 1.5, 3.4, 4.8, 6.1, 7.8, 8.3, 8.4, 9.7, 10.0, 8.6, 8.1, 8.0, 8.0, 4.4, 3.5, 2.4, 1.6, 0.9, 0.9, 2.6, 5.2, 6.7, 5.7, 2.1, 3.0, 4.8, 4.9, 4.4, 4.6, 5.9, 8.0, 8.3, 9.6, 10.0, 8.7, 8.1, 8.0, 3.5, 2.5, 1.7, 1.5, 1.1, 1.1, 2.8, 5.3, 6.8, 4.8, 1.7, 4.4, 6.0, 5.1, 3.5, 3.2, 5.6, 7.9, 8.3, 8.3, 9.5, 10.0, 8.8, 8.1, 2.6, 1.7, 1.5, 1.3, 1.2, 1.1, 2.7, 5.9, 6.9, 4.7, 1.7, 4.4, 6.0, 5.1, 3.5, 3.2, 5.3, 7.8, 8.3, 8.3, 8.3, 9.4, 10.0, 8.9]}, "None|4": {"ny": 27, "nx": 35, "lat0": 55.389674, "lon0": 12.8227604, "dLat": 8.983e-06, "dLon": 1.5816e-05, "slope": [8.9, 8.9, 8.2, 7.4, 7.4, 7.4, 7.4, 6.4, 5.2, 5.2, 4.7, 3.9, 3.7, 3.8, 4.2, 4.6, 4.7, 4.4, 4.1, 4.0, 3.8, 3.8, 3.9, 3.9, 3.9, 3.8, 3.8, 3.6, 3.5, 2.9, 2.4, 2.4, 2.4, 2.2, 2.1, 8.9, 8.9, 8.4, 7.6, 7.4, 7.4, 7.4, 6.5, 5.3, 5.2, 4.7, 4.0, 3.7, 3.8, 4.2, 4.6, 4.9, 4.7, 4.3, 4.0, 3.8, 3.8, 3.8, 3.7, 3.6, 3.4, 3.2, 2.9, 2.7, 2.5, 2.4, 2.3, 2.2, 2.1, 2.0, 8.9, 8.9, 8.9, 8.3, 7.4, 7.4, 7.4, 6.7, 5.4, 5.0, 4.8, 4.0, 3.7, 3.8, 4.2, 4.6, 4.9, 4.8, 4.5, 4.1, 3.9, 3.8, 3.7, 3.5, 3.3, 3.0, 2.7, 2.4, 2.3, 2.1, 2.0, 2.1, 2.1, 2.0, 1.8, 8.9, 8.9, 8.9, 8.5, 7.6, 7.4, 7.4, 6.8, 5.3, 4.5, 4.1, 3.3, 2.9, 2.9, 3.3, 3.8, 4.2, 4.3, 4.2, 4.0, 3.9, 3.7, 3.4, 3.1, 2.9, 2.6, 2.4, 2.3, 2.2, 2.0, 1.9, 1.8, 1.8, 1.8, 1.7, 8.9, 8.9, 8.9, 8.9, 8.4, 7.3, 7.2, 6.2, 4.7, 3.6, 2.7, 2.1, 1.7, 1.7, 2.0, 2.5, 3.0, 3.2, 3.3, 3.3, 3.3, 3.1, 2.8, 2.5, 2.3, 2.1, 2.1, 2.2, 2.2, 2.1, 1.9, 1.7, 1.6, 1.6, 1.6, 8.7, 8.7, 8.9, 8.9, 8.4, 7.1, 6.2, 4.6, 3.4, 2.6, 2.0, 1.5, 1.1, 0.9, 1.0, 1.4, 1.8, 2.0, 2.1, 2.2, 2.2, 2.1, 2.0, 1.8, 1.7, 1.7, 1.8, 2.1, 2.2, 2.1, 2.0, 1.9, 1.7, 1.6, 1.6, 7.4, 7.8, 8.6, 8.6, 8.0, 6.2, 4.5, 3.3, 2.5, 2.0, 1.5, 1.1, 0.7, 0.5, 0.4, 0.8, 1.0, 1.1, 1.1, 1.1, 1.2, 1.3, 1.3, 1.3, 1.3, 1.4, 1.6, 1.8, 2.0, 2.0, 2.0, 2.0, 2.0, 1.8, 1.7, 7.4, 7.4, 7.4, 7.3, 6.5, 4.8, 3.4, 2.5, 2.0, 1.5, 1.1, 0.7, 0.4, 0.3, 0.3, 0.5, 0.7, 0.7, 0.6, 0.6, 0.7, 0.7, 0.8, 0.8, 0.9, 1.1, 1.3, 1.5, 1.6, 1.7, 1.8, 2.0, 2.0, 1.9, 1.8, 7.1, 7.4, 7.3, 7.0, 5.5, 3.9, 2.7, 2.0, 1.6, 1.2, 0.7, 0.4, 0.3, 0.4, 0.4, 0.5, 0.5, 0.5, 0.4, 0.4, 0.4, 0.4, 0.3, 0.3, 0.5, 0.8, 1.0, 1.2, 1.1, 1.1, 1.3, 1.5, 1.7, 1.8, 1.7, 7.0, 7.0, 6.9, 6.5, 5.0, 3.5, 2.3, 1.7, 1.3, 0.9, 0.6, 0.4, 0.5, 0.7, 0.7, 0.6, 0.5, 0.3, 0.2, 0.3, 0.3, 0.4, 0.4, 0.2, 0.3, 0.6, 0.9, 1.0, 0.9, 0.8, 0.8, 1.0, 1.2, 1.4, 1.4, 6.9, 6.9, 6.9, 6.2, 4.9, 3.3, 2.2, 1.5, 1.2, 0.9, 0.8, 0.8, 0.8, 0.8, 0.7, 0.7, 0.6, 0.6, 0.7, 0.7, 0.7, 0.6, 0.6, 0.3, 0.1, 0.4, 0.8, 1.0, 0.9, 0.7, 0.5, 0.6, 0.8, 1.0, 1.2, 6.4, 6.4, 6.6, 6.2, 5.0, 3.5, 2.1, 1.5, 1.3, 1.1, 1.1, 1.2, 1.2, 0.8, 0.4, 0.4, 0.6, 0.8, 0.9, 0.9, 0.8, 0.8, 0.7, 0.5, 0.3, 0.4, 0.8, 1.0, 0.9, 0.7, 0.5, 0.5, 0.7, 0.7, 1.0, 6.4, 6.5, 6.6, 6.2, 5.1, 3.6, 2.2, 1.5, 1.4, 1.4, 1.4, 1.5, 1.6, 1.2, 0.6, 0.4, 0.5, 0.6, 0.5, 0.5, 0.6, 0.8, 0.9, 0.8, 0.6, 0.5, 0.7, 0.9, 0.9, 0.8, 0.7, 0.6, 0.7, 0.7, 0.7, 6.8, 6.8, 6.8, 6.2, 5.0, 3.5, 2.1, 1.4, 1.5, 1.6, 1.7, 1.8, 1.9, 1.6, 1.1, 0.8, 0.7, 0.8, 0.6, 0.4, 0.5, 0.8, 1.1, 1.1, 0.9, 0.8, 0.9, 1.2, 1.4, 1.3, 1.3, 0.7, 0.7, 0.7, 0.7, 7.8, 7.3, 7.0, 6.1, 4.8, 3.3, 1.9, 1.3, 1.4, 1.6, 1.8, 2.0, 1.9, 1.7, 1.3, 1.0, 0.9, 0.9, 0.9, 0.7, 0.6, 1.0, 1.4, 1.5, 1.5, 1.7, 2.2, 2.6, 2.6, 1.3, 1.3, 1.3, 0.7, 0.7, 0.7, 7.8, 7.6, 6.8, 5.5, 4.1, 2.8, 1.7, 1.2, 1.2, 1.4, 1.7, 1.8, 1.8, 1.6, 1.3, 1.0, 0.8, 0.8, 0.8, 0.7, 0.7, 1.1, 1.8, 2.2, 2.6, 3.4, 3.4, 2.7, 2.6, 1.4, 1.3, 1.3, 1.3, 0.8, 0.7, 7.6, 6.9, 5.8, 4.4, 3.2, 2.1, 1.4, 1.1, 1.1, 1.2, 1.5, 1.7, 1.7, 1.5, 1.2, 0.9, 0.6, 0.5, 0.6, 0.7, 0.8, 1.3, 2.2, 3.1, 3.2, 3.5, 3.5, 2.7, 2.7, 2.6, 1.3, 1.3, 1.3, 1.3, 0.7, 6.4, 5.4, 4.3, 3.2, 2.3, 1.6, 1.2, 1.1, 1.2, 1.3, 1.5, 1.7, 1.7, 1.5, 1.3, 1.0, 0.5, 0.3, 0.5, 0.8, 0.9, 1.4, 1.5, 3.2, 3.3, 3.5, 3.5, 3.5, 2.7, 2.7, 1.5, 1.3, 1.3, 1.3, 0.8, 4.7, 3.8, 3.0, 2.4, 1.8, 1.4, 1.1, 1.1, 1.3, 1.5, 1.8, 1.9, 1.9, 1.6, 1.3, 0.9, 0.5, 0.5, 0.7, 0.7, 0.7, 1.4, 1.4, 3.2, 3.3, 3.3, 3.5, 3.5, 2.7, 2.7, 2.7, 1.4, 1.3, 1.3, 1.3, 3.2, 2.7, 2.4, 2.0, 1.6, 1.2, 0.9, 0.8, 1.1, 1.6, 2.0, 2.2, 2.2, 1.9, 1.4, 1.0, 0.7, 0.7, 0.6, 0.6, 0.7, 1.3, 1.4, 1.7, 3.1, 3.3, 3.5, 3.5, 3.5, 2.7, 2.7, 1.6, 1.4, 1.3, 1.3, 2.3, 2.2, 2.2, 1.9, 1.4, 1.0, 0.7, 0.5, 0.8, 1.4, 2.0, 2.5, 2.5, 2.2, 1.6, 1.1, 0.8, 0.6, 0.5, 0.6, 0.6, 0.8, 1.3, 1.4, 3.0, 3.3, 3.3, 3.5, 3.5, 2.8, 2.7, 2.7, 1.5, 1.3, 1.3, 2.3, 2.2, 2.1, 1.8, 1.3, 1.0, 0.7, 0.4, 0.5, 1.0, 1.8, 2.4, 2.7, 2.4, 1.8, 1.1, 0.6, 0.5, 0.5, 0.5, 0.6, 0.6, 1.3, 1.4, 1.6, 3.0, 3.3, 3.5, 3.5, 3.5, 2.8, 2.7, 1.7, 1.4, 1.3, 2.4, 2.4, 2.4, 2.1, 1.6, 1.2, 0.9, 0.6, 0.4, 0.6, 1.4, 2.2, 2.6, 2.4, 1.8, 1.1, 0.9, 0.5, 0.5, 0.5, 0.5, 0.6, 0.7, 1.3, 1.4, 2.9, 3.3, 3.3, 3.5, 3.5, 2.9, 2.7, 2.7, 1.6, 1.3, 2.6, 2.8, 3.2, 3.1, 2.6, 2.0, 1.4, 0.9, 0.5, 0.3, 1.0, 2.0, 2.5, 2.4, 1.9, 1.5, 1.1, 0.9, 0.6, 0.5, 0.5, 0.5, 0.5, 1.2, 1.4, 1.5, 2.9, 3.3, 3.5, 3.5, 3.5, 2.8, 2.7, 1.8, 1.4, 4.1, 4.7, 4.7, 4.4, 4.0, 3.2, 2.2, 1.3, 0.7, 0.3, 0.9, 1.8, 2.2, 2.2, 2.1, 1.9, 1.6, 1.2, 0.9, 0.6, 0.5, 0.5, 0.5, 0.6, 1.2, 1.4, 2.8, 3.3, 3.3, 3.5, 3.5, 2.9, 2.7, 2.7, 1.6, 4.7, 4.7, 4.7, 4.5, 4.9, 4.5, 3.3, 1.9, 0.9, 0.4, 0.9, 1.6, 2.0, 2.2, 2.2, 2.1, 1.9, 1.6, 1.2, 0.9, 0.6, 0.5, 0.5, 0.5, 0.6, 1.2, 1.5, 2.8, 3.3, 3.4, 3.5, 3.5, 2.9, 2.7, 1.9, 4.7, 4.7, 4.7, 4.9, 5.1, 5.1, 4.1, 2.4, 1.0, 0.6, 0.9, 1.6, 2.0, 2.2, 2.2, 2.2, 2.1, 1.9, 1.6, 1.2, 0.9, 0.6, 0.5, 0.5, 0.5, 1.1, 1.4, 2.7, 3.3, 3.3, 3.4, 3.5, 3.0, 2.7, 2.7]}, "None|5": {"ny": 33, "nx": 28, "lat0": 55.3871799, "lon0": 12.8221543, "dLat": 8.983e-06, "dLon": 1.5815e-05, "slope": [3.4, 3.4, 3.4, 3.4, 4.2, 5.4, 5.4, 5.5, 6.0, 6.4, 6.4, 5.4, 3.9, 3.5, 3.0, 3.0, 3.0, 3.1, 3.3, 3.4, 3.4, 3.4, 3.4, 3.4, 3.4, 3.4, 3.4, 3.4, 3.4, 3.4, 3.4, 3.4, 3.8, 4.7, 5.4, 5.4, 5.4, 5.7, 6.4, 6.2, 5.2, 3.9, 3.5, 2.8, 2.6, 2.7, 2.8, 3.1, 3.4, 3.4, 3.4, 3.4, 3.4, 3.3, 3.3, 3.3, 3.4, 3.4, 3.4, 3.4, 3.4, 4.1, 5.4, 5.4, 5.2, 5.0, 5.6, 6.4, 5.9, 4.8, 3.6, 2.7, 2.2, 2.3, 2.4, 2.7, 2.9, 2.9, 2.9, 2.9, 2.8, 2.8, 2.8, 2.8, 3.4, 3.4, 3.4, 3.4, 3.4, 4.0, 5.4, 5.4, 5.3, 5.1, 4.9, 5.6, 6.1, 5.0, 3.8, 2.5, 1.8, 1.7, 1.9, 2.1, 2.3, 2.3, 2.3, 2.3, 2.3, 2.5, 3.0, 3.1, 3.4, 3.4, 3.4, 3.4, 3.4, 3.9, 5.1, 5.4, 5.4, 5.2, 4.9, 5.1, 5.8, 5.2, 3.8, 2.2, 1.3, 1.1, 1.1, 1.4, 1.9, 1.8, 2.0, 2.3, 2.4, 3.3, 5.1, 5.3, 4.4, 3.4, 3.4, 3.4, 3.4, 3.7, 4.7, 5.0, 5.4, 5.3, 5.0, 5.1, 5.3, 4.9, 3.6, 2.1, 1.1, 0.5, 0.3, 0.8, 1.8, 1.9, 3.0, 5.1, 5.1, 5.2, 5.6, 6.1, 6.1, 4.5, 3.4, 3.4, 3.6, 3.7, 4.6, 4.7, 4.8, 4.5, 4.1, 3.9, 4.1, 4.1, 3.4, 2.4, 1.4, 0.8, 0.7, 1.1, 2.3, 3.1, 5.1, 5.2, 5.4, 5.9, 7.2, 7.2, 6.5, 6.2, 4.6, 3.5, 3.7, 3.7, 3.8, 3.3, 3.0, 2.6, 2.3, 2.2, 2.8, 3.5, 3.6, 2.9, 2.0, 1.4, 1.2, 1.7, 3.3, 5.1, 5.2, 5.8, 7.2, 7.2, 7.1, 6.9, 6.5, 6.5, 6.1, 4.2, 3.7, 3.1, 2.2, 1.5, 1.2, 0.8, 0.7, 1.2, 2.1, 3.1, 3.8, 3.6, 2.8, 1.8, 1.4, 1.9, 3.5, 5.5, 5.9, 7.2, 7.2, 7.0, 6.8, 6.2, 5.2, 5.2, 5.6, 4.2, 2.8, 1.7, 0.9, 0.7, 0.7, 0.5, 0.5, 1.0, 1.8, 3.0, 4.0, 4.2, 3.3, 2.0, 1.2, 1.8, 3.1, 5.3, 7.1, 7.0, 6.9, 6.2, 6.2, 6.2, 3.5, 3.5, 3.8, 2.5, 1.5, 0.9, 0.7, 0.9, 1.0, 0.8, 0.7, 1.1, 1.9, 3.1, 4.3, 4.6, 3.6, 1.9, 0.8, 1.2, 2.3, 4.1, 6.0, 6.2, 6.2, 6.2, 5.8, 5.6, 2.5, 2.5, 1.8, 1.3, 1.1, 1.0, 1.0, 1.2, 1.1, 0.7, 0.7, 1.4, 2.3, 3.5, 4.6, 4.6, 3.5, 1.8, 0.6, 0.8, 1.4, 2.6, 4.3, 5.9, 5.9, 5.8, 4.5, 4.8, 1.0, 1.2, 1.2, 1.2, 1.2, 1.2, 1.3, 1.3, 0.9, 0.3, 1.0, 1.9, 2.9, 4.0, 4.7, 4.5, 3.2, 1.6, 0.7, 0.7, 1.0, 1.5, 2.5, 4.0, 4.2, 4.5, 4.7, 5.4, 1.2, 1.0, 1.3, 1.3, 1.2, 1.3, 1.3, 1.1, 0.7, 0.7, 1.5, 2.4, 3.5, 4.4, 4.7, 4.1, 2.8, 1.4, 0.7, 0.7, 0.8, 0.9, 1.4, 2.6, 4.3, 4.7, 5.4, 5.4, 1.8, 1.3, 1.4, 1.3, 1.1, 1.2, 1.2, 0.9, 0.8, 1.3, 2.0, 2.8, 3.8, 4.6, 4.5, 3.5, 2.3, 1.2, 0.6, 0.4, 0.5, 0.6, 0.8, 1.6, 3.3, 5.2, 5.2, 5.3, 2.4, 1.8, 1.5, 1.2, 0.9, 1.0, 1.0, 0.7, 0.8, 1.5, 2.1, 2.8, 3.8, 4.5, 4.2, 3.0, 1.8, 1.0, 0.4, 0.1, 0.2, 0.2, 0.4, 1.0, 2.2, 4.0, 4.5, 5.1, 2.6, 2.1, 1.6, 1.1, 0.7, 0.7, 0.8, 0.4, 0.7, 1.5, 2.0, 2.7, 3.7, 4.3, 3.8, 2.6, 1.5, 0.7, 0.2, 0.2, 0.2, 0.1, 0.2, 0.5, 1.3, 2.8, 4.7, 4.8, 2.0, 1.8, 1.5, 1.1, 0.7, 0.6, 0.7, 0.3, 0.8, 1.5, 2.0, 2.6, 3.5, 4.0, 3.6, 2.5, 1.4, 0.5, 0.1, 0.2, 0.1, 0.1, 0.2, 0.6, 1.1, 2.1, 3.6, 3.7, 1.0, 1.0, 1.0, 1.0, 0.7, 0.7, 0.8, 0.5, 1.0, 1.6, 2.0, 2.4, 3.3, 4.0, 3.9, 2.9, 1.7, 0.7, 0.1, 0.2, 0.2, 0.3, 0.5, 0.9, 1.5, 2.1, 2.8, 2.9, 0.9, 0.6, 0.6, 0.7, 0.6, 0.8, 0.8, 0.6, 1.1, 1.6, 1.8, 2.2, 3.1, 4.0, 4.4, 3.8, 2.6, 1.4, 0.5, 0.2, 0.3, 0.4, 0.8, 1.3, 1.7, 2.0, 2.3, 2.3, 1.8, 1.0, 0.5, 0.4, 0.4, 0.6, 0.5, 0.5, 1.1, 1.5, 1.4, 1.6, 2.5, 3.7, 4.6, 4.6, 3.7, 2.3, 1.1, 0.4, 0.2, 0.4, 0.9, 1.4, 1.7, 1.7, 1.8, 1.8, 2.4, 1.5, 0.6, 0.3, 0.2, 0.3, 0.4, 0.7, 1.2, 1.3, 1.0, 1.0, 1.7, 3.0, 4.4, 5.1, 4.7, 3.5, 2.0, 1.0, 0.7, 0.8, 1.1, 1.4, 1.6, 1.6, 1.7, 1.8, 2.8, 1.9, 0.9, 0.4, 0.4, 0.3, 0.4, 0.8, 1.1, 1.1, 0.7, 0.5, 1.1, 2.2, 3.8, 5.1, 5.5, 4.5, 2.8, 1.5, 1.0, 1.0, 1.3, 1.6, 1.8, 1.8, 2.0, 2.0, 3.1, 2.2, 1.2, 0.7, 0.6, 0.5, 0.6, 0.8, 0.9, 0.8, 0.5, 0.7, 1.3, 1.9, 3.1, 4.7, 5.7, 5.2, 3.4, 1.7, 0.9, 0.9, 1.2, 1.7, 2.0, 2.3, 2.3, 2.2, 2.5, 2.0, 1.2, 0.7, 0.5, 0.7, 0.8, 0.9, 0.8, 0.8, 0.8, 1.2, 1.6, 1.6, 2.2, 3.8, 5.5, 5.5, 3.9, 2.0, 0.9, 0.6, 0.9, 1.5, 2.1, 2.6, 2.8, 2.8, 1.4, 1.4, 1.0, 0.5, 0.4, 0.6, 0.9, 0.9, 0.8, 1.0, 1.2, 1.6, 1.7, 1.2, 1.5, 3.3, 5.3, 5.7, 4.3, 2.3, 1.0, 0.3, 0.6, 1.3, 2.1, 2.5, 2.7, 2.8, 1.1, 1.1, 0.9, 0.6, 0.4, 0.5, 0.8, 0.7, 0.7, 1.0, 1.4, 1.6, 1.3, 0.8, 1.4, 3.4, 5.4, 5.9, 4.5, 2.5, 1.0, 0.5, 0.8, 1.4, 1.7, 2.1, 2.5, 2.7, 1.2, 1.2, 1.2, 1.0, 0.7, 0.6, 0.6, 0.4, 0.5, 0.9, 1.1, 1.1, 0.7, 0.7, 1.9, 3.9, 5.7, 6.0, 4.6, 2.6, 1.3, 1.1, 1.4, 1.6, 1.6, 1.6, 2.0, 2.3, 1.3, 1.4, 1.4, 1.5, 1.3, 0.9, 0.7, 0.4, 0.5, 0.8, 0.8, 0.6, 0.5, 1.1, 2.6, 4.5, 6.1, 6.0, 4.5, 2.7, 1.7, 1.8, 2.1, 2.2, 1.9, 1.6, 1.6, 1.6, 1.4, 1.6, 1.9, 2.1, 2.0, 1.6, 1.3, 1.0, 1.0, 1.0, 1.0, 0.8, 1.0, 1.8, 3.3, 5.0, 6.1, 5.7, 4.2, 2.6, 1.8, 2.1, 2.5, 2.4, 2.2, 1.9, 1.6, 1.6, 1.9, 2.2, 2.5, 2.5, 2.6, 2.5, 2.3, 2.1, 2.0, 2.0, 1.9, 1.8, 1.9, 2.6, 3.7, 5.0, 5.6, 5.1, 3.8, 2.4, 1.5, 1.2, 1.8, 2.5, 2.4, 2.2, 1.9, 1.6, 2.5, 2.5, 2.5, 2.6, 2.9, 3.0, 3.0, 3.3, 3.4, 3.4, 3.3, 3.0, 2.9, 3.2, 3.8, 4.4, 4.7, 4.4, 3.7, 3.1, 2.3, 1.2, 1.2, 1.8, 2.5, 2.4, 2.2, 1.9, 2.5, 2.5, 2.6, 2.9, 3.1, 3.2, 3.4, 3.7, 3.8, 3.9, 3.7, 3.4, 3.2, 3.3, 3.8, 4.3, 4.6, 4.4, 3.7, 3.1, 2.3, 1.3, 1.2, 1.2, 1.7, 2.5, 2.4, 2.2]}, "None|6": {"ny": 29, "nx": 20, "lat0": 55.3854898, "lon0": 12.8213135, "dLat": 8.983e-06, "dLon": 1.5814e-05, "slope": [3.7, 3.5, 3.1, 3.1, 3.0, 3.1, 3.1, 3.2, 3.4, 4.1, 4.1, 4.2, 4.5, 5.1, 7.1, 8.0, 8.7, 9.5, 9.4, 8.9, 3.7, 3.7, 3.5, 3.1, 3.0, 3.0, 3.1, 3.3, 3.6, 4.1, 4.2, 4.9, 6.4, 7.0, 8.0, 8.7, 9.5, 9.4, 9.0, 7.6, 3.7, 3.7, 3.6, 3.3, 3.2, 3.2, 3.3, 3.5, 3.9, 4.6, 5.1, 6.4, 6.9, 8.0, 8.6, 9.6, 9.4, 9.0, 7.7, 6.2, 5.5, 5.4, 4.3, 3.8, 3.6, 3.5, 3.6, 3.7, 4.2, 5.2, 6.4, 6.8, 8.0, 8.5, 9.6, 9.4, 9.1, 7.9, 6.2, 6.2, 6.0, 5.9, 5.0, 4.2, 3.8, 3.7, 3.7, 3.7, 4.0, 5.0, 6.7, 8.0, 8.4, 9.6, 9.5, 9.1, 8.0, 6.2, 6.2, 6.2, 6.0, 6.0, 5.3, 4.1, 3.5, 3.3, 3.3, 3.3, 3.5, 4.4, 6.4, 8.5, 9.6, 9.5, 9.2, 8.2, 6.2, 6.2, 6.0, 4.8, 5.5, 5.4, 5.1, 3.7, 3.0, 2.8, 2.8, 2.8, 3.0, 3.8, 6.0, 8.7, 10.0, 9.2, 8.3, 6.2, 6.1, 5.0, 4.7, 2.5, 2.4, 4.6, 4.6, 3.1, 2.5, 2.5, 2.5, 2.5, 2.7, 3.4, 5.5, 8.4, 10.2, 9.0, 6.2, 6.1, 5.0, 2.5, 2.5, 2.4, 1.5, 4.0, 3.9, 2.4, 2.0, 2.2, 2.3, 2.4, 2.6, 3.2, 4.9, 7.5, 9.6, 9.4, 6.4, 5.3, 2.5, 2.5, 2.4, 2.4, 1.3, 3.6, 3.0, 1.6, 1.6, 1.9, 2.1, 2.3, 2.5, 3.1, 4.3, 6.4, 8.5, 9.0, 7.0, 2.8, 2.5, 2.4, 2.4, 2.7, 2.2, 2.7, 1.9, 1.2, 1.5, 1.8, 1.9, 2.1, 2.4, 2.9, 3.9, 5.5, 7.4, 8.1, 6.9, 3.8, 2.0, 1.9, 2.6, 3.0, 2.0, 1.4, 1.1, 1.2, 1.6, 1.8, 1.9, 2.0, 2.2, 2.6, 3.5, 4.9, 6.5, 7.2, 6.5, 4.5, 1.5, 1.5, 2.9, 3.0, 0.5, 0.8, 1.2, 1.5, 1.7, 1.8, 1.8, 1.9, 1.9, 2.3, 3.2, 4.4, 5.7, 6.3, 5.9, 4.8, 3.0, 2.6, 2.5, 2.5, 1.3, 1.7, 2.0, 2.0, 2.0, 1.9, 1.8, 1.7, 1.7, 2.1, 3.0, 4.0, 4.9, 5.3, 5.3, 4.9, 4.1, 2.5, 2.3, 2.4, 2.4, 2.6, 2.7, 2.6, 2.4, 2.2, 1.9, 1.8, 1.7, 2.1, 2.8, 3.5, 4.1, 4.4, 4.6, 4.6, 4.5, 3.9, 3.9, 3.8, 2.8, 2.7, 2.7, 2.7, 2.5, 2.2, 2.0, 1.8, 1.8, 2.0, 2.4, 2.9, 3.3, 3.6, 3.9, 4.1, 4.3, 4.2, 4.1, 3.9, 2.8, 2.4, 2.2, 2.3, 2.3, 2.1, 1.9, 1.8, 1.7, 1.8, 2.0, 2.3, 2.7, 3.0, 3.3, 3.5, 3.8, 3.8, 3.8, 3.8, 2.4, 2.2, 1.9, 2.0, 2.2, 2.1, 1.8, 1.6, 1.6, 1.6, 1.7, 1.9, 2.2, 2.5, 2.8, 3.0, 3.2, 3.4, 3.4, 3.6, 2.2, 2.0, 1.8, 1.9, 2.1, 2.1, 1.8, 1.5, 1.4, 1.5, 1.5, 1.7, 2.0, 2.3, 2.4, 2.7, 2.9, 3.1, 3.1, 3.1, 2.0, 1.9, 1.9, 1.9, 1.8, 1.9, 1.7, 1.4, 1.3, 1.3, 1.4, 1.7, 1.9, 2.1, 2.2, 2.4, 2.6, 2.8, 2.9, 2.9, 1.9, 1.9, 1.9, 1.9, 1.7, 1.7, 1.6, 1.3, 1.2, 1.2, 1.3, 1.5, 1.8, 1.9, 2.0, 2.2, 2.5, 2.8, 2.9, 2.9, 1.9, 1.9, 1.7, 1.6, 1.5, 1.8, 1.8, 1.5, 1.3, 1.1, 1.2, 1.4, 1.7, 1.8, 1.9, 2.2, 2.5, 2.9, 3.0, 3.0, 1.7, 1.5, 1.5, 1.4, 1.4, 1.9, 2.3, 2.1, 1.8, 1.5, 1.3, 1.5, 1.8, 2.0, 2.2, 2.4, 2.8, 3.1, 3.1, 3.1, 2.3, 2.3, 2.3, 2.3, 2.3, 2.6, 2.9, 2.9, 2.6, 2.2, 1.9, 1.8, 2.1, 2.4, 2.6, 2.9, 3.4, 3.7, 3.7, 3.6, 3.8, 3.9, 3.9, 4.0, 4.0, 3.6, 3.3, 3.4, 3.1, 2.8, 2.5, 2.4, 2.5, 2.8, 3.0, 3.4, 4.0, 4.2, 4.2, 4.2, 5.1, 5.1, 5.1, 5.2, 5.2, 4.3, 3.4, 3.4, 3.3, 3.1, 2.9, 2.8, 2.9, 3.1, 3.5, 4.0, 4.2, 4.2, 4.2, 4.2, 5.3, 5.3, 5.3, 5.3, 5.3, 4.2, 2.9, 3.1, 3.2, 3.2, 3.2, 3.2, 3.2, 3.4, 3.9, 4.2, 4.2, 4.2, 4.2, 4.2, 5.3, 5.3, 5.3, 5.3, 4.3, 2.9, 2.7, 2.9, 3.3, 3.5, 3.6, 3.7, 3.8, 4.0, 4.1, 4.1, 4.2, 4.2, 4.2, 4.2, 5.3, 5.3, 5.3, 4.5, 2.9, 2.7, 2.7, 2.9, 3.5, 4.2, 4.4, 4.5, 4.5, 4.5, 4.4, 4.1, 4.1, 4.2, 4.2, 4.2]}, "None|7": {"ny": 30, "nx": 22, "lat0": 55.3821682, "lon0": 12.8199314, "dLat": 8.983e-06, "dLon": 1.5813e-05, "slope": [0.8, 1.3, 1.3, 1.4, 1.8, 2.3, 3.1, 3.8, 4.3, 4.7, 5.2, 5.3, 4.6, 3.3, 3.0, 1.9, 1.9, 1.9, 1.9, 1.9, 1.9, 1.9, 0.5, 0.8, 1.3, 1.2, 1.4, 1.8, 2.3, 2.8, 3.1, 3.4, 3.8, 3.7, 2.8, 1.6, 1.9, 1.9, 1.9, 2.0, 2.0, 2.0, 2.0, 2.0, 0.4, 0.5, 0.9, 1.0, 1.2, 1.5, 1.8, 2.2, 2.5, 2.7, 2.8, 2.3, 1.4, 1.1, 2.6, 2.6, 2.7, 2.7, 2.7, 2.7, 2.7, 2.8, 1.3, 0.6, 0.5, 0.9, 1.2, 1.5, 1.8, 2.2, 2.5, 2.5, 2.2, 1.5, 0.6, 1.6, 3.3, 3.3, 3.4, 3.4, 3.4, 3.4, 3.5, 3.5, 2.0, 1.0, 0.6, 0.8, 1.3, 1.7, 2.1, 2.5, 2.6, 2.4, 1.8, 1.1, 1.1, 2.2, 4.0, 4.0, 4.0, 4.0, 4.1, 4.1, 4.1, 4.1, 2.0, 1.5, 1.0, 1.1, 1.4, 1.9, 2.2, 2.4, 2.3, 2.0, 1.6, 1.3, 1.7, 2.7, 4.6, 4.6, 4.6, 4.6, 4.6, 4.6, 4.6, 4.6, 2.2, 2.1, 1.5, 1.4, 1.5, 1.7, 1.9, 1.8, 1.7, 1.6, 1.5, 1.6, 2.0, 3.0, 4.9, 4.9, 4.9, 4.9, 4.9, 4.9, 5.2, 5.2, 2.6, 2.6, 1.7, 1.4, 1.3, 1.3, 1.1, 1.0, 1.0, 1.3, 1.5, 1.7, 2.1, 3.1, 4.8, 4.9, 4.9, 4.9, 4.9, 5.1, 6.0, 6.1, 2.8, 2.8, 1.6, 0.9, 0.7, 0.6, 0.4, 0.4, 0.8, 1.2, 1.5, 1.6, 2.1, 2.9, 4.4, 4.5, 4.6, 4.9, 5.1, 5.9, 6.1, 6.5, 1.9, 1.7, 1.2, 0.8, 0.8, 0.7, 0.6, 0.5, 0.8, 1.3, 1.4, 1.5, 1.9, 2.7, 3.9, 4.1, 4.8, 5.1, 5.9, 6.1, 6.5, 6.4, 1.2, 1.1, 1.1, 1.7, 1.8, 1.7, 1.4, 1.0, 1.0, 1.2, 1.2, 1.2, 1.7, 2.4, 3.4, 4.7, 5.0, 5.9, 6.1, 6.5, 6.4, 5.9, 1.1, 2.3, 2.7, 3.1, 3.0, 2.7, 2.1, 1.5, 1.2, 1.0, 0.8, 0.9, 1.4, 2.1, 2.9, 4.1, 5.6, 6.0, 6.4, 6.4, 5.9, 5.6, 3.0, 3.8, 4.1, 4.1, 3.7, 3.2, 2.5, 1.8, 1.3, 0.9, 0.5, 0.4, 1.0, 1.7, 2.5, 3.4, 4.7, 6.0, 6.4, 6.0, 5.6, 4.8, 4.4, 4.4, 4.4, 4.4, 3.8, 3.1, 2.4, 1.7, 1.2, 0.9, 0.6, 0.2, 0.5, 1.1, 1.7, 2.4, 3.4, 4.5, 5.4, 5.6, 4.8, 4.3, 4.4, 4.4, 4.1, 4.0, 3.8, 3.1, 2.2, 1.3, 0.9, 0.8, 0.7, 0.6, 0.3, 0.5, 1.0, 1.6, 2.3, 3.0, 3.7, 4.2, 4.2, 3.3, 4.1, 4.0, 3.8, 3.8, 3.8, 3.2, 1.9, 0.9, 0.6, 0.7, 0.8, 0.9, 0.6, 0.4, 0.8, 1.5, 2.0, 2.2, 2.4, 2.7, 2.8, 2.7, 3.9, 3.8, 3.8, 3.3, 3.0, 2.8, 1.6, 0.6, 0.5, 0.8, 1.0, 1.1, 1.0, 0.9, 1.2, 1.8, 2.1, 2.0, 1.7, 1.7, 1.8, 1.7, 3.8, 3.2, 2.7, 2.5, 2.3, 2.3, 1.3, 0.8, 1.0, 1.3, 1.6, 1.7, 1.6, 1.6, 1.9, 2.3, 2.4, 2.1, 1.6, 1.4, 1.4, 1.4, 2.6, 2.1, 1.9, 1.8, 1.8, 1.8, 1.5, 1.6, 2.1, 2.5, 2.8, 3.0, 2.9, 2.8, 2.8, 2.8, 2.7, 2.3, 2.0, 1.8, 1.8, 1.8, 2.2, 2.3, 2.3, 2.3, 2.3, 2.4, 2.5, 3.0, 3.6, 3.9, 4.2, 4.4, 4.4, 4.1, 3.6, 3.2, 2.8, 2.5, 2.2, 2.2, 2.3, 2.3, 2.6, 2.6, 2.6, 2.6, 2.6, 2.6, 3.4, 4.3, 4.6, 4.8, 4.9, 5.1, 5.2, 4.8, 4.2, 3.4, 2.8, 2.3, 2.2, 2.4, 2.7, 2.7, 2.6, 2.6, 2.6, 2.6, 3.4, 4.3, 4.5, 4.7, 4.6, 4.4, 4.3, 4.5, 4.7, 4.6, 4.1, 3.4, 2.7, 2.2, 2.2, 2.6, 2.9, 2.8, 2.6, 2.6, 3.1, 3.7, 4.0, 4.4, 4.4, 4.1, 3.5, 3.1, 2.8, 2.9, 3.2, 3.5, 3.5, 3.2, 2.6, 2.1, 2.2, 2.5, 2.7, 2.8, 2.9, 2.9, 3.1, 3.4, 3.4, 3.4, 3.3, 2.9, 2.1, 1.7, 1.4, 1.4, 1.8, 2.2, 2.6, 2.7, 2.3, 2.0, 2.0, 2.2, 2.5, 2.7, 3.1, 3.1, 3.1, 3.1, 3.1, 3.1, 3.1, 2.3, 1.0, 0.8, 0.7, 0.7, 0.9, 1.3, 1.8, 2.1, 2.1, 1.9, 1.9, 2.0, 2.2, 2.5, 3.1, 3.1, 3.1, 3.1, 3.1, 2.4, 1.2, 1.0, 0.7, 0.7, 0.7, 0.7, 0.8, 1.0, 1.4, 1.8, 2.0, 2.0, 1.9, 1.9, 2.0, 2.2, 3.1, 3.1, 3.1, 2.6, 1.5, 1.2, 0.8, 0.8, 0.9, 1.1, 1.2, 1.2, 1.1, 1.0, 1.2, 1.5, 1.7, 1.9, 2.0, 1.9, 1.9, 2.0, 1.7, 1.6, 1.6, 1.3, 0.7, 0.7, 0.7, 0.7, 0.8, 1.0, 1.1, 1.1, 0.9, 0.8, 0.8, 1.0, 1.5, 1.6, 1.9, 2.0, 1.9, 1.9, 0.7, 0.7, 0.7, 0.7, 0.7, 0.7, 0.7, 0.7, 0.7, 0.7, 0.7, 0.5, 0.3, 0.3, 0.4, 0.8, 1.0, 1.5, 1.6, 1.9, 2.0, 1.9, 0.7, 0.7, 0.7, 0.7, 0.7, 0.7, 0.7, 0.7, 0.7, 0.7, 0.7, 0.5, 0.2, 0.3, 0.3, 0.4, 0.8, 1.0, 1.4, 1.6, 1.9, 2.0]}, "None|8": {"ny": 27, "nx": 38, "lat0": 55.3812802, "lon0": 12.8167659, "dLat": 8.983e-06, "dLon": 1.5812e-05, "slope": [0.8, 0.8, 0.8, 0.8, 1.6, 2.4, 2.6, 2.6, 4.1, 5.4, 5.4, 5.0, 4.3, 3.6, 3.0, 2.4, 2.0, 1.8, 1.9, 2.2, 2.5, 2.6, 2.4, 2.2, 2.1, 2.2, 2.5, 2.7, 2.8, 2.8, 2.3, 2.0, 1.9, 1.9, 1.5, 1.3, 1.3, 1.4, 0.8, 0.8, 0.8, 0.8, 0.8, 1.7, 2.6, 2.6, 3.6, 4.9, 5.4, 5.0, 4.3, 3.6, 3.0, 2.5, 2.0, 1.8, 1.9, 2.2, 2.3, 2.5, 2.5, 2.2, 2.1, 2.2, 2.4, 2.4, 2.3, 2.1, 2.0, 1.9, 1.9, 1.5, 1.3, 1.3, 1.3, 1.5, 1.0, 0.8, 0.8, 0.8, 0.8, 1.5, 2.3, 2.6, 2.7, 3.7, 4.9, 5.1, 4.3, 3.6, 3.0, 2.5, 2.0, 1.8, 1.9, 2.1, 2.3, 2.2, 2.0, 1.8, 1.7, 1.9, 2.0, 2.0, 1.7, 1.5, 1.4, 1.3, 1.3, 1.3, 1.3, 1.3, 1.5, 1.7, 1.2, 1.0, 0.8, 0.8, 0.8, 0.8, 1.4, 2.3, 2.7, 3.1, 3.8, 4.2, 3.5, 2.8, 2.2, 1.8, 1.4, 1.3, 1.5, 1.8, 2.0, 1.8, 1.6, 1.4, 1.4, 1.6, 1.7, 1.6, 1.4, 1.2, 1.1, 1.0, 1.1, 1.2, 1.3, 1.5, 1.7, 1.8, 1.3, 1.2, 1.0, 0.9, 0.8, 0.8, 1.0, 1.6, 2.4, 2.7, 2.9, 2.7, 2.2, 1.8, 1.3, 1.0, 0.8, 0.9, 1.2, 1.6, 1.8, 1.7, 1.5, 1.4, 1.4, 1.4, 1.5, 1.4, 1.2, 1.1, 1.0, 1.1, 1.2, 1.4, 1.5, 1.7, 1.8, 1.9, 1.4, 1.3, 1.2, 1.1, 0.9, 0.8, 0.9, 1.3, 1.6, 2.1, 2.3, 2.1, 1.6, 1.2, 1.0, 0.8, 0.8, 0.9, 1.2, 1.6, 1.8, 1.7, 1.5, 1.4, 1.4, 1.4, 1.4, 1.4, 1.3, 1.1, 1.1, 1.2, 1.4, 1.5, 1.6, 1.8, 1.9, 1.9, 1.4, 1.4, 1.3, 1.2, 1.1, 0.9, 1.0, 1.3, 1.6, 1.9, 2.0, 1.7, 1.2, 0.9, 0.8, 0.8, 0.8, 0.9, 1.2, 1.5, 1.8, 1.7, 1.5, 1.4, 1.3, 1.3, 1.3, 1.3, 1.3, 1.2, 1.1, 1.2, 1.3, 1.4, 1.5, 1.6, 1.7, 1.7, 1.5, 1.4, 1.4, 1.4, 1.3, 1.4, 1.4, 1.6, 1.8, 1.9, 1.8, 1.5, 1.0, 0.6, 0.5, 0.5, 0.5, 0.7, 1.0, 1.4, 1.7, 1.7, 1.5, 1.4, 1.2, 1.2, 1.2, 1.2, 1.3, 1.2, 1.0, 1.0, 1.2, 1.3, 1.3, 1.4, 1.5, 1.4, 2.3, 1.6, 1.6, 1.6, 1.8, 1.8, 1.7, 1.8, 1.9, 1.9, 1.7, 1.3, 0.7, 0.4, 0.2, 0.3, 0.3, 0.6, 1.0, 1.5, 1.7, 1.8, 1.7, 1.5, 1.2, 1.1, 1.1, 1.2, 1.2, 1.1, 1.0, 1.0, 1.1, 1.2, 1.3, 1.3, 1.4, 1.4, 2.6, 2.6, 2.5, 2.4, 2.4, 2.1, 1.7, 1.7, 1.8, 1.8, 1.5, 1.1, 0.7, 0.4, 0.2, 0.4, 0.5, 0.8, 1.2, 1.7, 2.1, 2.1, 1.9, 1.6, 1.3, 1.1, 1.2, 1.3, 1.3, 1.2, 1.1, 1.1, 1.2, 1.3, 1.4, 1.4, 1.4, 1.4, 2.6, 2.6, 2.8, 3.3, 3.1, 2.4, 1.7, 1.5, 1.6, 1.5, 1.2, 0.9, 0.8, 0.6, 0.6, 0.6, 0.7, 1.0, 1.6, 2.2, 2.6, 2.7, 2.5, 2.1, 1.7, 1.5, 1.4, 1.5, 1.5, 1.4, 1.3, 1.3, 1.3, 1.5, 1.7, 1.6, 1.5, 1.5, 2.9, 2.9, 3.2, 4.0, 3.5, 2.6, 1.8, 1.5, 1.5, 1.3, 1.1, 0.9, 0.9, 0.9, 0.9, 1.0, 1.2, 1.5, 1.9, 2.5, 3.2, 3.5, 3.3, 2.8, 2.4, 2.0, 1.8, 1.7, 1.7, 1.6, 1.5, 1.4, 1.5, 1.8, 2.0, 1.8, 1.6, 1.6, 2.9, 3.0, 3.8, 4.4, 3.8, 2.7, 1.9, 1.6, 1.4, 1.2, 1.0, 0.9, 1.0, 1.1, 1.4, 1.6, 1.8, 2.1, 2.4, 2.8, 3.6, 4.1, 4.1, 3.7, 3.1, 2.6, 2.2, 2.0, 1.9, 1.8, 1.6, 1.6, 1.8, 2.1, 2.2, 1.9, 1.7, 1.7, 3.0, 3.2, 4.4, 4.6, 3.8, 2.7, 2.0, 1.6, 1.4, 1.1, 0.9, 0.9, 1.1, 1.5, 1.9, 2.1, 2.3, 2.5, 2.6, 2.9, 3.6, 4.3, 4.5, 4.3, 3.8, 3.2, 2.7, 2.4, 2.2, 2.0, 1.7, 1.7, 2.0, 2.4, 2.3, 2.0, 1.9, 1.7, 3.8, 3.9, 4.6, 4.5, 3.6, 2.6, 2.0, 1.6, 1.3, 1.0, 0.8, 1.0, 1.4, 1.8, 2.3, 2.5, 2.6, 2.7, 2.5, 2.5, 3.1, 3.8, 4.4, 4.6, 4.4, 3.9, 3.4, 3.0, 2.7, 2.3, 2.0, 1.9, 2.2, 2.5, 2.3, 2.0, 1.9, 1.9, 4.1, 4.2, 4.6, 4.1, 3.2, 2.5, 1.9, 1.5, 1.2, 1.0, 0.9, 1.1, 1.6, 2.2, 2.6, 2.8, 2.9, 2.8, 2.5, 2.2, 2.5, 3.4, 4.3, 4.9, 5.1, 4.9, 4.5, 3.9, 3.3, 2.8, 2.3, 2.1, 2.3, 2.5, 2.3, 2.3, 2.0, 1.9, 3.5, 4.1, 4.4, 3.8, 3.0, 2.4, 1.8, 1.3, 1.1, 1.1, 1.0, 1.3, 1.8, 2.4, 2.8, 3.1, 3.2, 3.2, 2.9, 2.5, 2.8, 3.7, 4.8, 5.5, 5.9, 6.0, 5.7, 5.1, 4.3, 3.6, 2.9, 2.6, 2.5, 2.5, 2.5, 2.4, 2.3, 2.0, 3.5, 4.2, 4.3, 3.7, 3.1, 2.4, 1.7, 1.3, 1.1, 1.1, 1.0, 1.3, 1.9, 2.5, 3.0, 3.3, 3.6, 3.8, 3.8, 3.8, 4.2, 4.5, 4.9, 5.6, 6.0, 6.1, 5.8, 5.2, 4.3, 3.6, 3.8, 3.2, 2.8, 2.8, 2.5, 2.5, 2.4, 2.3, 4.1, 4.5, 4.5, 3.9, 3.2, 2.6, 1.8, 1.3, 1.1, 1.1, 1.0, 1.2, 1.9, 2.5, 3.1, 3.5, 4.0, 4.5, 5.1, 5.7, 5.9, 4.7, 4.9, 5.6, 6.0, 6.1, 5.9, 5.2, 4.4, 3.9, 3.9, 3.2, 2.8, 2.8, 2.8, 2.6, 2.5, 2.4, 5.2, 5.1, 4.8, 4.1, 3.4, 2.7, 1.8, 1.2, 1.1, 1.1, 1.0, 1.3, 2.0, 2.5, 3.1, 3.7, 4.5, 5.5, 6.8, 7.1, 6.4, 5.9, 4.7, 5.6, 6.0, 6.1, 5.9, 5.2, 3.9, 3.9, 3.9, 3.3, 2.8, 2.8, 2.8, 2.8, 2.6, 2.5, 5.4, 5.9, 5.3, 4.5, 3.6, 2.7, 1.8, 1.2, 1.0, 1.0, 1.0, 1.4, 2.0, 2.5, 3.1, 3.8, 5.0, 6.6, 7.2, 7.4, 7.2, 6.4, 6.0, 5.7, 6.0, 6.1, 5.9, 5.3, 3.9, 3.9, 3.9, 3.3, 2.9, 2.8, 2.8, 2.8, 2.8, 2.6, 6.7, 6.8, 5.8, 4.8, 3.8, 2.9, 2.0, 1.4, 1.1, 1.1, 1.1, 1.5, 2.0, 2.6, 3.3, 4.3, 5.7, 6.5, 7.1, 7.2, 7.4, 7.2, 6.4, 6.2, 6.0, 6.1, 5.9, 5.3, 4.0, 3.9, 3.9, 3.3, 2.9, 2.8, 2.8, 2.8, 2.8, 2.8, 7.2, 7.2, 6.2, 5.1, 4.0, 3.1, 2.3, 1.8, 1.6, 1.5, 1.6, 1.8, 2.3, 2.9, 3.8, 5.1, 5.9, 6.1, 6.5, 7.1, 7.2, 7.4, 7.3, 6.4, 6.1, 6.1, 5.9, 4.2, 3.9, 3.9, 3.9, 3.3, 2.9, 2.8, 2.8, 2.8, 2.8, 2.8, 7.2, 7.1, 6.3, 5.4, 4.4, 3.5, 2.8, 2.3, 2.2, 2.2, 2.2, 2.4, 2.8, 3.2, 4.1, 5.6, 5.8, 5.9, 6.1, 6.4, 7.0, 7.2, 7.4, 7.3, 6.2, 6.1, 5.9, 4.2, 3.9, 3.9, 3.9, 3.3, 2.9, 2.8, 2.8, 2.8, 2.8, 2.8, 7.1, 6.3, 6.1, 5.7, 4.8, 4.0, 3.3, 2.8, 2.6, 2.7, 2.6, 2.8, 3.1, 3.2, 4.1, 5.5, 5.8, 5.8, 5.9, 6.1, 6.4, 7.0, 7.2, 7.4, 7.3, 6.3, 5.9, 4.2, 3.9, 3.9, 3.9, 3.4, 2.9, 2.8, 2.8, 2.8, 2.8, 2.8, 6.4, 6.1, 5.7, 5.5, 5.1, 4.3, 3.6, 3.0, 2.7, 2.6, 2.5, 2.9, 3.1, 3.1, 3.6, 5.3, 5.8, 5.8, 5.8, 5.9, 6.1, 6.4, 7.0, 7.2, 7.4, 6.4, 4.5, 3.9, 3.9, 3.9, 3.9, 3.4, 2.9, 2.8, 2.8, 2.8, 2.8, 2.8, 6.1, 5.7, 5.5, 5.2, 5.1, 4.4, 3.5, 2.9, 2.5, 2.3, 2.2, 2.9, 3.1, 3.1, 3.1, 5.1, 5.8, 5.8, 5.8, 5.8, 5.9, 6.1, 6.3, 7.0, 7.2, 7.3, 4.7, 3.9, 3.9, 3.9, 3.9, 3.4, 2.9, 2.8, 2.8, 2.8, 2.8, 2.8]}, "None|9": {"ny": 29, "nx": 20, "lat0": 55.3845966, "lon0": 12.819519, "dLat": 8.983e-06, "dLon": 1.5813e-05, "slope": [4.0, 4.0, 3.9, 3.9, 4.3, 4.6, 5.5, 6.5, 6.5, 5.2, 3.3, 2.5, 2.5, 2.7, 2.8, 2.9, 2.8, 2.1, 1.5, 1.6, 4.0, 4.0, 4.0, 4.0, 3.9, 3.9, 4.2, 4.4, 4.2, 3.4, 2.4, 2.2, 2.3, 2.5, 2.8, 2.8, 2.1, 1.5, 1.6, 1.6, 7.4, 4.0, 4.0, 4.0, 4.0, 4.0, 3.9, 3.9, 3.2, 2.1, 1.9, 1.9, 1.8, 1.7, 1.7, 1.5, 1.4, 1.5, 1.6, 1.6, 12.1, 10.1, 7.9, 4.0, 4.0, 4.0, 4.0, 3.4, 2.1, 1.5, 1.5, 1.6, 1.1, 0.7, 0.5, 0.4, 0.6, 1.2, 1.6, 1.6, 13.6, 13.6, 12.4, 10.7, 8.5, 4.0, 4.0, 3.1, 1.5, 1.2, 1.2, 1.1, 0.7, 0.5, 0.6, 0.8, 1.1, 1.4, 1.6, 1.7, 13.6, 13.6, 13.6, 13.6, 12.7, 11.3, 9.2, 3.2, 1.1, 1.0, 0.8, 0.6, 0.6, 1.0, 1.3, 1.5, 1.7, 1.8, 1.9, 2.0, 15.1, 14.7, 13.6, 13.6, 13.6, 13.6, 10.9, 3.5, 0.8, 0.6, 0.4, 0.3, 0.9, 1.4, 1.7, 2.0, 2.1, 2.1, 2.2, 2.3, 16.1, 15.8, 15.3, 14.7, 13.1, 13.1, 10.8, 3.6, 0.7, 0.4, 0.6, 0.9, 1.4, 1.7, 1.9, 2.1, 2.1, 2.0, 2.0, 1.9, 14.5, 16.1, 16.1, 15.9, 15.2, 14.4, 9.5, 3.3, 1.1, 1.1, 1.3, 1.5, 1.7, 1.8, 1.8, 1.7, 1.5, 1.3, 1.1, 1.1, 11.1, 13.9, 14.2, 16.1, 16.1, 14.5, 7.3, 2.6, 1.3, 1.5, 1.7, 1.7, 1.7, 1.6, 1.3, 0.9, 0.5, 0.4, 0.6, 0.8, 9.3, 10.7, 12.8, 13.6, 13.4, 11.3, 5.0, 1.7, 1.1, 1.4, 1.6, 1.6, 1.4, 1.2, 0.7, 0.3, 0.5, 0.9, 1.2, 1.1, 9.0, 9.2, 10.6, 12.6, 12.0, 7.5, 3.2, 1.1, 1.0, 1.3, 1.3, 1.2, 1.0, 0.6, 0.3, 0.5, 1.1, 1.3, 1.4, 1.4, 8.5, 9.0, 9.0, 8.5, 8.6, 4.7, 2.0, 0.7, 1.0, 1.2, 1.0, 0.7, 0.4, 0.1, 0.4, 0.9, 1.2, 1.3, 1.3, 1.4, 8.1, 8.5, 8.9, 6.5, 5.1, 2.9, 1.3, 0.8, 1.2, 1.1, 0.8, 0.4, 0.1, 0.2, 0.6, 1.0, 1.2, 1.2, 1.2, 1.3, 8.4, 8.0, 6.7, 4.7, 3.0, 1.6, 0.9, 1.1, 1.3, 1.1, 0.7, 0.5, 0.3, 0.3, 0.7, 1.1, 1.2, 1.2, 1.2, 1.2, 8.7, 6.5, 4.3, 2.8, 1.7, 0.6, 0.7, 1.2, 1.2, 1.0, 0.8, 0.7, 0.6, 0.6, 1.0, 1.3, 1.3, 1.2, 1.2, 1.2, 7.8, 4.8, 2.9, 1.8, 0.9, 0.3, 0.8, 1.0, 1.0, 0.8, 0.9, 0.9, 0.8, 0.9, 1.2, 1.2, 1.3, 1.3, 1.2, 1.2, 6.4, 3.7, 2.1, 1.1, 0.5, 0.7, 1.0, 1.0, 0.9, 0.8, 0.9, 1.1, 1.0, 1.1, 1.1, 1.2, 1.2, 1.3, 1.3, 1.2, 5.5, 2.9, 1.3, 0.8, 0.8, 1.0, 1.2, 1.1, 1.0, 0.9, 1.1, 1.3, 1.3, 1.3, 1.1, 1.1, 1.2, 1.2, 1.3, 1.3, 5.3, 2.2, 0.9, 1.0, 1.3, 1.4, 1.5, 1.4, 1.3, 1.3, 1.4, 1.4, 1.3, 1.3, 1.3, 1.1, 1.1, 1.2, 1.2, 1.3, 6.3, 1.9, 1.1, 1.7, 1.9, 1.9, 2.0, 1.9, 1.8, 1.7, 1.7, 1.7, 1.7, 1.3, 1.3, 1.3, 1.1, 1.1, 1.2, 1.2, 7.0, 2.0, 1.7, 2.4, 2.5, 2.5, 2.5, 2.3, 2.1, 1.9, 1.9, 1.8, 1.7, 1.7, 1.4, 1.3, 1.3, 1.1, 1.1, 1.2, 4.0, 2.1, 2.5, 3.1, 3.2, 3.0, 2.8, 2.5, 2.2, 2.0, 2.0, 2.0, 1.8, 1.7, 1.7, 1.4, 1.3, 1.3, 1.1, 1.1, 2.0, 2.0, 3.1, 3.7, 3.6, 3.3, 2.9, 2.6, 2.4, 2.2, 2.1, 2.1, 2.1, 2.1, 2.1, 1.9, 1.5, 1.3, 1.3, 1.1, 2.9, 3.3, 3.8, 4.1, 3.8, 3.3, 2.9, 2.7, 2.6, 2.5, 2.5, 2.5, 2.5, 2.5, 2.5, 2.5, 2.5, 1.7, 1.5, 1.3, 3.9, 4.2, 4.2, 4.1, 3.7, 3.2, 2.8, 2.8, 2.9, 2.9, 2.6, 2.5, 2.5, 2.5, 2.5, 2.5, 2.5, 2.5, 2.5, 1.8, 4.2, 4.2, 4.1, 4.1, 3.7, 3.1, 2.8, 2.8, 2.9, 2.9, 2.9, 2.6, 2.5, 2.5, 2.5, 2.5, 2.5, 2.5, 2.5, 2.5, 4.2, 4.1, 4.1, 4.1, 4.0, 3.5, 3.1, 3.0, 2.9, 2.9, 2.9, 2.9, 2.7, 2.5, 2.5, 2.5, 2.5, 2.5, 2.5, 2.5, 4.2, 4.1, 4.1, 4.2, 4.2, 3.7, 3.2, 3.0, 3.0, 2.9, 2.9, 2.9, 2.9, 2.7, 2.5, 2.5, 2.5, 2.5, 2.5, 2.5]}, "None|10": {"ny": 21, "nx": 31, "lat0": 55.386844, "lon0": 12.8212892, "dLat": 8.983e-06, "dLon": 1.5814e-05, "slope": [0.8, 0.8, 0.8, 0.8, 0.9, 1.1, 1.1, 1.4, 1.8, 1.8, 1.4, 1.6, 2.4, 2.6, 2.6, 2.0, 1.2, 0.6, 0.5, 0.9, 1.0, 1.1, 1.5, 1.9, 1.9, 1.8, 1.8, 2.1, 2.3, 2.2, 2.2, 0.8, 0.8, 0.8, 0.8, 0.9, 1.1, 1.1, 1.3, 1.7, 1.8, 1.5, 1.4, 2.1, 2.6, 2.6, 2.0, 1.2, 0.7, 0.7, 1.0, 1.1, 1.2, 1.4, 1.7, 1.8, 1.8, 1.9, 2.2, 2.4, 2.5, 2.5, 0.8, 0.8, 0.8, 0.8, 0.8, 0.8, 1.0, 1.2, 1.5, 1.6, 1.3, 1.1, 1.7, 2.4, 2.4, 1.7, 1.1, 0.7, 0.7, 0.9, 1.1, 1.1, 1.3, 1.5, 1.6, 1.7, 1.9, 2.2, 2.5, 2.7, 2.9, 0.6, 0.8, 0.8, 0.8, 0.8, 0.6, 0.5, 1.1, 1.2, 1.1, 0.9, 1.0, 1.6, 2.1, 2.0, 1.4, 0.8, 0.5, 0.5, 0.8, 1.0, 1.0, 1.1, 1.3, 1.4, 1.6, 1.9, 2.3, 2.6, 3.1, 3.4, 0.6, 0.7, 0.9, 0.8, 0.8, 0.6, 0.4, 0.8, 1.0, 0.8, 0.6, 0.8, 1.4, 1.8, 1.7, 1.1, 0.6, 0.3, 0.4, 0.7, 0.8, 0.9, 1.0, 1.1, 1.2, 1.5, 1.9, 2.3, 2.7, 3.3, 3.7, 1.3, 0.6, 0.7, 1.0, 1.0, 0.7, 0.6, 0.8, 0.9, 0.7, 0.5, 0.9, 1.3, 1.6, 1.4, 0.9, 0.5, 0.3, 0.4, 0.7, 0.8, 0.8, 0.9, 0.9, 1.0, 1.4, 1.8, 2.2, 2.7, 3.3, 3.8, 1.6, 1.4, 0.6, 0.6, 0.8, 0.7, 0.8, 1.0, 0.9, 0.6, 0.6, 1.0, 1.2, 1.3, 1.2, 0.8, 0.5, 0.3, 0.4, 0.6, 0.7, 0.7, 0.7, 0.7, 0.9, 1.3, 1.7, 2.1, 2.7, 3.3, 3.8, 1.6, 1.6, 1.4, 0.5, 0.3, 0.4, 0.7, 0.9, 0.8, 0.7, 0.9, 1.1, 1.1, 1.2, 1.0, 0.7, 0.4, 0.3, 0.4, 0.5, 0.6, 0.6, 0.6, 0.7, 0.9, 1.3, 1.8, 2.3, 2.8, 3.2, 3.4, 1.6, 1.6, 1.5, 0.8, 0.5, 0.4, 0.7, 0.8, 0.7, 0.9, 1.2, 1.3, 1.2, 1.1, 0.9, 0.6, 0.3, 0.2, 0.3, 0.4, 0.5, 0.6, 0.6, 0.7, 1.0, 1.5, 2.1, 2.5, 2.9, 3.2, 3.2, 1.7, 1.7, 1.5, 0.9, 0.5, 0.5, 0.5, 0.5, 0.7, 1.3, 1.5, 1.5, 1.4, 1.3, 1.1, 0.8, 0.6, 0.5, 0.5, 0.5, 0.6, 0.6, 0.6, 0.8, 1.2, 1.8, 2.3, 2.7, 2.9, 3.0, 3.0, 2.1, 2.0, 1.4, 0.8, 0.4, 0.3, 0.3, 0.5, 1.1, 1.7, 1.8, 1.8, 1.7, 1.6, 1.5, 1.3, 1.1, 0.9, 0.8, 0.7, 0.7, 0.6, 0.6, 0.9, 1.5, 2.2, 2.6, 2.8, 2.9, 2.9, 3.0, 2.1, 2.1, 1.5, 0.8, 0.3, 0.2, 0.4, 0.9, 1.6, 2.0, 2.1, 2.1, 2.1, 2.1, 2.0, 1.8, 1.6, 1.3, 1.0, 0.8, 0.7, 0.6, 0.6, 1.0, 1.8, 2.5, 2.9, 2.9, 2.7, 2.7, 2.8, 2.2, 2.2, 1.6, 0.8, 0.3, 0.3, 0.8, 1.5, 2.1, 2.3, 2.3, 2.2, 2.3, 2.4, 2.3, 2.2, 2.0, 1.7, 1.4, 1.1, 0.9, 0.8, 0.9, 1.4, 2.2, 2.8, 3.1, 3.0, 3.0, 2.7, 2.7, 1.6, 2.0, 1.5, 0.9, 0.5, 0.6, 1.3, 2.0, 2.4, 2.5, 2.3, 2.2, 2.3, 2.4, 2.3, 2.3, 2.3, 2.1, 1.9, 1.6, 1.3, 1.2, 1.4, 2.0, 2.6, 3.1, 3.3, 3.0, 3.0, 3.0, 2.7, 1.6, 1.7, 1.5, 1.2, 0.9, 1.1, 1.8, 2.3, 2.6, 2.6, 2.3, 2.2, 2.2, 2.2, 2.1, 2.2, 2.4, 2.3, 2.3, 2.2, 1.9, 1.7, 2.0, 2.5, 3.1, 3.4, 3.3, 3.3, 3.0, 3.0, 3.0, 1.1, 1.3, 1.5, 1.5, 1.5, 1.8, 2.3, 2.7, 2.9, 2.8, 2.6, 2.3, 2.2, 2.1, 2.0, 2.1, 2.3, 2.4, 2.6, 2.8, 2.6, 2.3, 2.5, 3.0, 3.3, 3.3, 3.3, 3.3, 3.3, 3.0, 3.0, 0.6, 0.9, 1.3, 1.7, 2.1, 2.5, 2.9, 3.2, 3.3, 3.2, 3.0, 2.7, 2.6, 2.4, 2.2, 2.2, 2.3, 2.4, 2.8, 3.2, 3.2, 3.0, 3.0, 3.1, 3.3, 3.3, 3.3, 3.3, 3.3, 3.3, 3.0, 0.2, 0.5, 1.0, 1.7, 2.6, 3.2, 3.7, 3.9, 3.8, 3.7, 3.5, 3.3, 3.1, 2.9, 2.7, 2.7, 2.7, 2.8, 3.2, 3.8, 4.0, 3.9, 3.1, 3.1, 3.3, 3.3, 3.3, 3.3, 3.3, 3.3, 3.3, 0.2, 0.6, 0.8, 1.8, 3.1, 4.0, 4.5, 4.6, 4.5, 4.2, 4.1, 3.9, 3.7, 3.6, 3.4, 3.4, 3.0, 3.0, 3.4, 4.0, 4.2, 4.2, 3.2, 3.1, 3.1, 3.3, 3.3, 3.3, 3.3, 3.3, 3.3, 0.5, 0.6, 0.8, 2.2, 3.8, 4.9, 5.3, 5.2, 5.0, 4.8, 4.7, 4.3, 4.1, 3.9, 3.7, 3.7, 3.1, 3.0, 3.4, 3.9, 4.2, 4.2, 4.0, 3.2, 3.1, 3.3, 3.3, 3.3, 3.3, 3.3, 3.3, 0.6, 0.8, 1.0, 2.7, 4.5, 5.6, 5.9, 5.6, 5.3, 5.1, 5.1, 4.4, 4.1, 3.9, 3.7, 3.7, 3.4, 3.1, 3.3, 3.9, 4.2, 4.2, 4.2, 3.3, 3.1, 3.1, 3.3, 3.3, 3.3, 3.3, 3.3]}, "None|11": {"ny": 29, "nx": 29, "lat0": 55.3872466, "lon0": 12.8192164, "dLat": 8.983e-06, "dLon": 1.5815e-05, "slope": [2.9, 2.9, 2.9, 2.9, 3.3, 3.8, 3.9, 3.9, 3.9, 4.4, 4.8, 4.8, 4.3, 4.2, 4.4, 4.7, 6.5, 6.5, 4.7, 3.4, 2.4, 1.6, 1.0, 0.6, 0.4, 0.4, 1.1, 1.4, 1.5, 3.0, 2.9, 2.9, 2.9, 2.9, 3.3, 3.7, 3.9, 3.9, 4.1, 4.6, 4.8, 4.0, 3.2, 3.8, 3.8, 3.9, 3.6, 2.5, 1.8, 1.5, 1.2, 1.0, 0.8, 0.6, 0.6, 1.0, 1.2, 1.7, 3.1, 3.0, 2.9, 2.9, 2.9, 2.9, 3.3, 3.7, 3.9, 3.8, 3.9, 4.4, 4.1, 2.7, 2.3, 2.4, 2.3, 1.9, 1.5, 1.3, 1.4, 1.5, 1.5, 1.5, 1.4, 1.5, 1.6, 1.9, 2.1, 3.2, 3.1, 3.0, 3.0, 2.9, 2.9, 2.9, 3.2, 3.7, 3.8, 3.5, 3.5, 3.2, 2.2, 1.7, 1.8, 2.0, 2.0, 1.8, 1.6, 1.6, 1.7, 1.7, 1.7, 1.8, 1.8, 1.9, 2.0, 2.1, 3.2, 3.2, 3.2, 3.1, 3.0, 2.9, 2.9, 2.9, 3.2, 3.3, 3.0, 2.7, 2.4, 2.1, 1.9, 2.1, 2.3, 2.3, 2.1, 1.9, 1.7, 1.7, 1.7, 1.7, 1.7, 1.7, 1.8, 1.8, 1.9, 3.2, 3.2, 3.2, 3.2, 3.1, 3.0, 2.9, 2.9, 2.8, 2.5, 2.2, 2.2, 2.2, 2.2, 2.2, 2.2, 2.3, 2.3, 2.2, 2.0, 1.8, 1.7, 1.7, 1.7, 1.7, 1.7, 1.8, 1.9, 1.9, 3.2, 3.2, 3.2, 3.2, 3.2, 3.1, 3.0, 2.9, 2.6, 2.3, 2.0, 2.0, 2.1, 2.2, 2.1, 2.1, 2.1, 2.2, 2.2, 2.1, 2.0, 2.0, 2.0, 2.0, 2.0, 2.1, 2.2, 2.3, 2.4, 3.4, 3.3, 3.2, 3.2, 3.2, 3.2, 3.1, 2.8, 2.5, 2.1, 1.9, 1.9, 2.0, 2.1, 2.0, 2.0, 2.0, 2.0, 2.1, 2.2, 2.2, 2.3, 2.3, 2.4, 2.6, 2.7, 2.9, 3.1, 3.1, 3.6, 3.4, 3.4, 3.3, 3.2, 3.2, 3.0, 2.6, 2.2, 1.9, 1.8, 1.8, 1.9, 2.0, 2.0, 1.9, 1.9, 1.9, 2.0, 2.1, 2.2, 2.4, 2.6, 2.8, 3.1, 3.3, 3.4, 3.3, 3.1, 4.8, 3.7, 3.7, 3.4, 3.4, 3.1, 2.4, 2.4, 2.0, 1.7, 1.7, 1.7, 1.8, 1.9, 1.9, 1.9, 1.8, 1.8, 1.8, 1.9, 2.1, 2.3, 2.6, 3.0, 3.2, 3.6, 3.9, 3.9, 3.6, 5.2, 5.2, 4.8, 3.8, 3.7, 2.6, 1.7, 2.0, 1.7, 1.6, 1.6, 1.8, 1.9, 2.0, 2.1, 2.1, 2.0, 1.9, 1.9, 2.0, 2.1, 2.3, 2.6, 2.9, 3.3, 3.8, 4.2, 4.2, 4.2, 5.8, 5.5, 5.2, 5.2, 4.5, 1.8, 1.2, 1.8, 1.8, 1.9, 1.9, 2.0, 2.2, 2.3, 2.4, 2.4, 2.3, 2.2, 2.2, 2.2, 2.3, 2.4, 2.6, 2.8, 3.2, 3.8, 4.3, 4.3, 4.3, 9.1, 7.3, 5.7, 5.6, 4.5, 1.9, 1.6, 2.3, 2.6, 2.7, 2.6, 2.6, 2.6, 2.7, 2.8, 2.8, 2.7, 2.5, 2.3, 2.2, 2.1, 2.1, 2.2, 2.4, 2.7, 3.3, 3.7, 3.7, 3.7, 9.4, 9.1, 7.7, 7.0, 4.7, 3.3, 3.2, 3.4, 3.6, 3.5, 3.3, 3.1, 3.0, 3.0, 3.0, 2.9, 2.7, 2.5, 2.1, 1.8, 1.4, 1.2, 1.2, 1.5, 1.9, 2.5, 2.8, 2.8, 3.1, 9.4, 9.4, 9.1, 6.8, 5.2, 4.4, 4.2, 4.1, 4.0, 3.8, 3.6, 3.3, 3.1, 3.0, 2.9, 2.7, 2.5, 2.1, 1.6, 1.1, 0.7, 0.6, 1.0, 1.4, 2.0, 2.6, 3.0, 3.1, 4.0, 9.8, 9.9, 9.0, 5.9, 4.7, 4.3, 4.1, 3.8, 3.6, 3.5, 3.3, 3.0, 2.7, 2.5, 2.4, 2.3, 2.2, 1.9, 1.7, 1.5, 1.4, 1.6, 2.0, 2.5, 3.0, 3.8, 4.3, 4.0, 4.1, 12.4, 12.1, 8.7, 5.2, 3.9, 3.7, 3.5, 3.2, 3.1, 3.0, 2.8, 2.5, 2.3, 2.1, 2.1, 2.3, 2.4, 2.4, 2.3, 2.3, 2.2, 2.2, 2.5, 2.9, 3.4, 4.2, 5.1, 5.5, 5.5, 13.1, 12.0, 8.3, 4.8, 3.3, 3.0, 2.8, 2.7, 2.5, 2.5, 2.4, 2.4, 2.3, 2.4, 2.7, 3.0, 3.1, 3.0, 2.9, 2.6, 2.3, 2.1, 2.1, 2.3, 2.8, 3.6, 4.6, 5.5, 5.5, 12.9, 11.1, 7.5, 4.2, 2.7, 2.3, 2.2, 2.2, 2.4, 2.5, 2.7, 2.9, 3.1, 3.3, 3.6, 3.7, 3.6, 3.3, 2.9, 2.4, 2.0, 1.6, 1.5, 1.6, 1.9, 2.6, 3.5, 4.5, 4.5, 11.2, 9.1, 5.9, 3.2, 2.0, 1.8, 2.0, 2.4, 2.7, 3.1, 3.4, 3.7, 3.9, 4.0, 4.0, 3.8, 3.4, 2.9, 2.4, 1.9, 1.5, 1.3, 1.1, 1.2, 1.5, 2.1, 2.7, 3.5, 3.5, 8.9, 7.1, 4.1, 2.0, 1.6, 2.1, 2.6, 3.1, 3.5, 3.9, 4.1, 4.2, 4.2, 4.1, 3.8, 3.3, 2.7, 2.2, 1.8, 1.4, 1.2, 1.1, 1.2, 1.3, 1.6, 2.1, 2.6, 3.1, 3.1, 8.9, 6.4, 2.9, 1.4, 1.9, 2.8, 3.5, 3.9, 4.2, 4.5, 4.6, 4.5, 4.2, 3.8, 3.3, 2.6, 2.1, 1.7, 1.4, 1.1, 1.0, 1.2, 1.5, 1.7, 2.0, 2.4, 2.8, 2.8, 3.1, 8.1, 3.3, 2.6, 1.7, 2.4, 3.4, 4.0, 4.5, 4.7, 4.8, 4.7, 4.4, 3.9, 3.4, 2.8, 2.2, 1.7, 1.4, 1.2, 1.0, 1.1, 1.4, 1.8, 2.1, 2.3, 2.6, 2.7, 2.8, 2.8, 3.6, 2.6, 2.6, 2.5, 2.5, 3.3, 4.2, 4.8, 5.0, 4.9, 4.5, 4.0, 3.4, 2.9, 2.3, 1.8, 1.5, 1.3, 1.1, 1.1, 1.3, 1.6, 2.0, 2.2, 2.4, 2.5, 2.7, 2.7, 2.8, 3.6, 2.6, 2.5, 2.5, 2.5, 3.7, 4.7, 4.9, 5.1, 4.9, 4.2, 3.5, 2.8, 2.3, 1.8, 1.5, 1.3, 1.1, 1.0, 1.1, 1.3, 1.7, 2.1, 2.2, 2.4, 2.5, 2.5, 2.6, 2.7, 2.6, 2.6, 2.5, 2.5, 2.5, 4.4, 4.9, 5.1, 5.1, 4.6, 4.0, 3.1, 2.3, 1.8, 1.4, 1.2, 1.1, 1.0, 0.9, 1.0, 1.3, 1.5, 2.0, 2.2, 2.4, 2.5, 2.5, 2.5, 2.6, 2.6, 2.5, 2.5, 2.5, 2.5, 4.3, 5.1, 5.1, 4.7, 4.1, 3.5, 2.9, 2.1, 1.5, 1.2, 1.1, 1.0, 0.9, 0.9, 1.0, 1.3, 1.4, 2.0, 2.2, 2.2, 2.4, 2.5, 2.5, 2.5, 2.6, 2.5, 2.5, 2.5, 3.0, 4.6, 5.1, 5.1, 4.2, 3.5, 2.9, 2.4, 2.0, 1.4, 1.2, 1.1, 1.2, 1.2, 1.0, 1.0, 1.3, 1.4, 1.5, 2.0, 2.2, 2.4, 2.5, 2.5, 2.5, 2.5, 2.5, 2.5, 2.5, 4.3, 5.1, 5.1, 4.8, 3.8, 3.0, 2.5, 2.0, 1.9, 1.4, 1.2, 1.2, 1.3, 1.3, 1.1, 1.0, 1.0, 1.3, 1.4, 2.0, 2.2, 2.2, 2.4, 2.5, 2.5]}, "None|12": {"ny": 35, "nx": 25, "lat0": 55.3850145, "lon0": 12.817259, "dLat": 8.983e-06, "dLon": 1.5814e-05, "slope": [15.7, 15.7, 15.7, 15.7, 15.7, 15.7, 17.2, 23.8, 25.3, 25.4, 21.3, 12.7, 8.0, 7.2, 6.6, 6.5, 5.1, 4.8, 4.8, 4.8, 4.8, 4.7, 4.7, 4.4, 4.3, 14.9, 15.7, 15.7, 15.7, 15.7, 15.7, 15.7, 16.9, 23.5, 25.4, 21.5, 13.1, 6.0, 5.3, 6.3, 6.5, 5.2, 4.8, 4.8, 4.8, 4.7, 4.4, 4.3, 4.3, 4.4, 11.5, 11.9, 11.7, 14.6, 15.7, 15.7, 15.7, 15.7, 18.2, 17.7, 12.8, 5.9, 4.0, 5.4, 6.0, 5.6, 4.9, 4.7, 4.8, 4.4, 4.3, 4.3, 4.3, 4.4, 4.4, 9.9, 9.9, 9.9, 11.1, 11.4, 9.1, 8.0, 7.7, 7.4, 5.8, 2.5, 2.5, 4.5, 5.4, 5.2, 4.5, 4.1, 4.2, 4.3, 4.3, 4.3, 4.3, 4.4, 4.4, 4.4, 9.9, 9.9, 9.9, 9.9, 9.9, 9.3, 9.1, 8.0, 6.3, 5.3, 4.9, 5.2, 5.4, 4.9, 3.9, 3.0, 3.1, 4.0, 4.3, 4.3, 4.4, 4.4, 4.4, 4.4, 4.4, 10.9, 11.0, 10.3, 9.9, 9.9, 9.9, 9.9, 8.6, 7.0, 6.2, 5.8, 5.4, 4.9, 3.9, 2.5, 1.5, 2.1, 3.4, 4.0, 4.3, 4.4, 4.4, 4.4, 4.4, 4.9, 11.6, 11.6, 11.2, 11.1, 9.5, 8.5, 8.4, 7.0, 5.3, 4.5, 4.3, 4.1, 3.5, 2.5, 1.1, 0.9, 1.7, 2.7, 3.8, 4.1, 4.1, 4.3, 4.5, 4.9, 6.1, 11.6, 11.6, 11.6, 11.6, 11.0, 10.8, 8.8, 5.6, 3.2, 2.2, 2.3, 2.4, 2.0, 1.1, 0.7, 1.2, 1.8, 2.3, 2.8, 3.1, 3.4, 4.3, 5.1, 6.2, 6.7, 17.9, 14.6, 11.6, 11.6, 11.6, 11.6, 9.1, 5.2, 2.4, 0.8, 0.6, 0.8, 0.6, 0.6, 1.0, 1.4, 1.7, 2.1, 2.7, 3.1, 4.1, 5.0, 6.1, 6.7, 6.7, 21.9, 20.0, 18.5, 15.5, 12.4, 12.5, 9.6, 5.2, 2.8, 1.7, 1.1, 0.7, 0.6, 0.8, 1.0, 1.2, 1.6, 2.4, 3.3, 4.4, 5.1, 6.0, 6.7, 6.7, 6.8, 21.9, 21.9, 21.9, 20.5, 19.5, 16.5, 9.8, 4.9, 3.0, 2.4, 1.7, 1.3, 1.1, 0.8, 0.6, 1.0, 1.7, 2.8, 4.2, 5.7, 6.6, 6.9, 6.9, 6.8, 6.4, 21.9, 21.9, 21.9, 21.9, 21.9, 17.5, 9.1, 4.2, 3.1, 2.6, 1.8, 1.4, 1.2, 0.7, 0.5, 0.8, 1.6, 3.0, 4.9, 6.7, 7.7, 7.7, 7.2, 6.5, 5.2, 19.0, 20.9, 20.9, 20.8, 20.8, 16.3, 7.4, 3.6, 3.3, 2.5, 1.4, 0.9, 0.9, 1.0, 0.9, 0.8, 1.4, 3.0, 5.2, 7.2, 8.2, 7.8, 6.6, 5.3, 4.3, 15.8, 16.9, 17.2, 17.7, 17.6, 13.3, 5.5, 3.8, 3.8, 2.6, 1.2, 0.5, 0.8, 1.2, 1.1, 0.7, 1.1, 2.9, 5.2, 7.2, 8.2, 7.8, 6.0, 4.8, 5.3, 15.0, 15.0, 15.2, 15.4, 14.3, 9.4, 4.3, 4.8, 4.5, 3.0, 1.7, 1.4, 1.5, 1.5, 1.0, 0.5, 1.0, 2.7, 4.8, 6.7, 7.6, 7.3, 6.4, 6.3, 7.6, 15.0, 15.0, 15.0, 15.0, 12.3, 6.0, 4.9, 6.0, 5.1, 3.3, 2.0, 1.7, 1.8, 1.6, 1.0, 0.6, 1.0, 2.3, 4.2, 6.0, 6.8, 6.5, 6.2, 7.4, 8.9, 8.4, 8.5, 9.2, 8.9, 7.3, 4.6, 6.3, 6.6, 5.1, 3.2, 1.8, 1.5, 1.5, 1.4, 1.1, 1.0, 1.1, 1.9, 3.6, 5.3, 6.0, 5.7, 5.7, 7.3, 9.1, 4.2, 4.4, 4.9, 4.6, 4.2, 5.8, 7.1, 6.5, 4.8, 2.8, 1.6, 1.3, 1.3, 1.2, 1.2, 1.3, 1.3, 1.6, 2.9, 4.4, 5.0, 4.6, 4.7, 6.3, 8.1, 5.6, 4.2, 4.2, 4.4, 5.3, 6.7, 6.9, 5.9, 4.1, 2.5, 1.6, 1.4, 1.3, 1.0, 1.2, 1.5, 1.3, 1.3, 2.3, 3.5, 3.8, 3.1, 2.9, 4.7, 6.5, 6.9, 6.1, 6.1, 5.8, 6.2, 6.3, 5.8, 4.8, 3.5, 2.5, 1.9, 1.6, 1.2, 0.6, 1.1, 1.6, 1.3, 1.3, 2.0, 3.0, 3.1, 2.0, 1.5, 3.6, 5.7, 7.1, 7.1, 7.0, 6.6, 6.0, 5.1, 4.1, 3.5, 3.2, 2.9, 2.5, 2.0, 1.2, 0.5, 1.2, 1.5, 1.4, 1.5, 2.3, 3.3, 3.4, 2.7, 2.5, 4.2, 6.1, 7.2, 7.2, 7.1, 6.6, 5.5, 3.9, 2.4, 2.1, 2.8, 3.3, 3.1, 2.4, 1.4, 0.9, 1.3, 1.4, 1.3, 1.7, 2.8, 3.9, 4.2, 3.9, 4.1, 5.2, 6.9, 6.3, 6.3, 6.7, 6.0, 4.9, 3.5, 2.1, 1.0, 1.9, 3.2, 3.5, 2.9, 1.9, 1.4, 1.3, 1.2, 1.2, 2.0, 3.4, 4.5, 4.9, 4.7, 4.6, 5.1, 6.7, 5.7, 5.7, 5.6, 4.8, 4.0, 3.4, 2.8, 1.8, 0.9, 2.3, 3.4, 3.5, 2.9, 2.2, 1.7, 1.4, 1.6, 2.4, 3.8, 4.8, 5.2, 5.0, 4.3, 3.5, 6.3, 4.0, 4.7, 4.0, 3.1, 2.8, 2.9, 3.1, 2.7, 1.4, 0.9, 2.8, 3.9, 3.9, 3.2, 2.5, 2.2, 2.3, 2.9, 3.8, 4.6, 5.0, 4.9, 3.6, 1.9, 5.1, 2.8, 2.8, 2.1, 1.4, 1.4, 1.9, 2.5, 2.8, 2.4, 1.5, 2.0, 3.3, 3.9, 3.7, 3.2, 2.8, 2.7, 2.8, 3.1, 3.7, 4.4, 4.8, 3.8, 3.4, 3.7, 1.7, 0.9, 0.8, 0.6, 0.5, 0.9, 1.7, 2.5, 3.0, 2.6, 1.7, 2.1, 3.3, 3.7, 3.5, 3.1, 2.5, 1.9, 1.8, 2.8, 4.2, 5.3, 5.4, 6.1, 5.7, 1.7, 1.3, 1.3, 1.0, 0.8, 0.8, 1.3, 2.2, 2.9, 3.1, 2.4, 1.8, 2.8, 3.7, 3.7, 3.0, 2.0, 0.8, 1.2, 3.0, 4.9, 6.7, 8.0, 8.1, 7.3, 3.0, 2.6, 2.2, 1.8, 1.2, 1.0, 1.2, 1.8, 2.7, 3.4, 3.5, 3.0, 3.2, 3.8, 3.8, 3.1, 2.2, 2.0, 2.9, 4.4, 6.5, 8.8, 10.3, 10.2, 10.2, 3.5, 3.1, 2.7, 2.2, 1.5, 0.9, 0.9, 1.5, 2.7, 4.0, 4.8, 4.6, 4.0, 3.9, 3.9, 3.8, 3.7, 4.1, 5.1, 6.6, 8.6, 10.5, 10.7, 10.4, 10.2, 3.1, 2.9, 2.9, 2.6, 1.8, 0.9, 0.7, 1.7, 3.3, 5.1, 6.1, 5.6, 4.2, 3.8, 4.5, 5.3, 5.8, 6.3, 7.3, 8.6, 10.3, 10.5, 10.6, 10.7, 10.4, 2.8, 2.8, 2.6, 2.6, 2.0, 1.2, 0.9, 2.2, 4.2, 6.0, 6.7, 5.5, 5.2, 4.0, 4.5, 5.2, 5.7, 6.3, 7.2, 8.6, 10.2, 10.5, 10.5, 10.6, 10.7, 2.8, 2.6, 2.4, 2.5, 2.0, 1.4, 1.2, 2.6, 4.6, 6.0, 6.3, 5.4, 5.2, 4.0, 4.5, 5.2, 5.7, 6.3, 7.2, 8.6, 10.2, 10.5, 10.5, 10.5, 10.6, 2.6, 2.4, 2.4, 2.1, 1.8, 1.4, 1.0, 1.1, 4.1, 6.0, 6.3, 5.4, 5.2, 5.2, 4.7, 5.2, 5.7, 6.3, 7.2, 8.5, 10.1, 10.5, 10.5, 10.5, 10.5, 2.4, 2.4, 2.1, 1.8, 1.8, 1.1, 0.8, 0.8, 3.9, 5.9, 6.3, 6.2, 5.5, 5.2, 4.8, 5.2, 5.7, 6.2, 7.1, 8.5, 10.1, 10.5, 10.5, 10.5, 10.5]}, "None|13": {"ny": 32, "nx": 25, "lat0": 55.3815703, "lon0": 12.8160276, "dLat": 8.983e-06, "dLon": 1.5812e-05, "slope": [6.7, 6.7, 6.7, 6.7, 4.9, 4.5, 2.6, 2.1, 2.1, 2.1, 2.1, 2.4, 3.4, 3.8, 4.6, 4.7, 4.5, 3.8, 2.7, 1.3, 1.1, 1.1, 1.2, 1.3, 1.3, 8.8, 7.3, 6.7, 6.7, 6.7, 6.7, 5.1, 2.7, 2.1, 2.1, 2.1, 2.1, 2.4, 3.3, 3.8, 4.5, 4.6, 3.4, 1.8, 1.2, 1.4, 1.5, 1.3, 1.2, 1.2, 12.5, 10.0, 7.4, 6.7, 6.7, 6.7, 6.7, 5.3, 4.9, 2.9, 2.1, 2.1, 2.1, 2.3, 3.3, 4.6, 4.4, 2.7, 1.2, 1.2, 1.5, 1.4, 1.1, 0.9, 0.8, 12.5, 12.5, 10.2, 8.6, 7.2, 6.7, 6.7, 6.7, 6.7, 5.6, 4.5, 2.7, 2.1, 2.1, 3.5, 4.7, 3.9, 2.0, 0.9, 1.0, 1.2, 1.0, 0.8, 0.7, 0.7, 12.5, 12.5, 12.5, 11.7, 9.4, 7.3, 6.7, 6.7, 6.7, 6.7, 6.4, 4.9, 4.4, 3.7, 4.2, 4.6, 3.4, 1.4, 0.7, 0.9, 0.8, 0.6, 0.5, 0.6, 0.7, 12.5, 12.5, 12.5, 12.5, 11.8, 9.6, 8.6, 7.4, 6.7, 6.7, 6.7, 6.4, 5.6, 4.9, 5.0, 4.6, 3.0, 1.1, 0.7, 0.9, 0.7, 0.4, 0.3, 0.4, 0.4, 12.5, 12.5, 12.5, 12.5, 12.5, 11.9, 10.7, 9.3, 8.4, 7.3, 6.7, 6.7, 6.2, 5.9, 5.7, 4.8, 2.9, 1.1, 0.9, 1.0, 0.7, 0.5, 0.5, 0.4, 0.3, 16.2, 14.3, 12.5, 12.5, 12.5, 12.5, 11.9, 10.8, 9.9, 8.9, 8.3, 7.7, 6.8, 6.3, 6.0, 5.0, 3.0, 1.2, 0.9, 1.0, 0.7, 0.6, 0.6, 0.5, 0.5, 22.8, 19.6, 14.6, 12.5, 12.5, 12.5, 12.5, 12.0, 10.9, 10.0, 9.4, 8.4, 7.2, 6.4, 5.9, 5.0, 3.1, 1.3, 0.9, 0.8, 0.5, 0.5, 0.6, 0.7, 0.8, 22.6, 22.7, 19.9, 17.3, 15.1, 12.5, 12.5, 12.5, 12.1, 10.9, 9.8, 8.7, 7.3, 6.3, 5.7, 4.7, 2.9, 1.4, 1.0, 0.8, 0.5, 0.5, 0.5, 0.9, 1.3, 22.6, 22.6, 22.7, 22.9, 20.5, 17.3, 14.8, 12.5, 12.5, 11.9, 10.5, 8.8, 7.1, 6.1, 5.4, 4.2, 2.5, 1.4, 1.3, 1.1, 0.9, 0.7, 0.7, 1.4, 2.0, 22.6, 22.6, 22.6, 22.7, 22.9, 22.4, 19.6, 17.1, 16.1, 13.8, 11.4, 8.8, 6.9, 5.7, 4.7, 3.5, 2.0, 1.3, 1.4, 1.3, 1.1, 1.0, 0.9, 2.0, 2.9, 22.6, 22.6, 22.6, 22.6, 22.7, 22.9, 22.5, 21.3, 18.8, 15.0, 11.4, 8.4, 6.4, 4.9, 3.7, 2.4, 1.4, 1.2, 1.2, 1.1, 1.2, 1.0, 1.1, 2.5, 3.7, 19.9, 20.7, 22.6, 22.6, 22.6, 22.7, 22.9, 21.9, 18.3, 13.6, 9.5, 6.8, 4.9, 3.5, 2.3, 1.4, 1.0, 1.2, 1.2, 1.2, 1.4, 1.2, 1.2, 2.6, 3.9, 14.8, 16.5, 19.6, 20.8, 22.6, 22.6, 22.4, 20.2, 15.3, 9.9, 6.2, 4.2, 2.7, 1.6, 1.0, 0.8, 1.1, 1.4, 1.5, 1.5, 1.8, 1.7, 1.5, 2.4, 3.6, 14.6, 14.8, 15.2, 17.1, 19.7, 20.0, 20.0, 16.3, 10.6, 5.5, 2.7, 1.5, 0.9, 0.6, 0.7, 1.1, 1.4, 1.6, 1.6, 1.6, 1.9, 1.9, 1.6, 1.9, 2.6, 14.4, 14.6, 14.8, 15.2, 16.0, 16.7, 15.8, 11.7, 6.5, 2.5, 1.1, 1.0, 0.8, 0.8, 1.0, 1.4, 1.7, 1.7, 1.5, 1.4, 1.6, 1.7, 1.5, 1.4, 1.6, 14.0, 14.3, 14.6, 14.8, 14.8, 13.8, 11.3, 8.0, 4.4, 1.9, 1.4, 1.2, 1.0, 0.8, 1.0, 1.4, 1.6, 1.5, 1.3, 1.3, 1.4, 1.5, 1.4, 1.2, 1.0, 13.5, 14.0, 14.3, 14.3, 12.6, 9.7, 7.4, 5.4, 3.4, 2.1, 1.7, 1.3, 0.9, 0.7, 0.9, 1.3, 1.3, 0.9, 0.8, 1.0, 1.3, 1.5, 1.4, 1.2, 0.9, 12.7, 13.5, 13.7, 12.3, 8.9, 6.2, 4.5, 3.4, 2.4, 1.8, 1.7, 1.5, 1.2, 0.8, 0.8, 1.1, 1.1, 0.5, 0.2, 0.5, 0.8, 1.1, 1.2, 1.0, 0.8, 12.5, 12.5, 11.8, 8.5, 5.6, 3.7, 2.6, 2.0, 1.4, 1.4, 1.6, 1.6, 1.4, 0.9, 0.4, 0.9, 1.1, 0.7, 0.5, 0.3, 0.1, 0.4, 0.6, 0.7, 0.6, 11.3, 10.9, 8.0, 5.0, 3.3, 2.2, 1.6, 1.1, 0.5, 0.9, 1.2, 1.4, 1.4, 1.1, 0.6, 0.9, 1.2, 1.0, 0.9, 0.8, 0.6, 0.4, 0.4, 0.3, 0.3, 8.1, 7.8, 4.9, 3.1, 2.3, 1.4, 1.0, 0.7, 0.4, 0.8, 0.6, 1.1, 1.7, 1.6, 1.0, 1.0, 1.2, 1.1, 1.0, 0.9, 0.9, 0.8, 0.6, 0.3, 0.3, 5.7, 5.1, 3.1, 2.7, 2.1, 1.2, 0.7, 0.6, 0.8, 0.9, 0.4, 1.1, 2.0, 2.0, 1.1, 0.8, 1.1, 0.8, 0.7, 0.7, 0.7, 0.7, 0.6, 0.5, 0.5, 4.7, 3.1, 2.5, 2.9, 2.4, 1.1, 0.5, 0.5, 0.9, 1.1, 0.5, 1.0, 2.1, 2.1, 1.1, 0.4, 0.9, 0.6, 0.4, 0.4, 0.3, 0.2, 0.3, 0.5, 0.5, 4.8, 1.8, 2.3, 3.2, 2.7, 1.3, 0.3, 0.2, 0.8, 1.1, 0.5, 0.8, 1.9, 2.2, 1.4, 0.2, 0.8, 0.8, 0.7, 0.8, 0.7, 0.6, 0.3, 0.3, 0.5, 3.6, 1.3, 2.0, 3.3, 3.1, 1.7, 0.5, 0.4, 0.7, 1.0, 0.7, 0.7, 1.7, 2.3, 1.7, 0.3, 0.7, 1.1, 1.2, 1.2, 1.1, 1.1, 0.9, 0.9, 0.9, 1.4, 1.4, 1.6, 3.3, 3.5, 2.3, 0.9, 0.6, 0.8, 1.1, 0.9, 0.7, 1.7, 2.3, 1.9, 0.6, 0.8, 1.5, 1.7, 1.5, 1.2, 1.2, 1.3, 0.9, 0.9, 1.4, 1.3, 1.2, 2.9, 3.6, 2.9, 1.6, 0.9, 0.9, 1.2, 1.0, 0.9, 1.8, 2.5, 2.2, 0.9, 1.0, 2.0, 2.2, 1.6, 1.2, 1.2, 1.2, 1.3, 1.0, 1.3, 1.2, 1.8, 2.7, 3.3, 3.1, 2.3, 1.5, 1.3, 1.3, 1.0, 1.0, 1.9, 2.7, 2.5, 1.5, 1.7, 2.5, 2.6, 2.5, 1.4, 1.2, 1.2, 1.2, 1.3, 1.2, 1.7, 2.6, 2.9, 3.0, 3.1, 2.6, 2.1, 1.8, 1.6, 1.2, 1.2, 2.0, 2.9, 2.9, 2.4, 2.3, 2.6, 2.6, 2.6, 1.4, 1.2, 1.2, 1.2, 1.2, 1.7, 2.6, 2.9, 3.0, 3.1, 3.1, 2.5, 2.3, 2.1, 1.8, 1.3, 1.2, 2.0, 2.9, 3.0, 2.5, 2.4, 2.6, 2.6, 2.6, 2.6, 1.4, 1.2, 1.2, 1.2]}, "None|14": {"ny": 28, "nx": 24, "lat0": 55.3831869, "lon0": 12.8159961, "dLat": 8.983e-06, "dLon": 1.5813e-05, "slope": [13.2, 14.3, 13.0, 11.4, 9.6, 7.9, 6.6, 5.4, 5.0, 4.7, 4.7, 4.6, 4.7, 4.9, 5.4, 6.4, 7.5, 8.0, 8.0, 5.9, 3.4, 2.6, 1.8, 1.8, 12.6, 14.0, 14.4, 13.1, 11.5, 9.7, 7.9, 6.7, 5.4, 5.1, 4.7, 4.7, 4.7, 4.8, 5.3, 5.9, 6.4, 6.2, 4.7, 3.4, 2.7, 1.8, 1.9, 2.1, 12.0, 12.5, 13.9, 14.4, 13.2, 11.6, 9.9, 8.0, 6.8, 5.5, 5.1, 4.6, 4.5, 4.5, 4.7, 4.9, 5.1, 5.0, 3.7, 2.2, 1.9, 2.0, 2.6, 3.5, 12.0, 12.0, 12.9, 14.8, 14.5, 13.3, 11.7, 10.0, 8.1, 6.9, 5.2, 4.4, 4.1, 3.9, 3.7, 3.6, 3.9, 4.5, 4.3, 3.5, 3.1, 3.2, 3.5, 3.5, 12.0, 12.0, 12.4, 13.8, 14.8, 14.5, 13.4, 11.8, 10.2, 7.4, 5.0, 4.2, 3.8, 3.3, 2.7, 2.4, 2.9, 3.6, 3.7, 3.2, 3.0, 3.3, 3.3, 3.2, 10.3, 12.0, 12.0, 12.8, 14.8, 14.8, 14.6, 13.5, 10.9, 6.7, 4.6, 3.9, 3.4, 2.7, 1.9, 1.5, 2.0, 2.6, 2.7, 2.2, 1.8, 2.0, 1.9, 1.9, 7.4, 10.1, 12.0, 12.3, 13.6, 14.8, 14.8, 13.8, 9.2, 5.6, 4.1, 3.6, 3.1, 2.3, 1.3, 1.0, 1.4, 2.0, 2.2, 1.7, 1.1, 0.8, 0.8, 0.8, 5.8, 7.2, 9.9, 12.0, 12.1, 13.1, 14.2, 11.1, 7.0, 4.7, 3.8, 3.5, 2.9, 2.0, 1.1, 0.6, 0.9, 1.6, 1.9, 1.7, 0.9, 0.1, 0.1, 0.2, 4.5, 5.7, 7.1, 9.6, 11.8, 11.2, 10.6, 7.4, 5.1, 4.0, 3.6, 3.3, 2.7, 1.9, 1.0, 0.5, 0.3, 1.1, 1.8, 1.8, 1.4, 0.9, 0.8, 0.8, 4.3, 4.4, 5.6, 7.0, 8.8, 7.9, 6.3, 4.7, 3.8, 3.3, 3.1, 2.8, 2.2, 1.4, 0.9, 0.7, 0.4, 0.7, 1.5, 1.9, 2.0, 1.8, 1.0, 0.8, 4.3, 4.3, 4.4, 5.3, 5.0, 4.5, 3.8, 3.3, 3.0, 2.8, 2.6, 2.2, 1.5, 0.9, 0.8, 0.9, 0.6, 0.4, 1.3, 2.0, 2.2, 2.3, 2.1, 1.1, 4.3, 4.2, 3.7, 3.4, 3.2, 3.0, 2.8, 2.7, 2.5, 2.3, 2.0, 1.6, 0.9, 0.6, 0.9, 1.0, 0.7, 0.4, 1.3, 2.0, 2.0, 2.3, 2.3, 2.3, 4.6, 4.0, 2.8, 2.3, 2.2, 2.2, 2.3, 2.2, 2.0, 1.8, 1.5, 1.1, 0.5, 0.5, 0.9, 1.0, 0.6, 0.4, 1.4, 2.3, 2.4, 2.3, 2.3, 2.3, 5.0, 3.4, 1.9, 1.4, 1.4, 1.5, 1.7, 1.7, 1.5, 1.3, 1.0, 0.6, 0.2, 0.7, 1.0, 1.0, 0.4, 0.7, 1.9, 1.9, 2.4, 2.4, 2.4, 2.3, 4.9, 2.8, 1.2, 0.6, 0.7, 1.1, 1.3, 1.3, 1.1, 0.8, 0.7, 0.4, 0.3, 0.9, 1.2, 0.9, 0.1, 1.2, 2.6, 2.6, 2.6, 2.4, 2.5, 2.5, 4.7, 2.3, 0.8, 0.4, 0.6, 1.0, 1.2, 1.2, 0.9, 0.6, 0.6, 0.5, 0.5, 1.0, 1.2, 0.6, 0.6, 1.9, 3.3, 3.3, 3.3, 3.5, 3.5, 3.6, 3.4, 2.0, 0.8, 0.6, 0.7, 1.1, 1.3, 1.2, 0.8, 0.6, 0.6, 0.5, 0.4, 0.8, 0.9, 0.4, 1.2, 2.5, 3.9, 4.0, 4.0, 5.0, 5.0, 5.0, 1.7, 1.7, 0.9, 0.7, 0.8, 1.2, 1.4, 1.2, 0.7, 0.4, 0.5, 0.4, 0.2, 0.6, 0.7, 0.7, 1.7, 3.0, 4.4, 4.5, 5.0, 5.0, 4.8, 4.7, 1.4, 1.4, 0.8, 0.7, 1.0, 1.4, 1.5, 1.1, 0.5, 0.4, 0.5, 0.4, 0.2, 0.4, 0.5, 0.9, 2.0, 3.3, 4.5, 5.0, 5.0, 4.8, 3.2, 3.0, 2.1, 1.5, 0.8, 0.7, 1.2, 1.6, 1.6, 0.9, 0.4, 0.4, 0.5, 0.6, 0.2, 0.2, 0.3, 1.0, 2.1, 3.3, 4.2, 4.3, 4.3, 3.2, 3.0, 3.0, 3.1, 1.8, 1.0, 0.9, 1.4, 1.8, 1.5, 0.9, 0.5, 0.5, 0.7, 0.7, 0.5, 0.2, 0.3, 1.0, 2.1, 3.0, 3.7, 3.7, 3.1, 3.0, 3.0, 3.2, 3.1, 2.0, 1.3, 1.2, 1.6, 1.8, 1.4, 0.9, 0.6, 0.6, 0.7, 0.9, 0.8, 0.5, 0.5, 1.1, 1.9, 2.6, 3.1, 3.2, 3.0, 3.0, 3.2, 3.3, 3.0, 2.3, 1.6, 1.5, 1.8, 1.8, 1.4, 0.8, 0.6, 0.5, 0.7, 1.0, 1.1, 0.9, 0.8, 1.2, 1.7, 2.2, 2.6, 2.7, 2.7, 3.1, 3.3, 3.6, 2.9, 2.4, 2.0, 1.8, 2.0, 1.9, 1.5, 1.0, 0.6, 0.6, 0.8, 1.1, 1.4, 1.4, 1.3, 1.4, 1.7, 2.0, 2.1, 2.2, 2.4, 3.2, 3.7, 5.2, 2.8, 2.5, 2.2, 2.2, 2.3, 2.3, 2.0, 1.5, 1.0, 1.0, 1.2, 1.5, 1.8, 1.9, 1.9, 1.9, 2.0, 2.0, 2.0, 1.9, 2.4, 3.6, 5.2, 5.7, 2.8, 2.6, 2.4, 2.3, 2.5, 2.5, 2.2, 1.7, 1.2, 1.2, 1.4, 1.6, 2.2, 2.7, 2.8, 2.8, 2.8, 2.6, 2.3, 2.4, 3.0, 4.4, 5.0, 5.5, 2.8, 2.6, 2.4, 2.3, 2.5, 2.5, 2.2, 1.7, 1.2, 1.2, 1.3, 2.1, 2.6, 2.8, 3.0, 3.8, 4.2, 3.9, 3.5, 3.5, 4.1, 5.3, 5.9, 5.9, 2.7, 2.5, 2.3, 2.3, 2.4, 2.5, 2.2, 1.7, 1.2, 1.1, 1.9, 2.6, 2.7, 2.8, 3.7, 4.4, 4.3, 3.9, 4.3, 4.6, 4.5, 5.3, 5.9, 5.9]}, "None|15": {"ny": 29, "nx": 25, "lat0": 55.3800105, "lon0": 12.8137564, "dLat": 8.983e-06, "dLon": 1.5812e-05, "slope": [7.9, 7.9, 7.9, 6.1, 3.8, 3.4, 3.1, 3.1, 3.3, 3.5, 3.8, 4.2, 4.2, 4.2, 4.2, 4.5, 4.5, 3.5, 2.6, 2.1, 2.1, 2.0, 1.9, 1.9, 1.8, 7.9, 7.9, 7.9, 7.0, 5.1, 3.8, 3.4, 3.1, 3.1, 3.1, 3.3, 2.8, 2.9, 4.2, 4.2, 4.5, 4.6, 3.7, 2.6, 2.1, 2.0, 2.0, 1.9, 1.8, 1.7, 7.9, 7.9, 7.9, 7.9, 6.3, 4.0, 3.9, 3.4, 3.1, 3.1, 3.1, 2.9, 2.3, 1.8, 2.2, 3.5, 4.2, 3.5, 2.5, 2.0, 1.9, 1.8, 1.7, 1.6, 1.6, 7.9, 7.9, 7.9, 7.9, 7.2, 5.3, 4.0, 3.4, 2.7, 3.1, 3.1, 3.1, 2.9, 2.1, 1.8, 3.1, 3.6, 2.9, 2.2, 1.9, 1.8, 1.4, 1.0, 0.9, 0.7, 7.9, 7.9, 7.9, 7.9, 7.9, 6.6, 4.0, 3.7, 3.0, 2.7, 3.3, 3.1, 3.1, 3.0, 3.2, 3.6, 2.9, 2.0, 1.5, 1.7, 1.7, 1.3, 0.5, 0.3, 0.5, 7.2, 7.9, 7.9, 7.9, 7.9, 7.3, 5.5, 4.0, 3.4, 2.2, 2.7, 3.3, 3.5, 3.9, 4.0, 3.6, 2.5, 1.4, 1.1, 1.6, 1.9, 1.4, 0.6, 0.4, 0.6, 5.9, 7.1, 7.9, 7.9, 7.9, 7.9, 6.8, 4.0, 3.8, 3.0, 2.2, 2.7, 3.5, 3.6, 3.5, 2.9, 2.1, 1.4, 1.1, 1.5, 1.8, 1.4, 0.6, 0.5, 0.8, 5.5, 5.9, 7.5, 7.9, 7.9, 7.9, 7.5, 5.8, 4.0, 3.5, 1.9, 2.2, 2.5, 2.5, 2.3, 2.0, 1.7, 1.4, 1.2, 1.4, 1.5, 1.1, 0.7, 0.7, 0.8, 5.5, 5.6, 6.4, 7.4, 7.9, 7.9, 7.9, 7.2, 4.8, 3.5, 1.6, 1.4, 1.5, 1.5, 1.3, 1.2, 1.3, 1.3, 1.2, 1.1, 0.9, 0.7, 0.6, 0.5, 0.4, 4.9, 5.5, 5.7, 6.8, 7.4, 7.9, 7.9, 7.5, 5.2, 2.9, 1.1, 0.8, 1.0, 0.9, 0.7, 0.7, 0.9, 1.0, 0.9, 0.6, 0.3, 0.4, 0.4, 0.3, 0.3, 4.0, 5.5, 5.6, 6.2, 6.8, 7.3, 7.7, 6.5, 4.1, 1.8, 0.5, 0.4, 0.6, 0.5, 0.4, 0.5, 0.5, 0.5, 0.4, 0.3, 0.5, 0.6, 0.5, 0.5, 0.3, 3.9, 4.8, 5.5, 5.5, 5.9, 6.7, 6.3, 4.4, 2.3, 1.2, 0.8, 0.6, 0.5, 0.4, 0.5, 0.5, 0.5, 0.7, 0.9, 1.1, 1.1, 1.0, 0.5, 0.5, 0.5, 3.7, 3.8, 4.8, 5.4, 4.9, 5.1, 3.6, 2.0, 1.4, 1.6, 1.8, 1.5, 1.1, 1.0, 1.1, 1.2, 1.3, 1.4, 1.5, 1.5, 1.5, 1.0, 0.5, 0.5, 0.5, 3.4, 3.7, 3.8, 4.4, 3.6, 2.6, 1.4, 0.8, 1.4, 1.9, 2.2, 2.1, 1.8, 1.6, 1.8, 1.9, 2.0, 2.1, 2.1, 2.0, 1.5, 1.5, 1.1, 0.5, 0.5, 2.9, 3.3, 3.3, 2.7, 1.9, 1.3, 0.8, 1.0, 1.5, 1.6, 1.8, 2.1, 2.0, 2.0, 2.1, 2.4, 2.6, 2.8, 2.8, 2.1, 2.1, 1.5, 1.5, 0.6, 0.5, 2.9, 2.8, 2.6, 2.2, 1.7, 1.4, 1.4, 1.4, 1.4, 1.3, 1.2, 1.7, 1.9, 2.0, 2.3, 2.7, 3.2, 3.2, 2.8, 2.8, 2.1, 2.1, 1.6, 1.5, 0.5, 3.1, 3.0, 2.8, 2.5, 2.3, 2.1, 1.9, 1.6, 1.4, 1.2, 1.1, 1.4, 1.7, 1.9, 2.4, 3.2, 3.9, 3.9, 3.9, 2.8, 2.8, 2.2, 2.1, 1.6, 0.6, 3.6, 3.6, 3.4, 3.0, 2.7, 2.4, 2.1, 1.8, 1.6, 1.5, 1.4, 1.4, 1.6, 1.9, 2.7, 3.7, 4.1, 4.1, 4.1, 4.1, 4.1, 4.1, 2.3, 2.2, 1.6, 4.1, 4.2, 3.9, 3.3, 2.8, 2.4, 2.1, 1.9, 1.9, 1.9, 1.8, 1.7, 1.6, 1.9, 2.8, 3.7, 3.5, 3.5, 3.4, 3.4, 3.4, 3.3, 3.3, 3.3, 2.2, 4.5, 4.7, 4.2, 3.3, 2.7, 2.2, 1.9, 1.8, 2.0, 2.1, 2.1, 1.9, 1.7, 2.0, 2.8, 3.2, 2.4, 2.3, 2.2, 2.2, 2.2, 2.1, 2.1, 2.0, 2.0, 4.7, 5.0, 4.3, 3.2, 2.4, 1.9, 1.6, 1.5, 1.8, 1.9, 1.9, 1.8, 1.8, 2.2, 2.7, 2.5, 1.3, 1.0, 1.0, 0.9, 0.9, 0.9, 0.9, 0.9, 0.8, 4.8, 4.9, 4.5, 3.2, 2.2, 1.5, 1.2, 1.3, 1.5, 1.5, 1.4, 1.5, 1.8, 2.1, 2.3, 1.7, 0.6, 0.5, 0.4, 0.4, 0.4, 0.4, 0.4, 0.4, 0.4, 4.7, 4.7, 4.7, 3.4, 2.2, 1.4, 1.1, 1.2, 1.4, 1.4, 1.1, 1.2, 1.5, 1.8, 1.6, 0.7, 0.4, 0.4, 0.4, 0.4, 0.4, 0.4, 0.4, 0.4, 0.4, 4.7, 4.7, 4.1, 3.3, 1.8, 1.2, 0.8, 1.0, 1.4, 1.4, 1.0, 0.8, 0.9, 1.0, 0.8, 0.4, 0.3, 0.3, 0.4, 0.4, 0.4, 0.4, 0.4, 0.4, 0.4, 4.7, 4.2, 3.3, 2.3, 1.2, 1.0, 0.7, 0.9, 1.3, 1.3, 0.9, 0.7, 0.7, 0.9, 0.7, 0.5, 0.5, 0.5, 0.5, 0.5, 0.5, 0.4, 0.4, 0.4, 0.4, 4.3, 3.4, 2.4, 1.2, 0.9, 1.1, 1.4, 1.5, 1.5, 1.3, 0.9, 0.8, 0.9, 1.1, 1.0, 0.6, 0.4, 0.4, 0.4, 0.4, 0.4, 0.4, 0.4, 0.4, 0.4, 3.4, 2.5, 1.3, 0.9, 1.1, 1.5, 2.1, 1.9, 1.8, 1.5, 0.8, 0.4, 0.5, 0.8, 1.0, 0.7, 0.5, 0.5, 0.5, 0.5, 0.5, 0.5, 0.5, 0.5, 0.5, 2.5, 1.4, 0.9, 1.0, 1.5, 2.1, 2.3, 2.1, 2.0, 1.6, 1.1, 0.9, 0.7, 0.6, 0.8, 0.9, 0.7, 0.5, 0.5, 0.5, 0.5, 0.5, 0.5, 0.5, 0.5, 1.4, 0.9, 1.0, 1.4, 2.0, 2.3, 2.2, 2.1, 2.1, 1.6, 1.2, 1.1, 0.8, 0.5, 0.7, 0.9, 0.9, 0.7, 0.5, 0.5, 0.5, 0.5, 0.5, 0.5, 0.5]}, "None|16": {"ny": 25, "nx": 32, "lat0": 55.3783875, "lon0": 12.8111006, "dLat": 8.983e-06, "dLon": 1.5811e-05, "slope": [9.4, 9.4, 9.4, 9.4, 9.4, 9.4, 9.4, 9.4, 8.9, 8.6, 8.2, 7.8, 10.0, 11.7, 18.0, 22.7, 22.7, 22.4, 16.3, 12.2, 12.2, 12.2, 17.0, 18.5, 14.7, 10.6, 6.7, 3.5, 1.3, 0.5, 0.5, 0.5, 9.4, 9.4, 9.4, 9.4, 9.4, 9.4, 9.4, 9.4, 9.4, 9.0, 7.8, 6.5, 9.0, 11.8, 17.9, 22.7, 22.4, 19.8, 14.7, 12.2, 12.2, 14.0, 18.4, 18.6, 14.8, 10.7, 6.8, 3.6, 1.3, 0.5, 0.5, 0.5, 9.4, 9.4, 9.4, 9.4, 9.4, 9.4, 9.4, 9.4, 9.4, 8.6, 6.6, 4.7, 6.3, 12.5, 19.2, 22.0, 20.8, 15.7, 12.2, 12.2, 12.2, 17.5, 21.4, 18.7, 14.9, 10.8, 7.0, 3.7, 1.4, 0.5, 0.5, 0.5, 9.4, 9.4, 9.4, 9.4, 9.4, 9.4, 9.4, 9.4, 9.2, 7.8, 5.1, 2.6, 2.6, 6.4, 11.8, 16.1, 17.7, 15.0, 12.2, 12.2, 12.3, 17.3, 21.5, 18.8, 15.0, 11.0, 7.1, 3.8, 1.5, 0.5, 0.5, 0.5, 9.4, 9.4, 9.4, 9.4, 9.4, 9.4, 9.4, 9.4, 8.7, 6.4, 3.5, 1.4, 1.1, 2.2, 4.1, 6.4, 8.4, 10.0, 11.4, 12.3, 12.7, 17.4, 21.6, 18.9, 15.2, 11.1, 7.2, 3.9, 1.5, 0.5, 0.5, 0.9, 7.6, 8.6, 8.6, 8.5, 8.5, 8.5, 8.4, 8.4, 7.4, 4.7, 1.9, 0.9, 1.9, 2.7, 2.6, 1.9, 1.9, 3.8, 7.8, 11.9, 13.9, 18.1, 21.6, 19.0, 15.3, 11.2, 7.3, 4.0, 1.6, 0.5, 0.8, 1.4, 6.0, 6.3, 5.9, 6.2, 7.0, 6.9, 6.9, 6.8, 5.8, 3.1, 1.2, 1.2, 2.3, 2.8, 2.7, 2.4, 1.7, 1.5, 3.5, 8.6, 13.2, 16.6, 19.7, 17.9, 14.6, 10.7, 6.8, 3.6, 1.5, 0.9, 1.4, 1.8, 5.9, 5.6, 5.3, 5.1, 5.3, 5.3, 5.6, 5.6, 4.7, 2.2, 0.8, 1.6, 2.6, 2.8, 2.2, 1.7, 2.0, 2.4, 2.2, 3.4, 7.4, 11.2, 13.1, 12.9, 11.2, 8.6, 5.7, 3.3, 1.9, 1.6, 1.9, 2.2, 6.1, 5.9, 5.7, 5.4, 5.0, 4.9, 4.9, 4.8, 4.1, 2.2, 1.0, 1.4, 2.5, 3.0, 2.4, 1.4, 1.6, 3.0, 4.1, 4.5, 4.9, 6.2, 7.2, 7.5, 7.3, 6.5, 5.0, 3.4, 2.4, 2.1, 2.2, 2.4, 6.3, 6.1, 5.9, 5.7, 5.4, 5.0, 4.9, 4.5, 3.5, 2.4, 1.3, 1.2, 2.1, 2.8, 2.7, 2.0, 1.9, 3.1, 4.8, 6.3, 7.1, 7.1, 6.5, 6.0, 5.9, 5.6, 4.5, 3.3, 2.6, 2.4, 2.5, 2.6, 6.6, 6.4, 6.1, 5.9, 5.7, 5.4, 4.7, 3.6, 2.7, 1.9, 1.2, 1.3, 1.9, 2.4, 2.6, 2.6, 3.0, 3.7, 4.5, 5.5, 6.0, 5.9, 5.2, 4.6, 4.7, 4.7, 4.0, 3.0, 2.5, 2.5, 2.7, 2.8, 6.8, 6.6, 6.4, 6.1, 6.0, 5.5, 4.3, 3.3, 2.4, 1.2, 0.4, 1.3, 1.9, 2.4, 2.8, 3.2, 3.8, 4.1, 4.0, 3.9, 3.9, 3.6, 3.1, 2.9, 3.5, 3.9, 3.5, 2.8, 2.5, 2.5, 2.7, 2.8, 6.9, 6.8, 6.6, 6.4, 5.9, 4.9, 3.9, 3.1, 2.3, 1.3, 1.0, 1.5, 2.0, 2.6, 3.2, 3.6, 3.9, 3.9, 3.5, 2.9, 2.5, 2.1, 1.9, 2.1, 2.9, 3.4, 3.2, 2.6, 2.4, 2.5, 2.7, 2.7, 6.9, 6.9, 6.8, 6.5, 5.4, 4.0, 3.0, 2.4, 1.7, 1.3, 1.7, 2.0, 2.4, 3.0, 3.5, 3.6, 3.5, 3.4, 3.1, 2.6, 2.1, 1.7, 1.5, 1.9, 2.7, 3.1, 2.9, 2.6, 2.3, 2.4, 2.7, 2.7, 6.8, 6.9, 6.9, 6.1, 4.4, 2.9, 2.1, 1.5, 1.0, 1.2, 2.0, 2.5, 3.0, 3.5, 3.6, 3.2, 2.9, 2.8, 2.7, 2.5, 2.1, 1.7, 1.4, 1.7, 2.4, 2.9, 2.9, 2.8, 2.6, 2.4, 2.5, 2.7, 6.8, 6.8, 6.5, 4.8, 2.8, 1.7, 1.2, 0.9, 0.5, 1.2, 2.0, 2.7, 3.5, 4.0, 3.6, 2.8, 2.3, 2.3, 2.3, 2.4, 2.2, 1.8, 1.4, 1.5, 2.2, 2.8, 2.8, 2.9, 2.9, 2.6, 2.4, 2.7, 6.0, 6.5, 5.1, 2.9, 1.4, 0.9, 0.8, 0.6, 0.5, 1.2, 1.9, 2.6, 3.7, 4.3, 3.7, 2.7, 2.2, 2.1, 2.1, 2.2, 2.2, 1.9, 1.3, 1.3, 1.8, 2.5, 2.5, 2.6, 2.9, 2.9, 2.7, 2.5, 5.6, 5.3, 3.3, 1.6, 0.8, 0.5, 0.6, 0.4, 0.6, 1.3, 1.9, 2.6, 3.7, 4.3, 3.8, 2.7, 2.2, 2.0, 1.8, 1.9, 2.1, 1.9, 1.3, 0.9, 1.3, 2.1, 2.0, 2.0, 2.3, 2.3, 2.3, 2.7, 4.6, 3.7, 2.0, 1.3, 0.8, 0.3, 0.4, 0.1, 0.7, 1.4, 2.1, 2.8, 3.8, 4.4, 3.8, 2.8, 2.3, 2.1, 1.7, 1.6, 2.0, 1.9, 1.2, 0.5, 0.9, 1.3, 1.8, 1.8, 1.8, 1.8, 1.8, 2.2, 4.2, 2.4, 1.6, 1.5, 1.0, 0.3, 0.3, 0.4, 0.9, 1.6, 2.3, 3.0, 4.0, 4.5, 3.8, 2.7, 2.2, 2.0, 1.6, 1.5, 1.9, 2.0, 1.1, 0.3, 0.7, 0.7, 1.2, 1.8, 1.8, 1.8, 1.8, 1.8, 2.2, 1.4, 1.6, 1.8, 1.3, 0.6, 0.5, 0.8, 1.1, 1.7, 2.4, 3.3, 4.3, 4.6, 3.7, 2.4, 1.9, 1.8, 1.5, 1.5, 2.0, 2.1, 1.2, 0.7, 0.7, 0.6, 0.6, 1.2, 1.2, 1.8, 1.8, 1.8, 1.1, 1.1, 1.5, 2.0, 1.7, 1.0, 0.8, 0.9, 1.1, 1.5, 2.3, 3.3, 4.4, 4.5, 3.2, 1.9, 1.7, 1.9, 1.8, 1.7, 2.2, 2.3, 1.2, 1.0, 0.9, 0.7, 0.6, 0.6, 0.6, 1.1, 1.1, 1.8, 1.1, 1.3, 1.4, 2.0, 1.9, 1.4, 1.0, 0.9, 0.8, 1.1, 2.1, 3.4, 4.3, 4.2, 2.9, 1.9, 2.0, 2.3, 2.3, 2.2, 2.4, 2.3, 1.2, 1.1, 1.0, 0.9, 0.8, 0.6, 0.6, 0.6, 0.6, 1.0, 1.3, 1.4, 1.8, 2.1, 2.0, 1.8, 1.5, 1.4, 1.3, 1.4, 1.5, 3.2, 4.3, 4.2, 2.9, 1.9, 2.0, 2.3, 2.3, 2.2, 2.4, 2.3, 1.3, 1.1, 1.1, 1.0, 0.9, 0.8, 0.6, 0.6, 0.6, 0.6, 1.4, 1.8, 2.1, 2.1, 2.0, 1.9, 1.6, 1.4, 1.4, 1.5, 1.5, 3.1, 4.2, 4.2, 3.0, 2.0, 1.9, 2.3, 2.3, 2.2, 2.4, 2.3, 1.3, 1.1, 1.1, 1.1, 1.0, 0.9, 0.8, 0.7, 0.6, 0.6]}, "None|17": {"ny": 19, "nx": 37, "lat0": 55.379638, "lon0": 12.8153696, "dLat": 8.983e-06, "dLon": 1.5812e-05, "slope": [7.1, 3.3, 3.3, 3.3, 5.0, 8.3, 9.0, 9.0, 9.0, 9.0, 8.2, 6.0, 4.0, 2.5, 2.0, 2.3, 2.3, 2.3, 2.3, 2.7, 3.9, 5.7, 7.0, 7.1, 7.1, 7.2, 6.8, 6.0, 5.2, 3.9, 2.7, 2.0, 1.7, 1.2, 1.2, 1.3, 1.4, 7.3, 3.6, 3.3, 3.3, 3.3, 5.1, 9.0, 9.0, 9.0, 9.0, 8.3, 6.0, 4.0, 2.5, 2.0, 2.3, 2.3, 2.2, 2.2, 2.5, 3.3, 4.3, 5.6, 7.0, 7.1, 7.1, 6.9, 5.8, 4.3, 2.7, 1.5, 1.1, 1.2, 1.2, 1.3, 1.4, 1.5, 9.0, 7.5, 3.7, 3.3, 3.3, 4.6, 8.1, 9.0, 9.0, 9.0, 8.3, 6.1, 4.1, 2.5, 2.0, 2.3, 2.3, 2.2, 2.1, 2.5, 3.3, 4.0, 4.2, 5.5, 7.0, 6.8, 5.9, 4.5, 2.9, 1.6, 1.0, 1.2, 1.4, 1.4, 1.4, 1.5, 1.5, 8.9, 9.0, 7.7, 3.8, 3.3, 3.3, 4.8, 9.0, 9.0, 9.0, 8.4, 6.2, 4.1, 2.6, 2.0, 2.3, 2.3, 2.2, 2.1, 2.4, 3.1, 3.6, 4.0, 4.1, 4.8, 5.3, 4.2, 3.0, 2.1, 1.5, 1.4, 1.5, 1.6, 1.5, 1.5, 1.5, 1.5, 5.2, 9.0, 8.9, 7.3, 3.9, 3.3, 4.3, 7.8, 9.0, 9.0, 8.5, 6.2, 4.2, 2.6, 1.9, 2.3, 2.3, 2.2, 2.1, 2.4, 3.0, 3.2, 3.4, 3.9, 3.8, 3.5, 2.8, 2.2, 1.8, 1.7, 1.8, 1.9, 1.9, 1.7, 1.7, 1.8, 1.8, 5.0, 8.8, 9.0, 8.9, 7.3, 4.0, 3.3, 4.2, 8.1, 8.9, 8.3, 6.1, 4.0, 2.4, 1.7, 2.1, 2.3, 2.2, 2.1, 2.4, 3.0, 3.2, 3.0, 2.9, 2.7, 2.4, 2.1, 1.8, 1.7, 1.7, 1.8, 1.9, 1.9, 1.8, 1.7, 1.7, 1.7, 4.2, 4.9, 9.0, 8.9, 8.2, 7.5, 4.2, 3.6, 5.9, 8.7, 7.8, 5.7, 3.6, 2.0, 1.3, 1.8, 2.2, 2.0, 1.7, 1.9, 2.5, 2.7, 2.5, 2.2, 2.0, 1.9, 1.9, 1.8, 1.6, 1.6, 1.6, 1.6, 1.5, 1.4, 1.3, 1.2, 1.2, 4.2, 4.7, 8.6, 9.0, 8.9, 7.9, 7.4, 3.2, 5.9, 8.0, 7.0, 5.2, 3.4, 1.8, 1.0, 1.5, 1.8, 1.5, 1.2, 1.3, 1.8, 2.1, 2.0, 1.7, 1.6, 1.7, 1.9, 1.9, 1.8, 1.7, 1.6, 1.5, 1.3, 1.2, 1.5, 1.9, 1.9, 4.1, 4.2, 4.6, 8.5, 8.9, 7.2, 6.7, 2.6, 6.1, 7.0, 6.1, 4.7, 3.2, 1.6, 0.6, 1.1, 1.5, 1.3, 1.1, 1.1, 1.4, 1.5, 1.5, 1.3, 1.3, 1.4, 1.8, 2.0, 2.0, 1.9, 1.7, 1.7, 1.7, 2.1, 2.9, 3.6, 3.6, 2.8, 4.1, 4.2, 4.7, 8.2, 6.5, 4.2, 4.4, 5.7, 5.7, 5.0, 4.1, 3.1, 1.7, 0.5, 0.8, 1.3, 1.3, 1.2, 1.2, 1.2, 1.2, 1.0, 0.8, 0.7, 1.0, 1.5, 1.9, 2.0, 2.0, 2.0, 2.2, 2.7, 3.3, 4.1, 4.6, 4.6, 2.7, 2.9, 4.1, 4.3, 4.6, 4.6, 4.4, 4.5, 4.5, 4.1, 3.8, 3.6, 3.0, 2.0, 0.9, 0.9, 1.3, 1.4, 1.5, 1.4, 1.3, 1.2, 1.1, 0.9, 0.7, 0.9, 1.4, 1.8, 1.9, 1.9, 2.3, 3.0, 3.5, 4.0, 4.5, 4.6, 4.6, 2.7, 2.8, 3.0, 3.5, 3.9, 3.9, 3.4, 2.9, 2.5, 2.5, 2.9, 3.3, 3.2, 2.6, 1.7, 1.4, 1.7, 1.9, 2.0, 1.9, 1.8, 1.8, 1.8, 1.7, 1.6, 1.4, 1.6, 1.7, 1.6, 1.8, 2.6, 3.5, 4.0, 4.1, 4.3, 4.2, 4.2, 2.5, 2.4, 2.5, 2.8, 3.0, 2.7, 1.9, 1.1, 1.0, 1.7, 2.6, 3.3, 3.5, 3.2, 2.5, 2.1, 2.2, 2.5, 2.6, 2.5, 2.5, 2.7, 2.8, 2.7, 2.4, 2.0, 1.7, 1.5, 1.3, 1.6, 2.6, 3.6, 4.1, 4.2, 4.3, 4.1, 4.1, 2.4, 2.2, 2.2, 2.4, 2.4, 2.2, 1.6, 0.9, 1.2, 1.9, 2.8, 3.5, 3.9, 3.7, 3.1, 2.6, 2.7, 3.0, 3.2, 3.2, 3.3, 3.5, 3.5, 3.3, 2.9, 2.4, 1.9, 1.4, 1.1, 1.4, 2.3, 3.3, 3.9, 4.2, 4.4, 4.4, 4.4, 2.4, 2.3, 2.2, 2.3, 2.4, 2.5, 2.2, 2.0, 2.1, 2.5, 3.0, 3.6, 4.1, 4.1, 3.7, 3.4, 3.6, 4.0, 4.1, 4.1, 4.3, 4.4, 4.3, 3.9, 3.6, 3.1, 2.3, 1.7, 1.3, 1.3, 1.9, 2.7, 3.4, 3.9, 4.4, 4.5, 4.4, 2.4, 2.5, 2.5, 2.6, 2.8, 3.1, 3.2, 3.2, 3.3, 3.4, 3.7, 4.1, 4.5, 4.7, 4.7, 4.8, 5.3, 5.7, 5.9, 6.0, 6.1, 6.0, 5.6, 5.1, 4.8, 4.2, 3.4, 2.5, 1.9, 1.4, 1.4, 1.9, 2.6, 3.3, 3.4, 4.3, 4.5, 2.7, 2.7, 2.7, 3.0, 3.4, 3.9, 4.1, 4.1, 4.2, 4.4, 4.8, 5.1, 5.1, 5.2, 5.3, 5.6, 6.2, 7.8, 8.4, 8.6, 8.5, 8.1, 7.4, 6.7, 6.2, 5.6, 4.7, 3.7, 2.8, 1.8, 1.0, 0.9, 2.5, 3.3, 3.4, 3.4, 4.2, 2.7, 2.7, 2.7, 3.0, 3.7, 4.1, 4.1, 3.9, 4.0, 4.5, 5.4, 5.5, 5.2, 5.2, 5.3, 5.6, 7.5, 9.0, 9.5, 9.7, 10.4, 10.0, 9.1, 8.3, 7.6, 6.8, 5.8, 4.8, 4.6, 2.2, 1.1, 0.9, 2.4, 3.3, 3.4, 3.4, 3.4, 2.7, 2.7, 2.8, 3.6, 3.8, 4.1, 4.1, 4.0, 4.0, 4.5, 5.4, 5.5, 5.3, 5.3, 5.3, 7.0, 8.9, 9.2, 9.5, 10.4, 11.0, 10.5, 9.6, 8.7, 7.9, 7.0, 6.0, 4.9, 4.7, 2.3, 1.1, 0.9, 0.9, 3.0, 3.4, 3.4, 3.4]}, "None|18": {"ny": 28, "nx": 30, "lat0": 55.3818313, "lon0": 12.8206052, "dLat": 8.983e-06, "dLon": 1.5812e-05, "slope": [1.5, 1.5, 1.5, 1.5, 1.5, 1.5, 1.5, 1.5, 1.5, 1.6, 1.7, 1.9, 2.1, 2.2, 2.1, 2.1, 2.4, 4.3, 8.7, 10.5, 11.9, 12.6, 13.1, 13.3, 12.5, 11.8, 9.9, 8.6, 6.9, 6.4, 1.5, 1.5, 1.5, 1.5, 1.5, 1.5, 1.5, 1.5, 1.5, 1.5, 1.6, 1.7, 1.9, 2.1, 2.4, 2.5, 2.4, 2.9, 5.9, 10.7, 12.6, 13.1, 13.3, 12.5, 11.8, 10.0, 8.7, 7.0, 6.4, 6.5, 2.7, 1.5, 1.5, 1.5, 1.5, 1.5, 1.5, 1.5, 1.5, 1.5, 1.5, 1.6, 1.7, 2.1, 2.4, 2.4, 2.2, 2.0, 3.6, 7.8, 11.9, 13.3, 12.6, 11.9, 10.1, 8.8, 7.1, 6.4, 6.8, 6.1, 6.3, 3.9, 3.4, 2.4, 1.5, 1.5, 1.5, 1.5, 1.5, 1.5, 1.5, 1.5, 1.7, 1.9, 1.9, 1.7, 1.5, 1.4, 2.2, 5.4, 9.7, 11.9, 12.0, 10.2, 8.8, 7.2, 6.3, 6.8, 6.7, 5.9, 8.5, 7.6, 6.6, 4.9, 3.7, 3.8, 3.9, 3.0, 2.1, 2.1, 2.1, 2.1, 2.0, 1.6, 1.2, 0.9, 0.8, 0.8, 1.4, 3.7, 7.6, 10.9, 10.5, 9.0, 7.3, 6.3, 6.7, 7.3, 6.4, 5.5, 8.5, 8.5, 8.2, 7.2, 6.0, 5.4, 5.4, 4.9, 4.4, 3.8, 3.0, 3.1, 2.6, 1.8, 1.0, 0.6, 0.6, 0.7, 1.0, 2.5, 5.7, 9.3, 10.8, 8.7, 6.6, 6.7, 7.2, 7.7, 6.6, 5.5, 8.5, 8.5, 8.5, 8.2, 7.3, 6.6, 6.1, 5.4, 5.4, 5.1, 4.9, 4.4, 3.3, 2.1, 1.1, 0.5, 0.4, 0.6, 1.0, 1.9, 3.9, 7.1, 9.7, 10.3, 8.7, 7.4, 8.1, 7.2, 5.5, 5.5, 8.5, 8.5, 8.5, 8.5, 8.3, 7.8, 7.1, 6.4, 5.8, 5.4, 5.4, 5.0, 3.8, 2.5, 1.3, 0.5, 0.2, 0.4, 0.8, 1.4, 2.5, 4.6, 7.2, 9.0, 9.5, 9.0, 8.5, 7.0, 5.5, 5.0, 8.7, 8.5, 8.5, 8.5, 8.5, 8.3, 7.8, 7.3, 6.7, 6.2, 6.0, 5.2, 4.1, 2.8, 1.5, 0.6, 0.3, 0.3, 0.6, 1.0, 1.5, 2.6, 4.3, 5.9, 7.0, 7.2, 6.6, 5.6, 4.7, 3.6, 9.2, 8.7, 8.5, 8.5, 8.5, 8.5, 8.3, 7.8, 7.3, 6.9, 6.2, 5.2, 4.0, 2.7, 1.5, 0.5, 0.2, 0.3, 0.4, 0.6, 0.9, 1.4, 2.1, 3.0, 3.7, 3.9, 3.5, 3.0, 2.4, 2.0, 9.5, 9.3, 8.9, 8.8, 8.5, 8.5, 8.5, 8.3, 7.9, 7.1, 6.0, 4.8, 3.6, 2.4, 1.5, 0.6, 0.2, 0.2, 0.3, 0.4, 0.5, 0.8, 1.0, 1.3, 1.5, 1.5, 1.2, 1.1, 1.3, 1.3, 9.5, 9.5, 9.5, 9.3, 8.9, 8.6, 8.5, 8.5, 8.1, 7.0, 5.7, 4.3, 3.0, 1.9, 1.2, 0.7, 0.3, 0.2, 0.2, 0.2, 0.3, 0.5, 0.7, 0.8, 0.8, 0.8, 0.5, 0.4, 1.0, 1.4, 9.5, 9.5, 9.6, 9.6, 9.4, 9.1, 8.7, 8.6, 8.0, 6.6, 5.2, 3.7, 2.5, 1.6, 1.0, 0.6, 0.3, 0.3, 0.3, 0.3, 0.4, 0.6, 0.8, 0.9, 1.0, 0.9, 0.7, 0.5, 1.0, 1.4, 9.5, 9.5, 9.5, 9.7, 9.6, 9.4, 9.2, 8.6, 7.4, 5.9, 4.5, 3.1, 2.1, 1.4, 0.8, 0.3, 0.1, 0.4, 0.6, 0.7, 0.9, 1.0, 1.2, 1.2, 1.3, 1.3, 1.1, 1.1, 1.3, 1.3, 9.0, 9.5, 9.5, 9.6, 9.7, 9.6, 9.2, 8.0, 6.6, 5.0, 3.5, 2.3, 1.5, 1.1, 0.7, 0.4, 0.4, 0.6, 0.9, 1.2, 1.4, 1.4, 1.4, 1.4, 1.5, 1.5, 1.6, 1.7, 1.6, 1.4, 8.2, 8.9, 9.5, 9.5, 9.6, 9.6, 8.5, 7.0, 5.5, 3.9, 2.4, 1.3, 0.8, 0.5, 0.4, 0.5, 0.7, 0.9, 1.2, 1.4, 1.5, 1.4, 1.4, 1.4, 1.6, 1.7, 2.0, 2.0, 1.8, 1.6, 7.8, 8.2, 8.9, 9.5, 9.4, 8.6, 7.1, 5.7, 4.3, 2.7, 1.2, 0.4, 0.4, 0.3, 0.4, 0.6, 1.0, 1.2, 1.2, 1.1, 1.0, 1.0, 1.1, 1.4, 1.9, 1.9, 2.0, 2.0, 2.0, 1.8, 7.3, 7.7, 8.2, 9.0, 8.4, 6.9, 5.4, 4.2, 2.9, 1.5, 0.4, 0.4, 0.5, 0.5, 0.5, 0.7, 1.1, 1.3, 1.1, 0.7, 0.6, 0.9, 1.4, 1.4, 1.9, 1.9, 2.0, 2.0, 2.0, 2.0, 7.3, 7.3, 7.8, 7.6, 6.5, 5.0, 3.7, 2.7, 1.7, 0.7, 0.4, 0.6, 0.6, 0.7, 0.8, 0.9, 1.1, 1.2, 1.1, 0.9, 1.1, 1.1, 1.4, 1.4, 1.8, 1.9, 1.9, 2.0, 2.0, 2.0, 6.5, 7.0, 6.7, 5.9, 4.5, 3.2, 2.1, 1.4, 0.9, 0.5, 0.5, 0.6, 0.8, 1.1, 1.4, 1.5, 1.4, 1.3, 1.4, 1.8, 1.8, 1.1, 1.3, 1.4, 1.4, 1.9, 1.9, 2.0, 2.0, 2.0, 5.4, 5.7, 5.0, 4.0, 2.7, 1.5, 0.7, 0.7, 0.7, 0.5, 0.3, 0.5, 1.0, 1.7, 2.2, 2.6, 2.8, 2.9, 2.9, 1.8, 1.8, 1.8, 1.1, 1.4, 1.4, 1.8, 1.9, 1.9, 2.0, 2.0, 4.5, 3.7, 3.0, 2.1, 1.3, 0.7, 0.4, 0.6, 0.8, 0.6, 0.3, 0.5, 1.6, 2.6, 3.4, 4.4, 4.5, 3.0, 2.9, 1.9, 1.8, 1.8, 1.8, 1.4, 1.4, 1.4, 1.9, 1.9, 2.0, 2.0, 2.8, 1.9, 1.3, 0.9, 0.8, 0.8, 0.6, 0.5, 0.8, 0.8, 0.4, 0.7, 2.3, 4.2, 4.4, 4.7, 4.7, 3.0, 3.0, 3.0, 1.9, 1.8, 1.8, 1.8, 1.4, 1.4, 1.7, 1.9, 1.9, 2.0, 2.0, 1.2, 0.7, 0.6, 0.9, 1.0, 0.7, 0.3, 0.8, 0.9, 0.6, 1.7, 2.1, 4.5, 4.6, 4.7, 4.7, 4.6, 3.0, 3.0, 1.9, 1.8, 1.8, 1.8, 1.4, 1.4, 1.4, 1.8, 1.9, 2.0, 1.9, 1.2, 0.8, 0.8, 1.0, 1.1, 0.8, 0.4, 1.0, 1.7, 1.7, 2.0, 2.0, 4.4, 4.6, 4.6, 4.7, 4.7, 3.1, 3.0, 3.0, 1.9, 1.8, 1.8, 1.8, 1.5, 1.4, 1.7, 1.9, 1.9, 1.8, 1.3, 1.1, 1.0, 1.1, 1.3, 1.4, 1.6, 2.0, 2.1, 2.1, 2.1, 2.0, 2.5, 4.3, 4.6, 4.6, 4.7, 4.6, 3.1, 3.0, 2.0, 1.9, 1.8, 1.8, 1.8, 1.4, 1.4, 1.8, 1.9, 1.6, 1.3, 1.0, 1.1, 1.4, 2.1, 2.4, 2.4, 2.4, 2.2, 2.1, 2.1, 2.1, 2.0, 4.2, 4.6, 4.6, 4.6, 4.7, 3.2, 3.0, 3.0, 2.0, 1.8, 1.8, 1.8, 1.5, 1.4, 1.7, 1.8, 1.3, 1.1, 0.9, 1.1, 1.6, 2.6, 2.8, 2.5, 2.4, 2.4, 2.2, 2.1, 2.1, 2.0, 2.4, 4.2, 4.6, 4.6, 4.7, 4.7, 3.2, 3.0, 2.1, 1.9, 1.8, 1.8, 1.8, 1.5, 1.4, 1.8]}}}