{"type": "FeatureCollection", "attribution": "© Lantmäteriet, Markhöjdmodell Grid 1m (CC BY 4.0)", "features": [{"type": "Feature", "geometry": {"type": "LineString", "coordinates": [[12.8268008, 55.3950411], [12.826778, 55.3950648]]}, "properties": {"t": "fall", "g": 1, "loop": null, "hole": 1, "slope_pct": 6.67, "bearing": 331.3}}, {"type": "Feature", "geometry": {"type": "LineString", "coordinates": [[12.8268482, 55.395042], [12.8268167, 55.3950621]]}, "properties": {"t": "fall", "g": 1, "loop": null, "hole": 1, "slope_pct": 6.59, "bearing": 318.5}}, {"type": "Feature", "geometry": {"type": "LineString", "coordinates": [[12.8268955, 55.3950428], [12.8268787, 55.3950645]]}, "properties": {"t": "fall", "g": 1, "loop": null, "hole": 1, "slope_pct": 4.4, "bearing": 336.3}}, {"type": "Feature", "geometry": {"type": "LineString", "coordinates": [[12.8269428, 55.3950436], [12.8269402, 55.3950575]]}, "properties": {"t": "fall", "g": 1, "loop": null, "hole": 1, "slope_pct": 2.58, "bearing": 353.9}}, {"type": "Feature", "geometry": {"type": "LineString", "coordinates": [[12.8269901, 55.3950445], [12.8270188, 55.3950629]]}, "properties": {"t": "fall", "g": 1, "loop": null, "hole": 1, "slope_pct": 4.55, "bearing": 41.5}}, {"type": "Feature", "geometry": {"type": "LineString", "coordinates": [[12.826755, 55.3950133], [12.8267147, 55.3950276]]}, "properties": {"t": "fall", "g": 1, "loop": null, "hole": 1, "slope_pct": 7.4, "bearing": 302.0}}, {"type": "Feature", "geometry": {"type": "LineString", "coordinates": [[12.8268023, 55.3950142], [12.8267699, 55.3950222]]}, "properties": {"t": "fall", "g": 1, "loop": null, "hole": 1, "slope_pct": 3.72, "bearing": 293.7}}, {"type": "Feature", "geometry": {"type": "LineString", "coordinates": [[12.8268496, 55.395015], [12.8268264, 55.3950155]]}, "properties": {"t": "fall", "g": 1, "loop": null, "hole": 1, "slope_pct": 2.45, "bearing": 272.2}}, {"type": "Feature", "geometry": {"type": "LineString", "coordinates": [[12.826897, 55.3950159], [12.8268858, 55.3950133]]}, "properties": {"t": "fall", "g": 1, "loop": null, "hole": 1, "slope_pct": 1.27, "bearing": 248.0}}, {"type": "Feature", "geometry": {"type": "LineString", "coordinates": [[12.8269443, 55.3950167], [12.8269373, 55.3950152]]}, "properties": {"t": "fall", "g": 1, "loop": null, "hole": 1, "slope_pct": 0.78, "bearing": 249.1}}, {"type": "Feature", "geometry": {"type": "LineString", "coordinates": [[12.8269916, 55.3950175], [12.8269957, 55.3950212]]}, "properties": {"t": "fall", "g": 1, "loop": null, "hole": 1, "slope_pct": 0.81, "bearing": 32.1}}, {"type": "Feature", "geometry": {"type": "LineString", "coordinates": [[12.827039, 55.3950184], [12.8270808, 55.3950311]]}, "properties": {"t": "fall", "g": 1, "loop": null, "hole": 1, "slope_pct": 6.85, "bearing": 61.9}}, {"type": "Feature", "geometry": {"type": "LineString", "coordinates": [[12.8267564, 55.3949864], [12.8267253, 55.3949953]]}, "properties": {"t": "fall", "g": 1, "loop": null, "hole": 1, "slope_pct": 3.67, "bearing": 296.7}}, {"type": "Feature", "geometry": {"type": "LineString", "coordinates": [[12.8268038, 55.3949872], [12.8267854, 55.3949874]]}, "properties": {"t": "fall", "g": 1, "loop": null, "hole": 1, "slope_pct": 1.93, "bearing": 271.1}}, {"type": "Feature", "geometry": {"type": "LineString", "coordinates": [[12.8268511, 55.3949881], [12.8268331, 55.3949846]]}, "properties": {"t": "fall", "g": 1, "loop": null, "hole": 1, "slope_pct": 2.0, "bearing": 251.1}}, {"type": "Feature", "geometry": {"type": "LineString", "coordinates": [[12.8268984, 55.3949889], [12.8268875, 55.3949843]]}, "properties": {"t": "fall", "g": 1, "loop": null, "hole": 1, "slope_pct": 1.44, "bearing": 233.1}}, {"type": "Feature", "geometry": {"type": "LineString", "coordinates": [[12.8269458, 55.3949898], [12.82694, 55.3949845]]}, "properties": {"t": "fall", "g": 1, "loop": null, "hole": 1, "slope_pct": 1.16, "bearing": 211.9}}, {"type": "Feature", "geometry": {"type": "LineString", "coordinates": [[12.8269931, 55.3949906], [12.8269879, 55.3949855]]}, "properties": {"t": "fall", "g": 1, "loop": null, "hole": 1, "slope_pct": 1.1, "bearing": 209.8}}, {"type": "Feature", "geometry": {"type": "LineString", "coordinates": [[12.8270404, 55.3949914], [12.8270801, 55.3949884]]}, "properties": {"t": "fall", "g": 1, "loop": null, "hole": 1, "slope_pct": 4.21, "bearing": 97.8}}, {"type": "Feature", "geometry": {"type": "LineString", "coordinates": [[12.8267579, 55.3949595], [12.8267419, 55.3949602]]}, "properties": {"t": "fall", "g": 1, "loop": null, "hole": 1, "slope_pct": 1.69, "bearing": 274.4}}, {"type": "Feature", "geometry": {"type": "LineString", "coordinates": [[12.8268053, 55.3949603], [12.8267946, 55.3949542]]}, "properties": {"t": "fall", "g": 1, "loop": null, "hole": 1, "slope_pct": 1.59, "bearing": 225.1}}, {"type": "Feature", "geometry": {"type": "LineString", "coordinates": [[12.8268526, 55.3949611], [12.8268352, 55.3949559]]}, "properties": {"t": "fall", "g": 1, "loop": null, "hole": 1, "slope_pct": 2.07, "bearing": 242.3}}, {"type": "Feature", "geometry": {"type": "LineString", "coordinates": [[12.8268999, 55.394962], [12.8268906, 55.3949564]]}, "properties": {"t": "fall", "g": 1, "loop": null, "hole": 1, "slope_pct": 1.42, "bearing": 223.4}}, {"type": "Feature", "geometry": {"type": "LineString", "coordinates": [[12.8269472, 55.3949628], [12.8269413, 55.3949575]]}, "properties": {"t": "fall", "g": 1, "loop": null, "hole": 1, "slope_pct": 1.17, "bearing": 212.7}}, {"type": "Feature", "geometry": {"type": "LineString", "coordinates": [[12.8269946, 55.3949637], [12.8269943, 55.3949565]]}, "properties": {"t": "fall", "g": 1, "loop": null, "hole": 1, "slope_pct": 1.33, "bearing": 181.4}}, {"type": "Feature", "geometry": {"type": "LineString", "coordinates": [[12.8270419, 55.3949645], [12.8270696, 55.3949549]]}, "properties": {"t": "fall", "g": 1, "loop": null, "hole": 1, "slope_pct": 3.42, "bearing": 121.3}}, {"type": "Feature", "geometry": {"type": "LineString", "coordinates": [[12.8267594, 55.3949325], [12.8267522, 55.3949299]]}, "properties": {"t": "fall", "g": 1, "loop": null, "hole": 1, "slope_pct": 0.9, "bearing": 237.7}}, {"type": "Feature", "geometry": {"type": "LineString", "coordinates": [[12.8268067, 55.3949334], [12.8267985, 55.3949295]]}, "properties": {"t": "fall", "g": 1, "loop": null, "hole": 1, "slope_pct": 1.13, "bearing": 230.1}}, {"type": "Feature", "geometry": {"type": "LineString", "coordinates": [[12.8268541, 55.3949342], [12.8268368, 55.3949288]]}, "properties": {"t": "fall", "g": 1, "loop": null, "hole": 1, "slope_pct": 2.08, "bearing": 241.0}}, {"type": "Feature", "geometry": {"type": "LineString", "coordinates": [[12.8269014, 55.394935], [12.8268911, 55.3949276]]}, "properties": {"t": "fall", "g": 1, "loop": null, "hole": 1, "slope_pct": 1.75, "bearing": 218.4}}, {"type": "Feature", "geometry": {"type": "LineString", "coordinates": [[12.8269487, 55.3949359], [12.8269416, 55.3949306]]}, "properties": {"t": "fall", "g": 1, "loop": null, "hole": 1, "slope_pct": 1.24, "bearing": 217.6}}, {"type": "Feature", "geometry": {"type": "LineString", "coordinates": [[12.8269961, 55.3949367], [12.8270041, 55.3949296]]}, "properties": {"t": "fall", "g": 1, "loop": null, "hole": 1, "slope_pct": 1.56, "bearing": 147.4}}, {"type": "Feature", "geometry": {"type": "LineString", "coordinates": [[12.8270434, 55.3949376], [12.8270776, 55.3949201]]}, "properties": {"t": "fall", "g": 1, "loop": null, "hole": 1, "slope_pct": 4.85, "bearing": 131.9}}, {"type": "Feature", "geometry": {"type": "LineString", "coordinates": [[12.8267609, 55.3949056], [12.8267534, 55.3949022]]}, "properties": {"t": "fall", "g": 1, "loop": null, "hole": 1, "slope_pct": 1.01, "bearing": 231.5}}, {"type": "Feature", "geometry": {"type": "LineString", "coordinates": [[12.8268082, 55.3949064], [12.8268028, 55.3949015]]}, "properties": {"t": "fall", "g": 1, "loop": null, "hole": 1, "slope_pct": 1.07, "bearing": 212.3}}, {"type": "Feature", "geometry": {"type": "LineString", "coordinates": [[12.8268555, 55.3949073], [12.8268447, 55.3948994]]}, "properties": {"t": "fall", "g": 1, "loop": null, "hole": 1, "slope_pct": 1.85, "bearing": 218.2}}, {"type": "Feature", "geometry": {"type": "LineString", "coordinates": [[12.8269029, 55.3949081], [12.8268965, 55.3948985]]}, "properties": {"t": "fall", "g": 1, "loop": null, "hole": 1, "slope_pct": 1.91, "bearing": 200.5}}, {"type": "Feature", "geometry": {"type": "LineString", "coordinates": [[12.8269502, 55.3949089], [12.826936, 55.3948988]]}, "properties": {"t": "fall", "g": 1, "loop": null, "hole": 1, "slope_pct": 2.41, "bearing": 218.4}}, {"type": "Feature", "geometry": {"type": "LineString", "coordinates": [[12.8269975, 55.3949098], [12.8270217, 55.3948907]]}, "properties": {"t": "fall", "g": 1, "loop": null, "hole": 1, "slope_pct": 4.36, "bearing": 144.3}}, {"type": "Feature", "geometry": {"type": "LineString", "coordinates": [[12.8267624, 55.3948786], [12.8267482, 55.3948697]]}, "properties": {"t": "fall", "g": 1, "loop": null, "hole": 1, "slope_pct": 2.23, "bearing": 222.1}}, {"type": "Feature", "geometry": {"type": "LineString", "coordinates": [[12.8268097, 55.3948795], [12.8268055, 55.3948739]]}, "properties": {"t": "fall", "g": 1, "loop": null, "hole": 1, "slope_pct": 1.13, "bearing": 203.3}}, {"type": "Feature", "geometry": {"type": "LineString", "coordinates": [[12.826857, 55.3948803], [12.8268509, 55.3948725]]}, "properties": {"t": "fall", "g": 1, "loop": null, "hole": 1, "slope_pct": 1.59, "bearing": 203.8}}, {"type": "Feature", "geometry": {"type": "LineString", "coordinates": [[12.8269044, 55.3948812], [12.8269, 55.3948701]]}, "properties": {"t": "fall", "g": 1, "loop": null, "hole": 1, "slope_pct": 2.1, "bearing": 192.5}}, {"type": "Feature", "geometry": {"type": "LineString", "coordinates": [[12.8269517, 55.394882], [12.8269763, 55.394859]]}, "properties": {"t": "fall", "g": 1, "loop": null, "hole": 1, "slope_pct": 8.21, "bearing": 148.8}}, {"type": "Feature", "geometry": {"type": "LineString", "coordinates": [[12.8267638, 55.3948517], [12.826734, 55.3948307]]}, "properties": {"t": "fall", "g": 1, "loop": null, "hole": 1, "slope_pct": 5.4, "bearing": 218.9}}, {"type": "Feature", "geometry": {"type": "LineString", "coordinates": [[12.8268112, 55.3948525], [12.8268013, 55.3948391]]}, "properties": {"t": "fall", "g": 1, "loop": null, "hole": 1, "slope_pct": 2.71, "bearing": 202.6}}, {"type": "Feature", "geometry": {"type": "LineString", "coordinates": [[12.8268585, 55.3948534], [12.8268584, 55.3948431]]}, "properties": {"t": "fall", "g": 1, "loop": null, "hole": 1, "slope_pct": 1.9, "bearing": 180.4}}, {"type": "Feature", "geometry": {"type": "LineString", "coordinates": [[12.8269058, 55.3948542], [12.8269166, 55.3948375]]}, "properties": {"t": "fall", "g": 1, "loop": null, "hole": 1, "slope_pct": 3.31, "bearing": 159.9}}, {"type": "Feature", "geometry": {"type": "LineString", "coordinates": [[12.8269532, 55.3948551], [12.8269975, 55.3948455]]}, "properties": {"t": "fall", "g": 1, "loop": null, "hole": 1, "slope_pct": 11.74, "bearing": 110.8}}, {"type": "Feature", "geometry": {"type": "LineString", "coordinates": [[12.82686, 55.3948264], [12.826856, 55.3948067]]}, "properties": {"t": "fall", "g": 1, "loop": null, "hole": 1, "slope_pct": 3.68, "bearing": 186.5}}, {"type": "Feature", "geometry": {"type": "LineString", "coordinates": [[12.8269073, 55.3948273], [12.8269301, 55.3948132]]}, "properties": {"t": "fall", "g": 1, "loop": null, "hole": 1, "slope_pct": 3.54, "bearing": 137.3}}, {"type": "Feature", "geometry": {"type": "LineString", "coordinates": [[12.8269546, 55.3948281], [12.827001, 55.3948261]]}, "properties": {"t": "fall", "g": 1, "loop": null, "hole": 1, "slope_pct": 4.9, "bearing": 94.4}}, {"type": "Feature", "geometry": {"type": "Point", "coordinates": [12.826895, 55.3949451]}, "properties": {"t": "aim", "g": 1, "loop": null, "hole": 1, "aim_bearing": 195.9, "slope_median": 2.07, "slope_max": 11.74, "n_cells": 52}}, {"type": "Feature", "geometry": {"type": "LineString", "coordinates": [[12.8285296, 55.3986491], [12.8285037, 55.3986717]]}, "properties": {"t": "fall", "g": 2, "loop": null, "hole": 2, "slope_pct": 5.34, "bearing": 326.9}}, {"type": "Feature", "geometry": {"type": "LineString", "coordinates": [[12.8284838, 55.3986213], [12.8284414, 55.3986329]]}, "properties": {"t": "fall", "g": 2, "loop": null, "hole": 2, "slope_pct": 4.96, "bearing": 295.7}}, {"type": "Feature", "geometry": {"type": "LineString", "coordinates": [[12.8285311, 55.3986222], [12.8285141, 55.3986272]]}, "properties": {"t": "fall", "g": 2, "loop": null, "hole": 2, "slope_pct": 2.02, "bearing": 297.6}}, {"type": "Feature", "geometry": {"type": "LineString", "coordinates": [[12.8285784, 55.398623], [12.8285442, 55.3986149]]}, "properties": {"t": "fall", "g": 2, "loop": null, "hole": 2, "slope_pct": 3.91, "bearing": 247.2}}, {"type": "Feature", "geometry": {"type": "LineString", "coordinates": [[12.8284379, 55.3985935], [12.8283974, 55.3986076]]}, "properties": {"t": "fall", "g": 2, "loop": null, "hole": 2, "slope_pct": 9.05, "bearing": 301.4}}, {"type": "Feature", "geometry": {"type": "LineString", "coordinates": [[12.8284852, 55.3985944], [12.8284604, 55.3986144]]}, "properties": {"t": "fall", "g": 2, "loop": null, "hole": 2, "slope_pct": 4.54, "bearing": 324.8}}, {"type": "Feature", "geometry": {"type": "LineString", "coordinates": [[12.8285326, 55.3985952], [12.8285327, 55.3986055]]}, "properties": {"t": "fall", "g": 2, "loop": null, "hole": 2, "slope_pct": 1.91, "bearing": 0.4}}, {"type": "Feature", "geometry": {"type": "LineString", "coordinates": [[12.8286272, 55.3985969], [12.8286324, 55.3986003]]}, "properties": {"t": "fall", "g": 2, "loop": null, "hole": 2, "slope_pct": 0.83, "bearing": 41.3}}, {"type": "Feature", "geometry": {"type": "LineString", "coordinates": [[12.8286746, 55.3985977], [12.8286795, 55.3986134]]}, "properties": {"t": "fall", "g": 2, "loop": null, "hole": 2, "slope_pct": 2.94, "bearing": 10.1}}, {"type": "Feature", "geometry": {"type": "LineString", "coordinates": [[12.8287219, 55.3985986], [12.8287319, 55.3986089]]}, "properties": {"t": "fall", "g": 2, "loop": null, "hole": 2, "slope_pct": 2.17, "bearing": 28.8}}, {"type": "Feature", "geometry": {"type": "LineString", "coordinates": [[12.8284394, 55.3985666], [12.8284078, 55.3985867]]}, "properties": {"t": "fall", "g": 2, "loop": null, "hole": 2, "slope_pct": 5.93, "bearing": 318.3}}, {"type": "Feature", "geometry": {"type": "LineString", "coordinates": [[12.8284867, 55.3985674], [12.8284724, 55.3985783]]}, "properties": {"t": "fall", "g": 2, "loop": null, "hole": 2, "slope_pct": 2.51, "bearing": 323.1}}, {"type": "Feature", "geometry": {"type": "LineString", "coordinates": [[12.8285341, 55.3985683], [12.8285424, 55.398576]]}, "properties": {"t": "fall", "g": 2, "loop": null, "hole": 2, "slope_pct": 1.68, "bearing": 31.4}}, {"type": "Feature", "geometry": {"type": "LineString", "coordinates": [[12.8285814, 55.3985691], [12.8285868, 55.3985784]]}, "properties": {"t": "fall", "g": 2, "loop": null, "hole": 2, "slope_pct": 1.81, "bearing": 18.4}}, {"type": "Feature", "geometry": {"type": "LineString", "coordinates": [[12.8286287, 55.39857], [12.828618, 55.3985782]]}, "properties": {"t": "fall", "g": 2, "loop": null, "hole": 2, "slope_pct": 1.9, "bearing": 323.4}}, {"type": "Feature", "geometry": {"type": "LineString", "coordinates": [[12.8286761, 55.3985708], [12.8286793, 55.3985789]]}, "properties": {"t": "fall", "g": 2, "loop": null, "hole": 2, "slope_pct": 1.54, "bearing": 12.8}}, {"type": "Feature", "geometry": {"type": "LineString", "coordinates": [[12.8287234, 55.3985717], [12.8287397, 55.3985845]]}, "properties": {"t": "fall", "g": 2, "loop": null, "hole": 2, "slope_pct": 2.95, "bearing": 35.8}}, {"type": "Feature", "geometry": {"type": "LineString", "coordinates": [[12.8283935, 55.3985388], [12.8283489, 55.3985297]]}, "properties": {"t": "fall", "g": 2, "loop": null, "hole": 2, "slope_pct": 6.23, "bearing": 250.1}}, {"type": "Feature", "geometry": {"type": "LineString", "coordinates": [[12.8284409, 55.3985397], [12.8284334, 55.3985416]]}, "properties": {"t": "fall", "g": 2, "loop": null, "hole": 2, "slope_pct": 0.86, "bearing": 294.5}}, {"type": "Feature", "geometry": {"type": "LineString", "coordinates": [[12.8284882, 55.3985405], [12.8284813, 55.398539]]}, "properties": {"t": "fall", "g": 2, "loop": null, "hole": 2, "slope_pct": 0.78, "bearing": 248.4}}, {"type": "Feature", "geometry": {"type": "LineString", "coordinates": [[12.8285355, 55.3985414], [12.8285334, 55.3985465]]}, "properties": {"t": "fall", "g": 2, "loop": null, "hole": 2, "slope_pct": 0.98, "bearing": 347.0}}, {"type": "Feature", "geometry": {"type": "LineString", "coordinates": [[12.8285829, 55.3985422], [12.8285851, 55.3985514]]}, "properties": {"t": "fall", "g": 2, "loop": null, "hole": 2, "slope_pct": 1.73, "bearing": 7.8}}, {"type": "Feature", "geometry": {"type": "LineString", "coordinates": [[12.8286302, 55.398543], [12.8286266, 55.3985507]]}, "properties": {"t": "fall", "g": 2, "loop": null, "hole": 2, "slope_pct": 1.47, "bearing": 345.2}}, {"type": "Feature", "geometry": {"type": "LineString", "coordinates": [[12.8286775, 55.3985439], [12.8286773, 55.3985491]]}, "properties": {"t": "fall", "g": 2, "loop": null, "hole": 2, "slope_pct": 0.98, "bearing": 358.4}}, {"type": "Feature", "geometry": {"type": "LineString", "coordinates": [[12.8287249, 55.3985447], [12.8287298, 55.3985533]]}, "properties": {"t": "fall", "g": 2, "loop": null, "hole": 2, "slope_pct": 1.67, "bearing": 18.0}}, {"type": "Feature", "geometry": {"type": "LineString", "coordinates": [[12.828395, 55.3985119], [12.8283476, 55.3985103]]}, "properties": {"t": "fall", "g": 2, "loop": null, "hole": 2, "slope_pct": 7.85, "bearing": 266.6}}, {"type": "Feature", "geometry": {"type": "LineString", "coordinates": [[12.8284423, 55.3985127], [12.8284266, 55.3985112]]}, "properties": {"t": "fall", "g": 2, "loop": null, "hole": 2, "slope_pct": 1.68, "bearing": 260.0}}, {"type": "Feature", "geometry": {"type": "LineString", "coordinates": [[12.8284897, 55.3985136], [12.8284794, 55.3985097]]}, "properties": {"t": "fall", "g": 2, "loop": null, "hole": 2, "slope_pct": 1.3, "bearing": 236.5}}, {"type": "Feature", "geometry": {"type": "LineString", "coordinates": [[12.828537, 55.3985144], [12.828523, 55.3985126]]}, "properties": {"t": "fall", "g": 2, "loop": null, "hole": 2, "slope_pct": 1.51, "bearing": 257.4}}, {"type": "Feature", "geometry": {"type": "LineString", "coordinates": [[12.8285843, 55.3985153], [12.8285847, 55.398518]]}, "properties": {"t": "fall", "g": 2, "loop": null, "hole": 2, "slope_pct": 0.52, "bearing": 3.6}}, {"type": "Feature", "geometry": {"type": "LineString", "coordinates": [[12.8286317, 55.3985161], [12.8286301, 55.398523]]}, "properties": {"t": "fall", "g": 2, "loop": null, "hole": 2, "slope_pct": 1.3, "bearing": 352.6}}, {"type": "Feature", "geometry": {"type": "LineString", "coordinates": [[12.828679, 55.3985169], [12.8286802, 55.3985219]]}, "properties": {"t": "fall", "g": 2, "loop": null, "hole": 2, "slope_pct": 0.94, "bearing": 7.4}}, {"type": "Feature", "geometry": {"type": "LineString", "coordinates": [[12.8287263, 55.3985178], [12.8287242, 55.3985242]]}, "properties": {"t": "fall", "g": 2, "loop": null, "hole": 2, "slope_pct": 1.21, "bearing": 349.3}}, {"type": "Feature", "geometry": {"type": "LineString", "coordinates": [[12.8283491, 55.3984841], [12.8283045, 55.3984932]]}, "properties": {"t": "fall", "g": 2, "loop": null, "hole": 2, "slope_pct": 10.62, "bearing": 289.8}}, {"type": "Feature", "geometry": {"type": "LineString", "coordinates": [[12.8283965, 55.398485], [12.8283514, 55.3984933]]}, "properties": {"t": "fall", "g": 2, "loop": null, "hole": 2, "slope_pct": 7.66, "bearing": 288.1}}, {"type": "Feature", "geometry": {"type": "LineString", "coordinates": [[12.8284438, 55.3984858], [12.8284387, 55.3984929]]}, "properties": {"t": "fall", "g": 2, "loop": null, "hole": 2, "slope_pct": 1.42, "bearing": 337.8}}, {"type": "Feature", "geometry": {"type": "LineString", "coordinates": [[12.8284912, 55.3984866], [12.8284865, 55.3984902]]}, "properties": {"t": "fall", "g": 2, "loop": null, "hole": 2, "slope_pct": 0.82, "bearing": 323.4}}, {"type": "Feature", "geometry": {"type": "LineString", "coordinates": [[12.8285385, 55.3984875], [12.8285228, 55.3984884]]}, "properties": {"t": "fall", "g": 2, "loop": null, "hole": 2, "slope_pct": 1.66, "bearing": 276.2}}, {"type": "Feature", "geometry": {"type": "LineString", "coordinates": [[12.8285858, 55.3984883], [12.8285763, 55.3984913]]}, "properties": {"t": "fall", "g": 2, "loop": null, "hole": 2, "slope_pct": 1.15, "bearing": 299.1}}, {"type": "Feature", "geometry": {"type": "LineString", "coordinates": [[12.8286332, 55.3984892], [12.8286285, 55.3984935]]}, "properties": {"t": "fall", "g": 2, "loop": null, "hole": 2, "slope_pct": 0.95, "bearing": 328.5}}, {"type": "Feature", "geometry": {"type": "LineString", "coordinates": [[12.8286805, 55.39849], [12.8286879, 55.3984928]]}, "properties": {"t": "fall", "g": 2, "loop": null, "hole": 2, "slope_pct": 0.94, "bearing": 56.2}}, {"type": "Feature", "geometry": {"type": "LineString", "coordinates": [[12.8287278, 55.3984908], [12.8287196, 55.3984904]]}, "properties": {"t": "fall", "g": 2, "loop": null, "hole": 2, "slope_pct": 0.87, "bearing": 264.3}}, {"type": "Feature", "geometry": {"type": "LineString", "coordinates": [[12.8283506, 55.3984572], [12.8283063, 55.3984668]]}, "properties": {"t": "fall", "g": 2, "loop": null, "hole": 2, "slope_pct": 9.2, "bearing": 290.9}}, {"type": "Feature", "geometry": {"type": "LineString", "coordinates": [[12.828398, 55.398458], [12.8283536, 55.398462]]}, "properties": {"t": "fall", "g": 2, "loop": null, "hole": 2, "slope_pct": 4.73, "bearing": 279.0}}, {"type": "Feature", "geometry": {"type": "LineString", "coordinates": [[12.8284453, 55.3984589], [12.8284377, 55.3984598]]}, "properties": {"t": "fall", "g": 2, "loop": null, "hole": 2, "slope_pct": 0.82, "bearing": 282.1}}, {"type": "Feature", "geometry": {"type": "LineString", "coordinates": [[12.8284926, 55.3984597], [12.8284863, 55.3984623]]}, "properties": {"t": "fall", "g": 2, "loop": null, "hole": 2, "slope_pct": 0.83, "bearing": 305.9}}, {"type": "Feature", "geometry": {"type": "LineString", "coordinates": [[12.82854, 55.3984605], [12.8285287, 55.3984642]]}, "properties": {"t": "fall", "g": 2, "loop": null, "hole": 2, "slope_pct": 1.36, "bearing": 300.0}}, {"type": "Feature", "geometry": {"type": "LineString", "coordinates": [[12.8285873, 55.3984614], [12.828577, 55.3984612]]}, "properties": {"t": "fall", "g": 2, "loop": null, "hole": 2, "slope_pct": 1.08, "bearing": 268.3}}, {"type": "Feature", "geometry": {"type": "LineString", "coordinates": [[12.8286346, 55.3984622], [12.8286376, 55.3984592]]}, "properties": {"t": "fall", "g": 2, "loop": null, "hole": 2, "slope_pct": 0.65, "bearing": 150.9}}, {"type": "Feature", "geometry": {"type": "LineString", "coordinates": [[12.828682, 55.3984631], [12.8287001, 55.3984514]]}, "properties": {"t": "fall", "g": 2, "loop": null, "hole": 2, "slope_pct": 2.89, "bearing": 138.6}}, {"type": "Feature", "geometry": {"type": "LineString", "coordinates": [[12.8287293, 55.3984639], [12.8287438, 55.3984393]]}, "properties": {"t": "fall", "g": 2, "loop": null, "hole": 2, "slope_pct": 4.82, "bearing": 161.6}}, {"type": "Feature", "geometry": {"type": "LineString", "coordinates": [[12.8283521, 55.3984302], [12.8283052, 55.3984344]]}, "properties": {"t": "fall", "g": 2, "loop": null, "hole": 2, "slope_pct": 6.54, "bearing": 278.9}}, {"type": "Feature", "geometry": {"type": "LineString", "coordinates": [[12.8283994, 55.3984311], [12.8283538, 55.3984369]]}, "properties": {"t": "fall", "g": 2, "loop": null, "hole": 2, "slope_pct": 4.93, "bearing": 282.5}}, {"type": "Feature", "geometry": {"type": "LineString", "coordinates": [[12.8284468, 55.3984319], [12.8284434, 55.3984356]]}, "properties": {"t": "fall", "g": 2, "loop": null, "hole": 2, "slope_pct": 0.78, "bearing": 332.7}}, {"type": "Feature", "geometry": {"type": "LineString", "coordinates": [[12.8285414, 55.3984336], [12.8285308, 55.3984326]]}, "properties": {"t": "fall", "g": 2, "loop": null, "hole": 2, "slope_pct": 1.14, "bearing": 261.0}}, {"type": "Feature", "geometry": {"type": "LineString", "coordinates": [[12.8285888, 55.3984344], [12.8285836, 55.3984318]]}, "properties": {"t": "fall", "g": 2, "loop": null, "hole": 2, "slope_pct": 0.73, "bearing": 228.1}}, {"type": "Feature", "geometry": {"type": "LineString", "coordinates": [[12.8286361, 55.3984353], [12.8286447, 55.3984322]]}, "properties": {"t": "fall", "g": 2, "loop": null, "hole": 2, "slope_pct": 1.07, "bearing": 122.5}}, {"type": "Feature", "geometry": {"type": "LineString", "coordinates": [[12.8286834, 55.3984361], [12.8287172, 55.3984282]]}, "properties": {"t": "fall", "g": 2, "loop": null, "hole": 2, "slope_pct": 3.85, "bearing": 112.4}}, {"type": "Feature", "geometry": {"type": "LineString", "coordinates": [[12.8287308, 55.398437], [12.8287462, 55.3984313]]}, "properties": {"t": "fall", "g": 2, "loop": null, "hole": 2, "slope_pct": 1.93, "bearing": 122.8}}, {"type": "Feature", "geometry": {"type": "LineString", "coordinates": [[12.8283536, 55.3984033], [12.828308, 55.3984108]]}, "properties": {"t": "fall", "g": 2, "loop": null, "hole": 2, "slope_pct": 7.74, "bearing": 286.2}}, {"type": "Feature", "geometry": {"type": "LineString", "coordinates": [[12.8284009, 55.3984041], [12.8283732, 55.3984138]]}, "properties": {"t": "fall", "g": 2, "loop": null, "hole": 2, "slope_pct": 3.42, "bearing": 301.5}}, {"type": "Feature", "geometry": {"type": "LineString", "coordinates": [[12.8284482, 55.398405], [12.8284504, 55.3984022]]}, "properties": {"t": "fall", "g": 2, "loop": null, "hole": 2, "slope_pct": 0.56, "bearing": 155.8}}, {"type": "Feature", "geometry": {"type": "LineString", "coordinates": [[12.8284956, 55.3984058], [12.8284944, 55.3983969]]}, "properties": {"t": "fall", "g": 2, "loop": null, "hole": 2, "slope_pct": 1.67, "bearing": 184.2}}, {"type": "Feature", "geometry": {"type": "LineString", "coordinates": [[12.8285429, 55.3984067], [12.8285395, 55.3983962]]}, "properties": {"t": "fall", "g": 2, "loop": null, "hole": 2, "slope_pct": 1.98, "bearing": 190.5}}, {"type": "Feature", "geometry": {"type": "LineString", "coordinates": [[12.8285903, 55.3984075], [12.8285889, 55.3983911]]}, "properties": {"t": "fall", "g": 2, "loop": null, "hole": 2, "slope_pct": 3.05, "bearing": 182.8}}, {"type": "Feature", "geometry": {"type": "LineString", "coordinates": [[12.8286376, 55.3984083], [12.828652, 55.3983857]]}, "properties": {"t": "fall", "g": 2, "loop": null, "hole": 2, "slope_pct": 4.48, "bearing": 160.1}}, {"type": "Feature", "geometry": {"type": "LineString", "coordinates": [[12.8286849, 55.3984092], [12.8287168, 55.3983911]]}, "properties": {"t": "fall", "g": 2, "loop": null, "hole": 2, "slope_pct": 4.75, "bearing": 134.9}}, {"type": "Feature", "geometry": {"type": "LineString", "coordinates": [[12.8287323, 55.39841], [12.8287347, 55.3983936]]}, "properties": {"t": "fall", "g": 2, "loop": null, "hole": 2, "slope_pct": 3.06, "bearing": 175.2}}, {"type": "Feature", "geometry": {"type": "LineString", "coordinates": [[12.8283551, 55.3983764], [12.8283124, 55.3983646]]}, "properties": {"t": "fall", "g": 2, "loop": null, "hole": 2, "slope_pct": 7.27, "bearing": 244.1}}, {"type": "Feature", "geometry": {"type": "LineString", "coordinates": [[12.8284024, 55.3983772], [12.8283861, 55.3983519]]}, "properties": {"t": "fall", "g": 2, "loop": null, "hole": 2, "slope_pct": 5.94, "bearing": 200.1}}, {"type": "Feature", "geometry": {"type": "LineString", "coordinates": [[12.8284497, 55.398378], [12.828459, 55.3983574]]}, "properties": {"t": "fall", "g": 2, "loop": null, "hole": 2, "slope_pct": 3.95, "bearing": 165.6}}, {"type": "Feature", "geometry": {"type": "LineString", "coordinates": [[12.8284971, 55.3983789], [12.8284975, 55.3983687]]}, "properties": {"t": "fall", "g": 2, "loop": null, "hole": 2, "slope_pct": 1.89, "bearing": 178.5}}, {"type": "Feature", "geometry": {"type": "LineString", "coordinates": [[12.8285444, 55.3983797], [12.8285519, 55.3983657]]}, "properties": {"t": "fall", "g": 2, "loop": null, "hole": 2, "slope_pct": 2.73, "bearing": 163.2}}, {"type": "Feature", "geometry": {"type": "LineString", "coordinates": [[12.8285917, 55.3983806], [12.8285882, 55.3983672]]}, "properties": {"t": "fall", "g": 2, "loop": null, "hole": 2, "slope_pct": 2.51, "bearing": 188.4}}, {"type": "Feature", "geometry": {"type": "LineString", "coordinates": [[12.8286391, 55.3983814], [12.8286455, 55.3983827]]}, "properties": {"t": "fall", "g": 2, "loop": null, "hole": 2, "slope_pct": 0.71, "bearing": 71.0}}, {"type": "Feature", "geometry": {"type": "LineString", "coordinates": [[12.8286864, 55.3983822], [12.8287247, 55.398377]]}, "properties": {"t": "fall", "g": 2, "loop": null, "hole": 2, "slope_pct": 4.15, "bearing": 103.5}}, {"type": "Feature", "geometry": {"type": "LineString", "coordinates": [[12.8283565, 55.3983494], [12.8283415, 55.3983239]]}, "properties": {"t": "fall", "g": 2, "loop": null, "hole": 2, "slope_pct": 5.42, "bearing": 198.4}}, {"type": "Feature", "geometry": {"type": "LineString", "coordinates": [[12.8284039, 55.3983503], [12.8283837, 55.3983259]]}, "properties": {"t": "fall", "g": 2, "loop": null, "hole": 2, "slope_pct": 6.94, "bearing": 205.1}}, {"type": "Feature", "geometry": {"type": "LineString", "coordinates": [[12.8284512, 55.3983511], [12.8284258, 55.3983284]]}, "properties": {"t": "fall", "g": 2, "loop": null, "hole": 2, "slope_pct": 5.11, "bearing": 212.4}}, {"type": "Feature", "geometry": {"type": "LineString", "coordinates": [[12.8284985, 55.3983519], [12.8284785, 55.3983448]]}, "properties": {"t": "fall", "g": 2, "loop": null, "hole": 2, "slope_pct": 2.5, "bearing": 237.8}}, {"type": "Feature", "geometry": {"type": "LineString", "coordinates": [[12.8285459, 55.3983528], [12.8285637, 55.3983517]]}, "properties": {"t": "fall", "g": 2, "loop": null, "hole": 2, "slope_pct": 1.89, "bearing": 96.4}}, {"type": "Feature", "geometry": {"type": "LineString", "coordinates": [[12.8285932, 55.3983536], [12.8285927, 55.3983397]]}, "properties": {"t": "fall", "g": 2, "loop": null, "hole": 2, "slope_pct": 2.58, "bearing": 181.1}}, {"type": "Feature", "geometry": {"type": "LineString", "coordinates": [[12.8284053, 55.3983233], [12.8283792, 55.3983142]]}, "properties": {"t": "fall", "g": 2, "loop": null, "hole": 2, "slope_pct": 3.23, "bearing": 238.5}}, {"type": "Feature", "geometry": {"type": "LineString", "coordinates": [[12.8284527, 55.3983242], [12.8284168, 55.3983103]]}, "properties": {"t": "fall", "g": 2, "loop": null, "hole": 2, "slope_pct": 4.58, "bearing": 235.7}}, {"type": "Feature", "geometry": {"type": "LineString", "coordinates": [[12.8285, 55.398325], [12.8284682, 55.3983098]]}, "properties": {"t": "fall", "g": 2, "loop": null, "hole": 2, "slope_pct": 4.38, "bearing": 229.9}}, {"type": "Feature", "geometry": {"type": "LineString", "coordinates": [[12.8285474, 55.3983258], [12.8285752, 55.3983068]]}, "properties": {"t": "fall", "g": 2, "loop": null, "hole": 2, "slope_pct": 4.59, "bearing": 140.2}}, {"type": "Feature", "geometry": {"type": "Point", "coordinates": [12.8285387, 55.3984731]}, "properties": {"t": "aim", "g": 2, "loop": null, "hole": 2, "aim_bearing": 262.7, "slope_median": 1.95, "slope_max": 10.62, "n_cells": 88}}, {"type": "Feature", "geometry": {"type": "LineString", "coordinates": [[12.8323752, 55.4025463], [12.8323781, 55.4025732]]}, "properties": {"t": "fall", "g": 3, "loop": null, "hole": 3, "slope_pct": 6.4, "bearing": 3.5}}, {"type": "Feature", "geometry": {"type": "LineString", "coordinates": [[12.832282, 55.4025177], [12.8322496, 55.4025258]]}, "properties": {"t": "fall", "g": 3, "loop": null, "hole": 3, "slope_pct": 3.73, "bearing": 293.7}}, {"type": "Feature", "geometry": {"type": "LineString", "coordinates": [[12.8323294, 55.4025185], [12.8323182, 55.4025178]]}, "properties": {"t": "fall", "g": 3, "loop": null, "hole": 3, "slope_pct": 1.18, "bearing": 263.8}}, {"type": "Feature", "geometry": {"type": "LineString", "coordinates": [[12.8323767, 55.4025193], [12.8323679, 55.4025127]]}, "properties": {"t": "fall", "g": 3, "loop": null, "hole": 3, "slope_pct": 1.54, "bearing": 216.9}}, {"type": "Feature", "geometry": {"type": "LineString", "coordinates": [[12.832424, 55.4025202], [12.8324151, 55.4025163]]}, "properties": {"t": "fall", "g": 3, "loop": null, "hole": 3, "slope_pct": 1.19, "bearing": 232.7}}, {"type": "Feature", "geometry": {"type": "LineString", "coordinates": [[12.8324714, 55.402521], [12.832475, 55.402528]]}, "properties": {"t": "fall", "g": 3, "loop": null, "hole": 3, "slope_pct": 1.35, "bearing": 16.3}}, {"type": "Feature", "geometry": {"type": "LineString", "coordinates": [[12.8322835, 55.4024907], [12.8322645, 55.4024855]]}, "properties": {"t": "fall", "g": 3, "loop": null, "hole": 3, "slope_pct": 2.22, "bearing": 244.2}}, {"type": "Feature", "geometry": {"type": "LineString", "coordinates": [[12.8323308, 55.4024916], [12.8323222, 55.4024871]]}, "properties": {"t": "fall", "g": 3, "loop": null, "hole": 3, "slope_pct": 1.23, "bearing": 228.1}}, {"type": "Feature", "geometry": {"type": "LineString", "coordinates": [[12.8323782, 55.4024924], [12.8323662, 55.4024905]]}, "properties": {"t": "fall", "g": 3, "loop": null, "hole": 3, "slope_pct": 1.31, "bearing": 254.3}}, {"type": "Feature", "geometry": {"type": "LineString", "coordinates": [[12.8324255, 55.4024932], [12.8324173, 55.4024901]]}, "properties": {"t": "fall", "g": 3, "loop": null, "hole": 3, "slope_pct": 1.05, "bearing": 236.0}}, {"type": "Feature", "geometry": {"type": "LineString", "coordinates": [[12.8324729, 55.4024941], [12.8324677, 55.4024885]]}, "properties": {"t": "fall", "g": 3, "loop": null, "hole": 3, "slope_pct": 1.18, "bearing": 207.3}}, {"type": "Feature", "geometry": {"type": "LineString", "coordinates": [[12.8325202, 55.4024949], [12.832559, 55.4025023]]}, "properties": {"t": "fall", "g": 3, "loop": null, "hole": 3, "slope_pct": 4.32, "bearing": 71.5}}, {"type": "Feature", "geometry": {"type": "LineString", "coordinates": [[12.832285, 55.4024638], [12.8322741, 55.4024614]]}, "properties": {"t": "fall", "g": 3, "loop": null, "hole": 3, "slope_pct": 1.23, "bearing": 248.9}}, {"type": "Feature", "geometry": {"type": "LineString", "coordinates": [[12.8323323, 55.4024646], [12.8323179, 55.4024612]]}, "properties": {"t": "fall", "g": 3, "loop": null, "hole": 3, "slope_pct": 1.65, "bearing": 247.5}}, {"type": "Feature", "geometry": {"type": "LineString", "coordinates": [[12.8323797, 55.4024655], [12.8323688, 55.4024623]]}, "properties": {"t": "fall", "g": 3, "loop": null, "hole": 3, "slope_pct": 1.28, "bearing": 242.9}}, {"type": "Feature", "geometry": {"type": "LineString", "coordinates": [[12.832427, 55.4024663], [12.8324203, 55.4024623]]}, "properties": {"t": "fall", "g": 3, "loop": null, "hole": 3, "slope_pct": 1.02, "bearing": 223.4}}, {"type": "Feature", "geometry": {"type": "LineString", "coordinates": [[12.8324743, 55.4024671], [12.8324852, 55.4024549]]}, "properties": {"t": "fall", "g": 3, "loop": null, "hole": 3, "slope_pct": 2.55, "bearing": 153.3}}, {"type": "Feature", "geometry": {"type": "LineString", "coordinates": [[12.8325217, 55.402468], [12.8325223, 55.4024472]]}, "properties": {"t": "fall", "g": 3, "loop": null, "hole": 3, "slope_pct": 3.86, "bearing": 179.1}}, {"type": "Feature", "geometry": {"type": "LineString", "coordinates": [[12.8326164, 55.4024697], [12.8326214, 55.4024928]]}, "properties": {"t": "fall", "g": 3, "loop": null, "hole": 3, "slope_pct": 4.32, "bearing": 7.1}}, {"type": "Feature", "geometry": {"type": "LineString", "coordinates": [[12.8326637, 55.4024705], [12.8326626, 55.4024927]]}, "properties": {"t": "fall", "g": 3, "loop": null, "hole": 3, "slope_pct": 4.12, "bearing": 358.4}}, {"type": "Feature", "geometry": {"type": "LineString", "coordinates": [[12.832711, 55.4024713], [12.8326946, 55.4024843]]}, "properties": {"t": "fall", "g": 3, "loop": null, "hole": 3, "slope_pct": 2.97, "bearing": 324.2}}, {"type": "Feature", "geometry": {"type": "LineString", "coordinates": [[12.8327584, 55.4024722], [12.8327724, 55.4024929]]}, "properties": {"t": "fall", "g": 3, "loop": null, "hole": 3, "slope_pct": 4.12, "bearing": 21.0}}, {"type": "Feature", "geometry": {"type": "LineString", "coordinates": [[12.8328057, 55.402473], [12.8328418, 55.4024905]]}, "properties": {"t": "fall", "g": 3, "loop": null, "hole": 3, "slope_pct": 9.33, "bearing": 49.5}}, {"type": "Feature", "geometry": {"type": "LineString", "coordinates": [[12.8323338, 55.4024377], [12.8323236, 55.4024346]]}, "properties": {"t": "fall", "g": 3, "loop": null, "hole": 3, "slope_pct": 1.22, "bearing": 242.1}}, {"type": "Feature", "geometry": {"type": "LineString", "coordinates": [[12.8323811, 55.4024385], [12.8323702, 55.4024334]]}, "properties": {"t": "fall", "g": 3, "loop": null, "hole": 3, "slope_pct": 1.49, "bearing": 230.2}}, {"type": "Feature", "geometry": {"type": "LineString", "coordinates": [[12.8324285, 55.4024394], [12.8324302, 55.4024308]]}, "properties": {"t": "fall", "g": 3, "loop": null, "hole": 3, "slope_pct": 1.6, "bearing": 173.4}}, {"type": "Feature", "geometry": {"type": "LineString", "coordinates": [[12.8324758, 55.4024402], [12.8325051, 55.4024236]]}, "properties": {"t": "fall", "g": 3, "loop": null, "hole": 3, "slope_pct": 4.35, "bearing": 134.9}}, {"type": "Feature", "geometry": {"type": "LineString", "coordinates": [[12.8325231, 55.402441], [12.8325241, 55.4024256]]}, "properties": {"t": "fall", "g": 3, "loop": null, "hole": 3, "slope_pct": 2.88, "bearing": 177.9}}, {"type": "Feature", "geometry": {"type": "LineString", "coordinates": [[12.8325705, 55.4024419], [12.8325466, 55.4024243]]}, "properties": {"t": "fall", "g": 3, "loop": null, "hole": 3, "slope_pct": 4.13, "bearing": 217.6}}, {"type": "Feature", "geometry": {"type": "LineString", "coordinates": [[12.8326178, 55.4024427], [12.8326134, 55.4024271]]}, "properties": {"t": "fall", "g": 3, "loop": null, "hole": 3, "slope_pct": 2.93, "bearing": 189.1}}, {"type": "Feature", "geometry": {"type": "LineString", "coordinates": [[12.8326652, 55.4024436], [12.8326621, 55.4024326]]}, "properties": {"t": "fall", "g": 3, "loop": null, "hole": 3, "slope_pct": 2.05, "bearing": 189.1}}, {"type": "Feature", "geometry": {"type": "LineString", "coordinates": [[12.8327125, 55.4024444], [12.8326991, 55.4024371]]}, "properties": {"t": "fall", "g": 3, "loop": null, "hole": 3, "slope_pct": 1.96, "bearing": 226.2}}, {"type": "Feature", "geometry": {"type": "LineString", "coordinates": [[12.8327598, 55.4024452], [12.8327573, 55.402434]]}, "properties": {"t": "fall", "g": 3, "loop": null, "hole": 3, "slope_pct": 2.11, "bearing": 187.4}}, {"type": "Feature", "geometry": {"type": "LineString", "coordinates": [[12.8328072, 55.4024461], [12.8328535, 55.4024402]]}, "properties": {"t": "fall", "g": 3, "loop": null, "hole": 3, "slope_pct": 5.43, "bearing": 102.7}}, {"type": "Feature", "geometry": {"type": "LineString", "coordinates": [[12.8324299, 55.4024124], [12.8324445, 55.4024057]]}, "properties": {"t": "fall", "g": 3, "loop": null, "hole": 3, "slope_pct": 1.98, "bearing": 129.3}}, {"type": "Feature", "geometry": {"type": "LineString", "coordinates": [[12.8324773, 55.4024133], [12.8325045, 55.4024035]]}, "properties": {"t": "fall", "g": 3, "loop": null, "hole": 3, "slope_pct": 3.39, "bearing": 122.3}}, {"type": "Feature", "geometry": {"type": "LineString", "coordinates": [[12.8325246, 55.4024141], [12.8325254, 55.4024089]]}, "properties": {"t": "fall", "g": 3, "loop": null, "hole": 3, "slope_pct": 0.97, "bearing": 175.0}}, {"type": "Feature", "geometry": {"type": "LineString", "coordinates": [[12.832572, 55.4024149], [12.8325505, 55.4024068]]}, "properties": {"t": "fall", "g": 3, "loop": null, "hole": 3, "slope_pct": 2.72, "bearing": 236.3}}, {"type": "Feature", "geometry": {"type": "LineString", "coordinates": [[12.8326193, 55.4024158], [12.8326059, 55.4024093]]}, "properties": {"t": "fall", "g": 3, "loop": null, "hole": 3, "slope_pct": 1.86, "bearing": 229.6}}, {"type": "Feature", "geometry": {"type": "LineString", "coordinates": [[12.8326666, 55.4024166], [12.8326604, 55.4024143]]}, "properties": {"t": "fall", "g": 3, "loop": null, "hole": 3, "slope_pct": 0.79, "bearing": 236.0}}, {"type": "Feature", "geometry": {"type": "LineString", "coordinates": [[12.832714, 55.4024175], [12.8327043, 55.4024112]]}, "properties": {"t": "fall", "g": 3, "loop": null, "hole": 3, "slope_pct": 1.54, "bearing": 221.3}}, {"type": "Feature", "geometry": {"type": "LineString", "coordinates": [[12.8327613, 55.4024183], [12.8327692, 55.4024085]]}, "properties": {"t": "fall", "g": 3, "loop": null, "hole": 3, "slope_pct": 1.99, "bearing": 155.4}}, {"type": "Feature", "geometry": {"type": "LineString", "coordinates": [[12.8324788, 55.4023863], [12.8325014, 55.4023856]]}, "properties": {"t": "fall", "g": 3, "loop": null, "hole": 3, "slope_pct": 2.39, "bearing": 93.1}}, {"type": "Feature", "geometry": {"type": "LineString", "coordinates": [[12.8325734, 55.402388], [12.8325644, 55.4023817]]}, "properties": {"t": "fall", "g": 3, "loop": null, "hole": 3, "slope_pct": 1.51, "bearing": 219.0}}, {"type": "Feature", "geometry": {"type": "LineString", "coordinates": [[12.8326208, 55.4023889], [12.8325959, 55.4023779]]}, "properties": {"t": "fall", "g": 3, "loop": null, "hole": 3, "slope_pct": 3.31, "bearing": 232.3}}, {"type": "Feature", "geometry": {"type": "LineString", "coordinates": [[12.8326681, 55.4023897], [12.8326596, 55.4023879]]}, "properties": {"t": "fall", "g": 3, "loop": null, "hole": 3, "slope_pct": 0.96, "bearing": 249.7}}, {"type": "Feature", "geometry": {"type": "LineString", "coordinates": [[12.8327155, 55.4023905], [12.8327146, 55.4023873]]}, "properties": {"t": "fall", "g": 3, "loop": null, "hole": 3, "slope_pct": 0.61, "bearing": 188.9}}, {"type": "Feature", "geometry": {"type": "LineString", "coordinates": [[12.8324802, 55.4023594], [12.8324984, 55.4023574]]}, "properties": {"t": "fall", "g": 3, "loop": null, "hole": 3, "slope_pct": 1.95, "bearing": 101.0}}, {"type": "Feature", "geometry": {"type": "LineString", "coordinates": [[12.8325276, 55.4023602], [12.8325344, 55.4023574]]}, "properties": {"t": "fall", "g": 3, "loop": null, "hole": 3, "slope_pct": 0.9, "bearing": 126.5}}, {"type": "Feature", "geometry": {"type": "LineString", "coordinates": [[12.8325749, 55.4023611], [12.8325777, 55.4023567]]}, "properties": {"t": "fall", "g": 3, "loop": null, "hole": 3, "slope_pct": 0.86, "bearing": 160.2}}, {"type": "Feature", "geometry": {"type": "LineString", "coordinates": [[12.8326223, 55.4023619], [12.832599, 55.4023518]]}, "properties": {"t": "fall", "g": 3, "loop": null, "hole": 3, "slope_pct": 3.08, "bearing": 232.6}}, {"type": "Feature", "geometry": {"type": "LineString", "coordinates": [[12.8326696, 55.4023628], [12.8326441, 55.4023512]]}, "properties": {"t": "fall", "g": 3, "loop": null, "hole": 3, "slope_pct": 3.44, "bearing": 231.4}}, {"type": "Feature", "geometry": {"type": "LineString", "coordinates": [[12.8327169, 55.4023636], [12.8327237, 55.4023562]]}, "properties": {"t": "fall", "g": 3, "loop": null, "hole": 3, "slope_pct": 1.55, "bearing": 152.7}}, {"type": "Feature", "geometry": {"type": "LineString", "coordinates": [[12.832529, 55.4023333], [12.8325366, 55.402328]]}, "properties": {"t": "fall", "g": 3, "loop": null, "hole": 3, "slope_pct": 1.27, "bearing": 141.3}}, {"type": "Feature", "geometry": {"type": "LineString", "coordinates": [[12.8325764, 55.4023341], [12.8325771, 55.4023301]]}, "properties": {"t": "fall", "g": 3, "loop": null, "hole": 3, "slope_pct": 0.75, "bearing": 174.0}}, {"type": "Feature", "geometry": {"type": "LineString", "coordinates": [[12.8326237, 55.402335], [12.8326154, 55.4023311]]}, "properties": {"t": "fall", "g": 3, "loop": null, "hole": 3, "slope_pct": 1.13, "bearing": 230.3}}, {"type": "Feature", "geometry": {"type": "LineString", "coordinates": [[12.8326711, 55.4023358], [12.8326552, 55.4023222]]}, "properties": {"t": "fall", "g": 3, "loop": null, "hole": 3, "slope_pct": 3.03, "bearing": 213.4}}, {"type": "Feature", "geometry": {"type": "LineString", "coordinates": [[12.8327184, 55.4023367], [12.8327302, 55.4023142]]}, "properties": {"t": "fall", "g": 3, "loop": null, "hole": 3, "slope_pct": 4.34, "bearing": 163.4}}, {"type": "Feature", "geometry": {"type": "LineString", "coordinates": [[12.8325305, 55.4023064], [12.8325333, 55.402294]]}, "properties": {"t": "fall", "g": 3, "loop": null, "hole": 3, "slope_pct": 2.31, "bearing": 172.6}}, {"type": "Feature", "geometry": {"type": "LineString", "coordinates": [[12.8325779, 55.4023072], [12.8325708, 55.4022988]]}, "properties": {"t": "fall", "g": 3, "loop": null, "hole": 3, "slope_pct": 1.72, "bearing": 205.6}}, {"type": "Feature", "geometry": {"type": "LineString", "coordinates": [[12.8326252, 55.402308], [12.8326211, 55.4023016]]}, "properties": {"t": "fall", "g": 3, "loop": null, "hole": 3, "slope_pct": 1.28, "bearing": 199.6}}, {"type": "Feature", "geometry": {"type": "LineString", "coordinates": [[12.8326725, 55.4023089], [12.8326685, 55.402301]]}, "properties": {"t": "fall", "g": 3, "loop": null, "hole": 3, "slope_pct": 1.53, "bearing": 196.3}}, {"type": "Feature", "geometry": {"type": "LineString", "coordinates": [[12.8326267, 55.4022811], [12.8326223, 55.4022723]]}, "properties": {"t": "fall", "g": 3, "loop": null, "hole": 3, "slope_pct": 1.7, "bearing": 195.9}}, {"type": "Feature", "geometry": {"type": "Point", "coordinates": [12.8325492, 55.4024244]}, "properties": {"t": "aim", "g": 3, "loop": null, "hole": 3, "aim_bearing": 190.6, "slope_median": 1.72, "slope_max": 9.33, "n_cells": 65}}, {"type": "Feature", "geometry": {"type": "LineString", "coordinates": [[12.8324315, 55.4061335], [12.8324315, 55.4061605]]}, "properties": {"t": "fall", "g": 4, "loop": null, "hole": 4, "slope_pct": 8.02, "bearing": 360.0}}, {"type": "Feature", "geometry": {"type": "LineString", "coordinates": [[12.8324789, 55.4061344], [12.8324564, 55.4061527]]}, "properties": {"t": "fall", "g": 4, "loop": null, "hole": 4, "slope_pct": 4.15, "bearing": 325.3}}, {"type": "Feature", "geometry": {"type": "LineString", "coordinates": [[12.8325262, 55.4061352], [12.8325233, 55.4061552]]}, "properties": {"t": "fall", "g": 4, "loop": null, "hole": 4, "slope_pct": 3.71, "bearing": 355.2}}, {"type": "Feature", "geometry": {"type": "LineString", "coordinates": [[12.8325736, 55.4061361], [12.8325754, 55.406163]]}, "properties": {"t": "fall", "g": 4, "loop": null, "hole": 4, "slope_pct": 6.39, "bearing": 2.3}}, {"type": "Feature", "geometry": {"type": "LineString", "coordinates": [[12.8323857, 55.4061058], [12.832367, 55.4061194]]}, "properties": {"t": "fall", "g": 4, "loop": null, "hole": 4, "slope_pct": 3.2, "bearing": 322.2}}, {"type": "Feature", "geometry": {"type": "LineString", "coordinates": [[12.832433, 55.4061066], [12.8324542, 55.4061178]]}, "properties": {"t": "fall", "g": 4, "loop": null, "hole": 4, "slope_pct": 3.05, "bearing": 47.1}}, {"type": "Feature", "geometry": {"type": "LineString", "coordinates": [[12.8324804, 55.4061074], [12.8324835, 55.4061135]]}, "properties": {"t": "fall", "g": 4, "loop": null, "hole": 4, "slope_pct": 1.17, "bearing": 16.3}}, {"type": "Feature", "geometry": {"type": "LineString", "coordinates": [[12.8325277, 55.4061083], [12.8325203, 55.4061051]]}, "properties": {"t": "fall", "g": 4, "loop": null, "hole": 4, "slope_pct": 0.98, "bearing": 232.5}}, {"type": "Feature", "geometry": {"type": "LineString", "coordinates": [[12.832575, 55.4061091], [12.8325605, 55.4061082]]}, "properties": {"t": "fall", "g": 4, "loop": null, "hole": 4, "slope_pct": 1.55, "bearing": 263.6}}, {"type": "Feature", "geometry": {"type": "LineString", "coordinates": [[12.8326224, 55.40611], [12.8326078, 55.4061133]]}, "properties": {"t": "fall", "g": 4, "loop": null, "hole": 4, "slope_pct": 1.65, "bearing": 291.9}}, {"type": "Feature", "geometry": {"type": "LineString", "coordinates": [[12.8326697, 55.4061108], [12.8326892, 55.4061141]]}, "properties": {"t": "fall", "g": 4, "loop": null, "hole": 4, "slope_pct": 2.15, "bearing": 73.2}}, {"type": "Feature", "geometry": {"type": "LineString", "coordinates": [[12.8327171, 55.4061116], [12.8327629, 55.4061186]]}, "properties": {"t": "fall", "g": 4, "loop": null, "hole": 4, "slope_pct": 13.13, "bearing": 75.0}}, {"type": "Feature", "geometry": {"type": "LineString", "coordinates": [[12.8323398, 55.406078], [12.8323113, 55.4060764]]}, "properties": {"t": "fall", "g": 4, "loop": null, "hole": 4, "slope_pct": 3.02, "bearing": 264.5}}, {"type": "Feature", "geometry": {"type": "LineString", "coordinates": [[12.8323871, 55.4060788], [12.8323851, 55.406076]]}, "properties": {"t": "fall", "g": 4, "loop": null, "hole": 4, "slope_pct": 0.57, "bearing": 202.1}}, {"type": "Feature", "geometry": {"type": "LineString", "coordinates": [[12.8324345, 55.4060797], [12.8324452, 55.4060771]]}, "properties": {"t": "fall", "g": 4, "loop": null, "hole": 4, "slope_pct": 1.22, "bearing": 112.7}}, {"type": "Feature", "geometry": {"type": "LineString", "coordinates": [[12.8324818, 55.4060805], [12.8324943, 55.4060806]]}, "properties": {"t": "fall", "g": 4, "loop": null, "hole": 4, "slope_pct": 1.31, "bearing": 89.6}}, {"type": "Feature", "geometry": {"type": "LineString", "coordinates": [[12.8325292, 55.4060813], [12.8325227, 55.406083]]}, "properties": {"t": "fall", "g": 4, "loop": null, "hole": 4, "slope_pct": 0.74, "bearing": 294.5}}, {"type": "Feature", "geometry": {"type": "LineString", "coordinates": [[12.8325765, 55.4060822], [12.8325622, 55.4060837]]}, "properties": {"t": "fall", "g": 4, "loop": null, "hole": 4, "slope_pct": 1.53, "bearing": 280.9}}, {"type": "Feature", "geometry": {"type": "LineString", "coordinates": [[12.8326239, 55.406083], [12.8326186, 55.406076]]}, "properties": {"t": "fall", "g": 4, "loop": null, "hole": 4, "slope_pct": 1.41, "bearing": 203.1}}, {"type": "Feature", "geometry": {"type": "LineString", "coordinates": [[12.8326712, 55.4060839], [12.8327009, 55.4060628]]}, "properties": {"t": "fall", "g": 4, "loop": null, "hole": 4, "slope_pct": 7.38, "bearing": 141.3}}, {"type": "Feature", "geometry": {"type": "LineString", "coordinates": [[12.8327186, 55.4060847], [12.8327495, 55.4060643]]}, "properties": {"t": "fall", "g": 4, "loop": null, "hole": 4, "slope_pct": 10.14, "bearing": 139.3}}, {"type": "Feature", "geometry": {"type": "LineString", "coordinates": [[12.8323413, 55.406051], [12.8323122, 55.4060451]]}, "properties": {"t": "fall", "g": 4, "loop": null, "hole": 4, "slope_pct": 3.26, "bearing": 250.1}}, {"type": "Feature", "geometry": {"type": "LineString", "coordinates": [[12.8323886, 55.4060519], [12.832389, 55.4060438]]}, "properties": {"t": "fall", "g": 4, "loop": null, "hole": 4, "slope_pct": 1.5, "bearing": 178.7}}, {"type": "Feature", "geometry": {"type": "LineString", "coordinates": [[12.832436, 55.4060527], [12.8324416, 55.4060449]]}, "properties": {"t": "fall", "g": 4, "loop": null, "hole": 4, "slope_pct": 1.57, "bearing": 157.9}}, {"type": "Feature", "geometry": {"type": "LineString", "coordinates": [[12.8324833, 55.4060536], [12.8324912, 55.4060507]]}, "properties": {"t": "fall", "g": 4, "loop": null, "hole": 4, "slope_pct": 0.98, "bearing": 122.7}}, {"type": "Feature", "geometry": {"type": "LineString", "coordinates": [[12.8325307, 55.4060544], [12.832518, 55.4060557]]}, "properties": {"t": "fall", "g": 4, "loop": null, "hole": 4, "slope_pct": 1.35, "bearing": 280.3}}, {"type": "Feature", "geometry": {"type": "LineString", "coordinates": [[12.832578, 55.4060552], [12.8325827, 55.4060462]]}, "properties": {"t": "fall", "g": 4, "loop": null, "hole": 4, "slope_pct": 1.75, "bearing": 163.6}}, {"type": "Feature", "geometry": {"type": "LineString", "coordinates": [[12.8326253, 55.4060561], [12.8326503, 55.4060332]]}, "properties": {"t": "fall", "g": 4, "loop": null, "hole": 4, "slope_pct": 7.36, "bearing": 148.3}}, {"type": "Feature", "geometry": {"type": "LineString", "coordinates": [[12.8326727, 55.4060569], [12.8327039, 55.4060366]]}, "properties": {"t": "fall", "g": 4, "loop": null, "hole": 4, "slope_pct": 16.14, "bearing": 138.9}}, {"type": "Feature", "geometry": {"type": "LineString", "coordinates": [[12.8323428, 55.4060241], [12.8323448, 55.406029]]}, "properties": {"t": "fall", "g": 4, "loop": null, "hole": 4, "slope_pct": 0.93, "bearing": 13.4}}, {"type": "Feature", "geometry": {"type": "LineString", "coordinates": [[12.8323901, 55.4060249], [12.8323967, 55.4060172]]}, "properties": {"t": "fall", "g": 4, "loop": null, "hole": 4, "slope_pct": 1.59, "bearing": 154.1}}, {"type": "Feature", "geometry": {"type": "LineString", "coordinates": [[12.8324374, 55.4060258], [12.832438, 55.4060164]]}, "properties": {"t": "fall", "g": 4, "loop": null, "hole": 4, "slope_pct": 1.74, "bearing": 178.1}}, {"type": "Feature", "geometry": {"type": "LineString", "coordinates": [[12.8324848, 55.4060266], [12.832483, 55.4060192]]}, "properties": {"t": "fall", "g": 4, "loop": null, "hole": 4, "slope_pct": 1.4, "bearing": 187.8}}, {"type": "Feature", "geometry": {"type": "LineString", "coordinates": [[12.8325321, 55.4060275], [12.8325263, 55.4060194]]}, "properties": {"t": "fall", "g": 4, "loop": null, "hole": 4, "slope_pct": 1.61, "bearing": 202.5}}, {"type": "Feature", "geometry": {"type": "LineString", "coordinates": [[12.8325795, 55.4060283], [12.8326144, 55.4060143]]}, "properties": {"t": "fall", "g": 4, "loop": null, "hole": 4, "slope_pct": 4.5, "bearing": 125.2}}, {"type": "Feature", "geometry": {"type": "LineString", "coordinates": [[12.8326268, 55.4060291], [12.8326649, 55.4060131]]}, "properties": {"t": "fall", "g": 4, "loop": null, "hole": 4, "slope_pct": 13.38, "bearing": 126.6}}, {"type": "Feature", "geometry": {"type": "LineString", "coordinates": [[12.8323442, 55.4059972], [12.8323657, 55.4059904]]}, "properties": {"t": "fall", "g": 4, "loop": null, "hole": 4, "slope_pct": 2.59, "bearing": 118.9}}, {"type": "Feature", "geometry": {"type": "LineString", "coordinates": [[12.8323916, 55.405998], [12.8324018, 55.405993]]}, "properties": {"t": "fall", "g": 4, "loop": null, "hole": 4, "slope_pct": 1.41, "bearing": 130.6}}, {"type": "Feature", "geometry": {"type": "LineString", "coordinates": [[12.8324389, 55.4059988], [12.8324417, 55.4059918]]}, "properties": {"t": "fall", "g": 4, "loop": null, "hole": 4, "slope_pct": 1.34, "bearing": 167.2}}, {"type": "Feature", "geometry": {"type": "LineString", "coordinates": [[12.8324863, 55.4059997], [12.8324868, 55.4059909]]}, "properties": {"t": "fall", "g": 4, "loop": null, "hole": 4, "slope_pct": 1.63, "bearing": 178.2}}, {"type": "Feature", "geometry": {"type": "LineString", "coordinates": [[12.8325336, 55.4060005], [12.8325336, 55.4059865]]}, "properties": {"t": "fall", "g": 4, "loop": null, "hole": 4, "slope_pct": 2.6, "bearing": 180.0}}, {"type": "Feature", "geometry": {"type": "LineString", "coordinates": [[12.8325809, 55.4060014], [12.8326199, 55.405986]]}, "properties": {"t": "fall", "g": 4, "loop": null, "hole": 4, "slope_pct": 8.47, "bearing": 124.9}}, {"type": "Feature", "geometry": {"type": "LineString", "coordinates": [[12.8323457, 55.4059702], [12.8323458, 55.4059609]]}, "properties": {"t": "fall", "g": 4, "loop": null, "hole": 4, "slope_pct": 1.73, "bearing": 179.5}}, {"type": "Feature", "geometry": {"type": "LineString", "coordinates": [[12.832393, 55.4059711], [12.8324054, 55.4059657]]}, "properties": {"t": "fall", "g": 4, "loop": null, "hole": 4, "slope_pct": 1.63, "bearing": 127.4}}, {"type": "Feature", "geometry": {"type": "LineString", "coordinates": [[12.8324404, 55.4059719], [12.8324477, 55.4059631]]}, "properties": {"t": "fall", "g": 4, "loop": null, "hole": 4, "slope_pct": 1.81, "bearing": 154.7}}, {"type": "Feature", "geometry": {"type": "LineString", "coordinates": [[12.8324877, 55.4059727], [12.8324838, 55.4059661]]}, "properties": {"t": "fall", "g": 4, "loop": null, "hole": 4, "slope_pct": 1.3, "bearing": 198.3}}, {"type": "Feature", "geometry": {"type": "LineString", "coordinates": [[12.8325351, 55.4059736], [12.8325588, 55.4059648]]}, "properties": {"t": "fall", "g": 4, "loop": null, "hole": 4, "slope_pct": 2.98, "bearing": 123.2}}, {"type": "Feature", "geometry": {"type": "LineString", "coordinates": [[12.8323472, 55.4059433], [12.8323471, 55.4059316]]}, "properties": {"t": "fall", "g": 4, "loop": null, "hole": 4, "slope_pct": 2.17, "bearing": 180.2}}, {"type": "Feature", "geometry": {"type": "LineString", "coordinates": [[12.8323945, 55.4059441], [12.8324129, 55.4059276]]}, "properties": {"t": "fall", "g": 4, "loop": null, "hole": 4, "slope_pct": 3.63, "bearing": 147.7}}, {"type": "Feature", "geometry": {"type": "LineString", "coordinates": [[12.8324419, 55.405945], [12.8324645, 55.4059213]]}, "properties": {"t": "fall", "g": 4, "loop": null, "hole": 4, "slope_pct": 6.77, "bearing": 151.5}}, {"type": "Feature", "geometry": {"type": "LineString", "coordinates": [[12.8324892, 55.4059458], [12.8324756, 55.40592]]}, "properties": {"t": "fall", "g": 4, "loop": null, "hole": 4, "slope_pct": 8.23, "bearing": 196.7}}, {"type": "Feature", "geometry": {"type": "Point", "coordinates": [12.832492, 55.4060465]}, "properties": {"t": "aim", "g": 4, "loop": null, "hole": 4, "aim_bearing": 136.1, "slope_median": 1.75, "slope_max": 16.14, "n_cells": 51}}, {"type": "Feature", "geometry": {"type": "LineString", "coordinates": [[12.8294742, 55.4027375], [12.8294686, 55.4027412]]}, "properties": {"t": "fall", "g": 5, "loop": null, "hole": 5, "slope_pct": 0.9, "bearing": 319.0}}, {"type": "Feature", "geometry": {"type": "LineString", "coordinates": [[12.8295216, 55.4027383], [12.8295187, 55.4027423]]}, "properties": {"t": "fall", "g": 5, "loop": null, "hole": 5, "slope_pct": 0.79, "bearing": 337.3}}, {"type": "Feature", "geometry": {"type": "LineString", "coordinates": [[12.829523, 55.4027114], [12.8295181, 55.4027111]]}, "properties": {"t": "fall", "g": 5, "loop": null, "hole": 5, "slope_pct": 0.52, "bearing": 263.9}}, {"type": "Feature", "geometry": {"type": "LineString", "coordinates": [[12.8295704, 55.4027122], [12.8295753, 55.4027138]]}, "properties": {"t": "fall", "g": 5, "loop": null, "hole": 5, "slope_pct": 0.6, "bearing": 61.3}}, {"type": "Feature", "geometry": {"type": "LineString", "coordinates": [[12.8296177, 55.4027131], [12.8296205, 55.402717]]}, "properties": {"t": "fall", "g": 5, "loop": null, "hole": 5, "slope_pct": 0.78, "bearing": 22.1}}, {"type": "Feature", "geometry": {"type": "LineString", "coordinates": [[12.8296651, 55.4027139], [12.8296632, 55.4027201]]}, "properties": {"t": "fall", "g": 5, "loop": null, "hole": 5, "slope_pct": 1.16, "bearing": 350.4}}, {"type": "Feature", "geometry": {"type": "LineString", "coordinates": [[12.8295245, 55.4026845], [12.8295196, 55.402688]]}, "properties": {"t": "fall", "g": 5, "loop": null, "hole": 5, "slope_pct": 0.84, "bearing": 322.1}}, {"type": "Feature", "geometry": {"type": "LineString", "coordinates": [[12.8295719, 55.4026853], [12.8295693, 55.4026902]]}, "properties": {"t": "fall", "g": 5, "loop": null, "hole": 5, "slope_pct": 0.95, "bearing": 343.2}}, {"type": "Feature", "geometry": {"type": "LineString", "coordinates": [[12.8296192, 55.4026861], [12.8296234, 55.4026928]]}, "properties": {"t": "fall", "g": 5, "loop": null, "hole": 5, "slope_pct": 1.32, "bearing": 19.4}}, {"type": "Feature", "geometry": {"type": "LineString", "coordinates": [[12.8296665, 55.402687], [12.829658, 55.4026935]]}, "properties": {"t": "fall", "g": 5, "loop": null, "hole": 5, "slope_pct": 1.51, "bearing": 323.1}}, {"type": "Feature", "geometry": {"type": "LineString", "coordinates": [[12.829526, 55.4026575], [12.8295252, 55.4026621]]}, "properties": {"t": "fall", "g": 5, "loop": null, "hole": 5, "slope_pct": 0.85, "bearing": 354.3}}, {"type": "Feature", "geometry": {"type": "LineString", "coordinates": [[12.829668, 55.40266], [12.8296608, 55.4026614]]}, "properties": {"t": "fall", "g": 5, "loop": null, "hole": 5, "slope_pct": 0.8, "bearing": 288.6}}, {"type": "Feature", "geometry": {"type": "LineString", "coordinates": [[12.8297154, 55.4026609], [12.8296918, 55.4026567]]}, "properties": {"t": "fall", "g": 5, "loop": null, "hole": 5, "slope_pct": 2.61, "bearing": 252.5}}, {"type": "Feature", "geometry": {"type": "LineString", "coordinates": [[12.8295275, 55.4026306], [12.829531, 55.4026339]]}, "properties": {"t": "fall", "g": 5, "loop": null, "hole": 5, "slope_pct": 0.72, "bearing": 31.5}}, {"type": "Feature", "geometry": {"type": "LineString", "coordinates": [[12.8295748, 55.4026314], [12.8295756, 55.4026342]]}, "properties": {"t": "fall", "g": 5, "loop": null, "hole": 5, "slope_pct": 0.52, "bearing": 8.7}}, {"type": "Feature", "geometry": {"type": "LineString", "coordinates": [[12.8296222, 55.4026323], [12.8296205, 55.4026356]]}, "properties": {"t": "fall", "g": 5, "loop": null, "hole": 5, "slope_pct": 0.64, "bearing": 344.0}}, {"type": "Feature", "geometry": {"type": "LineString", "coordinates": [[12.8296695, 55.4026331], [12.8296704, 55.4026359]]}, "properties": {"t": "fall", "g": 5, "loop": null, "hole": 5, "slope_pct": 0.53, "bearing": 10.0}}, {"type": "Feature", "geometry": {"type": "LineString", "coordinates": [[12.8297168, 55.4026339], [12.8297092, 55.4026297]]}, "properties": {"t": "fall", "g": 5, "loop": null, "hole": 5, "slope_pct": 1.12, "bearing": 225.6}}, {"type": "Feature", "geometry": {"type": "LineString", "coordinates": [[12.8297642, 55.4026348], [12.8297747, 55.4026259]]}, "properties": {"t": "fall", "g": 5, "loop": null, "hole": 5, "slope_pct": 1.99, "bearing": 146.2}}, {"type": "Feature", "geometry": {"type": "LineString", "coordinates": [[12.8294343, 55.402602], [12.829408, 55.4026076]]}, "properties": {"t": "fall", "g": 5, "loop": null, "hole": 5, "slope_pct": 2.96, "bearing": 290.6}}, {"type": "Feature", "geometry": {"type": "LineString", "coordinates": [[12.8294816, 55.4026028], [12.8294725, 55.4026072]]}, "properties": {"t": "fall", "g": 5, "loop": null, "hole": 5, "slope_pct": 1.27, "bearing": 310.4}}, {"type": "Feature", "geometry": {"type": "LineString", "coordinates": [[12.829529, 55.4026036], [12.8295344, 55.4026084]]}, "properties": {"t": "fall", "g": 5, "loop": null, "hole": 5, "slope_pct": 1.06, "bearing": 32.6}}, {"type": "Feature", "geometry": {"type": "LineString", "coordinates": [[12.8295763, 55.4026045], [12.829577, 55.4026082]]}, "properties": {"t": "fall", "g": 5, "loop": null, "hole": 5, "slope_pct": 0.69, "bearing": 6.4}}, {"type": "Feature", "geometry": {"type": "LineString", "coordinates": [[12.8296236, 55.4026053], [12.8296244, 55.4026087]]}, "properties": {"t": "fall", "g": 5, "loop": null, "hole": 5, "slope_pct": 0.64, "bearing": 7.6}}, {"type": "Feature", "geometry": {"type": "LineString", "coordinates": [[12.8297656, 55.4026078], [12.8297765, 55.4026069]]}, "properties": {"t": "fall", "g": 5, "loop": null, "hole": 5, "slope_pct": 1.16, "bearing": 98.6}}, {"type": "Feature", "geometry": {"type": "LineString", "coordinates": [[12.829813, 55.4026087], [12.8298255, 55.4026054]]}, "properties": {"t": "fall", "g": 5, "loop": null, "hole": 5, "slope_pct": 1.45, "bearing": 114.6}}, {"type": "Feature", "geometry": {"type": "LineString", "coordinates": [[12.8298603, 55.4026095], [12.8298756, 55.4026006]]}, "properties": {"t": "fall", "g": 5, "loop": null, "hole": 5, "slope_pct": 2.31, "bearing": 135.7}}, {"type": "Feature", "geometry": {"type": "LineString", "coordinates": [[12.8294357, 55.402575], [12.8294129, 55.4025835]]}, "properties": {"t": "fall", "g": 5, "loop": null, "hole": 5, "slope_pct": 2.88, "bearing": 303.0}}, {"type": "Feature", "geometry": {"type": "LineString", "coordinates": [[12.8294831, 55.4025759], [12.8294761, 55.4025813]]}, "properties": {"t": "fall", "g": 5, "loop": null, "hole": 5, "slope_pct": 1.25, "bearing": 323.9}}, {"type": "Feature", "geometry": {"type": "LineString", "coordinates": [[12.8295304, 55.4025767], [12.8295305, 55.4025832]]}, "properties": {"t": "fall", "g": 5, "loop": null, "hole": 5, "slope_pct": 1.2, "bearing": 0.3}}, {"type": "Feature", "geometry": {"type": "LineString", "coordinates": [[12.8295778, 55.4025775], [12.8295785, 55.4025871]]}, "properties": {"t": "fall", "g": 5, "loop": null, "hole": 5, "slope_pct": 1.78, "bearing": 2.6}}, {"type": "Feature", "geometry": {"type": "LineString", "coordinates": [[12.8296251, 55.4025784], [12.8296278, 55.4025875]]}, "properties": {"t": "fall", "g": 5, "loop": null, "hole": 5, "slope_pct": 1.72, "bearing": 9.5}}, {"type": "Feature", "geometry": {"type": "LineString", "coordinates": [[12.8296724, 55.4025792], [12.8296799, 55.402587]]}, "properties": {"t": "fall", "g": 5, "loop": null, "hole": 5, "slope_pct": 1.64, "bearing": 28.7}}, {"type": "Feature", "geometry": {"type": "LineString", "coordinates": [[12.8297198, 55.4025801], [12.8297225, 55.4025858]]}, "properties": {"t": "fall", "g": 5, "loop": null, "hole": 5, "slope_pct": 1.1, "bearing": 15.2}}, {"type": "Feature", "geometry": {"type": "LineString", "coordinates": [[12.8297671, 55.4025809], [12.8297781, 55.4025846]]}, "properties": {"t": "fall", "g": 5, "loop": null, "hole": 5, "slope_pct": 1.35, "bearing": 59.3}}, {"type": "Feature", "geometry": {"type": "LineString", "coordinates": [[12.8298145, 55.4025817], [12.829837, 55.4025816]]}, "properties": {"t": "fall", "g": 5, "loop": null, "hole": 5, "slope_pct": 2.37, "bearing": 90.4}}, {"type": "Feature", "geometry": {"type": "LineString", "coordinates": [[12.8298618, 55.4025826], [12.8298792, 55.4025804]]}, "properties": {"t": "fall", "g": 5, "loop": null, "hole": 5, "slope_pct": 1.87, "bearing": 102.3}}, {"type": "Feature", "geometry": {"type": "LineString", "coordinates": [[12.8294372, 55.4025481], [12.8294179, 55.4025576]]}, "properties": {"t": "fall", "g": 5, "loop": null, "hole": 5, "slope_pct": 2.69, "bearing": 311.0}}, {"type": "Feature", "geometry": {"type": "LineString", "coordinates": [[12.8294846, 55.4025489], [12.8294799, 55.4025568]]}, "properties": {"t": "fall", "g": 5, "loop": null, "hole": 5, "slope_pct": 1.54, "bearing": 341.4}}, {"type": "Feature", "geometry": {"type": "LineString", "coordinates": [[12.8295319, 55.4025498], [12.8295301, 55.4025563]]}, "properties": {"t": "fall", "g": 5, "loop": null, "hole": 5, "slope_pct": 1.22, "bearing": 351.0}}, {"type": "Feature", "geometry": {"type": "LineString", "coordinates": [[12.8295792, 55.4025506], [12.829579, 55.4025568]]}, "properties": {"t": "fall", "g": 5, "loop": null, "hole": 5, "slope_pct": 1.15, "bearing": 358.8}}, {"type": "Feature", "geometry": {"type": "LineString", "coordinates": [[12.8296266, 55.4025514], [12.8296297, 55.4025579]]}, "properties": {"t": "fall", "g": 5, "loop": null, "hole": 5, "slope_pct": 1.25, "bearing": 15.5}}, {"type": "Feature", "geometry": {"type": "LineString", "coordinates": [[12.8296739, 55.4025523], [12.8296837, 55.4025568]]}, "properties": {"t": "fall", "g": 5, "loop": null, "hole": 5, "slope_pct": 1.32, "bearing": 50.9}}, {"type": "Feature", "geometry": {"type": "LineString", "coordinates": [[12.8297213, 55.4025531], [12.8297263, 55.4025588]]}, "properties": {"t": "fall", "g": 5, "loop": null, "hole": 5, "slope_pct": 1.18, "bearing": 26.4}}, {"type": "Feature", "geometry": {"type": "LineString", "coordinates": [[12.8297686, 55.402554], [12.8297842, 55.4025586]]}, "properties": {"t": "fall", "g": 5, "loop": null, "hole": 5, "slope_pct": 1.86, "bearing": 62.2}}, {"type": "Feature", "geometry": {"type": "LineString", "coordinates": [[12.8298159, 55.4025548], [12.8298452, 55.4025576]]}, "properties": {"t": "fall", "g": 5, "loop": null, "hole": 5, "slope_pct": 3.12, "bearing": 80.6}}, {"type": "Feature", "geometry": {"type": "LineString", "coordinates": [[12.8298633, 55.4025557], [12.8298821, 55.4025539]]}, "properties": {"t": "fall", "g": 5, "loop": null, "hole": 5, "slope_pct": 2.01, "bearing": 99.6}}, {"type": "Feature", "geometry": {"type": "LineString", "coordinates": [[12.8294387, 55.4025211], [12.8294253, 55.4025306]]}, "properties": {"t": "fall", "g": 5, "loop": null, "hole": 5, "slope_pct": 2.25, "bearing": 321.2}}, {"type": "Feature", "geometry": {"type": "LineString", "coordinates": [[12.829486, 55.402522], [12.8294815, 55.4025304]]}, "properties": {"t": "fall", "g": 5, "loop": null, "hole": 5, "slope_pct": 1.62, "bearing": 342.8}}, {"type": "Feature", "geometry": {"type": "LineString", "coordinates": [[12.8295334, 55.4025228], [12.8295341, 55.4025321]]}, "properties": {"t": "fall", "g": 5, "loop": null, "hole": 5, "slope_pct": 1.71, "bearing": 2.5}}, {"type": "Feature", "geometry": {"type": "LineString", "coordinates": [[12.8295807, 55.4025237], [12.829581, 55.4025317]]}, "properties": {"t": "fall", "g": 5, "loop": null, "hole": 5, "slope_pct": 1.48, "bearing": 1.0}}, {"type": "Feature", "geometry": {"type": "LineString", "coordinates": [[12.8296281, 55.4025245], [12.8296349, 55.4025311]]}, "properties": {"t": "fall", "g": 5, "loop": null, "hole": 5, "slope_pct": 1.42, "bearing": 30.6}}, {"type": "Feature", "geometry": {"type": "LineString", "coordinates": [[12.8296754, 55.4025254], [12.8296829, 55.4025331]]}, "properties": {"t": "fall", "g": 5, "loop": null, "hole": 5, "slope_pct": 1.64, "bearing": 28.9}}, {"type": "Feature", "geometry": {"type": "LineString", "coordinates": [[12.8297227, 55.4025262], [12.8297296, 55.4025332]]}, "properties": {"t": "fall", "g": 5, "loop": null, "hole": 5, "slope_pct": 1.49, "bearing": 29.3}}, {"type": "Feature", "geometry": {"type": "LineString", "coordinates": [[12.8297701, 55.402527], [12.829792, 55.402528]]}, "properties": {"t": "fall", "g": 5, "loop": null, "hole": 5, "slope_pct": 2.31, "bearing": 85.6}}, {"type": "Feature", "geometry": {"type": "LineString", "coordinates": [[12.8298174, 55.4025279], [12.8298517, 55.4025237]]}, "properties": {"t": "fall", "g": 5, "loop": null, "hole": 5, "slope_pct": 3.7, "bearing": 102.1}}, {"type": "Feature", "geometry": {"type": "LineString", "coordinates": [[12.8294875, 55.4024951], [12.8294812, 55.4025012]]}, "properties": {"t": "fall", "g": 5, "loop": null, "hole": 5, "slope_pct": 1.31, "bearing": 329.6}}, {"type": "Feature", "geometry": {"type": "LineString", "coordinates": [[12.8295349, 55.4024959], [12.8295346, 55.4025026]]}, "properties": {"t": "fall", "g": 5, "loop": null, "hole": 5, "slope_pct": 1.25, "bearing": 358.7}}, {"type": "Feature", "geometry": {"type": "LineString", "coordinates": [[12.8295822, 55.4024967], [12.8295862, 55.4025024]]}, "properties": {"t": "fall", "g": 5, "loop": null, "hole": 5, "slope_pct": 1.14, "bearing": 21.6}}, {"type": "Feature", "geometry": {"type": "LineString", "coordinates": [[12.8296295, 55.4024976], [12.8296376, 55.4025013]]}, "properties": {"t": "fall", "g": 5, "loop": null, "hole": 5, "slope_pct": 1.1, "bearing": 50.5}}, {"type": "Feature", "geometry": {"type": "LineString", "coordinates": [[12.8296769, 55.4024984], [12.8296833, 55.4025016]]}, "properties": {"t": "fall", "g": 5, "loop": null, "hole": 5, "slope_pct": 0.9, "bearing": 48.7}}, {"type": "Feature", "geometry": {"type": "LineString", "coordinates": [[12.8297242, 55.4024993], [12.8297351, 55.4025022]]}, "properties": {"t": "fall", "g": 5, "loop": null, "hole": 5, "slope_pct": 1.27, "bearing": 64.4}}, {"type": "Feature", "geometry": {"type": "LineString", "coordinates": [[12.8297716, 55.4025001], [12.829805, 55.402499]]}, "properties": {"t": "fall", "g": 5, "loop": null, "hole": 5, "slope_pct": 3.52, "bearing": 93.3}}, {"type": "Feature", "geometry": {"type": "LineString", "coordinates": [[12.8295837, 55.4024698], [12.8295907, 55.4024711]]}, "properties": {"t": "fall", "g": 5, "loop": null, "hole": 5, "slope_pct": 0.78, "bearing": 71.6}}, {"type": "Feature", "geometry": {"type": "LineString", "coordinates": [[12.829631, 55.4024706], [12.82964, 55.4024713]]}, "properties": {"t": "fall", "g": 5, "loop": null, "hole": 5, "slope_pct": 0.96, "bearing": 82.2}}, {"type": "Feature", "geometry": {"type": "LineString", "coordinates": [[12.8296784, 55.4024715], [12.8296872, 55.4024702]]}, "properties": {"t": "fall", "g": 5, "loop": null, "hole": 5, "slope_pct": 0.96, "bearing": 104.6}}, {"type": "Feature", "geometry": {"type": "LineString", "coordinates": [[12.8297257, 55.4024723], [12.8297415, 55.4024667]]}, "properties": {"t": "fall", "g": 5, "loop": null, "hole": 5, "slope_pct": 1.96, "bearing": 122.0}}, {"type": "Feature", "geometry": {"type": "Point", "coordinates": [12.8296261, 55.4025889]}, "properties": {"t": "aim", "g": 5, "loop": null, "hole": 5, "aim_bearing": 27.7, "slope_median": 1.22, "slope_max": 3.7, "n_cells": 75}}, {"type": "Feature", "geometry": {"type": "LineString", "coordinates": [[12.8264307, 55.4006341], [12.826429, 55.4006374]]}, "properties": {"t": "fall", "g": 6, "loop": null, "hole": 6, "slope_pct": 0.63, "bearing": 344.2}}, {"type": "Feature", "geometry": {"type": "LineString", "coordinates": [[12.826478, 55.400635], [12.8264936, 55.400646]]}, "properties": {"t": "fall", "g": 6, "loop": null, "hole": 6, "slope_pct": 2.62, "bearing": 38.9}}, {"type": "Feature", "geometry": {"type": "LineString", "coordinates": [[12.8265253, 55.4006358], [12.8265561, 55.4006398]]}, "properties": {"t": "fall", "g": 6, "loop": null, "hole": 6, "slope_pct": 3.32, "bearing": 77.2}}, {"type": "Feature", "geometry": {"type": "LineString", "coordinates": [[12.8264321, 55.4006072], [12.8264194, 55.4006096]]}, "properties": {"t": "fall", "g": 6, "loop": null, "hole": 6, "slope_pct": 1.42, "bearing": 288.6}}, {"type": "Feature", "geometry": {"type": "LineString", "coordinates": [[12.8264795, 55.400608], [12.826499, 55.4006146]]}, "properties": {"t": "fall", "g": 6, "loop": null, "hole": 6, "slope_pct": 2.4, "bearing": 59.3}}, {"type": "Feature", "geometry": {"type": "LineString", "coordinates": [[12.8265268, 55.4006089], [12.8265566, 55.4006176]]}, "properties": {"t": "fall", "g": 6, "loop": null, "hole": 6, "slope_pct": 3.54, "bearing": 62.6}}, {"type": "Feature", "geometry": {"type": "LineString", "coordinates": [[12.8264336, 55.4005803], [12.8264137, 55.4006047]]}, "properties": {"t": "fall", "g": 6, "loop": null, "hole": 6, "slope_pct": 6.48, "bearing": 335.3}}, {"type": "Feature", "geometry": {"type": "LineString", "coordinates": [[12.8264809, 55.4005811], [12.8265004, 55.4006057]]}, "properties": {"t": "fall", "g": 6, "loop": null, "hole": 6, "slope_pct": 5.74, "bearing": 24.2}}, {"type": "Feature", "geometry": {"type": "LineString", "coordinates": [[12.8265283, 55.4005819], [12.8265578, 55.400603]]}, "properties": {"t": "fall", "g": 6, "loop": null, "hole": 6, "slope_pct": 6.01, "bearing": 38.5}}, {"type": "Feature", "geometry": {"type": "LineString", "coordinates": [[12.8264351, 55.4005533], [12.8264172, 55.4005623]]}, "properties": {"t": "fall", "g": 6, "loop": null, "hole": 6, "slope_pct": 2.51, "bearing": 311.4}}, {"type": "Feature", "geometry": {"type": "LineString", "coordinates": [[12.8264824, 55.4005542], [12.8265034, 55.40056]]}, "properties": {"t": "fall", "g": 6, "loop": null, "hole": 6, "slope_pct": 2.46, "bearing": 63.8}}, {"type": "Feature", "geometry": {"type": "LineString", "coordinates": [[12.8265298, 55.400555], [12.8265584, 55.4005701]]}, "properties": {"t": "fall", "g": 6, "loop": null, "hole": 6, "slope_pct": 4.12, "bearing": 47.0}}, {"type": "Feature", "geometry": {"type": "LineString", "coordinates": [[12.8265771, 55.4005558], [12.8266017, 55.4005733]]}, "properties": {"t": "fall", "g": 6, "loop": null, "hole": 6, "slope_pct": 4.14, "bearing": 38.7}}, {"type": "Feature", "geometry": {"type": "LineString", "coordinates": [[12.8266244, 55.4005567], [12.8266492, 55.4005797]]}, "properties": {"t": "fall", "g": 6, "loop": null, "hole": 6, "slope_pct": 6.01, "bearing": 31.4}}, {"type": "Feature", "geometry": {"type": "LineString", "coordinates": [[12.8266718, 55.4005575], [12.8267025, 55.400578]]}, "properties": {"t": "fall", "g": 6, "loop": null, "hole": 6, "slope_pct": 6.6, "bearing": 40.4}}, {"type": "Feature", "geometry": {"type": "LineString", "coordinates": [[12.8267191, 55.4005584], [12.8267502, 55.4005787]]}, "properties": {"t": "fall", "g": 6, "loop": null, "hole": 6, "slope_pct": 5.47, "bearing": 40.9}}, {"type": "Feature", "geometry": {"type": "LineString", "coordinates": [[12.8263892, 55.4005255], [12.8263991, 55.4005249]]}, "properties": {"t": "fall", "g": 6, "loop": null, "hole": 6, "slope_pct": 1.04, "bearing": 96.4}}, {"type": "Feature", "geometry": {"type": "LineString", "coordinates": [[12.8264839, 55.4005272], [12.826492, 55.4005267]]}, "properties": {"t": "fall", "g": 6, "loop": null, "hole": 6, "slope_pct": 0.86, "bearing": 96.2}}, {"type": "Feature", "geometry": {"type": "LineString", "coordinates": [[12.8265312, 55.4005281], [12.8265476, 55.4005357]]}, "properties": {"t": "fall", "g": 6, "loop": null, "hole": 6, "slope_pct": 2.23, "bearing": 50.8}}, {"type": "Feature", "geometry": {"type": "LineString", "coordinates": [[12.8265786, 55.4005289], [12.8265873, 55.4005441]]}, "properties": {"t": "fall", "g": 6, "loop": null, "hole": 6, "slope_pct": 2.97, "bearing": 17.9}}, {"type": "Feature", "geometry": {"type": "LineString", "coordinates": [[12.8266259, 55.4005297], [12.8266395, 55.4005535]]}, "properties": {"t": "fall", "g": 6, "loop": null, "hole": 6, "slope_pct": 4.63, "bearing": 18.0}}, {"type": "Feature", "geometry": {"type": "LineString", "coordinates": [[12.8266733, 55.4005306], [12.8266987, 55.4005533]]}, "properties": {"t": "fall", "g": 6, "loop": null, "hole": 6, "slope_pct": 7.39, "bearing": 32.4}}, {"type": "Feature", "geometry": {"type": "LineString", "coordinates": [[12.8267206, 55.4005314], [12.8267387, 55.4005563]]}, "properties": {"t": "fall", "g": 6, "loop": null, "hole": 6, "slope_pct": 8.23, "bearing": 22.5}}, {"type": "Feature", "geometry": {"type": "LineString", "coordinates": [[12.8267679, 55.4005323], [12.8267919, 55.4005555]]}, "properties": {"t": "fall", "g": 6, "loop": null, "hole": 6, "slope_pct": 10.6, "bearing": 30.4}}, {"type": "Feature", "geometry": {"type": "LineString", "coordinates": [[12.8263907, 55.4004986], [12.8263747, 55.4004957]]}, "properties": {"t": "fall", "g": 6, "loop": null, "hole": 6, "slope_pct": 1.77, "bearing": 252.2}}, {"type": "Feature", "geometry": {"type": "LineString", "coordinates": [[12.8264854, 55.4005003], [12.826495, 55.4004998]]}, "properties": {"t": "fall", "g": 6, "loop": null, "hole": 6, "slope_pct": 1.02, "bearing": 94.5}}, {"type": "Feature", "geometry": {"type": "LineString", "coordinates": [[12.8265327, 55.4005011], [12.8265379, 55.4005001]]}, "properties": {"t": "fall", "g": 6, "loop": null, "hole": 6, "slope_pct": 0.58, "bearing": 108.9}}, {"type": "Feature", "geometry": {"type": "LineString", "coordinates": [[12.8266274, 55.4005028], [12.8266278, 55.4005086]]}, "properties": {"t": "fall", "g": 6, "loop": null, "hole": 6, "slope_pct": 1.07, "bearing": 2.4}}, {"type": "Feature", "geometry": {"type": "LineString", "coordinates": [[12.8266747, 55.4005036], [12.8266948, 55.400517]]}, "properties": {"t": "fall", "g": 6, "loop": null, "hole": 6, "slope_pct": 3.26, "bearing": 40.5}}, {"type": "Feature", "geometry": {"type": "LineString", "coordinates": [[12.8267221, 55.4005045], [12.8267316, 55.4005239]]}, "properties": {"t": "fall", "g": 6, "loop": null, "hole": 6, "slope_pct": 3.75, "bearing": 15.6}}, {"type": "Feature", "geometry": {"type": "LineString", "coordinates": [[12.8262975, 55.40047], [12.8262594, 55.4004713]]}, "properties": {"t": "fall", "g": 6, "loop": null, "hole": 6, "slope_pct": 4.03, "bearing": 273.4}}, {"type": "Feature", "geometry": {"type": "LineString", "coordinates": [[12.8263449, 55.4004708], [12.8263052, 55.4004806]]}, "properties": {"t": "fall", "g": 6, "loop": null, "hole": 6, "slope_pct": 4.55, "bearing": 293.6}}, {"type": "Feature", "geometry": {"type": "LineString", "coordinates": [[12.8263922, 55.4004717], [12.8263781, 55.4004752]]}, "properties": {"t": "fall", "g": 6, "loop": null, "hole": 6, "slope_pct": 1.62, "bearing": 293.6}}, {"type": "Feature", "geometry": {"type": "LineString", "coordinates": [[12.8264869, 55.4004733], [12.8264976, 55.4004682]]}, "properties": {"t": "fall", "g": 6, "loop": null, "hole": 6, "slope_pct": 1.48, "bearing": 129.9}}, {"type": "Feature", "geometry": {"type": "LineString", "coordinates": [[12.8265342, 55.4004742], [12.8265399, 55.4004707]]}, "properties": {"t": "fall", "g": 6, "loop": null, "hole": 6, "slope_pct": 0.88, "bearing": 137.4}}, {"type": "Feature", "geometry": {"type": "LineString", "coordinates": [[12.8265815, 55.400475], [12.8265754, 55.4004731]]}, "properties": {"t": "fall", "g": 6, "loop": null, "hole": 6, "slope_pct": 0.74, "bearing": 241.4}}, {"type": "Feature", "geometry": {"type": "LineString", "coordinates": [[12.8266762, 55.4004767], [12.8266885, 55.4004779]]}, "properties": {"t": "fall", "g": 6, "loop": null, "hole": 6, "slope_pct": 1.32, "bearing": 80.0}}, {"type": "Feature", "geometry": {"type": "LineString", "coordinates": [[12.8267235, 55.4004776], [12.8267577, 55.4004704]]}, "properties": {"t": "fall", "g": 6, "loop": null, "hole": 6, "slope_pct": 3.83, "bearing": 110.2}}, {"type": "Feature", "geometry": {"type": "LineString", "coordinates": [[12.826299, 55.400443], [12.8262564, 55.4004549]]}, "properties": {"t": "fall", "g": 6, "loop": null, "hole": 6, "slope_pct": 5.25, "bearing": 296.2}}, {"type": "Feature", "geometry": {"type": "LineString", "coordinates": [[12.8263463, 55.4004439], [12.8263117, 55.40045]]}, "properties": {"t": "fall", "g": 6, "loop": null, "hole": 6, "slope_pct": 3.82, "bearing": 287.4}}, {"type": "Feature", "geometry": {"type": "LineString", "coordinates": [[12.826441, 55.4004456], [12.8264526, 55.4004407]]}, "properties": {"t": "fall", "g": 6, "loop": null, "hole": 6, "slope_pct": 1.52, "bearing": 126.4}}, {"type": "Feature", "geometry": {"type": "LineString", "coordinates": [[12.8264883, 55.4004464], [12.8264933, 55.4004434]]}, "properties": {"t": "fall", "g": 6, "loop": null, "hole": 6, "slope_pct": 0.76, "bearing": 136.8}}, {"type": "Feature", "geometry": {"type": "LineString", "coordinates": [[12.8266304, 55.4004489], [12.8266245, 55.4004448]]}, "properties": {"t": "fall", "g": 6, "loop": null, "hole": 6, "slope_pct": 0.98, "bearing": 218.7}}, {"type": "Feature", "geometry": {"type": "LineString", "coordinates": [[12.8266777, 55.4004498], [12.8266857, 55.4004446]]}, "properties": {"t": "fall", "g": 6, "loop": null, "hole": 6, "slope_pct": 1.27, "bearing": 138.4}}, {"type": "Feature", "geometry": {"type": "LineString", "coordinates": [[12.826725, 55.4004506], [12.8267721, 55.4004471]]}, "properties": {"t": "fall", "g": 6, "loop": null, "hole": 6, "slope_pct": 5.94, "bearing": 97.6}}, {"type": "Feature", "geometry": {"type": "LineString", "coordinates": [[12.8263005, 55.4004161], [12.826262, 55.4004137]]}, "properties": {"t": "fall", "g": 6, "loop": null, "hole": 6, "slope_pct": 4.07, "bearing": 263.8}}, {"type": "Feature", "geometry": {"type": "LineString", "coordinates": [[12.8263478, 55.4004169], [12.8263178, 55.4004173]]}, "properties": {"t": "fall", "g": 6, "loop": null, "hole": 6, "slope_pct": 3.16, "bearing": 271.4}}, {"type": "Feature", "geometry": {"type": "LineString", "coordinates": [[12.8264425, 55.4004186], [12.8264611, 55.4004134]]}, "properties": {"t": "fall", "g": 6, "loop": null, "hole": 6, "slope_pct": 2.19, "bearing": 116.4}}, {"type": "Feature", "geometry": {"type": "LineString", "coordinates": [[12.8264898, 55.4004195], [12.8264889, 55.4004129]]}, "properties": {"t": "fall", "g": 6, "loop": null, "hole": 6, "slope_pct": 1.22, "bearing": 184.4}}, {"type": "Feature", "geometry": {"type": "LineString", "coordinates": [[12.8265372, 55.4004203], [12.8265364, 55.4004172]]}, "properties": {"t": "fall", "g": 6, "loop": null, "hole": 6, "slope_pct": 0.58, "bearing": 187.7}}, {"type": "Feature", "geometry": {"type": "LineString", "coordinates": [[12.8265845, 55.4004212], [12.8265875, 55.4004171]]}, "properties": {"t": "fall", "g": 6, "loop": null, "hole": 6, "slope_pct": 0.82, "bearing": 157.5}}, {"type": "Feature", "geometry": {"type": "LineString", "coordinates": [[12.8266318, 55.400422], [12.8266324, 55.4004173]]}, "properties": {"t": "fall", "g": 6, "loop": null, "hole": 6, "slope_pct": 0.88, "bearing": 176.0}}, {"type": "Feature", "geometry": {"type": "LineString", "coordinates": [[12.8266792, 55.4004228], [12.8266937, 55.4004149]]}, "properties": {"t": "fall", "g": 6, "loop": null, "hole": 6, "slope_pct": 2.13, "bearing": 134.0}}, {"type": "Feature", "geometry": {"type": "LineString", "coordinates": [[12.8267265, 55.4004237], [12.8267671, 55.400417]]}, "properties": {"t": "fall", "g": 6, "loop": null, "hole": 6, "slope_pct": 4.46, "bearing": 106.2}}, {"type": "Feature", "geometry": {"type": "LineString", "coordinates": [[12.8263493, 55.40039], [12.8263036, 55.4003972]]}, "properties": {"t": "fall", "g": 6, "loop": null, "hole": 6, "slope_pct": 7.45, "bearing": 285.5}}, {"type": "Feature", "geometry": {"type": "LineString", "coordinates": [[12.8263966, 55.4003908], [12.8264246, 55.4004054]]}, "properties": {"t": "fall", "g": 6, "loop": null, "hole": 6, "slope_pct": 3.99, "bearing": 47.5}}, {"type": "Feature", "geometry": {"type": "LineString", "coordinates": [[12.826444, 55.4003917], [12.8264791, 55.4003857]]}, "properties": {"t": "fall", "g": 6, "loop": null, "hole": 6, "slope_pct": 3.87, "bearing": 106.7}}, {"type": "Feature", "geometry": {"type": "LineString", "coordinates": [[12.8264913, 55.4003925], [12.8264913, 55.4003829]]}, "properties": {"t": "fall", "g": 6, "loop": null, "hole": 6, "slope_pct": 1.78, "bearing": 180.0}}, {"type": "Feature", "geometry": {"type": "LineString", "coordinates": [[12.8265386, 55.4003934], [12.8265385, 55.400382]]}, "properties": {"t": "fall", "g": 6, "loop": null, "hole": 6, "slope_pct": 2.1, "bearing": 180.4}}, {"type": "Feature", "geometry": {"type": "LineString", "coordinates": [[12.826586, 55.4003942], [12.8265823, 55.4003862]]}, "properties": {"t": "fall", "g": 6, "loop": null, "hole": 6, "slope_pct": 1.54, "bearing": 194.6}}, {"type": "Feature", "geometry": {"type": "LineString", "coordinates": [[12.8266333, 55.4003951], [12.826636, 55.4003877]]}, "properties": {"t": "fall", "g": 6, "loop": null, "hole": 6, "slope_pct": 1.39, "bearing": 168.3}}, {"type": "Feature", "geometry": {"type": "LineString", "coordinates": [[12.8266806, 55.4003959], [12.8266771, 55.4004037]]}, "properties": {"t": "fall", "g": 6, "loop": null, "hole": 6, "slope_pct": 1.5, "bearing": 345.5}}, {"type": "Feature", "geometry": {"type": "LineString", "coordinates": [[12.826728, 55.4003967], [12.8267683, 55.400411]]}, "properties": {"t": "fall", "g": 6, "loop": null, "hole": 6, "slope_pct": 5.84, "bearing": 58.1}}, {"type": "Feature", "geometry": {"type": "LineString", "coordinates": [[12.8263508, 55.4003631], [12.82631, 55.4003492]]}, "properties": {"t": "fall", "g": 6, "loop": null, "hole": 6, "slope_pct": 11.22, "bearing": 239.1}}, {"type": "Feature", "geometry": {"type": "LineString", "coordinates": [[12.8263981, 55.4003639], [12.8264253, 55.4003418]]}, "properties": {"t": "fall", "g": 6, "loop": null, "hole": 6, "slope_pct": 11.42, "bearing": 145.1}}, {"type": "Feature", "geometry": {"type": "LineString", "coordinates": [[12.8264454, 55.4003648], [12.8264659, 55.4003404]]}, "properties": {"t": "fall", "g": 6, "loop": null, "hole": 6, "slope_pct": 9.13, "bearing": 154.5}}, {"type": "Feature", "geometry": {"type": "LineString", "coordinates": [[12.8264928, 55.4003656], [12.826483, 55.4003392]]}, "properties": {"t": "fall", "g": 6, "loop": null, "hole": 6, "slope_pct": 6.0, "bearing": 191.9}}, {"type": "Feature", "geometry": {"type": "LineString", "coordinates": [[12.8265401, 55.4003664], [12.8265431, 55.4003452]]}, "properties": {"t": "fall", "g": 6, "loop": null, "hole": 6, "slope_pct": 3.95, "bearing": 175.4}}, {"type": "Feature", "geometry": {"type": "LineString", "coordinates": [[12.8265875, 55.4003673], [12.826584, 55.4003404]]}, "properties": {"t": "fall", "g": 6, "loop": null, "hole": 6, "slope_pct": 5.58, "bearing": 184.2}}, {"type": "Feature", "geometry": {"type": "LineString", "coordinates": [[12.8266348, 55.4003681], [12.8266363, 55.4003412]]}, "properties": {"t": "fall", "g": 6, "loop": null, "hole": 6, "slope_pct": 6.6, "bearing": 178.2}}, {"type": "Feature", "geometry": {"type": "LineString", "coordinates": [[12.8266821, 55.400369], [12.8266517, 55.4003483]]}, "properties": {"t": "fall", "g": 6, "loop": null, "hole": 6, "slope_pct": 7.22, "bearing": 219.9}}, {"type": "Feature", "geometry": {"type": "LineString", "coordinates": [[12.8264469, 55.4003378], [12.82645, 55.4003109]]}, "properties": {"t": "fall", "g": 6, "loop": null, "hole": 6, "slope_pct": 6.63, "bearing": 176.2}}, {"type": "Feature", "geometry": {"type": "LineString", "coordinates": [[12.8264943, 55.4003387], [12.8264501, 55.4003287]]}, "properties": {"t": "fall", "g": 6, "loop": null, "hole": 6, "slope_pct": 6.22, "bearing": 248.4}}, {"type": "Feature", "geometry": {"type": "Point", "coordinates": [12.8265297, 55.4004752]}, "properties": {"t": "aim", "g": 6, "loop": null, "hole": 6, "aim_bearing": 67.6, "slope_median": 2.57, "slope_max": 11.42, "n_cells": 82}}, {"type": "Feature", "geometry": {"type": "LineString", "coordinates": [[12.8273818, 55.3994197], [12.8273739, 55.3994312]]}, "properties": {"t": "fall", "g": 7, "loop": null, "hole": 7, "slope_pct": 2.29, "bearing": 338.6}}, {"type": "Feature", "geometry": {"type": "LineString", "coordinates": [[12.8274291, 55.3994205], [12.8274385, 55.3994402]]}, "properties": {"t": "fall", "g": 7, "loop": null, "hole": 7, "slope_pct": 3.79, "bearing": 15.1}}, {"type": "Feature", "geometry": {"type": "LineString", "coordinates": [[12.8274765, 55.3994213], [12.8275028, 55.3994438]]}, "properties": {"t": "fall", "g": 7, "loop": null, "hole": 7, "slope_pct": 5.64, "bearing": 33.7}}, {"type": "Feature", "geometry": {"type": "LineString", "coordinates": [[12.8272886, 55.399391], [12.8272805, 55.3993953]]}, "properties": {"t": "fall", "g": 7, "loop": null, "hole": 7, "slope_pct": 1.16, "bearing": 312.4}}, {"type": "Feature", "geometry": {"type": "LineString", "coordinates": [[12.8273359, 55.3993919], [12.8273232, 55.3994045]]}, "properties": {"t": "fall", "g": 7, "loop": null, "hole": 7, "slope_pct": 2.7, "bearing": 330.1}}, {"type": "Feature", "geometry": {"type": "LineString", "coordinates": [[12.8273833, 55.3993927], [12.8273722, 55.3994054]]}, "properties": {"t": "fall", "g": 7, "loop": null, "hole": 7, "slope_pct": 2.63, "bearing": 333.6}}, {"type": "Feature", "geometry": {"type": "LineString", "coordinates": [[12.8274306, 55.3993936], [12.8274292, 55.3994059]]}, "properties": {"t": "fall", "g": 7, "loop": null, "hole": 7, "slope_pct": 2.3, "bearing": 356.3}}, {"type": "Feature", "geometry": {"type": "LineString", "coordinates": [[12.8274779, 55.3993944], [12.8274938, 55.3994143]]}, "properties": {"t": "fall", "g": 7, "loop": null, "hole": 7, "slope_pct": 4.04, "bearing": 24.4}}, {"type": "Feature", "geometry": {"type": "LineString", "coordinates": [[12.8275253, 55.3993953], [12.8275492, 55.3994185]]}, "properties": {"t": "fall", "g": 7, "loop": null, "hole": 7, "slope_pct": 6.7, "bearing": 30.3}}, {"type": "Feature", "geometry": {"type": "LineString", "coordinates": [[12.8272427, 55.3993633], [12.8272307, 55.3993698]]}, "properties": {"t": "fall", "g": 7, "loop": null, "hole": 7, "slope_pct": 1.76, "bearing": 313.7}}, {"type": "Feature", "geometry": {"type": "LineString", "coordinates": [[12.8272901, 55.3993641], [12.8272726, 55.3993734]]}, "properties": {"t": "fall", "g": 7, "loop": null, "hole": 7, "slope_pct": 2.52, "bearing": 313.0}}, {"type": "Feature", "geometry": {"type": "LineString", "coordinates": [[12.8273374, 55.3993649], [12.8273242, 55.3993727]]}, "properties": {"t": "fall", "g": 7, "loop": null, "hole": 7, "slope_pct": 2.0, "bearing": 315.9}}, {"type": "Feature", "geometry": {"type": "LineString", "coordinates": [[12.8273847, 55.3993658], [12.8273751, 55.3993738]]}, "properties": {"t": "fall", "g": 7, "loop": null, "hole": 7, "slope_pct": 1.81, "bearing": 325.8}}, {"type": "Feature", "geometry": {"type": "LineString", "coordinates": [[12.8274321, 55.3993666], [12.8274258, 55.3993769]]}, "properties": {"t": "fall", "g": 7, "loop": null, "hole": 7, "slope_pct": 2.02, "bearing": 340.7}}, {"type": "Feature", "geometry": {"type": "LineString", "coordinates": [[12.8274794, 55.3993675], [12.8274789, 55.3993823]]}, "properties": {"t": "fall", "g": 7, "loop": null, "hole": 7, "slope_pct": 2.75, "bearing": 358.8}}, {"type": "Feature", "geometry": {"type": "LineString", "coordinates": [[12.8275267, 55.3993683], [12.8275557, 55.3993842]]}, "properties": {"t": "fall", "g": 7, "loop": null, "hole": 7, "slope_pct": 4.24, "bearing": 46.1}}, {"type": "Feature", "geometry": {"type": "LineString", "coordinates": [[12.8272442, 55.3993363], [12.8272249, 55.3993442]]}, "properties": {"t": "fall", "g": 7, "loop": null, "hole": 7, "slope_pct": 2.51, "bearing": 305.9}}, {"type": "Feature", "geometry": {"type": "LineString", "coordinates": [[12.8272915, 55.3993372], [12.827274, 55.3993467]]}, "properties": {"t": "fall", "g": 7, "loop": null, "hole": 7, "slope_pct": 2.56, "bearing": 313.7}}, {"type": "Feature", "geometry": {"type": "LineString", "coordinates": [[12.8273389, 55.399338], [12.8273263, 55.3993479]]}, "properties": {"t": "fall", "g": 7, "loop": null, "hole": 7, "slope_pct": 2.27, "bearing": 324.4}}, {"type": "Feature", "geometry": {"type": "LineString", "coordinates": [[12.8273862, 55.3993389], [12.8273796, 55.3993452]]}, "properties": {"t": "fall", "g": 7, "loop": null, "hole": 7, "slope_pct": 1.37, "bearing": 329.4}}, {"type": "Feature", "geometry": {"type": "LineString", "coordinates": [[12.8274336, 55.3993397], [12.82742, 55.3993464]]}, "properties": {"t": "fall", "g": 7, "loop": null, "hole": 7, "slope_pct": 1.89, "bearing": 310.9}}, {"type": "Feature", "geometry": {"type": "LineString", "coordinates": [[12.8274809, 55.3993405], [12.8274702, 55.399352]]}, "properties": {"t": "fall", "g": 7, "loop": null, "hole": 7, "slope_pct": 2.4, "bearing": 332.1}}, {"type": "Feature", "geometry": {"type": "LineString", "coordinates": [[12.8275282, 55.3993414], [12.8275635, 55.3993594]]}, "properties": {"t": "fall", "g": 7, "loop": null, "hole": 7, "slope_pct": 6.13, "bearing": 48.0}}, {"type": "Feature", "geometry": {"type": "LineString", "coordinates": [[12.8272457, 55.3993094], [12.8272148, 55.3993253]]}, "properties": {"t": "fall", "g": 7, "loop": null, "hole": 7, "slope_pct": 4.4, "bearing": 312.3}}, {"type": "Feature", "geometry": {"type": "LineString", "coordinates": [[12.827293, 55.3993102], [12.8272806, 55.3993288]]}, "properties": {"t": "fall", "g": 7, "loop": null, "hole": 7, "slope_pct": 3.69, "bearing": 339.2}}, {"type": "Feature", "geometry": {"type": "LineString", "coordinates": [[12.8273404, 55.3993111], [12.8273374, 55.3993192]]}, "properties": {"t": "fall", "g": 7, "loop": null, "hole": 7, "slope_pct": 1.54, "bearing": 348.4}}, {"type": "Feature", "geometry": {"type": "LineString", "coordinates": [[12.8273877, 55.3993119], [12.827382, 55.3993167]]}, "properties": {"t": "fall", "g": 7, "loop": null, "hole": 7, "slope_pct": 1.07, "bearing": 326.0}}, {"type": "Feature", "geometry": {"type": "LineString", "coordinates": [[12.827435, 55.3993128], [12.8274208, 55.3993168]]}, "properties": {"t": "fall", "g": 7, "loop": null, "hole": 7, "slope_pct": 1.68, "bearing": 296.6}}, {"type": "Feature", "geometry": {"type": "LineString", "coordinates": [[12.8274824, 55.3993136], [12.8274625, 55.3993189]]}, "properties": {"t": "fall", "g": 7, "loop": null, "hole": 7, "slope_pct": 2.31, "bearing": 295.1}}, {"type": "Feature", "geometry": {"type": "LineString", "coordinates": [[12.8275297, 55.3993144], [12.827527, 55.3993313]]}, "properties": {"t": "fall", "g": 7, "loop": null, "hole": 7, "slope_pct": 3.14, "bearing": 354.9}}, {"type": "Feature", "geometry": {"type": "LineString", "coordinates": [[12.8272945, 55.3992833], [12.8273026, 55.399301]]}, "properties": {"t": "fall", "g": 7, "loop": null, "hole": 7, "slope_pct": 3.39, "bearing": 14.6}}, {"type": "Feature", "geometry": {"type": "LineString", "coordinates": [[12.8273418, 55.3992841], [12.8273539, 55.3992907]]}, "properties": {"t": "fall", "g": 7, "loop": null, "hole": 7, "slope_pct": 1.76, "bearing": 46.1}}, {"type": "Feature", "geometry": {"type": "LineString", "coordinates": [[12.8273892, 55.399285], [12.8273848, 55.399288]]}, "properties": {"t": "fall", "g": 7, "loop": null, "hole": 7, "slope_pct": 0.73, "bearing": 320.5}}, {"type": "Feature", "geometry": {"type": "LineString", "coordinates": [[12.8274365, 55.3992858], [12.8274239, 55.399289]]}, "properties": {"t": "fall", "g": 7, "loop": null, "hole": 7, "slope_pct": 1.45, "bearing": 294.1}}, {"type": "Feature", "geometry": {"type": "LineString", "coordinates": [[12.8274838, 55.3992867], [12.827462, 55.3992886]]}, "properties": {"t": "fall", "g": 7, "loop": null, "hole": 7, "slope_pct": 2.33, "bearing": 278.9}}, {"type": "Feature", "geometry": {"type": "LineString", "coordinates": [[12.8275312, 55.3992875], [12.8274907, 55.3992977]]}, "properties": {"t": "fall", "g": 7, "loop": null, "hole": 7, "slope_pct": 4.66, "bearing": 293.9}}, {"type": "Feature", "geometry": {"type": "LineString", "coordinates": [[12.8275785, 55.3992883], [12.8276104, 55.3993083]]}, "properties": {"t": "fall", "g": 7, "loop": null, "hole": 7, "slope_pct": 11.21, "bearing": 42.1}}, {"type": "Feature", "geometry": {"type": "LineString", "coordinates": [[12.827296, 55.3992564], [12.8273255, 55.3992602]]}, "properties": {"t": "fall", "g": 7, "loop": null, "hole": 7, "slope_pct": 3.19, "bearing": 77.2}}, {"type": "Feature", "geometry": {"type": "LineString", "coordinates": [[12.8273433, 55.3992572], [12.8273602, 55.3992585]]}, "properties": {"t": "fall", "g": 7, "loop": null, "hole": 7, "slope_pct": 1.79, "bearing": 82.0}}, {"type": "Feature", "geometry": {"type": "LineString", "coordinates": [[12.8273907, 55.399258], [12.8273861, 55.3992612]]}, "properties": {"t": "fall", "g": 7, "loop": null, "hole": 7, "slope_pct": 0.76, "bearing": 320.3}}, {"type": "Feature", "geometry": {"type": "LineString", "coordinates": [[12.827438, 55.3992589], [12.8274196, 55.3992666]]}, "properties": {"t": "fall", "g": 7, "loop": null, "hole": 7, "slope_pct": 2.41, "bearing": 306.5}}, {"type": "Feature", "geometry": {"type": "LineString", "coordinates": [[12.8274853, 55.3992597], [12.8274517, 55.3992788]]}, "properties": {"t": "fall", "g": 7, "loop": null, "hole": 7, "slope_pct": 5.55, "bearing": 315.0}}, {"type": "Feature", "geometry": {"type": "LineString", "coordinates": [[12.8275327, 55.3992606], [12.8274982, 55.3992761]]}, "properties": {"t": "fall", "g": 7, "loop": null, "hole": 7, "slope_pct": 4.64, "bearing": 308.4}}, {"type": "Feature", "geometry": {"type": "LineString", "coordinates": [[12.82758, 55.3992614], [12.8275868, 55.3992715]]}, "properties": {"t": "fall", "g": 7, "loop": null, "hole": 7, "slope_pct": 2.0, "bearing": 20.9}}, {"type": "Feature", "geometry": {"type": "LineString", "coordinates": [[12.8276273, 55.3992622], [12.8276562, 55.3992775]]}, "properties": {"t": "fall", "g": 7, "loop": null, "hole": 7, "slope_pct": 4.16, "bearing": 47.0}}, {"type": "Feature", "geometry": {"type": "LineString", "coordinates": [[12.8272501, 55.3992286], [12.8272212, 55.3992257]]}, "properties": {"t": "fall", "g": 7, "loop": null, "hole": 7, "slope_pct": 3.09, "bearing": 259.9}}, {"type": "Feature", "geometry": {"type": "LineString", "coordinates": [[12.8272975, 55.3992294], [12.8273254, 55.3992179]]}, "properties": {"t": "fall", "g": 7, "loop": null, "hole": 7, "slope_pct": 3.64, "bearing": 126.0}}, {"type": "Feature", "geometry": {"type": "LineString", "coordinates": [[12.8273448, 55.3992303], [12.8273594, 55.3992239]]}, "properties": {"t": "fall", "g": 7, "loop": null, "hole": 7, "slope_pct": 1.94, "bearing": 127.6}}, {"type": "Feature", "geometry": {"type": "LineString", "coordinates": [[12.8273921, 55.3992311], [12.827377, 55.3992311]]}, "properties": {"t": "fall", "g": 7, "loop": null, "hole": 7, "slope_pct": 1.6, "bearing": 270.1}}, {"type": "Feature", "geometry": {"type": "LineString", "coordinates": [[12.8274395, 55.3992319], [12.8273986, 55.3992457]]}, "properties": {"t": "fall", "g": 7, "loop": null, "hole": 7, "slope_pct": 5.07, "bearing": 300.6}}, {"type": "Feature", "geometry": {"type": "LineString", "coordinates": [[12.8274868, 55.3992328], [12.8274569, 55.3992422]]}, "properties": {"t": "fall", "g": 7, "loop": null, "hole": 7, "slope_pct": 3.6, "bearing": 298.9}}, {"type": "Feature", "geometry": {"type": "LineString", "coordinates": [[12.8275341, 55.3992336], [12.8275212, 55.3992301]]}, "properties": {"t": "fall", "g": 7, "loop": null, "hole": 7, "slope_pct": 1.52, "bearing": 244.2}}, {"type": "Feature", "geometry": {"type": "LineString", "coordinates": [[12.8275815, 55.3992345], [12.8275797, 55.3992296]]}, "properties": {"t": "fall", "g": 7, "loop": null, "hole": 7, "slope_pct": 0.93, "bearing": 191.7}}, {"type": "Feature", "geometry": {"type": "LineString", "coordinates": [[12.8276288, 55.3992353], [12.8276757, 55.3992313]]}, "properties": {"t": "fall", "g": 7, "loop": null, "hole": 7, "slope_pct": 5.22, "bearing": 98.6}}, {"type": "Feature", "geometry": {"type": "LineString", "coordinates": [[12.8271569, 55.3992], [12.8271359, 55.3992218]]}, "properties": {"t": "fall", "g": 7, "loop": null, "hole": 7, "slope_pct": 4.62, "bearing": 331.4}}, {"type": "Feature", "geometry": {"type": "LineString", "coordinates": [[12.8272043, 55.3992008], [12.8271647, 55.3991986]]}, "properties": {"t": "fall", "g": 7, "loop": null, "hole": 7, "slope_pct": 4.19, "bearing": 264.4}}, {"type": "Feature", "geometry": {"type": "LineString", "coordinates": [[12.8272516, 55.3992016], [12.8272561, 55.3991824]]}, "properties": {"t": "fall", "g": 7, "loop": null, "hole": 7, "slope_pct": 3.61, "bearing": 172.5}}, {"type": "Feature", "geometry": {"type": "LineString", "coordinates": [[12.8272989, 55.3992025], [12.8273117, 55.399187]]}, "properties": {"t": "fall", "g": 7, "loop": null, "hole": 7, "slope_pct": 3.17, "bearing": 154.9}}, {"type": "Feature", "geometry": {"type": "LineString", "coordinates": [[12.8273463, 55.3992033], [12.8273488, 55.399196]]}, "properties": {"t": "fall", "g": 7, "loop": null, "hole": 7, "slope_pct": 1.38, "bearing": 169.1}}, {"type": "Feature", "geometry": {"type": "LineString", "coordinates": [[12.8273936, 55.3992042], [12.8273537, 55.3992061]]}, "properties": {"t": "fall", "g": 7, "loop": null, "hole": 7, "slope_pct": 4.22, "bearing": 274.8}}, {"type": "Feature", "geometry": {"type": "LineString", "coordinates": [[12.8274409, 55.399205], [12.8274036, 55.399209]]}, "properties": {"t": "fall", "g": 7, "loop": null, "hole": 7, "slope_pct": 4.01, "bearing": 280.6}}, {"type": "Feature", "geometry": {"type": "LineString", "coordinates": [[12.8274883, 55.3992058], [12.8274772, 55.3992017]]}, "properties": {"t": "fall", "g": 7, "loop": null, "hole": 7, "slope_pct": 1.4, "bearing": 236.8}}, {"type": "Feature", "geometry": {"type": "LineString", "coordinates": [[12.8275356, 55.3992067], [12.8275356, 55.3991965]]}, "properties": {"t": "fall", "g": 7, "loop": null, "hole": 7, "slope_pct": 1.88, "bearing": 180.1}}, {"type": "Feature", "geometry": {"type": "LineString", "coordinates": [[12.827583, 55.3992075], [12.8275798, 55.3991937]]}, "properties": {"t": "fall", "g": 7, "loop": null, "hole": 7, "slope_pct": 2.59, "bearing": 187.4}}, {"type": "Feature", "geometry": {"type": "LineString", "coordinates": [[12.8276303, 55.3992084], [12.8276718, 55.3991953]]}, "properties": {"t": "fall", "g": 7, "loop": null, "hole": 7, "slope_pct": 6.33, "bearing": 118.9}}, {"type": "Feature", "geometry": {"type": "LineString", "coordinates": [[12.8271584, 55.399173], [12.8271446, 55.3991786]]}, "properties": {"t": "fall", "g": 7, "loop": null, "hole": 7, "slope_pct": 1.79, "bearing": 305.5}}, {"type": "Feature", "geometry": {"type": "LineString", "coordinates": [[12.8272057, 55.3991739], [12.8271929, 55.3991757]]}, "properties": {"t": "fall", "g": 7, "loop": null, "hole": 7, "slope_pct": 1.4, "bearing": 284.4}}, {"type": "Feature", "geometry": {"type": "LineString", "coordinates": [[12.8272531, 55.3991747], [12.8272581, 55.3991695]]}, "properties": {"t": "fall", "g": 7, "loop": null, "hole": 7, "slope_pct": 1.09, "bearing": 151.0}}, {"type": "Feature", "geometry": {"type": "LineString", "coordinates": [[12.8273004, 55.3991755], [12.8273039, 55.3991721]]}, "properties": {"t": "fall", "g": 7, "loop": null, "hole": 7, "slope_pct": 0.73, "bearing": 149.7}}, {"type": "Feature", "geometry": {"type": "LineString", "coordinates": [[12.8273951, 55.3991772], [12.8273477, 55.3991785]]}, "properties": {"t": "fall", "g": 7, "loop": null, "hole": 7, "slope_pct": 5.28, "bearing": 272.7}}, {"type": "Feature", "geometry": {"type": "LineString", "coordinates": [[12.8274424, 55.3991781], [12.8274168, 55.3991754]]}, "properties": {"t": "fall", "g": 7, "loop": null, "hole": 7, "slope_pct": 2.74, "bearing": 259.8}}, {"type": "Feature", "geometry": {"type": "LineString", "coordinates": [[12.8274898, 55.3991789], [12.8274838, 55.3991728]]}, "properties": {"t": "fall", "g": 7, "loop": null, "hole": 7, "slope_pct": 1.3, "bearing": 208.8}}, {"type": "Feature", "geometry": {"type": "LineString", "coordinates": [[12.8275371, 55.3991797], [12.8275407, 55.3991738]]}, "properties": {"t": "fall", "g": 7, "loop": null, "hole": 7, "slope_pct": 1.16, "bearing": 160.9}}, {"type": "Feature", "geometry": {"type": "LineString", "coordinates": [[12.8275844, 55.3991806], [12.8275912, 55.3991712]]}, "properties": {"t": "fall", "g": 7, "loop": null, "hole": 7, "slope_pct": 1.88, "bearing": 157.7}}, {"type": "Feature", "geometry": {"type": "LineString", "coordinates": [[12.8276318, 55.3991814], [12.8276751, 55.3991704]]}, "properties": {"t": "fall", "g": 7, "loop": null, "hole": 7, "slope_pct": 6.18, "bearing": 114.2}}, {"type": "Feature", "geometry": {"type": "LineString", "coordinates": [[12.8271599, 55.3991461], [12.8271366, 55.3991516]]}, "properties": {"t": "fall", "g": 7, "loop": null, "hole": 7, "slope_pct": 2.66, "bearing": 292.5}}, {"type": "Feature", "geometry": {"type": "LineString", "coordinates": [[12.8272072, 55.3991469], [12.8272019, 55.399157]]}, "properties": {"t": "fall", "g": 7, "loop": null, "hole": 7, "slope_pct": 1.96, "bearing": 343.3}}, {"type": "Feature", "geometry": {"type": "LineString", "coordinates": [[12.8272546, 55.3991478], [12.827272, 55.3991535]]}, "properties": {"t": "fall", "g": 7, "loop": null, "hole": 7, "slope_pct": 2.13, "bearing": 60.0}}, {"type": "Feature", "geometry": {"type": "LineString", "coordinates": [[12.8273019, 55.3991486], [12.8273074, 55.3991456]]}, "properties": {"t": "fall", "g": 7, "loop": null, "hole": 7, "slope_pct": 0.8, "bearing": 134.2}}, {"type": "Feature", "geometry": {"type": "LineString", "coordinates": [[12.8273492, 55.3991494], [12.8273353, 55.3991481]]}, "properties": {"t": "fall", "g": 7, "loop": null, "hole": 7, "slope_pct": 1.49, "bearing": 260.7}}, {"type": "Feature", "geometry": {"type": "LineString", "coordinates": [[12.8273966, 55.3991503], [12.8273492, 55.3991522]]}, "properties": {"t": "fall", "g": 7, "loop": null, "hole": 7, "slope_pct": 5.04, "bearing": 274.0}}, {"type": "Feature", "geometry": {"type": "LineString", "coordinates": [[12.8274439, 55.3991511], [12.8274324, 55.3991465]]}, "properties": {"t": "fall", "g": 7, "loop": null, "hole": 7, "slope_pct": 1.49, "bearing": 234.5}}, {"type": "Feature", "geometry": {"type": "LineString", "coordinates": [[12.8274912, 55.399152], [12.8274883, 55.399142]]}, "properties": {"t": "fall", "g": 7, "loop": null, "hole": 7, "slope_pct": 1.87, "bearing": 189.5}}, {"type": "Feature", "geometry": {"type": "LineString", "coordinates": [[12.8275386, 55.3991528], [12.8275423, 55.3991416]]}, "properties": {"t": "fall", "g": 7, "loop": null, "hole": 7, "slope_pct": 2.13, "bearing": 169.3}}, {"type": "Feature", "geometry": {"type": "LineString", "coordinates": [[12.8275859, 55.3991536], [12.8276027, 55.3991374]]}, "properties": {"t": "fall", "g": 7, "loop": null, "hole": 7, "slope_pct": 3.5, "bearing": 149.6}}, {"type": "Feature", "geometry": {"type": "LineString", "coordinates": [[12.8276332, 55.3991545], [12.8276715, 55.3991386]]}, "properties": {"t": "fall", "g": 7, "loop": null, "hole": 7, "slope_pct": 8.72, "bearing": 126.2}}, {"type": "Feature", "geometry": {"type": "LineString", "coordinates": [[12.827256, 55.3991208], [12.8272804, 55.3991222]]}, "properties": {"t": "fall", "g": 7, "loop": null, "hole": 7, "slope_pct": 2.58, "bearing": 84.2}}, {"type": "Feature", "geometry": {"type": "LineString", "coordinates": [[12.8273034, 55.3991217], [12.8273153, 55.399123]]}, "properties": {"t": "fall", "g": 7, "loop": null, "hole": 7, "slope_pct": 1.28, "bearing": 78.9}}, {"type": "Feature", "geometry": {"type": "LineString", "coordinates": [[12.8273507, 55.3991225], [12.8273313, 55.399124]]}, "properties": {"t": "fall", "g": 7, "loop": null, "hole": 7, "slope_pct": 2.06, "bearing": 277.8}}, {"type": "Feature", "geometry": {"type": "LineString", "coordinates": [[12.827398, 55.3991233], [12.8273584, 55.3991231]]}, "properties": {"t": "fall", "g": 7, "loop": null, "hole": 7, "slope_pct": 4.18, "bearing": 269.4}}, {"type": "Feature", "geometry": {"type": "LineString", "coordinates": [[12.8274454, 55.3991242], [12.8274427, 55.3991173]]}, "properties": {"t": "fall", "g": 7, "loop": null, "hole": 7, "slope_pct": 1.32, "bearing": 192.4}}, {"type": "Feature", "geometry": {"type": "LineString", "coordinates": [[12.8274927, 55.399125], [12.827496, 55.3991124]]}, "properties": {"t": "fall", "g": 7, "loop": null, "hole": 7, "slope_pct": 2.37, "bearing": 171.5}}, {"type": "Feature", "geometry": {"type": "LineString", "coordinates": [[12.8275401, 55.3991259], [12.827556, 55.399104]]}, "properties": {"t": "fall", "g": 7, "loop": null, "hole": 7, "slope_pct": 4.39, "bearing": 157.5}}, {"type": "Feature", "geometry": {"type": "LineString", "coordinates": [[12.8272575, 55.3990939], [12.8272797, 55.3990799]]}, "properties": {"t": "fall", "g": 7, "loop": null, "hole": 7, "slope_pct": 3.48, "bearing": 138.0}}, {"type": "Feature", "geometry": {"type": "LineString", "coordinates": [[12.8273049, 55.3990947], [12.8273114, 55.3990843]]}, "properties": {"t": "fall", "g": 7, "loop": null, "hole": 7, "slope_pct": 2.05, "bearing": 160.2}}, {"type": "Feature", "geometry": {"type": "LineString", "coordinates": [[12.8273522, 55.3990956], [12.8273331, 55.3990871]]}, "properties": {"t": "fall", "g": 7, "loop": null, "hole": 7, "slope_pct": 2.55, "bearing": 232.1}}, {"type": "Feature", "geometry": {"type": "LineString", "coordinates": [[12.8273995, 55.3990964], [12.8273792, 55.39908]]}, "properties": {"t": "fall", "g": 7, "loop": null, "hole": 7, "slope_pct": 3.72, "bearing": 215.1}}, {"type": "Feature", "geometry": {"type": "LineString", "coordinates": [[12.8274469, 55.3990972], [12.827456, 55.3990708]]}, "properties": {"t": "fall", "g": 7, "loop": null, "hole": 7, "slope_pct": 5.89, "bearing": 168.8}}, {"type": "Feature", "geometry": {"type": "Point", "coordinates": [12.827404, 55.3992426]}, "properties": {"t": "aim", "g": 7, "loop": null, "hole": 7, "aim_bearing": 329.2, "slope_median": 2.41, "slope_max": 11.21, "n_cells": 99}}, {"type": "Feature", "geometry": {"type": "LineString", "coordinates": [[12.8241291, 55.3962429], [12.8241263, 55.3962558]]}, "properties": {"t": "fall", "g": 8, "loop": null, "hole": 8, "slope_pct": 2.4, "bearing": 353.0}}, {"type": "Feature", "geometry": {"type": "LineString", "coordinates": [[12.8240832, 55.3962152], [12.8240578, 55.3962335]]}, "properties": {"t": "fall", "g": 8, "loop": null, "hole": 8, "slope_pct": 4.33, "bearing": 321.7}}, {"type": "Feature", "geometry": {"type": "LineString", "coordinates": [[12.8241306, 55.396216], [12.8241398, 55.3962314]]}, "properties": {"t": "fall", "g": 8, "loop": null, "hole": 8, "slope_pct": 3.02, "bearing": 18.8}}, {"type": "Feature", "geometry": {"type": "LineString", "coordinates": [[12.8241779, 55.3962168], [12.824186, 55.3962299]]}, "properties": {"t": "fall", "g": 8, "loop": null, "hole": 8, "slope_pct": 2.58, "bearing": 19.4}}, {"type": "Feature", "geometry": {"type": "LineString", "coordinates": [[12.8242252, 55.3962177], [12.824241, 55.3962253]]}, "properties": {"t": "fall", "g": 8, "loop": null, "hole": 8, "slope_pct": 2.18, "bearing": 49.7}}, {"type": "Feature", "geometry": {"type": "LineString", "coordinates": [[12.8242725, 55.3962185], [12.8242964, 55.3962229]]}, "properties": {"t": "fall", "g": 8, "loop": null, "hole": 8, "slope_pct": 2.64, "bearing": 72.2}}, {"type": "Feature", "geometry": {"type": "LineString", "coordinates": [[12.8243199, 55.3962194], [12.8243357, 55.396226]]}, "properties": {"t": "fall", "g": 8, "loop": null, "hole": 8, "slope_pct": 2.07, "bearing": 53.6}}, {"type": "Feature", "geometry": {"type": "LineString", "coordinates": [[12.8243672, 55.3962202], [12.8243755, 55.3962266]]}, "properties": {"t": "fall", "g": 8, "loop": null, "hole": 8, "slope_pct": 1.48, "bearing": 36.3}}, {"type": "Feature", "geometry": {"type": "LineString", "coordinates": [[12.8244145, 55.3962211], [12.8244147, 55.396225]]}, "properties": {"t": "fall", "g": 8, "loop": null, "hole": 8, "slope_pct": 0.74, "bearing": 1.1}}, {"type": "Feature", "geometry": {"type": "LineString", "coordinates": [[12.8244619, 55.3962219], [12.8244596, 55.3962257]]}, "properties": {"t": "fall", "g": 8, "loop": null, "hole": 8, "slope_pct": 0.75, "bearing": 341.7}}, {"type": "Feature", "geometry": {"type": "LineString", "coordinates": [[12.8240847, 55.3961882], [12.824055, 55.3961971]]}, "properties": {"t": "fall", "g": 8, "loop": null, "hole": 8, "slope_pct": 3.53, "bearing": 297.8}}, {"type": "Feature", "geometry": {"type": "LineString", "coordinates": [[12.824132, 55.3961891], [12.8241407, 55.3961994]]}, "properties": {"t": "fall", "g": 8, "loop": null, "hole": 8, "slope_pct": 2.13, "bearing": 25.4}}, {"type": "Feature", "geometry": {"type": "LineString", "coordinates": [[12.8241794, 55.3961899], [12.8241898, 55.3962009]]}, "properties": {"t": "fall", "g": 8, "loop": null, "hole": 8, "slope_pct": 2.32, "bearing": 28.1}}, {"type": "Feature", "geometry": {"type": "LineString", "coordinates": [[12.8242267, 55.3961907], [12.8242496, 55.3962026]]}, "properties": {"t": "fall", "g": 8, "loop": null, "hole": 8, "slope_pct": 3.27, "bearing": 47.7}}, {"type": "Feature", "geometry": {"type": "LineString", "coordinates": [[12.824274, 55.3961916], [12.824301, 55.3961996]]}, "properties": {"t": "fall", "g": 8, "loop": null, "hole": 8, "slope_pct": 3.21, "bearing": 62.3}}, {"type": "Feature", "geometry": {"type": "LineString", "coordinates": [[12.8243214, 55.3961924], [12.8243413, 55.3961968]]}, "properties": {"t": "fall", "g": 8, "loop": null, "hole": 8, "slope_pct": 2.25, "bearing": 69.1}}, {"type": "Feature", "geometry": {"type": "LineString", "coordinates": [[12.8243687, 55.3961933], [12.8243798, 55.3961926]]}, "properties": {"t": "fall", "g": 8, "loop": null, "hole": 8, "slope_pct": 1.17, "bearing": 96.1}}, {"type": "Feature", "geometry": {"type": "LineString", "coordinates": [[12.8245107, 55.3961958], [12.8245376, 55.3962091]]}, "properties": {"t": "fall", "g": 8, "loop": null, "hole": 8, "slope_pct": 3.75, "bearing": 49.0}}, {"type": "Feature", "geometry": {"type": "LineString", "coordinates": [[12.8240862, 55.3961613], [12.8240579, 55.3961598]]}, "properties": {"t": "fall", "g": 8, "loop": null, "hole": 8, "slope_pct": 2.99, "bearing": 264.6}}, {"type": "Feature", "geometry": {"type": "LineString", "coordinates": [[12.8241808, 55.396163], [12.8241866, 55.3961682]]}, "properties": {"t": "fall", "g": 8, "loop": null, "hole": 8, "slope_pct": 1.14, "bearing": 32.0}}, {"type": "Feature", "geometry": {"type": "LineString", "coordinates": [[12.8242282, 55.3961638], [12.8242553, 55.3961661]]}, "properties": {"t": "fall", "g": 8, "loop": null, "hole": 8, "slope_pct": 2.88, "bearing": 81.5}}, {"type": "Feature", "geometry": {"type": "LineString", "coordinates": [[12.8242755, 55.3961646], [12.8243085, 55.3961666]]}, "properties": {"t": "fall", "g": 8, "loop": null, "hole": 8, "slope_pct": 3.5, "bearing": 83.9}}, {"type": "Feature", "geometry": {"type": "LineString", "coordinates": [[12.8243228, 55.3961655], [12.8243491, 55.3961657]]}, "properties": {"t": "fall", "g": 8, "loop": null, "hole": 8, "slope_pct": 2.77, "bearing": 89.2}}, {"type": "Feature", "geometry": {"type": "LineString", "coordinates": [[12.8243702, 55.3961663], [12.8243822, 55.3961667]]}, "properties": {"t": "fall", "g": 8, "loop": null, "hole": 8, "slope_pct": 1.27, "bearing": 86.7}}, {"type": "Feature", "geometry": {"type": "LineString", "coordinates": [[12.8244175, 55.3961672], [12.8244065, 55.3961736]]}, "properties": {"t": "fall", "g": 8, "loop": null, "hole": 8, "slope_pct": 1.66, "bearing": 315.9}}, {"type": "Feature", "geometry": {"type": "LineString", "coordinates": [[12.8244648, 55.396168], [12.8244578, 55.3961803]]}, "properties": {"t": "fall", "g": 8, "loop": null, "hole": 8, "slope_pct": 2.39, "bearing": 341.8}}, {"type": "Feature", "geometry": {"type": "LineString", "coordinates": [[12.8245122, 55.3961689], [12.8245173, 55.39618]]}, "properties": {"t": "fall", "g": 8, "loop": null, "hole": 8, "slope_pct": 2.14, "bearing": 14.7}}, {"type": "Feature", "geometry": {"type": "LineString", "coordinates": [[12.8241823, 55.396136], [12.8241935, 55.3961342]]}, "properties": {"t": "fall", "g": 8, "loop": null, "hole": 8, "slope_pct": 1.23, "bearing": 106.3}}, {"type": "Feature", "geometry": {"type": "LineString", "coordinates": [[12.8242297, 55.3961369], [12.8242537, 55.3961363]]}, "properties": {"t": "fall", "g": 8, "loop": null, "hole": 8, "slope_pct": 2.54, "bearing": 92.5}}, {"type": "Feature", "geometry": {"type": "LineString", "coordinates": [[12.824277, 55.3961377], [12.8243095, 55.3961377]]}, "properties": {"t": "fall", "g": 8, "loop": null, "hole": 8, "slope_pct": 3.43, "bearing": 90.1}}, {"type": "Feature", "geometry": {"type": "LineString", "coordinates": [[12.8243243, 55.3961386], [12.8243493, 55.3961412]]}, "properties": {"t": "fall", "g": 8, "loop": null, "hole": 8, "slope_pct": 2.68, "bearing": 79.4}}, {"type": "Feature", "geometry": {"type": "LineString", "coordinates": [[12.8243716, 55.3961394], [12.8243831, 55.3961438]]}, "properties": {"t": "fall", "g": 8, "loop": null, "hole": 8, "slope_pct": 1.45, "bearing": 56.2}}, {"type": "Feature", "geometry": {"type": "LineString", "coordinates": [[12.824419, 55.3961402], [12.8244058, 55.3961401]]}, "properties": {"t": "fall", "g": 8, "loop": null, "hole": 8, "slope_pct": 1.38, "bearing": 269.1}}, {"type": "Feature", "geometry": {"type": "LineString", "coordinates": [[12.8244663, 55.3961411], [12.82446, 55.396135]]}, "properties": {"t": "fall", "g": 8, "loop": null, "hole": 8, "slope_pct": 1.31, "bearing": 210.3}}, {"type": "Feature", "geometry": {"type": "LineString", "coordinates": [[12.8245136, 55.3961419], [12.8245207, 55.3961346]]}, "properties": {"t": "fall", "g": 8, "loop": null, "hole": 8, "slope_pct": 1.55, "bearing": 151.1}}, {"type": "Feature", "geometry": {"type": "LineString", "coordinates": [[12.824561, 55.3961428], [12.8246083, 55.3961449]]}, "properties": {"t": "fall", "g": 8, "loop": null, "hole": 8, "slope_pct": 9.45, "bearing": 85.4}}, {"type": "Feature", "geometry": {"type": "LineString", "coordinates": [[12.8242311, 55.3961099], [12.8242511, 55.3961021]]}, "properties": {"t": "fall", "g": 8, "loop": null, "hole": 8, "slope_pct": 2.56, "bearing": 124.7}}, {"type": "Feature", "geometry": {"type": "LineString", "coordinates": [[12.8242785, 55.3961108], [12.8243015, 55.3961126]]}, "properties": {"t": "fall", "g": 8, "loop": null, "hole": 8, "slope_pct": 2.45, "bearing": 82.2}}, {"type": "Feature", "geometry": {"type": "LineString", "coordinates": [[12.8243258, 55.3961116], [12.8243469, 55.3961166]]}, "properties": {"t": "fall", "g": 8, "loop": null, "hole": 8, "slope_pct": 2.41, "bearing": 67.4}}, {"type": "Feature", "geometry": {"type": "LineString", "coordinates": [[12.8243731, 55.3961125], [12.824383, 55.3961188]]}, "properties": {"t": "fall", "g": 8, "loop": null, "hole": 8, "slope_pct": 1.57, "bearing": 41.6}}, {"type": "Feature", "geometry": {"type": "LineString", "coordinates": [[12.8244678, 55.3961141], [12.8244704, 55.3961117]]}, "properties": {"t": "fall", "g": 8, "loop": null, "hole": 8, "slope_pct": 0.54, "bearing": 148.6}}, {"type": "Feature", "geometry": {"type": "LineString", "coordinates": [[12.8245151, 55.396115], [12.8245234, 55.3961106]]}, "properties": {"t": "fall", "g": 8, "loop": null, "hole": 8, "slope_pct": 1.19, "bearing": 132.9}}, {"type": "Feature", "geometry": {"type": "LineString", "coordinates": [[12.8245625, 55.3961158], [12.8246056, 55.3961203]]}, "properties": {"t": "fall", "g": 8, "loop": null, "hole": 8, "slope_pct": 4.62, "bearing": 79.7}}, {"type": "Feature", "geometry": {"type": "LineString", "coordinates": [[12.8242799, 55.3960838], [12.8242948, 55.3960908]]}, "properties": {"t": "fall", "g": 8, "loop": null, "hole": 8, "slope_pct": 2.03, "bearing": 50.6}}, {"type": "Feature", "geometry": {"type": "LineString", "coordinates": [[12.8243273, 55.3960847], [12.8243475, 55.3960913]]}, "properties": {"t": "fall", "g": 8, "loop": null, "hole": 8, "slope_pct": 2.46, "bearing": 60.0}}, {"type": "Feature", "geometry": {"type": "LineString", "coordinates": [[12.8243746, 55.3960855], [12.82439, 55.3960924]]}, "properties": {"t": "fall", "g": 8, "loop": null, "hole": 8, "slope_pct": 2.06, "bearing": 51.9}}, {"type": "Feature", "geometry": {"type": "LineString", "coordinates": [[12.8244219, 55.3960864], [12.8244287, 55.3960894]]}, "properties": {"t": "fall", "g": 8, "loop": null, "hole": 8, "slope_pct": 0.91, "bearing": 51.4}}, {"type": "Feature", "geometry": {"type": "LineString", "coordinates": [[12.8244693, 55.3960872], [12.8244716, 55.3960899]]}, "properties": {"t": "fall", "g": 8, "loop": null, "hole": 8, "slope_pct": 0.55, "bearing": 25.8}}, {"type": "Feature", "geometry": {"type": "LineString", "coordinates": [[12.8245166, 55.396088], [12.8245173, 55.3960943]]}, "properties": {"t": "fall", "g": 8, "loop": null, "hole": 8, "slope_pct": 1.16, "bearing": 3.5}}, {"type": "Feature", "geometry": {"type": "LineString", "coordinates": [[12.8245639, 55.3960889], [12.8245795, 55.3961038]]}, "properties": {"t": "fall", "g": 8, "loop": null, "hole": 8, "slope_pct": 3.21, "bearing": 30.7}}, {"type": "Feature", "geometry": {"type": "LineString", "coordinates": [[12.8243288, 55.3960577], [12.8243453, 55.3960693]]}, "properties": {"t": "fall", "g": 8, "loop": null, "hole": 8, "slope_pct": 2.77, "bearing": 39.0}}, {"type": "Feature", "geometry": {"type": "LineString", "coordinates": [[12.8243761, 55.3960586], [12.8243975, 55.3960701]]}, "properties": {"t": "fall", "g": 8, "loop": null, "hole": 8, "slope_pct": 3.1, "bearing": 46.5}}, {"type": "Feature", "geometry": {"type": "LineString", "coordinates": [[12.8244234, 55.3960594], [12.8244374, 55.3960643]]}, "properties": {"t": "fall", "g": 8, "loop": null, "hole": 8, "slope_pct": 1.73, "bearing": 58.7}}, {"type": "Feature", "geometry": {"type": "LineString", "coordinates": [[12.8244708, 55.3960603], [12.824469, 55.3960666]]}, "properties": {"t": "fall", "g": 8, "loop": null, "hole": 8, "slope_pct": 1.2, "bearing": 351.1}}, {"type": "Feature", "geometry": {"type": "LineString", "coordinates": [[12.8245181, 55.3960611], [12.8245059, 55.3960716]]}, "properties": {"t": "fall", "g": 8, "loop": null, "hole": 8, "slope_pct": 2.34, "bearing": 326.7}}, {"type": "Feature", "geometry": {"type": "LineString", "coordinates": [[12.8245654, 55.396062], [12.8245701, 55.3960775]]}, "properties": {"t": "fall", "g": 8, "loop": null, "hole": 8, "slope_pct": 2.93, "bearing": 9.7}}, {"type": "Feature", "geometry": {"type": "LineString", "coordinates": [[12.8246127, 55.3960628], [12.8246582, 55.3960705]]}, "properties": {"t": "fall", "g": 8, "loop": null, "hole": 8, "slope_pct": 13.63, "bearing": 73.4}}, {"type": "Feature", "geometry": {"type": "LineString", "coordinates": [[12.8243776, 55.3960316], [12.8244097, 55.3960459]]}, "properties": {"t": "fall", "g": 8, "loop": null, "hole": 8, "slope_pct": 4.29, "bearing": 52.1}}, {"type": "Feature", "geometry": {"type": "LineString", "coordinates": [[12.8244249, 55.3960325], [12.8244425, 55.3960451]]}, "properties": {"t": "fall", "g": 8, "loop": null, "hole": 8, "slope_pct": 2.99, "bearing": 38.4}}, {"type": "Feature", "geometry": {"type": "LineString", "coordinates": [[12.8244722, 55.3960333], [12.8244696, 55.3960446]]}, "properties": {"t": "fall", "g": 8, "loop": null, "hole": 8, "slope_pct": 2.12, "bearing": 352.6}}, {"type": "Feature", "geometry": {"type": "LineString", "coordinates": [[12.8245196, 55.3960342], [12.8245112, 55.3960357]]}, "properties": {"t": "fall", "g": 8, "loop": null, "hole": 8, "slope_pct": 0.93, "bearing": 287.6}}, {"type": "Feature", "geometry": {"type": "LineString", "coordinates": [[12.8245669, 55.396035], [12.8245672, 55.3960317]]}, "properties": {"t": "fall", "g": 8, "loop": null, "hole": 8, "slope_pct": 0.62, "bearing": 177.1}}, {"type": "Feature", "geometry": {"type": "LineString", "coordinates": [[12.8246142, 55.3960359], [12.8246616, 55.3960343]]}, "properties": {"t": "fall", "g": 8, "loop": null, "hole": 8, "slope_pct": 12.8, "bearing": 93.4}}, {"type": "Feature", "geometry": {"type": "LineString", "coordinates": [[12.8243791, 55.3960047], [12.8244086, 55.3960134]]}, "properties": {"t": "fall", "g": 8, "loop": null, "hole": 8, "slope_pct": 3.5, "bearing": 62.7}}, {"type": "Feature", "geometry": {"type": "LineString", "coordinates": [[12.8244264, 55.3960055], [12.8244374, 55.3960233]]}, "properties": {"t": "fall", "g": 8, "loop": null, "hole": 8, "slope_pct": 3.49, "bearing": 19.5}}, {"type": "Feature", "geometry": {"type": "LineString", "coordinates": [[12.8244737, 55.3960064], [12.8244883, 55.3960206]]}, "properties": {"t": "fall", "g": 8, "loop": null, "hole": 8, "slope_pct": 3.06, "bearing": 30.2}}, {"type": "Feature", "geometry": {"type": "LineString", "coordinates": [[12.824521, 55.3960072], [12.8245369, 55.3960069]]}, "properties": {"t": "fall", "g": 8, "loop": null, "hole": 8, "slope_pct": 1.67, "bearing": 92.3}}, {"type": "Feature", "geometry": {"type": "LineString", "coordinates": [[12.8245684, 55.3960081], [12.8245775, 55.3959968]]}, "properties": {"t": "fall", "g": 8, "loop": null, "hole": 8, "slope_pct": 2.29, "bearing": 155.4}}, {"type": "Feature", "geometry": {"type": "LineString", "coordinates": [[12.8243805, 55.3959778], [12.8243938, 55.3959715]]}, "properties": {"t": "fall", "g": 8, "loop": null, "hole": 8, "slope_pct": 1.82, "bearing": 130.0}}, {"type": "Feature", "geometry": {"type": "LineString", "coordinates": [[12.8244279, 55.3959786], [12.8244297, 55.3959903]]}, "properties": {"t": "fall", "g": 8, "loop": null, "hole": 8, "slope_pct": 2.19, "bearing": 5.2}}, {"type": "Feature", "geometry": {"type": "LineString", "coordinates": [[12.8244752, 55.3959795], [12.8245104, 55.3959851]]}, "properties": {"t": "fall", "g": 8, "loop": null, "hole": 8, "slope_pct": 3.86, "bearing": 74.1}}, {"type": "Feature", "geometry": {"type": "LineString", "coordinates": [[12.8245225, 55.3959803], [12.8245523, 55.39598]]}, "properties": {"t": "fall", "g": 8, "loop": null, "hole": 8, "slope_pct": 3.14, "bearing": 90.9}}, {"type": "Feature", "geometry": {"type": "LineString", "coordinates": [[12.8245699, 55.3959811], [12.8246103, 55.395967]]}, "properties": {"t": "fall", "g": 8, "loop": null, "hole": 8, "slope_pct": 5.08, "bearing": 121.6}}, {"type": "Feature", "geometry": {"type": "LineString", "coordinates": [[12.824382, 55.3959508], [12.8243613, 55.395931]]}, "properties": {"t": "fall", "g": 8, "loop": null, "hole": 8, "slope_pct": 4.28, "bearing": 210.7}}, {"type": "Feature", "geometry": {"type": "LineString", "coordinates": [[12.8244293, 55.3959517], [12.8244157, 55.3959407]]}, "properties": {"t": "fall", "g": 8, "loop": null, "hole": 8, "slope_pct": 2.5, "bearing": 215.2}}, {"type": "Feature", "geometry": {"type": "LineString", "coordinates": [[12.8244767, 55.3959525], [12.8245168, 55.3959513]]}, "properties": {"t": "fall", "g": 8, "loop": null, "hole": 8, "slope_pct": 4.23, "bearing": 93.1}}, {"type": "Feature", "geometry": {"type": "LineString", "coordinates": [[12.824524, 55.3959534], [12.8245705, 55.3959479]]}, "properties": {"t": "fall", "g": 8, "loop": null, "hole": 8, "slope_pct": 5.23, "bearing": 101.7}}, {"type": "Feature", "geometry": {"type": "LineString", "coordinates": [[12.8244308, 55.3959247], [12.8244121, 55.3959021]]}, "properties": {"t": "fall", "g": 8, "loop": null, "hole": 8, "slope_pct": 4.64, "bearing": 205.1}}, {"type": "Feature", "geometry": {"type": "LineString", "coordinates": [[12.8244782, 55.3959256], [12.8245047, 55.3959032]]}, "properties": {"t": "fall", "g": 8, "loop": null, "hole": 8, "slope_pct": 5.66, "bearing": 146.0}}, {"type": "Feature", "geometry": {"type": "Point", "coordinates": [12.8243781, 55.3961024]}, "properties": {"t": "aim", "g": 8, "loop": null, "hole": 8, "aim_bearing": 66.0, "slope_median": 2.39, "slope_max": 13.63, "n_cells": 84}}, {"type": "Feature", "geometry": {"type": "LineString", "coordinates": [[12.8266382, 55.3988672], [12.8266155, 55.3988802]]}, "properties": {"t": "fall", "g": 9, "loop": null, "hole": 9, "slope_pct": 3.4, "bearing": 315.3}}, {"type": "Feature", "geometry": {"type": "LineString", "coordinates": [[12.8266855, 55.398868], [12.8266826, 55.3988898]]}, "properties": {"t": "fall", "g": 9, "loop": null, "hole": 9, "slope_pct": 4.06, "bearing": 355.6}}, {"type": "Feature", "geometry": {"type": "LineString", "coordinates": [[12.8266397, 55.3988402], [12.8265994, 55.3988517]]}, "properties": {"t": "fall", "g": 9, "loop": null, "hole": 9, "slope_pct": 4.75, "bearing": 296.7}}, {"type": "Feature", "geometry": {"type": "LineString", "coordinates": [[12.826687, 55.3988411], [12.8266579, 55.3988623]]}, "properties": {"t": "fall", "g": 9, "loop": null, "hole": 9, "slope_pct": 5.53, "bearing": 322.2}}, {"type": "Feature", "geometry": {"type": "LineString", "coordinates": [[12.8267344, 55.3988419], [12.8267376, 55.3988688]]}, "properties": {"t": "fall", "g": 9, "loop": null, "hole": 9, "slope_pct": 7.36, "bearing": 4.0}}, {"type": "Feature", "geometry": {"type": "LineString", "coordinates": [[12.8267817, 55.3988427], [12.8267927, 55.3988617]]}, "properties": {"t": "fall", "g": 9, "loop": null, "hole": 9, "slope_pct": 3.69, "bearing": 18.3}}, {"type": "Feature", "geometry": {"type": "LineString", "coordinates": [[12.826829, 55.3988436], [12.8268465, 55.3988545]]}, "properties": {"t": "fall", "g": 9, "loop": null, "hole": 9, "slope_pct": 2.74, "bearing": 42.3}}, {"type": "Feature", "geometry": {"type": "LineString", "coordinates": [[12.8268764, 55.3988444], [12.8268698, 55.3988569]]}, "properties": {"t": "fall", "g": 9, "loop": null, "hole": 9, "slope_pct": 2.42, "bearing": 343.4}}, {"type": "Feature", "geometry": {"type": "LineString", "coordinates": [[12.8269237, 55.3988453], [12.8269396, 55.3988573]]}, "properties": {"t": "fall", "g": 9, "loop": null, "hole": 9, "slope_pct": 2.79, "bearing": 37.0}}, {"type": "Feature", "geometry": {"type": "LineString", "coordinates": [[12.826971, 55.3988461], [12.8270098, 55.3988616]]}, "properties": {"t": "fall", "g": 9, "loop": null, "hole": 9, "slope_pct": 6.53, "bearing": 54.8}}, {"type": "Feature", "geometry": {"type": "LineString", "coordinates": [[12.8266412, 55.3988133], [12.8266021, 55.3988208]]}, "properties": {"t": "fall", "g": 9, "loop": null, "hole": 9, "slope_pct": 4.35, "bearing": 288.7}}, {"type": "Feature", "geometry": {"type": "LineString", "coordinates": [[12.8266885, 55.3988141], [12.8266432, 55.3988162]]}, "properties": {"t": "fall", "g": 9, "loop": null, "hole": 9, "slope_pct": 4.79, "bearing": 274.7}}, {"type": "Feature", "geometry": {"type": "LineString", "coordinates": [[12.8267358, 55.398815], [12.8267498, 55.3988141]]}, "properties": {"t": "fall", "g": 9, "loop": null, "hole": 9, "slope_pct": 1.48, "bearing": 96.0}}, {"type": "Feature", "geometry": {"type": "LineString", "coordinates": [[12.8267832, 55.3988158], [12.826822, 55.3988056]]}, "properties": {"t": "fall", "g": 9, "loop": null, "hole": 9, "slope_pct": 4.51, "bearing": 114.8}}, {"type": "Feature", "geometry": {"type": "LineString", "coordinates": [[12.8268305, 55.3988167], [12.8268377, 55.3988096]]}, "properties": {"t": "fall", "g": 9, "loop": null, "hole": 9, "slope_pct": 1.52, "bearing": 149.8}}, {"type": "Feature", "geometry": {"type": "LineString", "coordinates": [[12.8268778, 55.3988175], [12.8268738, 55.3988114]]}, "properties": {"t": "fall", "g": 9, "loop": null, "hole": 9, "slope_pct": 1.2, "bearing": 200.9}}, {"type": "Feature", "geometry": {"type": "LineString", "coordinates": [[12.8269252, 55.3988183], [12.8269302, 55.3988148]]}, "properties": {"t": "fall", "g": 9, "loop": null, "hole": 9, "slope_pct": 0.84, "bearing": 140.7}}, {"type": "Feature", "geometry": {"type": "LineString", "coordinates": [[12.8269725, 55.3988192], [12.8270051, 55.3988222]]}, "properties": {"t": "fall", "g": 9, "loop": null, "hole": 9, "slope_pct": 3.48, "bearing": 80.7}}, {"type": "Feature", "geometry": {"type": "LineString", "coordinates": [[12.8270198, 55.39882], [12.8270657, 55.398827]]}, "properties": {"t": "fall", "g": 9, "loop": null, "hole": 9, "slope_pct": 6.95, "bearing": 74.9}}, {"type": "Feature", "geometry": {"type": "LineString", "coordinates": [[12.8266426, 55.3987863], [12.8266101, 55.3987859]]}, "properties": {"t": "fall", "g": 9, "loop": null, "hole": 9, "slope_pct": 3.43, "bearing": 268.8}}, {"type": "Feature", "geometry": {"type": "LineString", "coordinates": [[12.82669, 55.3987872], [12.8266574, 55.398778]]}, "properties": {"t": "fall", "g": 9, "loop": null, "hole": 9, "slope_pct": 3.84, "bearing": 243.5}}, {"type": "Feature", "geometry": {"type": "LineString", "coordinates": [[12.8267373, 55.398788], [12.8267644, 55.398769]]}, "properties": {"t": "fall", "g": 9, "loop": null, "hole": 9, "slope_pct": 4.54, "bearing": 141.1}}, {"type": "Feature", "geometry": {"type": "LineString", "coordinates": [[12.8267847, 55.3987889], [12.8268163, 55.3987721]]}, "properties": {"t": "fall", "g": 9, "loop": null, "hole": 9, "slope_pct": 4.56, "bearing": 133.0}}, {"type": "Feature", "geometry": {"type": "LineString", "coordinates": [[12.826832, 55.3987897], [12.8268349, 55.3987781]]}, "properties": {"t": "fall", "g": 9, "loop": null, "hole": 9, "slope_pct": 2.18, "bearing": 172.0}}, {"type": "Feature", "geometry": {"type": "LineString", "coordinates": [[12.8268793, 55.3987906], [12.8268705, 55.3987811]]}, "properties": {"t": "fall", "g": 9, "loop": null, "hole": 9, "slope_pct": 1.98, "bearing": 207.9}}, {"type": "Feature", "geometry": {"type": "LineString", "coordinates": [[12.8269267, 55.3987914], [12.8269324, 55.3987819]]}, "properties": {"t": "fall", "g": 9, "loop": null, "hole": 9, "slope_pct": 1.86, "bearing": 161.0}}, {"type": "Feature", "geometry": {"type": "LineString", "coordinates": [[12.826974, 55.3987922], [12.8269985, 55.3987819]]}, "properties": {"t": "fall", "g": 9, "loop": null, "hole": 9, "slope_pct": 3.22, "bearing": 126.6}}, {"type": "Feature", "geometry": {"type": "LineString", "coordinates": [[12.8270213, 55.3987931], [12.8270679, 55.398788]]}, "properties": {"t": "fall", "g": 9, "loop": null, "hole": 9, "slope_pct": 5.28, "bearing": 100.8}}, {"type": "Feature", "geometry": {"type": "LineString", "coordinates": [[12.8266915, 55.3987603], [12.8266784, 55.3987479]]}, "properties": {"t": "fall", "g": 9, "loop": null, "hole": 9, "slope_pct": 2.68, "bearing": 211.0}}, {"type": "Feature", "geometry": {"type": "LineString", "coordinates": [[12.8267388, 55.3987611], [12.8267704, 55.3987449]]}, "properties": {"t": "fall", "g": 9, "loop": null, "hole": 9, "slope_pct": 4.48, "bearing": 132.0}}, {"type": "Feature", "geometry": {"type": "LineString", "coordinates": [[12.8267861, 55.3987619], [12.8268092, 55.3987508]]}, "properties": {"t": "fall", "g": 9, "loop": null, "hole": 9, "slope_pct": 3.19, "bearing": 130.5}}, {"type": "Feature", "geometry": {"type": "LineString", "coordinates": [[12.8268335, 55.3987628], [12.8268358, 55.3987495]]}, "properties": {"t": "fall", "g": 9, "loop": null, "hole": 9, "slope_pct": 2.48, "bearing": 174.2}}, {"type": "Feature", "geometry": {"type": "LineString", "coordinates": [[12.8268808, 55.3987636], [12.8268718, 55.3987485]]}, "properties": {"t": "fall", "g": 9, "loop": null, "hole": 9, "slope_pct": 2.95, "bearing": 198.7}}, {"type": "Feature", "geometry": {"type": "LineString", "coordinates": [[12.8269281, 55.3987645], [12.8269322, 55.3987508]]}, "properties": {"t": "fall", "g": 9, "loop": null, "hole": 9, "slope_pct": 2.57, "bearing": 170.5}}, {"type": "Feature", "geometry": {"type": "LineString", "coordinates": [[12.8269755, 55.3987653], [12.8269964, 55.3987541]]}, "properties": {"t": "fall", "g": 9, "loop": null, "hole": 9, "slope_pct": 3.02, "bearing": 133.3}}, {"type": "Feature", "geometry": {"type": "LineString", "coordinates": [[12.8270228, 55.3987661], [12.8270668, 55.398756]]}, "properties": {"t": "fall", "g": 9, "loop": null, "hole": 9, "slope_pct": 5.37, "bearing": 112.1}}, {"type": "Feature", "geometry": {"type": "LineString", "coordinates": [[12.8270701, 55.398767], [12.8271158, 55.3987596]]}, "properties": {"t": "fall", "g": 9, "loop": null, "hole": 9, "slope_pct": 8.32, "bearing": 105.9}}, {"type": "Feature", "geometry": {"type": "LineString", "coordinates": [[12.8266929, 55.3987333], [12.8266883, 55.398716]]}, "properties": {"t": "fall", "g": 9, "loop": null, "hole": 9, "slope_pct": 3.26, "bearing": 188.6}}, {"type": "Feature", "geometry": {"type": "LineString", "coordinates": [[12.8267403, 55.3987342], [12.82676, 55.3987211]]}, "properties": {"t": "fall", "g": 9, "loop": null, "hole": 9, "slope_pct": 3.19, "bearing": 139.3}}, {"type": "Feature", "geometry": {"type": "LineString", "coordinates": [[12.8267876, 55.398735], [12.8268036, 55.3987291]]}, "properties": {"t": "fall", "g": 9, "loop": null, "hole": 9, "slope_pct": 2.01, "bearing": 123.0}}, {"type": "Feature", "geometry": {"type": "LineString", "coordinates": [[12.8268349, 55.3987358], [12.8268449, 55.398732]]}, "properties": {"t": "fall", "g": 9, "loop": null, "hole": 9, "slope_pct": 1.27, "bearing": 124.2}}, {"type": "Feature", "geometry": {"type": "LineString", "coordinates": [[12.8268823, 55.3987367], [12.8268742, 55.39873]]}, "properties": {"t": "fall", "g": 9, "loop": null, "hole": 9, "slope_pct": 1.5, "bearing": 214.4}}, {"type": "Feature", "geometry": {"type": "LineString", "coordinates": [[12.8269296, 55.3987375], [12.8269346, 55.3987277]]}, "properties": {"t": "fall", "g": 9, "loop": null, "hole": 9, "slope_pct": 1.89, "bearing": 164.0}}, {"type": "Feature", "geometry": {"type": "LineString", "coordinates": [[12.8269769, 55.3987384], [12.826997, 55.3987266]]}, "properties": {"t": "fall", "g": 9, "loop": null, "hole": 9, "slope_pct": 3.04, "bearing": 135.8}}, {"type": "Feature", "geometry": {"type": "LineString", "coordinates": [[12.8270243, 55.3987392], [12.8270666, 55.398727]]}, "properties": {"t": "fall", "g": 9, "loop": null, "hole": 9, "slope_pct": 6.6, "bearing": 116.9}}, {"type": "Feature", "geometry": {"type": "LineString", "coordinates": [[12.8266944, 55.3987064], [12.8266749, 55.3986818]]}, "properties": {"t": "fall", "g": 9, "loop": null, "hole": 9, "slope_pct": 6.26, "bearing": 204.3}}, {"type": "Feature", "geometry": {"type": "LineString", "coordinates": [[12.8267418, 55.3987072], [12.826746, 55.3986869]]}, "properties": {"t": "fall", "g": 9, "loop": null, "hole": 9, "slope_pct": 3.79, "bearing": 173.2}}, {"type": "Feature", "geometry": {"type": "LineString", "coordinates": [[12.8267891, 55.3987081], [12.826796, 55.3986958]]}, "properties": {"t": "fall", "g": 9, "loop": null, "hole": 9, "slope_pct": 2.38, "bearing": 162.3}}, {"type": "Feature", "geometry": {"type": "LineString", "coordinates": [[12.8268364, 55.3987089], [12.8268422, 55.3987011]]}, "properties": {"t": "fall", "g": 9, "loop": null, "hole": 9, "slope_pct": 1.57, "bearing": 157.4}}, {"type": "Feature", "geometry": {"type": "LineString", "coordinates": [[12.8268838, 55.3987097], [12.8268839, 55.398702]]}, "properties": {"t": "fall", "g": 9, "loop": null, "hole": 9, "slope_pct": 1.43, "bearing": 179.4}}, {"type": "Feature", "geometry": {"type": "LineString", "coordinates": [[12.8269311, 55.3987106], [12.8269387, 55.3987002]]}, "properties": {"t": "fall", "g": 9, "loop": null, "hole": 9, "slope_pct": 2.09, "bearing": 157.4}}, {"type": "Feature", "geometry": {"type": "LineString", "coordinates": [[12.8269784, 55.3987114], [12.8270143, 55.3986938]]}, "properties": {"t": "fall", "g": 9, "loop": null, "hole": 9, "slope_pct": 5.02, "bearing": 130.9}}, {"type": "Feature", "geometry": {"type": "LineString", "coordinates": [[12.8270258, 55.3987123], [12.8270621, 55.3986949]]}, "properties": {"t": "fall", "g": 9, "loop": null, "hole": 9, "slope_pct": 9.59, "bearing": 130.1}}, {"type": "Feature", "geometry": {"type": "LineString", "coordinates": [[12.8266959, 55.3986794], [12.826669, 55.3986572]]}, "properties": {"t": "fall", "g": 9, "loop": null, "hole": 9, "slope_pct": 5.18, "bearing": 214.6}}, {"type": "Feature", "geometry": {"type": "LineString", "coordinates": [[12.8267432, 55.3986803], [12.8267327, 55.3986614]]}, "properties": {"t": "fall", "g": 9, "loop": null, "hole": 9, "slope_pct": 3.67, "bearing": 197.6}}, {"type": "Feature", "geometry": {"type": "LineString", "coordinates": [[12.8267906, 55.3986811], [12.8267876, 55.3986669]]}, "properties": {"t": "fall", "g": 9, "loop": null, "hole": 9, "slope_pct": 2.66, "bearing": 186.8}}, {"type": "Feature", "geometry": {"type": "LineString", "coordinates": [[12.8268379, 55.398682], [12.8268393, 55.3986712]]}, "properties": {"t": "fall", "g": 9, "loop": null, "hole": 9, "slope_pct": 2.01, "bearing": 175.6}}, {"type": "Feature", "geometry": {"type": "LineString", "coordinates": [[12.8268852, 55.3986828], [12.8268911, 55.3986699]]}, "properties": {"t": "fall", "g": 9, "loop": null, "hole": 9, "slope_pct": 2.47, "bearing": 165.6}}, {"type": "Feature", "geometry": {"type": "LineString", "coordinates": [[12.8269326, 55.3986836], [12.8269561, 55.3986614]]}, "properties": {"t": "fall", "g": 9, "loop": null, "hole": 9, "slope_pct": 4.81, "bearing": 149.0}}, {"type": "Feature", "geometry": {"type": "LineString", "coordinates": [[12.8269799, 55.3986845], [12.8270122, 55.3986648]]}, "properties": {"t": "fall", "g": 9, "loop": null, "hole": 9, "slope_pct": 9.18, "bearing": 137.1}}, {"type": "Feature", "geometry": {"type": "LineString", "coordinates": [[12.8266974, 55.3986525], [12.826676, 55.398637]]}, "properties": {"t": "fall", "g": 9, "loop": null, "hole": 9, "slope_pct": 3.66, "bearing": 218.1}}, {"type": "Feature", "geometry": {"type": "LineString", "coordinates": [[12.8267447, 55.3986533], [12.8267335, 55.3986324]]}, "properties": {"t": "fall", "g": 9, "loop": null, "hole": 9, "slope_pct": 4.06, "bearing": 196.8}}, {"type": "Feature", "geometry": {"type": "LineString", "coordinates": [[12.826792, 55.3986542], [12.826782, 55.3986322]]}, "properties": {"t": "fall", "g": 9, "loop": null, "hole": 9, "slope_pct": 4.21, "bearing": 194.5}}, {"type": "Feature", "geometry": {"type": "LineString", "coordinates": [[12.8268394, 55.398655], [12.8268452, 55.3986326]]}, "properties": {"t": "fall", "g": 9, "loop": null, "hole": 9, "slope_pct": 4.21, "bearing": 171.6}}, {"type": "Feature", "geometry": {"type": "LineString", "coordinates": [[12.8268867, 55.3986559], [12.8269022, 55.3986304]]}, "properties": {"t": "fall", "g": 9, "loop": null, "hole": 9, "slope_pct": 5.22, "bearing": 160.9}}, {"type": "Feature", "geometry": {"type": "LineString", "coordinates": [[12.826934, 55.3986567], [12.826963, 55.3986354]]}, "properties": {"t": "fall", "g": 9, "loop": null, "hole": 9, "slope_pct": 7.65, "bearing": 142.4}}, {"type": "Feature", "geometry": {"type": "LineString", "coordinates": [[12.8266989, 55.3986256], [12.8266882, 55.3986152]]}, "properties": {"t": "fall", "g": 9, "loop": null, "hole": 9, "slope_pct": 2.23, "bearing": 210.3}}, {"type": "Feature", "geometry": {"type": "LineString", "coordinates": [[12.8267462, 55.3986264], [12.8267422, 55.3986121]]}, "properties": {"t": "fall", "g": 9, "loop": null, "hole": 9, "slope_pct": 2.69, "bearing": 189.0}}, {"type": "Feature", "geometry": {"type": "LineString", "coordinates": [[12.8267935, 55.3986272], [12.8267871, 55.3986094]]}, "properties": {"t": "fall", "g": 9, "loop": null, "hole": 9, "slope_pct": 3.38, "bearing": 191.6}}, {"type": "Feature", "geometry": {"type": "LineString", "coordinates": [[12.8268409, 55.3986281], [12.826849, 55.3986084]]}, "properties": {"t": "fall", "g": 9, "loop": null, "hole": 9, "slope_pct": 3.75, "bearing": 166.8}}, {"type": "Feature", "geometry": {"type": "LineString", "coordinates": [[12.8268882, 55.3986289], [12.8269051, 55.3986088]]}, "properties": {"t": "fall", "g": 9, "loop": null, "hole": 9, "slope_pct": 4.13, "bearing": 154.5}}, {"type": "Feature", "geometry": {"type": "LineString", "coordinates": [[12.8269355, 55.3986298], [12.8269737, 55.3986138]]}, "properties": {"t": "fall", "g": 9, "loop": null, "hole": 9, "slope_pct": 13.78, "bearing": 126.4}}, {"type": "Feature", "geometry": {"type": "LineString", "coordinates": [[12.8267003, 55.3985986], [12.8266922, 55.398595]]}, "properties": {"t": "fall", "g": 9, "loop": null, "hole": 9, "slope_pct": 1.09, "bearing": 231.6}}, {"type": "Feature", "geometry": {"type": "LineString", "coordinates": [[12.8267477, 55.3985995], [12.8267471, 55.3985944]]}, "properties": {"t": "fall", "g": 9, "loop": null, "hole": 9, "slope_pct": 0.93, "bearing": 183.5}}, {"type": "Feature", "geometry": {"type": "LineString", "coordinates": [[12.826795, 55.3986003], [12.8267957, 55.3985943]]}, "properties": {"t": "fall", "g": 9, "loop": null, "hole": 9, "slope_pct": 1.11, "bearing": 176.0}}, {"type": "Feature", "geometry": {"type": "LineString", "coordinates": [[12.8268423, 55.3986011], [12.8268521, 55.3985914]]}, "properties": {"t": "fall", "g": 9, "loop": null, "hole": 9, "slope_pct": 2.08, "bearing": 150.4}}, {"type": "Feature", "geometry": {"type": "LineString", "coordinates": [[12.8268897, 55.398602], [12.8269243, 55.3985836]]}, "properties": {"t": "fall", "g": 9, "loop": null, "hole": 9, "slope_pct": 8.27, "bearing": 133.1}}, {"type": "Feature", "geometry": {"type": "Point", "coordinates": [12.8268383, 55.3987363]}, "properties": {"t": "aim", "g": 9, "loop": null, "hole": 9, "aim_bearing": 148.2, "slope_median": 3.4, "slope_max": 13.78, "n_cells": 77}}, {"type": "Feature", "geometry": {"type": "LineString", "coordinates": [[12.8294686, 55.4002477], [12.8294415, 55.4002698]]}, "properties": {"t": "fall", "g": 10, "loop": null, "hole": 10, "slope_pct": 6.44, "bearing": 325.2}}, {"type": "Feature", "geometry": {"type": "LineString", "coordinates": [[12.8295159, 55.4002485], [12.8294872, 55.4002655]]}, "properties": {"t": "fall", "g": 10, "loop": null, "hole": 10, "slope_pct": 4.37, "bearing": 316.1}}, {"type": "Feature", "geometry": {"type": "LineString", "coordinates": [[12.8295632, 55.4002494], [12.8295576, 55.4002602]]}, "properties": {"t": "fall", "g": 10, "loop": null, "hole": 10, "slope_pct": 2.1, "bearing": 343.6}}, {"type": "Feature", "geometry": {"type": "LineString", "coordinates": [[12.8296106, 55.4002502], [12.8296205, 55.400261]]}, "properties": {"t": "fall", "g": 10, "loop": null, "hole": 10, "slope_pct": 2.26, "bearing": 27.5}}, {"type": "Feature", "geometry": {"type": "LineString", "coordinates": [[12.8296579, 55.400251], [12.8296779, 55.4002714]]}, "properties": {"t": "fall", "g": 10, "loop": null, "hole": 10, "slope_pct": 4.32, "bearing": 29.2}}, {"type": "Feature", "geometry": {"type": "LineString", "coordinates": [[12.8294227, 55.4002199], [12.8293925, 55.4002331]]}, "properties": {"t": "fall", "g": 10, "loop": null, "hole": 10, "slope_pct": 4.01, "bearing": 307.5}}, {"type": "Feature", "geometry": {"type": "LineString", "coordinates": [[12.8294701, 55.4002207], [12.8294584, 55.4002246]]}, "properties": {"t": "fall", "g": 10, "loop": null, "hole": 10, "slope_pct": 1.42, "bearing": 300.2}}, {"type": "Feature", "geometry": {"type": "LineString", "coordinates": [[12.8295174, 55.4002216], [12.8295083, 55.4002152]]}, "properties": {"t": "fall", "g": 10, "loop": null, "hole": 10, "slope_pct": 1.52, "bearing": 219.0}}, {"type": "Feature", "geometry": {"type": "LineString", "coordinates": [[12.8295647, 55.4002224], [12.8295542, 55.4002195]]}, "properties": {"t": "fall", "g": 10, "loop": null, "hole": 10, "slope_pct": 1.24, "bearing": 243.8}}, {"type": "Feature", "geometry": {"type": "LineString", "coordinates": [[12.8296121, 55.4002233], [12.8296096, 55.4002279]]}, "properties": {"t": "fall", "g": 10, "loop": null, "hole": 10, "slope_pct": 0.89, "bearing": 343.0}}, {"type": "Feature", "geometry": {"type": "LineString", "coordinates": [[12.8296594, 55.4002241], [12.8296728, 55.4002307]]}, "properties": {"t": "fall", "g": 10, "loop": null, "hole": 10, "slope_pct": 1.87, "bearing": 49.1}}, {"type": "Feature", "geometry": {"type": "LineString", "coordinates": [[12.8297067, 55.4002249], [12.8297505, 55.4002354]]}, "properties": {"t": "fall", "g": 10, "loop": null, "hole": 10, "slope_pct": 5.4, "bearing": 67.2}}, {"type": "Feature", "geometry": {"type": "LineString", "coordinates": [[12.8293769, 55.4001921], [12.8293305, 55.400198]]}, "properties": {"t": "fall", "g": 10, "loop": null, "hole": 10, "slope_pct": 6.37, "bearing": 282.5}}, {"type": "Feature", "geometry": {"type": "LineString", "coordinates": [[12.8294242, 55.400193], [12.8294046, 55.4001909]]}, "properties": {"t": "fall", "g": 10, "loop": null, "hole": 10, "slope_pct": 2.1, "bearing": 259.3}}, {"type": "Feature", "geometry": {"type": "LineString", "coordinates": [[12.8294715, 55.4001938], [12.8294753, 55.4001856]]}, "properties": {"t": "fall", "g": 10, "loop": null, "hole": 10, "slope_pct": 1.57, "bearing": 165.3}}, {"type": "Feature", "geometry": {"type": "LineString", "coordinates": [[12.8295189, 55.4001947], [12.8295024, 55.4001886]]}, "properties": {"t": "fall", "g": 10, "loop": null, "hole": 10, "slope_pct": 2.07, "bearing": 237.1}}, {"type": "Feature", "geometry": {"type": "LineString", "coordinates": [[12.8295662, 55.4001955], [12.8295463, 55.4001942]]}, "properties": {"t": "fall", "g": 10, "loop": null, "hole": 10, "slope_pct": 2.11, "bearing": 263.3}}, {"type": "Feature", "geometry": {"type": "LineString", "coordinates": [[12.8296135, 55.4001963], [12.8296062, 55.4001938]]}, "properties": {"t": "fall", "g": 10, "loop": null, "hole": 10, "slope_pct": 0.9, "bearing": 238.7}}, {"type": "Feature", "geometry": {"type": "LineString", "coordinates": [[12.8297082, 55.400198], [12.8297542, 55.4002046]]}, "properties": {"t": "fall", "g": 10, "loop": null, "hole": 10, "slope_pct": 5.25, "bearing": 75.9}}, {"type": "Feature", "geometry": {"type": "LineString", "coordinates": [[12.8293783, 55.4001652], [12.8293423, 55.4001679]]}, "properties": {"t": "fall", "g": 10, "loop": null, "hole": 10, "slope_pct": 3.83, "bearing": 277.7}}, {"type": "Feature", "geometry": {"type": "LineString", "coordinates": [[12.8294257, 55.400166], [12.8294203, 55.4001563]]}, "properties": {"t": "fall", "g": 10, "loop": null, "hole": 10, "slope_pct": 1.89, "bearing": 197.4}}, {"type": "Feature", "geometry": {"type": "LineString", "coordinates": [[12.829473, 55.4001669], [12.8294663, 55.400159]]}, "properties": {"t": "fall", "g": 10, "loop": null, "hole": 10, "slope_pct": 1.63, "bearing": 205.6}}, {"type": "Feature", "geometry": {"type": "LineString", "coordinates": [[12.8295203, 55.4001677], [12.8294959, 55.4001714]]}, "properties": {"t": "fall", "g": 10, "loop": null, "hole": 10, "slope_pct": 2.66, "bearing": 284.8}}, {"type": "Feature", "geometry": {"type": "LineString", "coordinates": [[12.8295677, 55.4001686], [12.8295585, 55.4001675]]}, "properties": {"t": "fall", "g": 10, "loop": null, "hole": 10, "slope_pct": 0.99, "bearing": 258.3}}, {"type": "Feature", "geometry": {"type": "LineString", "coordinates": [[12.829615, 55.4001694], [12.8296123, 55.4001598]]}, "properties": {"t": "fall", "g": 10, "loop": null, "hole": 10, "slope_pct": 1.81, "bearing": 189.2}}, {"type": "Feature", "geometry": {"type": "LineString", "coordinates": [[12.8296624, 55.4001702], [12.8296529, 55.4001643]]}, "properties": {"t": "fall", "g": 10, "loop": null, "hole": 10, "slope_pct": 1.49, "bearing": 222.0}}, {"type": "Feature", "geometry": {"type": "LineString", "coordinates": [[12.8297097, 55.4001711], [12.8297551, 55.4001632]]}, "properties": {"t": "fall", "g": 10, "loop": null, "hole": 10, "slope_pct": 5.32, "bearing": 107.0}}, {"type": "Feature", "geometry": {"type": "LineString", "coordinates": [[12.8293798, 55.4001383], [12.8293579, 55.4001355]]}, "properties": {"t": "fall", "g": 10, "loop": null, "hole": 10, "slope_pct": 2.37, "bearing": 257.6}}, {"type": "Feature", "geometry": {"type": "LineString", "coordinates": [[12.8294271, 55.4001391], [12.829437, 55.4001306]]}, "properties": {"t": "fall", "g": 10, "loop": null, "hole": 10, "slope_pct": 1.89, "bearing": 146.4}}, {"type": "Feature", "geometry": {"type": "LineString", "coordinates": [[12.8294745, 55.4001399], [12.829456, 55.4001305]]}, "properties": {"t": "fall", "g": 10, "loop": null, "hole": 10, "slope_pct": 2.62, "bearing": 228.0}}, {"type": "Feature", "geometry": {"type": "LineString", "coordinates": [[12.8295218, 55.4001408], [12.8294913, 55.4001317]]}, "properties": {"t": "fall", "g": 10, "loop": null, "hole": 10, "slope_pct": 3.63, "bearing": 242.4}}, {"type": "Feature", "geometry": {"type": "LineString", "coordinates": [[12.8295692, 55.4001416], [12.8295713, 55.4001309]]}, "properties": {"t": "fall", "g": 10, "loop": null, "hole": 10, "slope_pct": 2.01, "bearing": 173.5}}, {"type": "Feature", "geometry": {"type": "LineString", "coordinates": [[12.8296165, 55.4001425], [12.8296067, 55.4001363]]}, "properties": {"t": "fall", "g": 10, "loop": null, "hole": 10, "slope_pct": 1.54, "bearing": 222.0}}, {"type": "Feature", "geometry": {"type": "LineString", "coordinates": [[12.8296638, 55.4001433], [12.8296642, 55.4001358]]}, "properties": {"t": "fall", "g": 10, "loop": null, "hole": 10, "slope_pct": 1.39, "bearing": 178.6}}, {"type": "Feature", "geometry": {"type": "LineString", "coordinates": [[12.8297112, 55.4001441], [12.8297555, 55.4001345]]}, "properties": {"t": "fall", "g": 10, "loop": null, "hole": 10, "slope_pct": 6.78, "bearing": 111.0}}, {"type": "Feature", "geometry": {"type": "LineString", "coordinates": [[12.8293813, 55.4001113], [12.8293676, 55.4000972]]}, "properties": {"t": "fall", "g": 10, "loop": null, "hole": 10, "slope_pct": 2.99, "bearing": 208.9}}, {"type": "Feature", "geometry": {"type": "LineString", "coordinates": [[12.8294286, 55.4001122], [12.8294391, 55.4000954]]}, "properties": {"t": "fall", "g": 10, "loop": null, "hole": 10, "slope_pct": 3.3, "bearing": 160.4}}, {"type": "Feature", "geometry": {"type": "LineString", "coordinates": [[12.829476, 55.400113], [12.8294615, 55.400096]]}, "properties": {"t": "fall", "g": 10, "loop": null, "hole": 10, "slope_pct": 3.5, "bearing": 205.9}}, {"type": "Feature", "geometry": {"type": "LineString", "coordinates": [[12.8295233, 55.4001138], [12.8295001, 55.4000925]]}, "properties": {"t": "fall", "g": 10, "loop": null, "hole": 10, "slope_pct": 4.65, "bearing": 211.7}}, {"type": "Feature", "geometry": {"type": "LineString", "coordinates": [[12.8295706, 55.4001147], [12.8295662, 55.4000922]]}, "properties": {"t": "fall", "g": 10, "loop": null, "hole": 10, "slope_pct": 4.2, "bearing": 186.4}}, {"type": "Feature", "geometry": {"type": "LineString", "coordinates": [[12.829618, 55.4001155], [12.829601, 55.4001005]]}, "properties": {"t": "fall", "g": 10, "loop": null, "hole": 10, "slope_pct": 3.32, "bearing": 212.6}}, {"type": "Feature", "geometry": {"type": "LineString", "coordinates": [[12.8296653, 55.4001164], [12.8296721, 55.4001024]]}, "properties": {"t": "fall", "g": 10, "loop": null, "hole": 10, "slope_pct": 2.69, "bearing": 164.6}}, {"type": "Feature", "geometry": {"type": "LineString", "coordinates": [[12.8293828, 55.4000844], [12.8293677, 55.4000588]]}, "properties": {"t": "fall", "g": 10, "loop": null, "hole": 10, "slope_pct": 6.23, "bearing": 198.5}}, {"type": "Feature", "geometry": {"type": "LineString", "coordinates": [[12.8294301, 55.4000852], [12.8294354, 55.4000654]]}, "properties": {"t": "fall", "g": 10, "loop": null, "hole": 10, "slope_pct": 3.72, "bearing": 171.4}}, {"type": "Feature", "geometry": {"type": "LineString", "coordinates": [[12.8294774, 55.4000861], [12.8294591, 55.4000719]]}, "properties": {"t": "fall", "g": 10, "loop": null, "hole": 10, "slope_pct": 3.26, "bearing": 216.2}}, {"type": "Feature", "geometry": {"type": "LineString", "coordinates": [[12.8295248, 55.4000869], [12.829515, 55.4000673]]}, "properties": {"t": "fall", "g": 10, "loop": null, "hole": 10, "slope_pct": 3.78, "bearing": 195.8}}, {"type": "Feature", "geometry": {"type": "LineString", "coordinates": [[12.8295721, 55.4000877], [12.8295619, 55.4000635]]}, "properties": {"t": "fall", "g": 10, "loop": null, "hole": 10, "slope_pct": 4.63, "bearing": 193.4}}, {"type": "Feature", "geometry": {"type": "LineString", "coordinates": [[12.8296194, 55.4000886], [12.8295923, 55.4000666]]}, "properties": {"t": "fall", "g": 10, "loop": null, "hole": 10, "slope_pct": 4.98, "bearing": 215.0}}, {"type": "Feature", "geometry": {"type": "LineString", "coordinates": [[12.8296668, 55.4000894], [12.8296837, 55.4000643]]}, "properties": {"t": "fall", "g": 10, "loop": null, "hole": 10, "slope_pct": 5.73, "bearing": 159.1}}, {"type": "Feature", "geometry": {"type": "LineString", "coordinates": [[12.8293842, 55.4000574], [12.8293502, 55.4000386]]}, "properties": {"t": "fall", "g": 10, "loop": null, "hole": 10, "slope_pct": 8.09, "bearing": 225.8}}, {"type": "Feature", "geometry": {"type": "LineString", "coordinates": [[12.8294316, 55.4000583], [12.8294184, 55.40004]]}, "properties": {"t": "fall", "g": 10, "loop": null, "hole": 10, "slope_pct": 3.67, "bearing": 202.3}}, {"type": "Feature", "geometry": {"type": "LineString", "coordinates": [[12.8294789, 55.4000591], [12.8294647, 55.4000421]]}, "properties": {"t": "fall", "g": 10, "loop": null, "hole": 10, "slope_pct": 3.49, "bearing": 205.4}}, {"type": "Feature", "geometry": {"type": "LineString", "coordinates": [[12.8295263, 55.40006], [12.8295272, 55.400042]]}, "properties": {"t": "fall", "g": 10, "loop": null, "hole": 10, "slope_pct": 3.33, "bearing": 178.3}}, {"type": "Feature", "geometry": {"type": "LineString", "coordinates": [[12.8295736, 55.4000608], [12.8295694, 55.4000397]]}, "properties": {"t": "fall", "g": 10, "loop": null, "hole": 10, "slope_pct": 3.94, "bearing": 186.4}}, {"type": "Feature", "geometry": {"type": "LineString", "coordinates": [[12.8293857, 55.4000305], [12.8293483, 55.4000139]]}, "properties": {"t": "fall", "g": 10, "loop": null, "hole": 10, "slope_pct": 8.11, "bearing": 232.0}}, {"type": "Feature", "geometry": {"type": "LineString", "coordinates": [[12.8294331, 55.4000313], [12.8294181, 55.4000059]]}, "properties": {"t": "fall", "g": 10, "loop": null, "hole": 10, "slope_pct": 4.97, "bearing": 198.5}}, {"type": "Feature", "geometry": {"type": "LineString", "coordinates": [[12.8294804, 55.4000322], [12.8294567, 55.4000127]]}, "properties": {"t": "fall", "g": 10, "loop": null, "hole": 10, "slope_pct": 4.39, "bearing": 214.6}}, {"type": "Feature", "geometry": {"type": "LineString", "coordinates": [[12.8295277, 55.400033], [12.8295155, 55.4000326]]}, "properties": {"t": "fall", "g": 10, "loop": null, "hole": 10, "slope_pct": 1.29, "bearing": 266.7}}, {"type": "Feature", "geometry": {"type": "LineString", "coordinates": [[12.8294345, 55.4000044], [12.8294073, 55.3999843]]}, "properties": {"t": "fall", "g": 10, "loop": null, "hole": 10, "slope_pct": 4.71, "bearing": 217.5}}, {"type": "Feature", "geometry": {"type": "Point", "coordinates": [12.8295233, 55.4001462]}, "properties": {"t": "aim", "g": 10, "loop": null, "hole": 10, "aim_bearing": 211.4, "slope_median": 3.31, "slope_max": 8.11, "n_cells": 60}}, {"type": "Feature", "geometry": {"type": "LineString", "coordinates": [[12.8308579, 55.4025643], [12.8308368, 55.4025777]]}, "properties": {"t": "fall", "g": 11, "loop": null, "hole": 11, "slope_pct": 3.34, "bearing": 318.1}}, {"type": "Feature", "geometry": {"type": "LineString", "coordinates": [[12.8309052, 55.4025652], [12.8309051, 55.4025761]]}, "properties": {"t": "fall", "g": 11, "loop": null, "hole": 11, "slope_pct": 2.03, "bearing": 359.7}}, {"type": "Feature", "geometry": {"type": "LineString", "coordinates": [[12.8309526, 55.402566], [12.830945, 55.4025802]]}, "properties": {"t": "fall", "g": 11, "loop": null, "hole": 11, "slope_pct": 2.75, "bearing": 343.2}}, {"type": "Feature", "geometry": {"type": "LineString", "coordinates": [[12.8309999, 55.4025668], [12.8309857, 55.4025819]]}, "properties": {"t": "fall", "g": 11, "loop": null, "hole": 11, "slope_pct": 3.17, "bearing": 331.7}}, {"type": "Feature", "geometry": {"type": "LineString", "coordinates": [[12.8310473, 55.4025677], [12.831041, 55.4025887]]}, "properties": {"t": "fall", "g": 11, "loop": null, "hole": 11, "slope_pct": 3.95, "bearing": 350.5}}, {"type": "Feature", "geometry": {"type": "LineString", "coordinates": [[12.8310946, 55.4025685], [12.8311148, 55.4025929]]}, "properties": {"t": "fall", "g": 11, "loop": null, "hole": 11, "slope_pct": 6.67, "bearing": 25.2}}, {"type": "Feature", "geometry": {"type": "LineString", "coordinates": [[12.8308594, 55.4025374], [12.8308456, 55.4025428]]}, "properties": {"t": "fall", "g": 11, "loop": null, "hole": 11, "slope_pct": 1.76, "bearing": 304.5}}, {"type": "Feature", "geometry": {"type": "LineString", "coordinates": [[12.8309067, 55.4025382], [12.830904, 55.4025429]]}, "properties": {"t": "fall", "g": 11, "loop": null, "hole": 11, "slope_pct": 0.91, "bearing": 341.5}}, {"type": "Feature", "geometry": {"type": "LineString", "coordinates": [[12.8309541, 55.4025391], [12.8309446, 55.4025439]]}, "properties": {"t": "fall", "g": 11, "loop": null, "hole": 11, "slope_pct": 1.34, "bearing": 311.8}}, {"type": "Feature", "geometry": {"type": "LineString", "coordinates": [[12.8310014, 55.4025399], [12.8309846, 55.4025468]]}, "properties": {"t": "fall", "g": 11, "loop": null, "hole": 11, "slope_pct": 2.19, "bearing": 306.1}}, {"type": "Feature", "geometry": {"type": "LineString", "coordinates": [[12.8310487, 55.4025407], [12.8310365, 55.40255]]}, "properties": {"t": "fall", "g": 11, "loop": null, "hole": 11, "slope_pct": 2.16, "bearing": 323.2}}, {"type": "Feature", "geometry": {"type": "LineString", "coordinates": [[12.8310961, 55.4025416], [12.8311052, 55.402551]]}, "properties": {"t": "fall", "g": 11, "loop": null, "hole": 11, "slope_pct": 1.99, "bearing": 28.9}}, {"type": "Feature", "geometry": {"type": "LineString", "coordinates": [[12.8311434, 55.4025424], [12.8311764, 55.4025618]]}, "properties": {"t": "fall", "g": 11, "loop": null, "hole": 11, "slope_pct": 5.24, "bearing": 44.0}}, {"type": "Feature", "geometry": {"type": "LineString", "coordinates": [[12.8308609, 55.4025104], [12.8308488, 55.402513]]}, "properties": {"t": "fall", "g": 11, "loop": null, "hole": 11, "slope_pct": 1.35, "bearing": 290.4}}, {"type": "Feature", "geometry": {"type": "LineString", "coordinates": [[12.8309082, 55.4025113], [12.8309058, 55.402515]]}, "properties": {"t": "fall", "g": 11, "loop": null, "hole": 11, "slope_pct": 0.73, "bearing": 339.6}}, {"type": "Feature", "geometry": {"type": "LineString", "coordinates": [[12.8309555, 55.4025121], [12.8309468, 55.4025147]]}, "properties": {"t": "fall", "g": 11, "loop": null, "hole": 11, "slope_pct": 1.04, "bearing": 297.3}}, {"type": "Feature", "geometry": {"type": "LineString", "coordinates": [[12.8310029, 55.402513], [12.8309786, 55.4025162]]}, "properties": {"t": "fall", "g": 11, "loop": null, "hole": 11, "slope_pct": 2.63, "bearing": 283.2}}, {"type": "Feature", "geometry": {"type": "LineString", "coordinates": [[12.8310502, 55.4025138], [12.8310403, 55.4025152]]}, "properties": {"t": "fall", "g": 11, "loop": null, "hole": 11, "slope_pct": 1.07, "bearing": 284.2}}, {"type": "Feature", "geometry": {"type": "LineString", "coordinates": [[12.8310976, 55.4025146], [12.8311035, 55.4025166]]}, "properties": {"t": "fall", "g": 11, "loop": null, "hole": 11, "slope_pct": 0.73, "bearing": 59.7}}, {"type": "Feature", "geometry": {"type": "LineString", "coordinates": [[12.8311449, 55.4025155], [12.8311577, 55.402522]]}, "properties": {"t": "fall", "g": 11, "loop": null, "hole": 11, "slope_pct": 1.81, "bearing": 48.3}}, {"type": "Feature", "geometry": {"type": "LineString", "coordinates": [[12.8311922, 55.4025163], [12.8312341, 55.402529]]}, "properties": {"t": "fall", "g": 11, "loop": null, "hole": 11, "slope_pct": 6.55, "bearing": 61.8}}, {"type": "Feature", "geometry": {"type": "LineString", "coordinates": [[12.8308623, 55.4024835], [12.8308491, 55.4024833]]}, "properties": {"t": "fall", "g": 11, "loop": null, "hole": 11, "slope_pct": 1.39, "bearing": 268.8}}, {"type": "Feature", "geometry": {"type": "LineString", "coordinates": [[12.8309097, 55.4024843], [12.8309026, 55.4024863]]}, "properties": {"t": "fall", "g": 11, "loop": null, "hole": 11, "slope_pct": 0.83, "bearing": 296.5}}, {"type": "Feature", "geometry": {"type": "LineString", "coordinates": [[12.830957, 55.4024852], [12.8309493, 55.4024887]]}, "properties": {"t": "fall", "g": 11, "loop": null, "hole": 11, "slope_pct": 1.05, "bearing": 309.2}}, {"type": "Feature", "geometry": {"type": "LineString", "coordinates": [[12.8310044, 55.402486], [12.8309878, 55.4024864]]}, "properties": {"t": "fall", "g": 11, "loop": null, "hole": 11, "slope_pct": 1.75, "bearing": 272.1}}, {"type": "Feature", "geometry": {"type": "LineString", "coordinates": [[12.8310517, 55.4024869], [12.8310429, 55.4024845]]}, "properties": {"t": "fall", "g": 11, "loop": null, "hole": 11, "slope_pct": 1.03, "bearing": 244.7}}, {"type": "Feature", "geometry": {"type": "LineString", "coordinates": [[12.8311464, 55.4024885], [12.8311528, 55.4024917]]}, "properties": {"t": "fall", "g": 11, "loop": null, "hole": 11, "slope_pct": 0.9, "bearing": 49.2}}, {"type": "Feature", "geometry": {"type": "LineString", "coordinates": [[12.8311937, 55.4024894], [12.8312327, 55.4024963]]}, "properties": {"t": "fall", "g": 11, "loop": null, "hole": 11, "slope_pct": 4.3, "bearing": 72.8}}, {"type": "Feature", "geometry": {"type": "LineString", "coordinates": [[12.8308638, 55.4024566], [12.8308489, 55.4024549]]}, "properties": {"t": "fall", "g": 11, "loop": null, "hole": 11, "slope_pct": 1.6, "bearing": 259.0}}, {"type": "Feature", "geometry": {"type": "LineString", "coordinates": [[12.8309111, 55.4024574], [12.8309008, 55.4024573]]}, "properties": {"t": "fall", "g": 11, "loop": null, "hole": 11, "slope_pct": 1.09, "bearing": 269.3}}, {"type": "Feature", "geometry": {"type": "LineString", "coordinates": [[12.8309585, 55.4024582], [12.83095, 55.4024601]]}, "properties": {"t": "fall", "g": 11, "loop": null, "hole": 11, "slope_pct": 0.95, "bearing": 290.7}}, {"type": "Feature", "geometry": {"type": "LineString", "coordinates": [[12.8310058, 55.4024591], [12.8309898, 55.402463]]}, "properties": {"t": "fall", "g": 11, "loop": null, "hole": 11, "slope_pct": 1.84, "bearing": 293.4}}, {"type": "Feature", "geometry": {"type": "LineString", "coordinates": [[12.8310532, 55.4024599], [12.8310429, 55.4024654]]}, "properties": {"t": "fall", "g": 11, "loop": null, "hole": 11, "slope_pct": 1.48, "bearing": 313.5}}, {"type": "Feature", "geometry": {"type": "LineString", "coordinates": [[12.8311005, 55.4024608], [12.8311002, 55.4024663]]}, "properties": {"t": "fall", "g": 11, "loop": null, "hole": 11, "slope_pct": 1.02, "bearing": 358.1}}, {"type": "Feature", "geometry": {"type": "LineString", "coordinates": [[12.8311478, 55.4024616], [12.831151, 55.4024648]]}, "properties": {"t": "fall", "g": 11, "loop": null, "hole": 11, "slope_pct": 0.68, "bearing": 29.8}}, {"type": "Feature", "geometry": {"type": "LineString", "coordinates": [[12.8311952, 55.4024624], [12.8312232, 55.4024691]]}, "properties": {"t": "fall", "g": 11, "loop": null, "hole": 11, "slope_pct": 3.2, "bearing": 67.3}}, {"type": "Feature", "geometry": {"type": "LineString", "coordinates": [[12.8308653, 55.4024296], [12.8308399, 55.4024227]]}, "properties": {"t": "fall", "g": 11, "loop": null, "hole": 11, "slope_pct": 2.97, "bearing": 244.3}}, {"type": "Feature", "geometry": {"type": "LineString", "coordinates": [[12.8309126, 55.4024305], [12.8308981, 55.4024308]]}, "properties": {"t": "fall", "g": 11, "loop": null, "hole": 11, "slope_pct": 1.53, "bearing": 272.2}}, {"type": "Feature", "geometry": {"type": "LineString", "coordinates": [[12.83096, 55.4024313], [12.8309481, 55.4024354]]}, "properties": {"t": "fall", "g": 11, "loop": null, "hole": 11, "slope_pct": 1.46, "bearing": 301.5}}, {"type": "Feature", "geometry": {"type": "LineString", "coordinates": [[12.8310073, 55.4024321], [12.8309885, 55.4024361]]}, "properties": {"t": "fall", "g": 11, "loop": null, "hole": 11, "slope_pct": 2.11, "bearing": 290.3}}, {"type": "Feature", "geometry": {"type": "LineString", "coordinates": [[12.8310546, 55.402433], [12.831043, 55.4024382]]}, "properties": {"t": "fall", "g": 11, "loop": null, "hole": 11, "slope_pct": 1.56, "bearing": 308.4}}, {"type": "Feature", "geometry": {"type": "LineString", "coordinates": [[12.831102, 55.4024338], [12.8311042, 55.4024387]]}, "properties": {"t": "fall", "g": 11, "loop": null, "hole": 11, "slope_pct": 0.93, "bearing": 14.4}}, {"type": "Feature", "geometry": {"type": "LineString", "coordinates": [[12.8311493, 55.4024347], [12.8311547, 55.4024373]]}, "properties": {"t": "fall", "g": 11, "loop": null, "hole": 11, "slope_pct": 0.75, "bearing": 49.5}}, {"type": "Feature", "geometry": {"type": "LineString", "coordinates": [[12.8311967, 55.4024355], [12.8312209, 55.402435]]}, "properties": {"t": "fall", "g": 11, "loop": null, "hole": 11, "slope_pct": 2.56, "bearing": 92.1}}, {"type": "Feature", "geometry": {"type": "LineString", "coordinates": [[12.8308668, 55.4024027], [12.8308332, 55.4023875]]}, "properties": {"t": "fall", "g": 11, "loop": null, "hole": 11, "slope_pct": 4.52, "bearing": 231.4}}, {"type": "Feature", "geometry": {"type": "LineString", "coordinates": [[12.8309141, 55.4024035], [12.8308861, 55.4023923]]}, "properties": {"t": "fall", "g": 11, "loop": null, "hole": 11, "slope_pct": 3.61, "bearing": 234.7}}, {"type": "Feature", "geometry": {"type": "LineString", "coordinates": [[12.8309614, 55.4024044], [12.830946, 55.4023985]]}, "properties": {"t": "fall", "g": 11, "loop": null, "hole": 11, "slope_pct": 1.96, "bearing": 236.1}}, {"type": "Feature", "geometry": {"type": "LineString", "coordinates": [[12.8310088, 55.4024052], [12.8309904, 55.402401]]}, "properties": {"t": "fall", "g": 11, "loop": null, "hole": 11, "slope_pct": 2.08, "bearing": 248.1}}, {"type": "Feature", "geometry": {"type": "LineString", "coordinates": [[12.8310561, 55.402406], [12.8310417, 55.4024029]]}, "properties": {"t": "fall", "g": 11, "loop": null, "hole": 11, "slope_pct": 1.63, "bearing": 248.7}}, {"type": "Feature", "geometry": {"type": "LineString", "coordinates": [[12.8311035, 55.4024069], [12.8311112, 55.402403]]}, "properties": {"t": "fall", "g": 11, "loop": null, "hole": 11, "slope_pct": 1.09, "bearing": 131.1}}, {"type": "Feature", "geometry": {"type": "LineString", "coordinates": [[12.8311508, 55.4024077], [12.8311593, 55.4024013]]}, "properties": {"t": "fall", "g": 11, "loop": null, "hole": 11, "slope_pct": 1.49, "bearing": 142.9}}, {"type": "Feature", "geometry": {"type": "LineString", "coordinates": [[12.8311981, 55.4024086], [12.831216, 55.4024054]]}, "properties": {"t": "fall", "g": 11, "loop": null, "hole": 11, "slope_pct": 1.97, "bearing": 107.5}}, {"type": "Feature", "geometry": {"type": "LineString", "coordinates": [[12.8308682, 55.4023757], [12.8308513, 55.4023669]]}, "properties": {"t": "fall", "g": 11, "loop": null, "hole": 11, "slope_pct": 2.42, "bearing": 227.3}}, {"type": "Feature", "geometry": {"type": "LineString", "coordinates": [[12.8309156, 55.4023766], [12.8308839, 55.4023565]]}, "properties": {"t": "fall", "g": 11, "loop": null, "hole": 11, "slope_pct": 4.99, "bearing": 221.9}}, {"type": "Feature", "geometry": {"type": "LineString", "coordinates": [[12.8309629, 55.4023774], [12.8309421, 55.4023571]]}, "properties": {"t": "fall", "g": 11, "loop": null, "hole": 11, "slope_pct": 4.36, "bearing": 210.1}}, {"type": "Feature", "geometry": {"type": "LineString", "coordinates": [[12.8310103, 55.4023783], [12.8309872, 55.4023638]]}, "properties": {"t": "fall", "g": 11, "loop": null, "hole": 11, "slope_pct": 3.62, "bearing": 222.1}}, {"type": "Feature", "geometry": {"type": "LineString", "coordinates": [[12.8310576, 55.4023791], [12.8310326, 55.4023707]]}, "properties": {"t": "fall", "g": 11, "loop": null, "hole": 11, "slope_pct": 3.06, "bearing": 239.4}}, {"type": "Feature", "geometry": {"type": "LineString", "coordinates": [[12.8309171, 55.4023496], [12.8309003, 55.4023374]]}, "properties": {"t": "fall", "g": 11, "loop": null, "hole": 11, "slope_pct": 2.87, "bearing": 217.9}}, {"type": "Feature", "geometry": {"type": "LineString", "coordinates": [[12.8309644, 55.4023505], [12.830938, 55.4023342]]}, "properties": {"t": "fall", "g": 11, "loop": null, "hole": 11, "slope_pct": 4.1, "bearing": 222.6}}, {"type": "Feature", "geometry": {"type": "Point", "coordinates": [12.8310116, 55.4024682]}, "properties": {"t": "aim", "g": 11, "loop": null, "hole": 11, "aim_bearing": 298.4, "slope_median": 1.82, "slope_max": 6.67, "n_cells": 60}}, {"type": "Feature", "geometry": {"type": "LineString", "coordinates": [[12.829581, 55.4056875], [12.8295625, 55.4057119]]}, "properties": {"t": "fall", "g": 12, "loop": null, "hole": 12, "slope_pct": 4.93, "bearing": 336.7}}, {"type": "Feature", "geometry": {"type": "LineString", "coordinates": [[12.8296284, 55.4056883], [12.8296094, 55.4057117]]}, "properties": {"t": "fall", "g": 12, "loop": null, "hole": 12, "slope_pct": 4.78, "bearing": 335.3}}, {"type": "Feature", "geometry": {"type": "LineString", "coordinates": [[12.8296757, 55.4056892], [12.8296673, 55.4057032]]}, "properties": {"t": "fall", "g": 12, "loop": null, "hole": 12, "slope_pct": 2.75, "bearing": 341.2}}, {"type": "Feature", "geometry": {"type": "LineString", "coordinates": [[12.829723, 55.40569], [12.8297203, 55.4057002]]}, "properties": {"t": "fall", "g": 12, "loop": null, "hole": 12, "slope_pct": 1.92, "bearing": 351.2}}, {"type": "Feature", "geometry": {"type": "LineString", "coordinates": [[12.8295825, 55.4056606], [12.829568, 55.4056722]]}, "properties": {"t": "fall", "g": 12, "loop": null, "hole": 12, "slope_pct": 2.65, "bearing": 324.8}}, {"type": "Feature", "geometry": {"type": "LineString", "coordinates": [[12.8296298, 55.4056614], [12.8296154, 55.4056689]]}, "properties": {"t": "fall", "g": 12, "loop": null, "hole": 12, "slope_pct": 2.06, "bearing": 312.3}}, {"type": "Feature", "geometry": {"type": "LineString", "coordinates": [[12.8296772, 55.4056622], [12.8296753, 55.405669]]}, "properties": {"t": "fall", "g": 12, "loop": null, "hole": 12, "slope_pct": 1.26, "bearing": 350.8}}, {"type": "Feature", "geometry": {"type": "LineString", "coordinates": [[12.8297245, 55.4056631], [12.8297313, 55.4056684]]}, "properties": {"t": "fall", "g": 12, "loop": null, "hole": 12, "slope_pct": 1.21, "bearing": 36.1}}, {"type": "Feature", "geometry": {"type": "LineString", "coordinates": [[12.8297719, 55.4056639], [12.8297856, 55.4056706]]}, "properties": {"t": "fall", "g": 12, "loop": null, "hole": 12, "slope_pct": 1.9, "bearing": 49.5}}, {"type": "Feature", "geometry": {"type": "LineString", "coordinates": [[12.8298192, 55.4056648], [12.829836, 55.4056768]]}, "properties": {"t": "fall", "g": 12, "loop": null, "hole": 12, "slope_pct": 2.86, "bearing": 38.4}}, {"type": "Feature", "geometry": {"type": "LineString", "coordinates": [[12.8295366, 55.4056328], [12.8295237, 55.4056454]]}, "properties": {"t": "fall", "g": 12, "loop": null, "hole": 12, "slope_pct": 2.71, "bearing": 329.8}}, {"type": "Feature", "geometry": {"type": "LineString", "coordinates": [[12.829584, 55.4056336], [12.8295811, 55.4056394]]}, "properties": {"t": "fall", "g": 12, "loop": null, "hole": 12, "slope_pct": 1.11, "bearing": 344.4}}, {"type": "Feature", "geometry": {"type": "LineString", "coordinates": [[12.8296313, 55.4056345], [12.8296264, 55.4056313]]}, "properties": {"t": "fall", "g": 12, "loop": null, "hole": 12, "slope_pct": 0.78, "bearing": 221.8}}, {"type": "Feature", "geometry": {"type": "LineString", "coordinates": [[12.8296787, 55.4056353], [12.8296773, 55.4056285]]}, "properties": {"t": "fall", "g": 12, "loop": null, "hole": 12, "slope_pct": 1.27, "bearing": 186.6}}, {"type": "Feature", "geometry": {"type": "LineString", "coordinates": [[12.829726, 55.4056361], [12.8297248, 55.405632]]}, "properties": {"t": "fall", "g": 12, "loop": null, "hole": 12, "slope_pct": 0.77, "bearing": 189.4}}, {"type": "Feature", "geometry": {"type": "LineString", "coordinates": [[12.8297733, 55.405637], [12.8297845, 55.4056363]]}, "properties": {"t": "fall", "g": 12, "loop": null, "hole": 12, "slope_pct": 1.19, "bearing": 95.8}}, {"type": "Feature", "geometry": {"type": "LineString", "coordinates": [[12.8298207, 55.4056378], [12.8298293, 55.4056388]]}, "properties": {"t": "fall", "g": 12, "loop": null, "hole": 12, "slope_pct": 0.92, "bearing": 78.8}}, {"type": "Feature", "geometry": {"type": "LineString", "coordinates": [[12.829868, 55.4056387], [12.8298907, 55.4056462]]}, "properties": {"t": "fall", "g": 12, "loop": null, "hole": 12, "slope_pct": 2.77, "bearing": 59.8}}, {"type": "Feature", "geometry": {"type": "LineString", "coordinates": [[12.8299154, 55.4056395], [12.8299288, 55.4056469]]}, "properties": {"t": "fall", "g": 12, "loop": null, "hole": 12, "slope_pct": 1.97, "bearing": 46.0}}, {"type": "Feature", "geometry": {"type": "LineString", "coordinates": [[12.8299627, 55.4056403], [12.8300089, 55.4056466]]}, "properties": {"t": "fall", "g": 12, "loop": null, "hole": 12, "slope_pct": 5.63, "bearing": 76.5}}, {"type": "Feature", "geometry": {"type": "LineString", "coordinates": [[12.8294908, 55.405605], [12.829485, 55.40561]]}, "properties": {"t": "fall", "g": 12, "loop": null, "hole": 12, "slope_pct": 1.11, "bearing": 326.7}}, {"type": "Feature", "geometry": {"type": "LineString", "coordinates": [[12.8295381, 55.4056058], [12.8295339, 55.4056074]]}, "properties": {"t": "fall", "g": 12, "loop": null, "hole": 12, "slope_pct": 0.52, "bearing": 302.7}}, {"type": "Feature", "geometry": {"type": "LineString", "coordinates": [[12.8297748, 55.40561], [12.8297845, 55.4056065]]}, "properties": {"t": "fall", "g": 12, "loop": null, "hole": 12, "slope_pct": 1.21, "bearing": 122.8}}, {"type": "Feature", "geometry": {"type": "LineString", "coordinates": [[12.8298695, 55.4056117], [12.8298835, 55.4056134]]}, "properties": {"t": "fall", "g": 12, "loop": null, "hole": 12, "slope_pct": 1.51, "bearing": 78.0}}, {"type": "Feature", "geometry": {"type": "LineString", "coordinates": [[12.8299168, 55.4056126], [12.829939, 55.4056153]]}, "properties": {"t": "fall", "g": 12, "loop": null, "hole": 12, "slope_pct": 2.39, "bearing": 77.6}}, {"type": "Feature", "geometry": {"type": "LineString", "coordinates": [[12.8299642, 55.4056134], [12.8300103, 55.405607]]}, "properties": {"t": "fall", "g": 12, "loop": null, "hole": 12, "slope_pct": 6.59, "bearing": 103.7}}, {"type": "Feature", "geometry": {"type": "LineString", "coordinates": [[12.8295869, 55.4055797], [12.8295917, 55.4055772]]}, "properties": {"t": "fall", "g": 12, "loop": null, "hole": 12, "slope_pct": 0.69, "bearing": 132.8}}, {"type": "Feature", "geometry": {"type": "LineString", "coordinates": [[12.8296343, 55.4055806], [12.8296368, 55.4055779]]}, "properties": {"t": "fall", "g": 12, "loop": null, "hole": 12, "slope_pct": 0.56, "bearing": 152.0}}, {"type": "Feature", "geometry": {"type": "LineString", "coordinates": [[12.8296816, 55.4055814], [12.8296835, 55.4055784]]}, "properties": {"t": "fall", "g": 12, "loop": null, "hole": 12, "slope_pct": 0.59, "bearing": 160.2}}, {"type": "Feature", "geometry": {"type": "LineString", "coordinates": [[12.8297763, 55.4055831], [12.8297849, 55.4055821]]}, "properties": {"t": "fall", "g": 12, "loop": null, "hole": 12, "slope_pct": 0.92, "bearing": 101.3}}, {"type": "Feature", "geometry": {"type": "LineString", "coordinates": [[12.829871, 55.4055848], [12.8298821, 55.4055841]]}, "properties": {"t": "fall", "g": 12, "loop": null, "hole": 12, "slope_pct": 1.18, "bearing": 96.6}}, {"type": "Feature", "geometry": {"type": "LineString", "coordinates": [[12.8299183, 55.4055856], [12.8299499, 55.4055818]]}, "properties": {"t": "fall", "g": 12, "loop": null, "hole": 12, "slope_pct": 3.39, "bearing": 101.9}}, {"type": "Feature", "geometry": {"type": "LineString", "coordinates": [[12.8299657, 55.4055865], [12.8300123, 55.4055814]]}, "properties": {"t": "fall", "g": 12, "loop": null, "hole": 12, "slope_pct": 7.98, "bearing": 100.8}}, {"type": "Feature", "geometry": {"type": "LineString", "coordinates": [[12.8294937, 55.4055511], [12.8295065, 55.4055502]]}, "properties": {"t": "fall", "g": 12, "loop": null, "hole": 12, "slope_pct": 1.36, "bearing": 97.0}}, {"type": "Feature", "geometry": {"type": "LineString", "coordinates": [[12.8296357, 55.4055536], [12.8296342, 55.405557]]}, "properties": {"t": "fall", "g": 12, "loop": null, "hole": 12, "slope_pct": 0.63, "bearing": 345.6}}, {"type": "Feature", "geometry": {"type": "LineString", "coordinates": [[12.8296831, 55.4055545], [12.8296884, 55.4055573]]}, "properties": {"t": "fall", "g": 12, "loop": null, "hole": 12, "slope_pct": 0.76, "bearing": 47.2}}, {"type": "Feature", "geometry": {"type": "LineString", "coordinates": [[12.8297304, 55.4055553], [12.8297254, 55.4055549]]}, "properties": {"t": "fall", "g": 12, "loop": null, "hole": 12, "slope_pct": 0.54, "bearing": 262.3}}, {"type": "Feature", "geometry": {"type": "LineString", "coordinates": [[12.8297778, 55.4055562], [12.8297872, 55.4055586]]}, "properties": {"t": "fall", "g": 12, "loop": null, "hole": 12, "slope_pct": 1.09, "bearing": 66.1}}, {"type": "Feature", "geometry": {"type": "LineString", "coordinates": [[12.8298725, 55.4055578], [12.8298854, 55.4055599]]}, "properties": {"t": "fall", "g": 12, "loop": null, "hole": 12, "slope_pct": 1.41, "bearing": 74.5}}, {"type": "Feature", "geometry": {"type": "LineString", "coordinates": [[12.8299198, 55.4055587], [12.8299626, 55.4055548]]}, "properties": {"t": "fall", "g": 12, "loop": null, "hole": 12, "slope_pct": 4.57, "bearing": 99.2}}, {"type": "Feature", "geometry": {"type": "LineString", "coordinates": [[12.8294952, 55.4055242], [12.8295097, 55.4055166]]}, "properties": {"t": "fall", "g": 12, "loop": null, "hole": 12, "slope_pct": 2.08, "bearing": 132.8}}, {"type": "Feature", "geometry": {"type": "LineString", "coordinates": [[12.8295425, 55.405525], [12.8295419, 55.4055202]]}, "properties": {"t": "fall", "g": 12, "loop": null, "hole": 12, "slope_pct": 0.9, "bearing": 184.0}}, {"type": "Feature", "geometry": {"type": "LineString", "coordinates": [[12.8295899, 55.4055259], [12.8295866, 55.4055232]]}, "properties": {"t": "fall", "g": 12, "loop": null, "hole": 12, "slope_pct": 0.6, "bearing": 215.5}}, {"type": "Feature", "geometry": {"type": "LineString", "coordinates": [[12.8296372, 55.4055267], [12.8296325, 55.4055255]]}, "properties": {"t": "fall", "g": 12, "loop": null, "hole": 12, "slope_pct": 0.55, "bearing": 246.5}}, {"type": "Feature", "geometry": {"type": "LineString", "coordinates": [[12.8296846, 55.4055275], [12.8296931, 55.4055244]]}, "properties": {"t": "fall", "g": 12, "loop": null, "hole": 12, "slope_pct": 1.07, "bearing": 122.7}}, {"type": "Feature", "geometry": {"type": "LineString", "coordinates": [[12.8297792, 55.4055292], [12.8297846, 55.4055279]]}, "properties": {"t": "fall", "g": 12, "loop": null, "hole": 12, "slope_pct": 0.61, "bearing": 113.3}}, {"type": "Feature", "geometry": {"type": "LineString", "coordinates": [[12.8298739, 55.4055309], [12.8298949, 55.4055255]]}, "properties": {"t": "fall", "g": 12, "loop": null, "hole": 12, "slope_pct": 2.43, "bearing": 114.3}}, {"type": "Feature", "geometry": {"type": "LineString", "coordinates": [[12.8299213, 55.4055317], [12.8299662, 55.405523]]}, "properties": {"t": "fall", "g": 12, "loop": null, "hole": 12, "slope_pct": 5.97, "bearing": 108.9}}, {"type": "Feature", "geometry": {"type": "LineString", "coordinates": [[12.8294967, 55.4054972], [12.8294999, 55.4054815]]}, "properties": {"t": "fall", "g": 12, "loop": null, "hole": 12, "slope_pct": 2.95, "bearing": 173.3}}, {"type": "Feature", "geometry": {"type": "LineString", "coordinates": [[12.829544, 55.4054981], [12.8295387, 55.4054852]]}, "properties": {"t": "fall", "g": 12, "loop": null, "hole": 12, "slope_pct": 2.45, "bearing": 193.3}}, {"type": "Feature", "geometry": {"type": "LineString", "coordinates": [[12.8295914, 55.4054989], [12.8295817, 55.4054893]]}, "properties": {"t": "fall", "g": 12, "loop": null, "hole": 12, "slope_pct": 2.05, "bearing": 209.8}}, {"type": "Feature", "geometry": {"type": "LineString", "coordinates": [[12.8296387, 55.4054998], [12.8296343, 55.405493]]}, "properties": {"t": "fall", "g": 12, "loop": null, "hole": 12, "slope_pct": 1.34, "bearing": 200.3}}, {"type": "Feature", "geometry": {"type": "LineString", "coordinates": [[12.829686, 55.4055006], [12.8296913, 55.4054974]]}, "properties": {"t": "fall", "g": 12, "loop": null, "hole": 12, "slope_pct": 0.81, "bearing": 137.2}}, {"type": "Feature", "geometry": {"type": "LineString", "coordinates": [[12.8297334, 55.4055014], [12.8297277, 55.4055017]]}, "properties": {"t": "fall", "g": 12, "loop": null, "hole": 12, "slope_pct": 0.6, "bearing": 273.8}}, {"type": "Feature", "geometry": {"type": "LineString", "coordinates": [[12.8297807, 55.4055023], [12.8297905, 55.4054985]]}, "properties": {"t": "fall", "g": 12, "loop": null, "hole": 12, "slope_pct": 1.24, "bearing": 124.2}}, {"type": "Feature", "geometry": {"type": "LineString", "coordinates": [[12.8298281, 55.4055031], [12.8298349, 55.4054942]]}, "properties": {"t": "fall", "g": 12, "loop": null, "hole": 12, "slope_pct": 1.81, "bearing": 156.7}}, {"type": "Feature", "geometry": {"type": "LineString", "coordinates": [[12.8298754, 55.405504], [12.8299092, 55.405485]]}, "properties": {"t": "fall", "g": 12, "loop": null, "hole": 12, "slope_pct": 5.41, "bearing": 134.6}}, {"type": "Feature", "geometry": {"type": "LineString", "coordinates": [[12.8294981, 55.4054703], [12.8294973, 55.4054545]]}, "properties": {"t": "fall", "g": 12, "loop": null, "hole": 12, "slope_pct": 2.93, "bearing": 181.7}}, {"type": "Feature", "geometry": {"type": "LineString", "coordinates": [[12.8295455, 55.4054711], [12.8295375, 55.4054554]]}, "properties": {"t": "fall", "g": 12, "loop": null, "hole": 12, "slope_pct": 3.04, "bearing": 196.1}}, {"type": "Feature", "geometry": {"type": "LineString", "coordinates": [[12.8295928, 55.405472], [12.8295808, 55.4054544]]}, "properties": {"t": "fall", "g": 12, "loop": null, "hole": 12, "slope_pct": 3.5, "bearing": 201.2}}, {"type": "Feature", "geometry": {"type": "LineString", "coordinates": [[12.8296402, 55.4054728], [12.8296276, 55.4054574]]}, "properties": {"t": "fall", "g": 12, "loop": null, "hole": 12, "slope_pct": 3.16, "bearing": 204.8}}, {"type": "Feature", "geometry": {"type": "LineString", "coordinates": [[12.8296875, 55.4054737], [12.8296819, 55.4054667]]}, "properties": {"t": "fall", "g": 12, "loop": null, "hole": 12, "slope_pct": 1.42, "bearing": 204.8}}, {"type": "Feature", "geometry": {"type": "LineString", "coordinates": [[12.8297349, 55.4054745], [12.8297326, 55.4054694]]}, "properties": {"t": "fall", "g": 12, "loop": null, "hole": 12, "slope_pct": 0.98, "bearing": 194.0}}, {"type": "Feature", "geometry": {"type": "LineString", "coordinates": [[12.8297822, 55.4054753], [12.8298023, 55.405465]]}, "properties": {"t": "fall", "g": 12, "loop": null, "hole": 12, "slope_pct": 2.86, "bearing": 132.2}}, {"type": "Feature", "geometry": {"type": "LineString", "coordinates": [[12.8298295, 55.4054762], [12.8298534, 55.4054582]]}, "properties": {"t": "fall", "g": 12, "loop": null, "hole": 12, "slope_pct": 4.17, "bearing": 143.0}}, {"type": "Feature", "geometry": {"type": "LineString", "coordinates": [[12.8294996, 55.4054434], [12.8295099, 55.4054383]]}, "properties": {"t": "fall", "g": 12, "loop": null, "hole": 12, "slope_pct": 1.44, "bearing": 131.0}}, {"type": "Feature", "geometry": {"type": "LineString", "coordinates": [[12.829547, 55.4054442], [12.8295386, 55.4054336]]}, "properties": {"t": "fall", "g": 12, "loop": null, "hole": 12, "slope_pct": 2.15, "bearing": 204.3}}, {"type": "Feature", "geometry": {"type": "LineString", "coordinates": [[12.8295943, 55.405445], [12.8295875, 55.4054337]]}, "properties": {"t": "fall", "g": 12, "loop": null, "hole": 12, "slope_pct": 2.22, "bearing": 198.9}}, {"type": "Feature", "geometry": {"type": "LineString", "coordinates": [[12.8296416, 55.4054459], [12.8296238, 55.4054328]]}, "properties": {"t": "fall", "g": 12, "loop": null, "hole": 12, "slope_pct": 3.08, "bearing": 217.8}}, {"type": "Feature", "geometry": {"type": "LineString", "coordinates": [[12.829689, 55.4054467], [12.8296766, 55.4054301]]}, "properties": {"t": "fall", "g": 12, "loop": null, "hole": 12, "slope_pct": 3.34, "bearing": 203.0}}, {"type": "Feature", "geometry": {"type": "LineString", "coordinates": [[12.8297363, 55.4054476], [12.8297446, 55.4054245]]}, "properties": {"t": "fall", "g": 12, "loop": null, "hole": 12, "slope_pct": 4.37, "bearing": 168.5}}, {"type": "Feature", "geometry": {"type": "LineString", "coordinates": [[12.8295958, 55.4054181], [12.8295979, 55.4054112]]}, "properties": {"t": "fall", "g": 12, "loop": null, "hole": 12, "slope_pct": 1.3, "bearing": 170.3}}, {"type": "Feature", "geometry": {"type": "Point", "coordinates": [12.8296973, 55.4055606]}, "properties": {"t": "aim", "g": 12, "loop": null, "hole": 12, "aim_bearing": 125.6, "slope_median": 1.3, "slope_max": 7.98, "n_cells": 85}}, {"type": "Feature", "geometry": {"type": "LineString", "coordinates": [[12.8339457, 55.4093511], [12.8339293, 55.4093647]]}, "properties": {"t": "fall", "g": 13, "loop": null, "hole": 13, "slope_pct": 3.05, "bearing": 325.5}}, {"type": "Feature", "geometry": {"type": "LineString", "coordinates": [[12.8339931, 55.409352], [12.8339815, 55.409361]]}, "properties": {"t": "fall", "g": 13, "loop": null, "hole": 13, "slope_pct": 2.07, "bearing": 324.0}}, {"type": "Feature", "geometry": {"type": "LineString", "coordinates": [[12.8340404, 55.4093528], [12.8340436, 55.4093605]]}, "properties": {"t": "fall", "g": 13, "loop": null, "hole": 13, "slope_pct": 1.46, "bearing": 13.4}}, {"type": "Feature", "geometry": {"type": "LineString", "coordinates": [[12.8340877, 55.4093537], [12.8340891, 55.4093582]]}, "properties": {"t": "fall", "g": 13, "loop": null, "hole": 13, "slope_pct": 0.86, "bearing": 9.9}}, {"type": "Feature", "geometry": {"type": "LineString", "coordinates": [[12.8341351, 55.4093545], [12.8341434, 55.4093596]]}, "properties": {"t": "fall", "g": 13, "loop": null, "hole": 13, "slope_pct": 1.28, "bearing": 42.9}}, {"type": "Feature", "geometry": {"type": "LineString", "coordinates": [[12.8341824, 55.4093553], [12.8341928, 55.4093652]]}, "properties": {"t": "fall", "g": 13, "loop": null, "hole": 13, "slope_pct": 2.13, "bearing": 30.9}}, {"type": "Feature", "geometry": {"type": "LineString", "coordinates": [[12.8342298, 55.4093562], [12.8342588, 55.4093768]]}, "properties": {"t": "fall", "g": 13, "loop": null, "hole": 13, "slope_pct": 4.9, "bearing": 38.6}}, {"type": "Feature", "geometry": {"type": "LineString", "coordinates": [[12.8338998, 55.4093234], [12.8338851, 55.4093278]]}, "properties": {"t": "fall", "g": 13, "loop": null, "hole": 13, "slope_pct": 1.76, "bearing": 298.0}}, {"type": "Feature", "geometry": {"type": "LineString", "coordinates": [[12.8339472, 55.4093242], [12.8339385, 55.4093279]]}, "properties": {"t": "fall", "g": 13, "loop": null, "hole": 13, "slope_pct": 1.14, "bearing": 307.1}}, {"type": "Feature", "geometry": {"type": "LineString", "coordinates": [[12.8339945, 55.409325], [12.8339882, 55.4093244]]}, "properties": {"t": "fall", "g": 13, "loop": null, "hole": 13, "slope_pct": 0.68, "bearing": 259.1}}, {"type": "Feature", "geometry": {"type": "LineString", "coordinates": [[12.8340892, 55.4093267], [12.8340945, 55.4093275]]}, "properties": {"t": "fall", "g": 13, "loop": null, "hole": 13, "slope_pct": 0.57, "bearing": 76.1}}, {"type": "Feature", "geometry": {"type": "LineString", "coordinates": [[12.8341839, 55.4093284], [12.834189, 55.4093299]]}, "properties": {"t": "fall", "g": 13, "loop": null, "hole": 13, "slope_pct": 0.61, "bearing": 62.2}}, {"type": "Feature", "geometry": {"type": "LineString", "coordinates": [[12.8342313, 55.4093292], [12.8342495, 55.409332]]}, "properties": {"t": "fall", "g": 13, "loop": null, "hole": 13, "slope_pct": 1.99, "bearing": 75.2}}, {"type": "Feature", "geometry": {"type": "LineString", "coordinates": [[12.8342786, 55.4093301], [12.8343198, 55.4093434]]}, "properties": {"t": "fall", "g": 13, "loop": null, "hole": 13, "slope_pct": 5.9, "bearing": 60.3}}, {"type": "Feature", "geometry": {"type": "LineString", "coordinates": [[12.8339013, 55.4092964], [12.8338869, 55.4092991]]}, "properties": {"t": "fall", "g": 13, "loop": null, "hole": 13, "slope_pct": 1.59, "bearing": 287.9}}, {"type": "Feature", "geometry": {"type": "LineString", "coordinates": [[12.8339487, 55.4092973], [12.8339491, 55.4092945]]}, "properties": {"t": "fall", "g": 13, "loop": null, "hole": 13, "slope_pct": 0.51, "bearing": 174.1}}, {"type": "Feature", "geometry": {"type": "LineString", "coordinates": [[12.833996, 55.4092981], [12.8339911, 55.4092908]]}, "properties": {"t": "fall", "g": 13, "loop": null, "hole": 13, "slope_pct": 1.44, "bearing": 201.1}}, {"type": "Feature", "geometry": {"type": "LineString", "coordinates": [[12.8340433, 55.4092989], [12.8340413, 55.4092932]]}, "properties": {"t": "fall", "g": 13, "loop": null, "hole": 13, "slope_pct": 1.09, "bearing": 191.5}}, {"type": "Feature", "geometry": {"type": "LineString", "coordinates": [[12.8340907, 55.4092998], [12.8340958, 55.4092964]]}, "properties": {"t": "fall", "g": 13, "loop": null, "hole": 13, "slope_pct": 0.82, "bearing": 138.9}}, {"type": "Feature", "geometry": {"type": "LineString", "coordinates": [[12.8342327, 55.4093023], [12.8342395, 55.4093114]]}, "properties": {"t": "fall", "g": 13, "loop": null, "hole": 13, "slope_pct": 1.84, "bearing": 22.7}}, {"type": "Feature", "geometry": {"type": "LineString", "coordinates": [[12.8342801, 55.4093031], [12.8343004, 55.4093188]]}, "properties": {"t": "fall", "g": 13, "loop": null, "hole": 13, "slope_pct": 3.61, "bearing": 36.4}}, {"type": "Feature", "geometry": {"type": "LineString", "coordinates": [[12.8343274, 55.409304], [12.8343645, 55.4093208]]}, "properties": {"t": "fall", "g": 13, "loop": null, "hole": 13, "slope_pct": 5.62, "bearing": 51.4}}, {"type": "Feature", "geometry": {"type": "LineString", "coordinates": [[12.8339028, 55.4092695], [12.8339019, 55.4092745]]}, "properties": {"t": "fall", "g": 13, "loop": null, "hole": 13, "slope_pct": 0.93, "bearing": 354.0}}, {"type": "Feature", "geometry": {"type": "LineString", "coordinates": [[12.8339501, 55.4092703], [12.8339622, 55.4092674]]}, "properties": {"t": "fall", "g": 13, "loop": null, "hole": 13, "slope_pct": 1.38, "bearing": 113.4}}, {"type": "Feature", "geometry": {"type": "LineString", "coordinates": [[12.8339975, 55.4092712], [12.8339934, 55.4092663]]}, "properties": {"t": "fall", "g": 13, "loop": null, "hole": 13, "slope_pct": 1.0, "bearing": 205.5}}, {"type": "Feature", "geometry": {"type": "LineString", "coordinates": [[12.8340448, 55.409272], [12.8340365, 55.4092694]]}, "properties": {"t": "fall", "g": 13, "loop": null, "hole": 13, "slope_pct": 1.0, "bearing": 241.2}}, {"type": "Feature", "geometry": {"type": "LineString", "coordinates": [[12.8341395, 55.4092737], [12.8341366, 55.4092766]]}, "properties": {"t": "fall", "g": 13, "loop": null, "hole": 13, "slope_pct": 0.63, "bearing": 330.7}}, {"type": "Feature", "geometry": {"type": "LineString", "coordinates": [[12.8341869, 55.4092745], [12.8341785, 55.4092802]]}, "properties": {"t": "fall", "g": 13, "loop": null, "hole": 13, "slope_pct": 1.37, "bearing": 319.8}}, {"type": "Feature", "geometry": {"type": "LineString", "coordinates": [[12.8342342, 55.4092754], [12.8342337, 55.4092806]]}, "properties": {"t": "fall", "g": 13, "loop": null, "hole": 13, "slope_pct": 0.97, "bearing": 356.6}}, {"type": "Feature", "geometry": {"type": "LineString", "coordinates": [[12.8342816, 55.4092762], [12.8343036, 55.4092746]]}, "properties": {"t": "fall", "g": 13, "loop": null, "hole": 13, "slope_pct": 2.34, "bearing": 97.2}}, {"type": "Feature", "geometry": {"type": "LineString", "coordinates": [[12.8343289, 55.409277], [12.8343718, 55.4092655]]}, "properties": {"t": "fall", "g": 13, "loop": null, "hole": 13, "slope_pct": 8.63, "bearing": 115.4}}, {"type": "Feature", "geometry": {"type": "LineString", "coordinates": [[12.8339516, 55.4092434], [12.8339685, 55.4092313]]}, "properties": {"t": "fall", "g": 13, "loop": null, "hole": 13, "slope_pct": 2.86, "bearing": 141.5}}, {"type": "Feature", "geometry": {"type": "LineString", "coordinates": [[12.8339989, 55.4092442], [12.8339919, 55.4092333]]}, "properties": {"t": "fall", "g": 13, "loop": null, "hole": 13, "slope_pct": 2.16, "bearing": 200.1}}, {"type": "Feature", "geometry": {"type": "LineString", "coordinates": [[12.8340463, 55.4092451], [12.8340374, 55.4092327]]}, "properties": {"t": "fall", "g": 13, "loop": null, "hole": 13, "slope_pct": 2.47, "bearing": 202.3}}, {"type": "Feature", "geometry": {"type": "LineString", "coordinates": [[12.8340936, 55.4092459], [12.8340873, 55.4092388]]}, "properties": {"t": "fall", "g": 13, "loop": null, "hole": 13, "slope_pct": 1.47, "bearing": 207.1}}, {"type": "Feature", "geometry": {"type": "LineString", "coordinates": [[12.834141, 55.4092467], [12.8341345, 55.4092439]]}, "properties": {"t": "fall", "g": 13, "loop": null, "hole": 13, "slope_pct": 0.86, "bearing": 232.6}}, {"type": "Feature", "geometry": {"type": "LineString", "coordinates": [[12.8341883, 55.4092476], [12.8341785, 55.4092473]]}, "properties": {"t": "fall", "g": 13, "loop": null, "hole": 13, "slope_pct": 1.04, "bearing": 267.4}}, {"type": "Feature", "geometry": {"type": "LineString", "coordinates": [[12.8342357, 55.4092484], [12.8342543, 55.4092408]]}, "properties": {"t": "fall", "g": 13, "loop": null, "hole": 13, "slope_pct": 2.42, "bearing": 126.0}}, {"type": "Feature", "geometry": {"type": "LineString", "coordinates": [[12.834283, 55.4092493], [12.8343171, 55.4092305]]}, "properties": {"t": "fall", "g": 13, "loop": null, "hole": 13, "slope_pct": 8.75, "bearing": 134.2}}, {"type": "Feature", "geometry": {"type": "LineString", "coordinates": [[12.8339531, 55.4092165], [12.8339685, 55.409191]]}, "properties": {"t": "fall", "g": 13, "loop": null, "hole": 13, "slope_pct": 5.32, "bearing": 161.0}}, {"type": "Feature", "geometry": {"type": "LineString", "coordinates": [[12.8340004, 55.4092173], [12.8339956, 55.409192]]}, "properties": {"t": "fall", "g": 13, "loop": null, "hole": 13, "slope_pct": 4.72, "bearing": 186.2}}, {"type": "Feature", "geometry": {"type": "LineString", "coordinates": [[12.8340478, 55.4092181], [12.8340354, 55.4091952]]}, "properties": {"t": "fall", "g": 13, "loop": null, "hole": 13, "slope_pct": 4.45, "bearing": 197.1}}, {"type": "Feature", "geometry": {"type": "LineString", "coordinates": [[12.8340951, 55.409219], [12.8340744, 55.4091984]]}, "properties": {"t": "fall", "g": 13, "loop": null, "hole": 13, "slope_pct": 4.4, "bearing": 209.7}}, {"type": "Feature", "geometry": {"type": "LineString", "coordinates": [[12.8341425, 55.4092198], [12.8341242, 55.4092089]]}, "properties": {"t": "fall", "g": 13, "loop": null, "hole": 13, "slope_pct": 2.79, "bearing": 223.5}}, {"type": "Feature", "geometry": {"type": "LineString", "coordinates": [[12.8341898, 55.4092206], [12.8341878, 55.4092077]]}, "properties": {"t": "fall", "g": 13, "loop": null, "hole": 13, "slope_pct": 2.41, "bearing": 184.9}}, {"type": "Feature", "geometry": {"type": "LineString", "coordinates": [[12.8342372, 55.4092215], [12.83427, 55.409202]]}, "properties": {"t": "fall", "g": 13, "loop": null, "hole": 13, "slope_pct": 9.61, "bearing": 136.2}}, {"type": "Feature", "geometry": {"type": "LineString", "coordinates": [[12.8339072, 55.4091887], [12.8339431, 55.409171]]}, "properties": {"t": "fall", "g": 13, "loop": null, "hole": 13, "slope_pct": 6.56, "bearing": 130.9}}, {"type": "Feature", "geometry": {"type": "LineString", "coordinates": [[12.8339545, 55.4091895], [12.8339612, 55.409179]]}, "properties": {"t": "fall", "g": 13, "loop": null, "hole": 13, "slope_pct": 2.07, "bearing": 160.2}}, {"type": "Feature", "geometry": {"type": "LineString", "coordinates": [[12.8340019, 55.4091904], [12.8339933, 55.4091821]]}, "properties": {"t": "fall", "g": 13, "loop": null, "hole": 13, "slope_pct": 1.79, "bearing": 210.6}}, {"type": "Feature", "geometry": {"type": "LineString", "coordinates": [[12.8340492, 55.4091912], [12.8340349, 55.4091816]]}, "properties": {"t": "fall", "g": 13, "loop": null, "hole": 13, "slope_pct": 2.34, "bearing": 220.3}}, {"type": "Feature", "geometry": {"type": "LineString", "coordinates": [[12.8340966, 55.409192], [12.8340817, 55.4091776]]}, "properties": {"t": "fall", "g": 13, "loop": null, "hole": 13, "slope_pct": 3.1, "bearing": 210.3}}, {"type": "Feature", "geometry": {"type": "LineString", "coordinates": [[12.8341439, 55.4091929], [12.8341234, 55.4091686]]}, "properties": {"t": "fall", "g": 13, "loop": null, "hole": 13, "slope_pct": 5.19, "bearing": 205.6}}, {"type": "Feature", "geometry": {"type": "LineString", "coordinates": [[12.8341913, 55.4091937], [12.8342134, 55.4091699]]}, "properties": {"t": "fall", "g": 13, "loop": null, "hole": 13, "slope_pct": 7.71, "bearing": 152.3}}, {"type": "Feature", "geometry": {"type": "LineString", "coordinates": [[12.8339087, 55.4091617], [12.8339182, 55.4091484]]}, "properties": {"t": "fall", "g": 13, "loop": null, "hole": 13, "slope_pct": 2.66, "bearing": 157.8}}, {"type": "Feature", "geometry": {"type": "LineString", "coordinates": [[12.833956, 55.4091626], [12.8339559, 55.4091573]]}, "properties": {"t": "fall", "g": 13, "loop": null, "hole": 13, "slope_pct": 0.97, "bearing": 180.6}}, {"type": "Feature", "geometry": {"type": "LineString", "coordinates": [[12.8340034, 55.4091634], [12.8339986, 55.4091577]]}, "properties": {"t": "fall", "g": 13, "loop": null, "hole": 13, "slope_pct": 1.18, "bearing": 205.2}}, {"type": "Feature", "geometry": {"type": "LineString", "coordinates": [[12.8340507, 55.4091643], [12.8340451, 55.4091557]]}, "properties": {"t": "fall", "g": 13, "loop": null, "hole": 13, "slope_pct": 1.7, "bearing": 200.3}}, {"type": "Feature", "geometry": {"type": "LineString", "coordinates": [[12.8340981, 55.4091651], [12.8340899, 55.4091532]]}, "properties": {"t": "fall", "g": 13, "loop": null, "hole": 13, "slope_pct": 2.37, "bearing": 201.2}}, {"type": "Feature", "geometry": {"type": "LineString", "coordinates": [[12.8341454, 55.4091659], [12.8341555, 55.4091467]]}, "properties": {"t": "fall", "g": 13, "loop": null, "hole": 13, "slope_pct": 3.73, "bearing": 163.5}}, {"type": "Feature", "geometry": {"type": "LineString", "coordinates": [[12.8339101, 55.4091348], [12.8339012, 55.4091252]]}, "properties": {"t": "fall", "g": 13, "loop": null, "hole": 13, "slope_pct": 2.01, "bearing": 208.0}}, {"type": "Feature", "geometry": {"type": "LineString", "coordinates": [[12.8339575, 55.4091356], [12.8339591, 55.4091272]]}, "properties": {"t": "fall", "g": 13, "loop": null, "hole": 13, "slope_pct": 1.57, "bearing": 174.0}}, {"type": "Feature", "geometry": {"type": "LineString", "coordinates": [[12.8340048, 55.4091365], [12.8339973, 55.409129]]}, "properties": {"t": "fall", "g": 13, "loop": null, "hole": 13, "slope_pct": 1.59, "bearing": 210.0}}, {"type": "Feature", "geometry": {"type": "LineString", "coordinates": [[12.8340522, 55.4091373], [12.834055, 55.4091282]]}, "properties": {"t": "fall", "g": 13, "loop": null, "hole": 13, "slope_pct": 1.72, "bearing": 170.1}}, {"type": "Feature", "geometry": {"type": "LineString", "coordinates": [[12.8340995, 55.4091382], [12.8341061, 55.4091168]]}, "properties": {"t": "fall", "g": 13, "loop": null, "hole": 13, "slope_pct": 4.03, "bearing": 170.2}}, {"type": "Feature", "geometry": {"type": "LineString", "coordinates": [[12.8341469, 55.409139], [12.8341711, 55.4091158]]}, "properties": {"t": "fall", "g": 13, "loop": null, "hole": 13, "slope_pct": 9.04, "bearing": 149.3}}, {"type": "Feature", "geometry": {"type": "LineString", "coordinates": [[12.8339116, 55.4091079], [12.8338998, 55.4090902]]}, "properties": {"t": "fall", "g": 13, "loop": null, "hole": 13, "slope_pct": 3.51, "bearing": 200.9}}, {"type": "Feature", "geometry": {"type": "LineString", "coordinates": [[12.833959, 55.4091087], [12.8339597, 55.409092]]}, "properties": {"t": "fall", "g": 13, "loop": null, "hole": 13, "slope_pct": 3.1, "bearing": 178.5}}, {"type": "Feature", "geometry": {"type": "LineString", "coordinates": [[12.8340063, 55.4091095], [12.8339987, 55.409093]]}, "properties": {"t": "fall", "g": 13, "loop": null, "hole": 13, "slope_pct": 3.17, "bearing": 194.7}}, {"type": "Feature", "geometry": {"type": "LineString", "coordinates": [[12.8340537, 55.4091104], [12.8340765, 55.4090868]]}, "properties": {"t": "fall", "g": 13, "loop": null, "hole": 13, "slope_pct": 5.67, "bearing": 151.2}}, {"type": "Feature", "geometry": {"type": "LineString", "coordinates": [[12.834101, 55.4091112], [12.8341228, 55.4090873]]}, "properties": {"t": "fall", "g": 13, "loop": null, "hole": 13, "slope_pct": 8.66, "bearing": 152.6}}, {"type": "Feature", "geometry": {"type": "LineString", "coordinates": [[12.8340078, 55.4090826], [12.8340136, 55.4090628]]}, "properties": {"t": "fall", "g": 13, "loop": null, "hole": 13, "slope_pct": 3.73, "bearing": 170.6}}, {"type": "Feature", "geometry": {"type": "LineString", "coordinates": [[12.8340551, 55.4090834], [12.8340854, 55.4090627]]}, "properties": {"t": "fall", "g": 13, "loop": null, "hole": 13, "slope_pct": 6.7, "bearing": 140.3}}, {"type": "Feature", "geometry": {"type": "Point", "coordinates": [12.8340796, 55.4092441]}, "properties": {"t": "aim", "g": 13, "loop": null, "hole": 13, "aim_bearing": 156.5, "slope_median": 2.07, "slope_max": 9.61, "n_cells": 77}}, {"type": "Feature", "geometry": {"type": "LineString", "coordinates": [[12.834734, 55.4076484], [12.8347396, 55.4076647]]}, "properties": {"t": "fall", "g": 14, "loop": null, "hole": 14, "slope_pct": 3.09, "bearing": 11.0}}, {"type": "Feature", "geometry": {"type": "LineString", "coordinates": [[12.8346881, 55.4076206], [12.8347273, 55.4076341]]}, "properties": {"t": "fall", "g": 14, "loop": null, "hole": 14, "slope_pct": 4.83, "bearing": 58.8}}, {"type": "Feature", "geometry": {"type": "LineString", "coordinates": [[12.8347354, 55.4076214], [12.8347407, 55.4076335]]}, "properties": {"t": "fall", "g": 14, "loop": null, "hole": 14, "slope_pct": 2.3, "bearing": 13.8}}, {"type": "Feature", "geometry": {"type": "LineString", "coordinates": [[12.8347828, 55.4076223], [12.83476, 55.4076299]]}, "properties": {"t": "fall", "g": 14, "loop": null, "hole": 14, "slope_pct": 2.78, "bearing": 300.4}}, {"type": "Feature", "geometry": {"type": "LineString", "coordinates": [[12.8346896, 55.4075937], [12.8347177, 55.407593]]}, "properties": {"t": "fall", "g": 14, "loop": null, "hole": 14, "slope_pct": 2.97, "bearing": 92.2}}, {"type": "Feature", "geometry": {"type": "LineString", "coordinates": [[12.8347369, 55.4075945], [12.8347415, 55.4076023]]}, "properties": {"t": "fall", "g": 14, "loop": null, "hole": 14, "slope_pct": 1.53, "bearing": 18.6}}, {"type": "Feature", "geometry": {"type": "LineString", "coordinates": [[12.8347843, 55.4075953], [12.8347786, 55.4075984]]}, "properties": {"t": "fall", "g": 14, "loop": null, "hole": 14, "slope_pct": 0.82, "bearing": 312.9}}, {"type": "Feature", "geometry": {"type": "LineString", "coordinates": [[12.8348316, 55.4075962], [12.8348323, 55.4075927]]}, "properties": {"t": "fall", "g": 14, "loop": null, "hole": 14, "slope_pct": 0.65, "bearing": 173.5}}, {"type": "Feature", "geometry": {"type": "LineString", "coordinates": [[12.8345963, 55.407565], [12.8346287, 55.4075591]]}, "properties": {"t": "fall", "g": 14, "loop": null, "hole": 14, "slope_pct": 3.58, "bearing": 107.9}}, {"type": "Feature", "geometry": {"type": "LineString", "coordinates": [[12.8346437, 55.4075659], [12.8346519, 55.4075588]]}, "properties": {"t": "fall", "g": 14, "loop": null, "hole": 14, "slope_pct": 1.57, "bearing": 146.7}}, {"type": "Feature", "geometry": {"type": "LineString", "coordinates": [[12.834691, 55.4075667], [12.8347004, 55.4075697]]}, "properties": {"t": "fall", "g": 14, "loop": null, "hole": 14, "slope_pct": 1.13, "bearing": 61.2}}, {"type": "Feature", "geometry": {"type": "LineString", "coordinates": [[12.8347384, 55.4075676], [12.8347416, 55.407572]]}, "properties": {"t": "fall", "g": 14, "loop": null, "hole": 14, "slope_pct": 0.89, "bearing": 22.3}}, {"type": "Feature", "geometry": {"type": "LineString", "coordinates": [[12.8347857, 55.4075684], [12.8347869, 55.4075739]]}, "properties": {"t": "fall", "g": 14, "loop": null, "hole": 14, "slope_pct": 1.03, "bearing": 6.6}}, {"type": "Feature", "geometry": {"type": "LineString", "coordinates": [[12.8348331, 55.4075692], [12.834842, 55.4075726]]}, "properties": {"t": "fall", "g": 14, "loop": null, "hole": 14, "slope_pct": 1.13, "bearing": 56.1}}, {"type": "Feature", "geometry": {"type": "LineString", "coordinates": [[12.8348804, 55.4075701], [12.8349085, 55.4075677]]}, "properties": {"t": "fall", "g": 14, "loop": null, "hole": 14, "slope_pct": 2.99, "bearing": 98.5}}, {"type": "Feature", "geometry": {"type": "LineString", "coordinates": [[12.8345505, 55.4075373], [12.8345795, 55.4075529]]}, "properties": {"t": "fall", "g": 14, "loop": null, "hole": 14, "slope_pct": 4.22, "bearing": 46.4}}, {"type": "Feature", "geometry": {"type": "LineString", "coordinates": [[12.8345978, 55.4075381], [12.8346312, 55.4075572]]}, "properties": {"t": "fall", "g": 14, "loop": null, "hole": 14, "slope_pct": 5.24, "bearing": 44.8}}, {"type": "Feature", "geometry": {"type": "LineString", "coordinates": [[12.8346452, 55.4075389], [12.8346514, 55.4075573]]}, "properties": {"t": "fall", "g": 14, "loop": null, "hole": 14, "slope_pct": 3.47, "bearing": 11.0}}, {"type": "Feature", "geometry": {"type": "LineString", "coordinates": [[12.8346925, 55.4075398], [12.8347008, 55.407553]]}, "properties": {"t": "fall", "g": 14, "loop": null, "hole": 14, "slope_pct": 2.6, "bearing": 19.6}}, {"type": "Feature", "geometry": {"type": "LineString", "coordinates": [[12.8347399, 55.4075406], [12.834742, 55.4075527]]}, "properties": {"t": "fall", "g": 14, "loop": null, "hole": 14, "slope_pct": 2.24, "bearing": 5.8}}, {"type": "Feature", "geometry": {"type": "LineString", "coordinates": [[12.8347872, 55.4075415], [12.8347906, 55.4075526]]}, "properties": {"t": "fall", "g": 14, "loop": null, "hole": 14, "slope_pct": 2.09, "bearing": 9.8}}, {"type": "Feature", "geometry": {"type": "LineString", "coordinates": [[12.8348345, 55.4075423], [12.834847, 55.4075522]]}, "properties": {"t": "fall", "g": 14, "loop": null, "hole": 14, "slope_pct": 2.26, "bearing": 35.6}}, {"type": "Feature", "geometry": {"type": "LineString", "coordinates": [[12.8348819, 55.4075431], [12.8349111, 55.407552]]}, "properties": {"t": "fall", "g": 14, "loop": null, "hole": 14, "slope_pct": 3.48, "bearing": 62.0}}, {"type": "Feature", "geometry": {"type": "LineString", "coordinates": [[12.8345519, 55.4075103], [12.8345679, 55.4075269]]}, "properties": {"t": "fall", "g": 14, "loop": null, "hole": 14, "slope_pct": 3.5, "bearing": 28.7}}, {"type": "Feature", "geometry": {"type": "LineString", "coordinates": [[12.8345993, 55.4075112], [12.8346319, 55.4075285]]}, "properties": {"t": "fall", "g": 14, "loop": null, "hole": 14, "slope_pct": 4.71, "bearing": 46.9}}, {"type": "Feature", "geometry": {"type": "LineString", "coordinates": [[12.8346466, 55.407512], [12.8346633, 55.4075279]]}, "properties": {"t": "fall", "g": 14, "loop": null, "hole": 14, "slope_pct": 3.43, "bearing": 30.8}}, {"type": "Feature", "geometry": {"type": "LineString", "coordinates": [[12.834694, 55.4075128], [12.8347051, 55.4075279]]}, "properties": {"t": "fall", "g": 14, "loop": null, "hole": 14, "slope_pct": 3.03, "bearing": 22.7}}, {"type": "Feature", "geometry": {"type": "LineString", "coordinates": [[12.8347413, 55.4075137], [12.8347457, 55.4075283]]}, "properties": {"t": "fall", "g": 14, "loop": null, "hole": 14, "slope_pct": 2.74, "bearing": 9.6}}, {"type": "Feature", "geometry": {"type": "LineString", "coordinates": [[12.8347887, 55.4075145], [12.8347937, 55.4075268]]}, "properties": {"t": "fall", "g": 14, "loop": null, "hole": 14, "slope_pct": 2.35, "bearing": 13.0}}, {"type": "Feature", "geometry": {"type": "LineString", "coordinates": [[12.834836, 55.4075154], [12.8348509, 55.4075275]]}, "properties": {"t": "fall", "g": 14, "loop": null, "hole": 14, "slope_pct": 2.75, "bearing": 34.8}}, {"type": "Feature", "geometry": {"type": "LineString", "coordinates": [[12.8348834, 55.4075162], [12.8349211, 55.4075234]]}, "properties": {"t": "fall", "g": 14, "loop": null, "hole": 14, "slope_pct": 4.2, "bearing": 71.4}}, {"type": "Feature", "geometry": {"type": "LineString", "coordinates": [[12.8346008, 55.4074842], [12.8346261, 55.4074974]]}, "properties": {"t": "fall", "g": 14, "loop": null, "hole": 14, "slope_pct": 3.62, "bearing": 47.5}}, {"type": "Feature", "geometry": {"type": "LineString", "coordinates": [[12.8346481, 55.4074851], [12.8346695, 55.4075004]]}, "properties": {"t": "fall", "g": 14, "loop": null, "hole": 14, "slope_pct": 3.63, "bearing": 38.4}}, {"type": "Feature", "geometry": {"type": "LineString", "coordinates": [[12.8346955, 55.4074859], [12.8347061, 55.4074998]]}, "properties": {"t": "fall", "g": 14, "loop": null, "hole": 14, "slope_pct": 2.81, "bearing": 23.6}}, {"type": "Feature", "geometry": {"type": "LineString", "coordinates": [[12.8347428, 55.4074868], [12.8347523, 55.4074992]]}, "properties": {"t": "fall", "g": 14, "loop": null, "hole": 14, "slope_pct": 2.51, "bearing": 23.4}}, {"type": "Feature", "geometry": {"type": "LineString", "coordinates": [[12.8347902, 55.4074876], [12.834794, 55.4074987]]}, "properties": {"t": "fall", "g": 14, "loop": null, "hole": 14, "slope_pct": 2.11, "bearing": 11.1}}, {"type": "Feature", "geometry": {"type": "LineString", "coordinates": [[12.8348375, 55.4074884], [12.8348532, 55.4074992]]}, "properties": {"t": "fall", "g": 14, "loop": null, "hole": 14, "slope_pct": 2.59, "bearing": 39.6}}, {"type": "Feature", "geometry": {"type": "LineString", "coordinates": [[12.8348848, 55.4074893], [12.8349318, 55.4074932]]}, "properties": {"t": "fall", "g": 14, "loop": null, "hole": 14, "slope_pct": 6.1, "bearing": 81.6}}, {"type": "Feature", "geometry": {"type": "LineString", "coordinates": [[12.8346969, 55.407459], [12.8347076, 55.40747]]}, "properties": {"t": "fall", "g": 14, "loop": null, "hole": 14, "slope_pct": 2.34, "bearing": 28.7}}, {"type": "Feature", "geometry": {"type": "LineString", "coordinates": [[12.8347443, 55.4074598], [12.8347555, 55.4074716]]}, "properties": {"t": "fall", "g": 14, "loop": null, "hole": 14, "slope_pct": 2.49, "bearing": 28.4}}, {"type": "Feature", "geometry": {"type": "LineString", "coordinates": [[12.8347916, 55.4074607], [12.8348062, 55.4074636]]}, "properties": {"t": "fall", "g": 14, "loop": null, "hole": 14, "slope_pct": 1.63, "bearing": 70.7}}, {"type": "Feature", "geometry": {"type": "LineString", "coordinates": [[12.834839, 55.4074615], [12.834868, 55.4074504]]}, "properties": {"t": "fall", "g": 14, "loop": null, "hole": 14, "slope_pct": 3.68, "bearing": 123.9}}, {"type": "Feature", "geometry": {"type": "LineString", "coordinates": [[12.8348863, 55.4074623], [12.8349283, 55.4074497]]}, "properties": {"t": "fall", "g": 14, "loop": null, "hole": 14, "slope_pct": 8.62, "bearing": 117.9}}, {"type": "Feature", "geometry": {"type": "Point", "coordinates": [12.8347387, 55.4075361]}, "properties": {"t": "aim", "g": 14, "loop": null, "hole": 14, "aim_bearing": 48.2, "slope_median": 2.75, "slope_max": 8.62, "n_cells": 43}}, {"type": "Feature", "geometry": {"type": "LineString", "coordinates": [[12.8332949, 55.4027693], [12.8332999, 55.402776]]}, "properties": {"t": "fall", "g": 15, "loop": null, "hole": 15, "slope_pct": 1.35, "bearing": 22.7}}, {"type": "Feature", "geometry": {"type": "LineString", "coordinates": [[12.8333423, 55.4027702], [12.8333466, 55.4027749]]}, "properties": {"t": "fall", "g": 15, "loop": null, "hole": 15, "slope_pct": 0.99, "bearing": 27.0}}, {"type": "Feature", "geometry": {"type": "LineString", "coordinates": [[12.8333896, 55.402771], [12.833381, 55.4027739]]}, "properties": {"t": "fall", "g": 15, "loop": null, "hole": 15, "slope_pct": 1.05, "bearing": 300.7}}, {"type": "Feature", "geometry": {"type": "LineString", "coordinates": [[12.833437, 55.4027718], [12.8334366, 55.4027757]]}, "properties": {"t": "fall", "g": 15, "loop": null, "hole": 15, "slope_pct": 0.72, "bearing": 356.7}}, {"type": "Feature", "geometry": {"type": "LineString", "coordinates": [[12.8332491, 55.4027415], [12.8332587, 55.4027437]]}, "properties": {"t": "fall", "g": 15, "loop": null, "hole": 15, "slope_pct": 1.09, "bearing": 68.5}}, {"type": "Feature", "geometry": {"type": "LineString", "coordinates": [[12.8332964, 55.4027424], [12.8333012, 55.4027489]]}, "properties": {"t": "fall", "g": 15, "loop": null, "hole": 15, "slope_pct": 1.31, "bearing": 22.7}}, {"type": "Feature", "geometry": {"type": "LineString", "coordinates": [[12.8333438, 55.4027432], [12.8333487, 55.4027511]]}, "properties": {"t": "fall", "g": 15, "loop": null, "hole": 15, "slope_pct": 1.55, "bearing": 19.5}}, {"type": "Feature", "geometry": {"type": "LineString", "coordinates": [[12.8333911, 55.4027441], [12.8333898, 55.4027512]]}, "properties": {"t": "fall", "g": 15, "loop": null, "hole": 15, "slope_pct": 1.34, "bearing": 354.2}}, {"type": "Feature", "geometry": {"type": "LineString", "coordinates": [[12.8334858, 55.4027457], [12.8334733, 55.4027491]]}, "properties": {"t": "fall", "g": 15, "loop": null, "hole": 15, "slope_pct": 1.45, "bearing": 295.2}}, {"type": "Feature", "geometry": {"type": "LineString", "coordinates": [[12.8332032, 55.4027138], [12.8331925, 55.4027128]]}, "properties": {"t": "fall", "g": 15, "loop": null, "hole": 15, "slope_pct": 1.14, "bearing": 261.2}}, {"type": "Feature", "geometry": {"type": "LineString", "coordinates": [[12.8332979, 55.4027154], [12.8333004, 55.4027184]]}, "properties": {"t": "fall", "g": 15, "loop": null, "hole": 15, "slope_pct": 0.61, "bearing": 26.2}}, {"type": "Feature", "geometry": {"type": "LineString", "coordinates": [[12.8333452, 55.4027163], [12.833346, 55.4027192]]}, "properties": {"t": "fall", "g": 15, "loop": null, "hole": 15, "slope_pct": 0.54, "bearing": 8.8}}, {"type": "Feature", "geometry": {"type": "LineString", "coordinates": [[12.8333926, 55.4027171], [12.8333943, 55.4027222]]}, "properties": {"t": "fall", "g": 15, "loop": null, "hole": 15, "slope_pct": 0.97, "bearing": 11.0}}, {"type": "Feature", "geometry": {"type": "LineString", "coordinates": [[12.8334399, 55.402718], [12.83344, 55.4027249]]}, "properties": {"t": "fall", "g": 15, "loop": null, "hole": 15, "slope_pct": 1.3, "bearing": 0.4}}, {"type": "Feature", "geometry": {"type": "LineString", "coordinates": [[12.8334872, 55.4027188], [12.8334757, 55.4027245]]}, "properties": {"t": "fall", "g": 15, "loop": null, "hole": 15, "slope_pct": 1.62, "bearing": 310.9}}, {"type": "Feature", "geometry": {"type": "LineString", "coordinates": [[12.8331573, 55.402686], [12.8331484, 55.402688]]}, "properties": {"t": "fall", "g": 15, "loop": null, "hole": 15, "slope_pct": 1.02, "bearing": 291.3}}, {"type": "Feature", "geometry": {"type": "LineString", "coordinates": [[12.8332047, 55.4026868], [12.8331907, 55.4026908]]}, "properties": {"t": "fall", "g": 15, "loop": null, "hole": 15, "slope_pct": 1.64, "bearing": 296.4}}, {"type": "Feature", "geometry": {"type": "LineString", "coordinates": [[12.833252, 55.4026877], [12.8332494, 55.4026916]]}, "properties": {"t": "fall", "g": 15, "loop": null, "hole": 15, "slope_pct": 0.78, "bearing": 339.6}}, {"type": "Feature", "geometry": {"type": "LineString", "coordinates": [[12.8332994, 55.4026885], [12.8333012, 55.4026931]]}, "properties": {"t": "fall", "g": 15, "loop": null, "hole": 15, "slope_pct": 0.88, "bearing": 12.8}}, {"type": "Feature", "geometry": {"type": "LineString", "coordinates": [[12.8333467, 55.4026893], [12.8333471, 55.4026945]]}, "properties": {"t": "fall", "g": 15, "loop": null, "hole": 15, "slope_pct": 0.96, "bearing": 2.6}}, {"type": "Feature", "geometry": {"type": "LineString", "coordinates": [[12.833394, 55.4026902], [12.8333919, 55.4026953]]}, "properties": {"t": "fall", "g": 15, "loop": null, "hole": 15, "slope_pct": 0.98, "bearing": 346.5}}, {"type": "Feature", "geometry": {"type": "LineString", "coordinates": [[12.8334414, 55.402691], [12.8334381, 55.402698]]}, "properties": {"t": "fall", "g": 15, "loop": null, "hole": 15, "slope_pct": 1.34, "bearing": 345.1}}, {"type": "Feature", "geometry": {"type": "LineString", "coordinates": [[12.8334887, 55.4026919], [12.8334808, 55.4027001]]}, "properties": {"t": "fall", "g": 15, "loop": null, "hole": 15, "slope_pct": 1.75, "bearing": 331.6}}, {"type": "Feature", "geometry": {"type": "LineString", "coordinates": [[12.8331588, 55.402659], [12.8331441, 55.4026633]]}, "properties": {"t": "fall", "g": 15, "loop": null, "hole": 15, "slope_pct": 1.74, "bearing": 297.2}}, {"type": "Feature", "geometry": {"type": "LineString", "coordinates": [[12.8332062, 55.4026599], [12.8331989, 55.4026639]]}, "properties": {"t": "fall", "g": 15, "loop": null, "hole": 15, "slope_pct": 1.06, "bearing": 314.2}}, {"type": "Feature", "geometry": {"type": "LineString", "coordinates": [[12.8333955, 55.4026632], [12.833389, 55.4026664]]}, "properties": {"t": "fall", "g": 15, "loop": null, "hole": 15, "slope_pct": 0.91, "bearing": 310.6}}, {"type": "Feature", "geometry": {"type": "LineString", "coordinates": [[12.8334429, 55.4026641], [12.8334389, 55.4026689]]}, "properties": {"t": "fall", "g": 15, "loop": null, "hole": 15, "slope_pct": 0.99, "bearing": 335.1}}, {"type": "Feature", "geometry": {"type": "LineString", "coordinates": [[12.8334902, 55.4026649], [12.833482, 55.4026698]]}, "properties": {"t": "fall", "g": 15, "loop": null, "hole": 15, "slope_pct": 1.26, "bearing": 316.3}}, {"type": "Feature", "geometry": {"type": "LineString", "coordinates": [[12.8331603, 55.4026321], [12.8331411, 55.4026308]]}, "properties": {"t": "fall", "g": 15, "loop": null, "hole": 15, "slope_pct": 2.03, "bearing": 263.2}}, {"type": "Feature", "geometry": {"type": "LineString", "coordinates": [[12.8332076, 55.4026329], [12.8332036, 55.4026295]]}, "properties": {"t": "fall", "g": 15, "loop": null, "hole": 15, "slope_pct": 0.77, "bearing": 213.9}}, {"type": "Feature", "geometry": {"type": "LineString", "coordinates": [[12.833255, 55.4026338], [12.8332513, 55.4026318]]}, "properties": {"t": "fall", "g": 15, "loop": null, "hole": 15, "slope_pct": 0.53, "bearing": 227.4}}, {"type": "Feature", "geometry": {"type": "LineString", "coordinates": [[12.8333497, 55.4026355], [12.8333472, 55.4026388]]}, "properties": {"t": "fall", "g": 15, "loop": null, "hole": 15, "slope_pct": 0.68, "bearing": 337.2}}, {"type": "Feature", "geometry": {"type": "LineString", "coordinates": [[12.833397, 55.4026363], [12.8333871, 55.4026398]]}, "properties": {"t": "fall", "g": 15, "loop": null, "hole": 15, "slope_pct": 1.22, "bearing": 301.8}}, {"type": "Feature", "geometry": {"type": "LineString", "coordinates": [[12.8334443, 55.4026371], [12.8334417, 55.4026394]]}, "properties": {"t": "fall", "g": 15, "loop": null, "hole": 15, "slope_pct": 0.5, "bearing": 326.9}}, {"type": "Feature", "geometry": {"type": "LineString", "coordinates": [[12.8334917, 55.402638], [12.8334803, 55.4026407]]}, "properties": {"t": "fall", "g": 15, "loop": null, "hole": 15, "slope_pct": 1.3, "bearing": 292.9}}, {"type": "Feature", "geometry": {"type": "LineString", "coordinates": [[12.8331618, 55.4026052], [12.8331461, 55.4026017]]}, "properties": {"t": "fall", "g": 15, "loop": null, "hole": 15, "slope_pct": 1.78, "bearing": 248.5}}, {"type": "Feature", "geometry": {"type": "LineString", "coordinates": [[12.8332091, 55.402606], [12.8332049, 55.4026025]]}, "properties": {"t": "fall", "g": 15, "loop": null, "hole": 15, "slope_pct": 0.79, "bearing": 213.8}}, {"type": "Feature", "geometry": {"type": "LineString", "coordinates": [[12.8332564, 55.4026068], [12.8332504, 55.4026044]]}, "properties": {"t": "fall", "g": 15, "loop": null, "hole": 15, "slope_pct": 0.79, "bearing": 234.1}}, {"type": "Feature", "geometry": {"type": "LineString", "coordinates": [[12.8333038, 55.4026077], [12.8332982, 55.4026053]]}, "properties": {"t": "fall", "g": 15, "loop": null, "hole": 15, "slope_pct": 0.74, "bearing": 232.5}}, {"type": "Feature", "geometry": {"type": "LineString", "coordinates": [[12.8333511, 55.4026085], [12.833344, 55.4026093]]}, "properties": {"t": "fall", "g": 15, "loop": null, "hole": 15, "slope_pct": 0.77, "bearing": 281.1}}, {"type": "Feature", "geometry": {"type": "LineString", "coordinates": [[12.8333985, 55.4026094], [12.833394, 55.4026109]]}, "properties": {"t": "fall", "g": 15, "loop": null, "hole": 15, "slope_pct": 0.55, "bearing": 301.5}}, {"type": "Feature", "geometry": {"type": "LineString", "coordinates": [[12.8334931, 55.402611], [12.8334847, 55.4026083]]}, "properties": {"t": "fall", "g": 15, "loop": null, "hole": 15, "slope_pct": 1.02, "bearing": 240.0}}, {"type": "Feature", "geometry": {"type": "LineString", "coordinates": [[12.8331632, 55.4025782], [12.8331537, 55.4025753]]}, "properties": {"t": "fall", "g": 15, "loop": null, "hole": 15, "slope_pct": 1.14, "bearing": 241.4}}, {"type": "Feature", "geometry": {"type": "LineString", "coordinates": [[12.8332106, 55.4025791], [12.8332017, 55.402574]]}, "properties": {"t": "fall", "g": 15, "loop": null, "hole": 15, "slope_pct": 1.33, "bearing": 224.9}}, {"type": "Feature", "geometry": {"type": "LineString", "coordinates": [[12.8332579, 55.4025799], [12.83325, 55.4025784]]}, "properties": {"t": "fall", "g": 15, "loop": null, "hole": 15, "slope_pct": 0.88, "bearing": 251.7}}, {"type": "Feature", "geometry": {"type": "LineString", "coordinates": [[12.8333053, 55.4025807], [12.833299, 55.4025798]]}, "properties": {"t": "fall", "g": 15, "loop": null, "hole": 15, "slope_pct": 0.68, "bearing": 255.2}}, {"type": "Feature", "geometry": {"type": "LineString", "coordinates": [[12.8333526, 55.4025816], [12.8333436, 55.4025799]]}, "properties": {"t": "fall", "g": 15, "loop": null, "hole": 15, "slope_pct": 1.0, "bearing": 251.9}}, {"type": "Feature", "geometry": {"type": "LineString", "coordinates": [[12.8333999, 55.4025824], [12.833393, 55.4025824]]}, "properties": {"t": "fall", "g": 15, "loop": null, "hole": 15, "slope_pct": 0.74, "bearing": 269.0}}, {"type": "Feature", "geometry": {"type": "LineString", "coordinates": [[12.8334946, 55.4025841], [12.8334923, 55.4025815]]}, "properties": {"t": "fall", "g": 15, "loop": null, "hole": 15, "slope_pct": 0.55, "bearing": 206.2}}, {"type": "Feature", "geometry": {"type": "LineString", "coordinates": [[12.8332121, 55.4025521], [12.8332014, 55.4025454]]}, "properties": {"t": "fall", "g": 15, "loop": null, "hole": 15, "slope_pct": 1.67, "bearing": 222.0}}, {"type": "Feature", "geometry": {"type": "LineString", "coordinates": [[12.8332594, 55.402553], [12.8332485, 55.4025468]]}, "properties": {"t": "fall", "g": 15, "loop": null, "hole": 15, "slope_pct": 1.62, "bearing": 225.2}}, {"type": "Feature", "geometry": {"type": "LineString", "coordinates": [[12.8333067, 55.4025538], [12.8333017, 55.402548]]}, "properties": {"t": "fall", "g": 15, "loop": null, "hole": 15, "slope_pct": 1.2, "bearing": 206.2}}, {"type": "Feature", "geometry": {"type": "LineString", "coordinates": [[12.8333541, 55.4025546], [12.8333431, 55.4025495]]}, "properties": {"t": "fall", "g": 15, "loop": null, "hole": 15, "slope_pct": 1.5, "bearing": 230.6}}, {"type": "Feature", "geometry": {"type": "LineString", "coordinates": [[12.8334014, 55.4025555], [12.8333929, 55.4025493]]}, "properties": {"t": "fall", "g": 15, "loop": null, "hole": 15, "slope_pct": 1.45, "bearing": 218.3}}, {"type": "Feature", "geometry": {"type": "LineString", "coordinates": [[12.8334488, 55.4025563], [12.8334522, 55.4025514]]}, "properties": {"t": "fall", "g": 15, "loop": null, "hole": 15, "slope_pct": 0.98, "bearing": 158.3}}, {"type": "Feature", "geometry": {"type": "LineString", "coordinates": [[12.8334961, 55.4025572], [12.8334926, 55.4025533]]}, "properties": {"t": "fall", "g": 15, "loop": null, "hole": 15, "slope_pct": 0.8, "bearing": 207.5}}, {"type": "Feature", "geometry": {"type": "Point", "coordinates": [12.8333405, 55.4026504]}, "properties": {"t": "aim", "g": 15, "loop": null, "hole": 15, "aim_bearing": 292.8, "slope_median": 0.99, "slope_max": 2.03, "n_cells": 64}}, {"type": "Feature", "geometry": {"type": "LineString", "coordinates": [[12.8304073, 55.3989701], [12.8304196, 55.3989733]]}, "properties": {"t": "fall", "g": 16, "loop": null, "hole": 16, "slope_pct": 1.43, "bearing": 65.3}}, {"type": "Feature", "geometry": {"type": "LineString", "coordinates": [[12.8304546, 55.3989709], [12.8304622, 55.3989751]]}, "properties": {"t": "fall", "g": 16, "loop": null, "hole": 16, "slope_pct": 1.12, "bearing": 46.1}}, {"type": "Feature", "geometry": {"type": "LineString", "coordinates": [[12.8305019, 55.3989717], [12.8305052, 55.3989773]]}, "properties": {"t": "fall", "g": 16, "loop": null, "hole": 16, "slope_pct": 1.08, "bearing": 18.3}}, {"type": "Feature", "geometry": {"type": "LineString", "coordinates": [[12.8305493, 55.3989726], [12.8305555, 55.3989766]]}, "properties": {"t": "fall", "g": 16, "loop": null, "hole": 16, "slope_pct": 0.99, "bearing": 41.6}}, {"type": "Feature", "geometry": {"type": "LineString", "coordinates": [[12.8303141, 55.3989414], [12.8303144, 55.398929]]}, "properties": {"t": "fall", "g": 16, "loop": null, "hole": 16, "slope_pct": 2.31, "bearing": 179.2}}, {"type": "Feature", "geometry": {"type": "LineString", "coordinates": [[12.8303614, 55.3989423], [12.8303597, 55.3989367]]}, "properties": {"t": "fall", "g": 16, "loop": null, "hole": 16, "slope_pct": 1.04, "bearing": 190.1}}, {"type": "Feature", "geometry": {"type": "LineString", "coordinates": [[12.8304087, 55.3989431], [12.8304132, 55.3989415]]}, "properties": {"t": "fall", "g": 16, "loop": null, "hole": 16, "slope_pct": 0.55, "bearing": 122.6}}, {"type": "Feature", "geometry": {"type": "LineString", "coordinates": [[12.8304561, 55.398944], [12.8304597, 55.3989469]]}, "properties": {"t": "fall", "g": 16, "loop": null, "hole": 16, "slope_pct": 0.66, "bearing": 34.9}}, {"type": "Feature", "geometry": {"type": "LineString", "coordinates": [[12.8305034, 55.3989448], [12.8305065, 55.3989489]]}, "properties": {"t": "fall", "g": 16, "loop": null, "hole": 16, "slope_pct": 0.83, "bearing": 23.2}}, {"type": "Feature", "geometry": {"type": "LineString", "coordinates": [[12.8305508, 55.3989456], [12.8305612, 55.3989492]]}, "properties": {"t": "fall", "g": 16, "loop": null, "hole": 16, "slope_pct": 1.28, "bearing": 59.1}}, {"type": "Feature", "geometry": {"type": "LineString", "coordinates": [[12.8305981, 55.3989465], [12.8306051, 55.3989485]]}, "properties": {"t": "fall", "g": 16, "loop": null, "hole": 16, "slope_pct": 0.83, "bearing": 63.7}}, {"type": "Feature", "geometry": {"type": "LineString", "coordinates": [[12.8302682, 55.3989137], [12.830268, 55.3989076]]}, "properties": {"t": "fall", "g": 16, "loop": null, "hole": 16, "slope_pct": 1.12, "bearing": 181.2}}, {"type": "Feature", "geometry": {"type": "LineString", "coordinates": [[12.8303156, 55.3989145], [12.8303111, 55.3989103]]}, "properties": {"t": "fall", "g": 16, "loop": null, "hole": 16, "slope_pct": 0.91, "bearing": 211.0}}, {"type": "Feature", "geometry": {"type": "LineString", "coordinates": [[12.8303629, 55.3989153], [12.8303599, 55.3989106]]}, "properties": {"t": "fall", "g": 16, "loop": null, "hole": 16, "slope_pct": 0.93, "bearing": 199.9}}, {"type": "Feature", "geometry": {"type": "LineString", "coordinates": [[12.8304102, 55.3989162], [12.830411, 55.3989103]]}, "properties": {"t": "fall", "g": 16, "loop": null, "hole": 16, "slope_pct": 1.1, "bearing": 175.8}}, {"type": "Feature", "geometry": {"type": "LineString", "coordinates": [[12.8304576, 55.398917], [12.8304574, 55.398912]]}, "properties": {"t": "fall", "g": 16, "loop": null, "hole": 16, "slope_pct": 0.94, "bearing": 181.0}}, {"type": "Feature", "geometry": {"type": "LineString", "coordinates": [[12.8305049, 55.3989179], [12.8305055, 55.3989144]]}, "properties": {"t": "fall", "g": 16, "loop": null, "hole": 16, "slope_pct": 0.65, "bearing": 174.8}}, {"type": "Feature", "geometry": {"type": "LineString", "coordinates": [[12.8305522, 55.3989187], [12.830557, 55.3989187]]}, "properties": {"t": "fall", "g": 16, "loop": null, "hole": 16, "slope_pct": 0.51, "bearing": 90.1}}, {"type": "Feature", "geometry": {"type": "LineString", "coordinates": [[12.8305996, 55.3989195], [12.8306095, 55.3989225]]}, "properties": {"t": "fall", "g": 16, "loop": null, "hole": 16, "slope_pct": 1.19, "bearing": 62.3}}, {"type": "Feature", "geometry": {"type": "LineString", "coordinates": [[12.8302224, 55.3988859], [12.8302276, 55.3988878]]}, "properties": {"t": "fall", "g": 16, "loop": null, "hole": 16, "slope_pct": 0.66, "bearing": 57.4}}, {"type": "Feature", "geometry": {"type": "LineString", "coordinates": [[12.830317, 55.3988876], [12.830315, 55.3988834]]}, "properties": {"t": "fall", "g": 16, "loop": null, "hole": 16, "slope_pct": 0.8, "bearing": 195.4}}, {"type": "Feature", "geometry": {"type": "LineString", "coordinates": [[12.8303644, 55.3988884], [12.8303594, 55.3988833]]}, "properties": {"t": "fall", "g": 16, "loop": null, "hole": 16, "slope_pct": 1.08, "bearing": 208.7}}, {"type": "Feature", "geometry": {"type": "LineString", "coordinates": [[12.8305537, 55.3988918], [12.8305553, 55.3988878]]}, "properties": {"t": "fall", "g": 16, "loop": null, "hole": 16, "slope_pct": 0.76, "bearing": 167.2}}, {"type": "Feature", "geometry": {"type": "LineString", "coordinates": [[12.8306484, 55.3988934], [12.8306638, 55.3988927]]}, "properties": {"t": "fall", "g": 16, "loop": null, "hole": 16, "slope_pct": 1.63, "bearing": 95.0}}, {"type": "Feature", "geometry": {"type": "LineString", "coordinates": [[12.8301765, 55.3988581], [12.8302083, 55.3988662]]}, "properties": {"t": "fall", "g": 16, "loop": null, "hole": 16, "slope_pct": 3.67, "bearing": 65.8}}, {"type": "Feature", "geometry": {"type": "LineString", "coordinates": [[12.8302238, 55.3988589], [12.8302339, 55.3988634]]}, "properties": {"t": "fall", "g": 16, "loop": null, "hole": 16, "slope_pct": 1.34, "bearing": 52.1}}, {"type": "Feature", "geometry": {"type": "LineString", "coordinates": [[12.8302712, 55.3988598], [12.8302776, 55.3988608]]}, "properties": {"t": "fall", "g": 16, "loop": null, "hole": 16, "slope_pct": 0.71, "bearing": 73.9}}, {"type": "Feature", "geometry": {"type": "LineString", "coordinates": [[12.8303185, 55.3988606], [12.8303237, 55.3988594]]}, "properties": {"t": "fall", "g": 16, "loop": null, "hole": 16, "slope_pct": 0.59, "bearing": 112.9}}, {"type": "Feature", "geometry": {"type": "LineString", "coordinates": [[12.8303658, 55.3988615], [12.8303588, 55.3988581]]}, "properties": {"t": "fall", "g": 16, "loop": null, "hole": 16, "slope_pct": 0.97, "bearing": 230.1}}, {"type": "Feature", "geometry": {"type": "LineString", "coordinates": [[12.8304132, 55.3988623], [12.8304117, 55.3988566]]}, "properties": {"t": "fall", "g": 16, "loop": null, "hole": 16, "slope_pct": 1.06, "bearing": 188.3}}, {"type": "Feature", "geometry": {"type": "LineString", "coordinates": [[12.8304605, 55.3988631], [12.8304547, 55.3988602]]}, "properties": {"t": "fall", "g": 16, "loop": null, "hole": 16, "slope_pct": 0.82, "bearing": 228.0}}, {"type": "Feature", "geometry": {"type": "LineString", "coordinates": [[12.8305078, 55.398864], [12.8305112, 55.3988616]]}, "properties": {"t": "fall", "g": 16, "loop": null, "hole": 16, "slope_pct": 0.57, "bearing": 141.8}}, {"type": "Feature", "geometry": {"type": "LineString", "coordinates": [[12.8305552, 55.3988648], [12.8305606, 55.3988636]]}, "properties": {"t": "fall", "g": 16, "loop": null, "hole": 16, "slope_pct": 0.61, "bearing": 112.3}}, {"type": "Feature", "geometry": {"type": "LineString", "coordinates": [[12.8306025, 55.3988657], [12.8306056, 55.3988604]]}, "properties": {"t": "fall", "g": 16, "loop": null, "hole": 16, "slope_pct": 1.04, "bearing": 161.5}}, {"type": "Feature", "geometry": {"type": "LineString", "coordinates": [[12.8306499, 55.3988665], [12.830663, 55.3988608]]}, "properties": {"t": "fall", "g": 16, "loop": null, "hole": 16, "slope_pct": 1.74, "bearing": 127.4}}, {"type": "Feature", "geometry": {"type": "LineString", "coordinates": [[12.830178, 55.3988312], [12.8302145, 55.3988358]]}, "properties": {"t": "fall", "g": 16, "loop": null, "hole": 16, "slope_pct": 3.94, "bearing": 77.5}}, {"type": "Feature", "geometry": {"type": "LineString", "coordinates": [[12.8302253, 55.398832], [12.8302394, 55.3988355]]}, "properties": {"t": "fall", "g": 16, "loop": null, "hole": 16, "slope_pct": 1.61, "bearing": 66.4}}, {"type": "Feature", "geometry": {"type": "LineString", "coordinates": [[12.8302726, 55.3988328], [12.8302842, 55.3988352]]}, "properties": {"t": "fall", "g": 16, "loop": null, "hole": 16, "slope_pct": 1.29, "bearing": 70.4}}, {"type": "Feature", "geometry": {"type": "LineString", "coordinates": [[12.83032, 55.3988337], [12.8303258, 55.3988345]]}, "properties": {"t": "fall", "g": 16, "loop": null, "hole": 16, "slope_pct": 0.63, "bearing": 76.8}}, {"type": "Feature", "geometry": {"type": "LineString", "coordinates": [[12.830462, 55.3988362], [12.8304582, 55.3988301]]}, "properties": {"t": "fall", "g": 16, "loop": null, "hole": 16, "slope_pct": 1.2, "bearing": 199.3}}, {"type": "Feature", "geometry": {"type": "LineString", "coordinates": [[12.8305093, 55.398837], [12.8305105, 55.3988298]]}, "properties": {"t": "fall", "g": 16, "loop": null, "hole": 16, "slope_pct": 1.35, "bearing": 174.7}}, {"type": "Feature", "geometry": {"type": "LineString", "coordinates": [[12.8305567, 55.3988379], [12.8305604, 55.3988308]]}, "properties": {"t": "fall", "g": 16, "loop": null, "hole": 16, "slope_pct": 1.37, "bearing": 163.4}}, {"type": "Feature", "geometry": {"type": "LineString", "coordinates": [[12.830604, 55.3988387], [12.8306154, 55.3988301]]}, "properties": {"t": "fall", "g": 16, "loop": null, "hole": 16, "slope_pct": 2.0, "bearing": 142.9}}, {"type": "Feature", "geometry": {"type": "LineString", "coordinates": [[12.8306513, 55.3988396], [12.8306646, 55.3988275]]}, "properties": {"t": "fall", "g": 16, "loop": null, "hole": 16, "slope_pct": 2.65, "bearing": 148.0}}, {"type": "Feature", "geometry": {"type": "LineString", "coordinates": [[12.8301321, 55.3988034], [12.830147, 55.3987972]]}, "properties": {"t": "fall", "g": 16, "loop": null, "hole": 16, "slope_pct": 1.94, "bearing": 125.9}}, {"type": "Feature", "geometry": {"type": "LineString", "coordinates": [[12.8301795, 55.3988042], [12.8302131, 55.398806]]}, "properties": {"t": "fall", "g": 16, "loop": null, "hole": 16, "slope_pct": 3.56, "bearing": 84.8}}, {"type": "Feature", "geometry": {"type": "LineString", "coordinates": [[12.8302268, 55.3988051], [12.8302441, 55.3988065]]}, "properties": {"t": "fall", "g": 16, "loop": null, "hole": 16, "slope_pct": 1.85, "bearing": 81.6}}, {"type": "Feature", "geometry": {"type": "LineString", "coordinates": [[12.8302741, 55.3988059], [12.8302848, 55.3988069]]}, "properties": {"t": "fall", "g": 16, "loop": null, "hole": 16, "slope_pct": 1.14, "bearing": 80.5}}, {"type": "Feature", "geometry": {"type": "LineString", "coordinates": [[12.8303215, 55.3988068], [12.8303328, 55.398808]]}, "properties": {"t": "fall", "g": 16, "loop": null, "hole": 16, "slope_pct": 1.22, "bearing": 79.0}}, {"type": "Feature", "geometry": {"type": "LineString", "coordinates": [[12.8304161, 55.3988084], [12.8304178, 55.3988039]]}, "properties": {"t": "fall", "g": 16, "loop": null, "hole": 16, "slope_pct": 0.86, "bearing": 168.0}}, {"type": "Feature", "geometry": {"type": "LineString", "coordinates": [[12.8304635, 55.3988093], [12.8304644, 55.3988054]]}, "properties": {"t": "fall", "g": 16, "loop": null, "hole": 16, "slope_pct": 0.73, "bearing": 172.6}}, {"type": "Feature", "geometry": {"type": "LineString", "coordinates": [[12.8305108, 55.3988101], [12.8305168, 55.3988025]]}, "properties": {"t": "fall", "g": 16, "loop": null, "hole": 16, "slope_pct": 1.54, "bearing": 155.8}}, {"type": "Feature", "geometry": {"type": "LineString", "coordinates": [[12.8305581, 55.398811], [12.8305767, 55.398789]]}, "properties": {"t": "fall", "g": 16, "loop": null, "hole": 16, "slope_pct": 4.52, "bearing": 154.4}}, {"type": "Feature", "geometry": {"type": "LineString", "coordinates": [[12.8301336, 55.3987765], [12.8301409, 55.3987702]]}, "properties": {"t": "fall", "g": 16, "loop": null, "hole": 16, "slope_pct": 1.39, "bearing": 146.4}}, {"type": "Feature", "geometry": {"type": "LineString", "coordinates": [[12.8301809, 55.3987773], [12.8301983, 55.3987786]]}, "properties": {"t": "fall", "g": 16, "loop": null, "hole": 16, "slope_pct": 1.84, "bearing": 82.3}}, {"type": "Feature", "geometry": {"type": "LineString", "coordinates": [[12.8302283, 55.3987781], [12.830252, 55.3987839]]}, "properties": {"t": "fall", "g": 16, "loop": null, "hole": 16, "slope_pct": 2.72, "bearing": 66.9}}, {"type": "Feature", "geometry": {"type": "LineString", "coordinates": [[12.8302756, 55.398779], [12.8302871, 55.3987808]]}, "properties": {"t": "fall", "g": 16, "loop": null, "hole": 16, "slope_pct": 1.26, "bearing": 74.2}}, {"type": "Feature", "geometry": {"type": "LineString", "coordinates": [[12.8303229, 55.3987798], [12.8303327, 55.3987797]]}, "properties": {"t": "fall", "g": 16, "loop": null, "hole": 16, "slope_pct": 1.03, "bearing": 91.2}}, {"type": "Feature", "geometry": {"type": "LineString", "coordinates": [[12.8303703, 55.3987807], [12.8303793, 55.39878]]}, "properties": {"t": "fall", "g": 16, "loop": null, "hole": 16, "slope_pct": 0.96, "bearing": 97.3}}, {"type": "Feature", "geometry": {"type": "LineString", "coordinates": [[12.8304176, 55.3987815], [12.8304271, 55.3987767]]}, "properties": {"t": "fall", "g": 16, "loop": null, "hole": 16, "slope_pct": 1.34, "bearing": 131.5}}, {"type": "Feature", "geometry": {"type": "LineString", "coordinates": [[12.8304649, 55.3987823], [12.8304762, 55.3987654]]}, "properties": {"t": "fall", "g": 16, "loop": null, "hole": 16, "slope_pct": 3.35, "bearing": 159.3}}, {"type": "Feature", "geometry": {"type": "LineString", "coordinates": [[12.8300404, 55.3987478], [12.8300861, 55.3987406]]}, "properties": {"t": "fall", "g": 16, "loop": null, "hole": 16, "slope_pct": 5.5, "bearing": 105.5}}, {"type": "Feature", "geometry": {"type": "LineString", "coordinates": [[12.8300877, 55.3987487], [12.8301083, 55.3987473]]}, "properties": {"t": "fall", "g": 16, "loop": null, "hole": 16, "slope_pct": 2.18, "bearing": 96.5}}, {"type": "Feature", "geometry": {"type": "LineString", "coordinates": [[12.8301824, 55.3987504], [12.8301932, 55.3987485]]}, "properties": {"t": "fall", "g": 16, "loop": null, "hole": 16, "slope_pct": 1.18, "bearing": 106.7}}, {"type": "Feature", "geometry": {"type": "LineString", "coordinates": [[12.8302297, 55.3987512], [12.8302465, 55.3987521]]}, "properties": {"t": "fall", "g": 16, "loop": null, "hole": 16, "slope_pct": 1.78, "bearing": 84.4}}, {"type": "Feature", "geometry": {"type": "LineString", "coordinates": [[12.8302771, 55.398752], [12.8302998, 55.3987541]]}, "properties": {"t": "fall", "g": 16, "loop": null, "hole": 16, "slope_pct": 2.42, "bearing": 80.9}}, {"type": "Feature", "geometry": {"type": "LineString", "coordinates": [[12.8303244, 55.3987529], [12.8303361, 55.3987505]]}, "properties": {"t": "fall", "g": 16, "loop": null, "hole": 16, "slope_pct": 1.31, "bearing": 109.7}}, {"type": "Feature", "geometry": {"type": "LineString", "coordinates": [[12.8300419, 55.3987209], [12.8300764, 55.3987223]]}, "properties": {"t": "fall", "g": 16, "loop": null, "hole": 16, "slope_pct": 3.65, "bearing": 85.9}}, {"type": "Feature", "geometry": {"type": "LineString", "coordinates": [[12.8300892, 55.3987217], [12.8301086, 55.3987244]]}, "properties": {"t": "fall", "g": 16, "loop": null, "hole": 16, "slope_pct": 2.1, "bearing": 76.3}}, {"type": "Feature", "geometry": {"type": "LineString", "coordinates": [[12.8301365, 55.3987226], [12.830142, 55.3987245]]}, "properties": {"t": "fall", "g": 16, "loop": null, "hole": 16, "slope_pct": 0.68, "bearing": 59.0}}, {"type": "Feature", "geometry": {"type": "LineString", "coordinates": [[12.8301839, 55.3987234], [12.8301942, 55.3987249]]}, "properties": {"t": "fall", "g": 16, "loop": null, "hole": 16, "slope_pct": 1.12, "bearing": 76.1}}, {"type": "Feature", "geometry": {"type": "LineString", "coordinates": [[12.8302312, 55.3987243], [12.8302434, 55.3987271]]}, "properties": {"t": "fall", "g": 16, "loop": null, "hole": 16, "slope_pct": 1.39, "bearing": 67.4}}, {"type": "Feature", "geometry": {"type": "LineString", "coordinates": [[12.8302786, 55.3987251], [12.8302912, 55.3987388]]}, "properties": {"t": "fall", "g": 16, "loop": null, "hole": 16, "slope_pct": 2.87, "bearing": 27.7}}, {"type": "Feature", "geometry": {"type": "LineString", "coordinates": [[12.8300434, 55.398694], [12.8300677, 55.398698]]}, "properties": {"t": "fall", "g": 16, "loop": null, "hole": 16, "slope_pct": 2.67, "bearing": 73.9}}, {"type": "Feature", "geometry": {"type": "LineString", "coordinates": [[12.8300907, 55.3986948], [12.8301134, 55.3987]]}, "properties": {"t": "fall", "g": 16, "loop": null, "hole": 16, "slope_pct": 2.58, "bearing": 68.1}}, {"type": "Feature", "geometry": {"type": "LineString", "coordinates": [[12.830138, 55.3986956], [12.8301467, 55.3986981]]}, "properties": {"t": "fall", "g": 16, "loop": null, "hole": 16, "slope_pct": 1.03, "bearing": 63.7}}, {"type": "Feature", "geometry": {"type": "LineString", "coordinates": [[12.8301854, 55.3986965], [12.8301969, 55.3986955]]}, "properties": {"t": "fall", "g": 16, "loop": null, "hole": 16, "slope_pct": 1.22, "bearing": 98.2}}, {"type": "Feature", "geometry": {"type": "LineString", "coordinates": [[12.8302327, 55.3986973], [12.8302241, 55.3987036]]}, "properties": {"t": "fall", "g": 16, "loop": null, "hole": 16, "slope_pct": 1.48, "bearing": 322.3}}, {"type": "Feature", "geometry": {"type": "LineString", "coordinates": [[12.8300448, 55.398667], [12.8300666, 55.3986685]]}, "properties": {"t": "fall", "g": 16, "loop": null, "hole": 16, "slope_pct": 2.31, "bearing": 83.4}}, {"type": "Feature", "geometry": {"type": "LineString", "coordinates": [[12.8300922, 55.3986679], [12.8301145, 55.3986672]]}, "properties": {"t": "fall", "g": 16, "loop": null, "hole": 16, "slope_pct": 2.35, "bearing": 92.8}}, {"type": "Feature", "geometry": {"type": "LineString", "coordinates": [[12.8301395, 55.3986687], [12.8301543, 55.3986674]]}, "properties": {"t": "fall", "g": 16, "loop": null, "hole": 16, "slope_pct": 1.57, "bearing": 98.9}}, {"type": "Feature", "geometry": {"type": "LineString", "coordinates": [[12.8301868, 55.3986695], [12.8301912, 55.3986726]]}, "properties": {"t": "fall", "g": 16, "loop": null, "hole": 16, "slope_pct": 0.73, "bearing": 38.7}}, {"type": "Feature", "geometry": {"type": "LineString", "coordinates": [[12.8300463, 55.3986401], [12.8300718, 55.3986558]]}, "properties": {"t": "fall", "g": 16, "loop": null, "hole": 16, "slope_pct": 3.97, "bearing": 42.7}}, {"type": "Feature", "geometry": {"type": "LineString", "coordinates": [[12.8300936, 55.3986409], [12.8301198, 55.3986565]]}, "properties": {"t": "fall", "g": 16, "loop": null, "hole": 16, "slope_pct": 4.0, "bearing": 43.7}}, {"type": "Feature", "geometry": {"type": "LineString", "coordinates": [[12.830141, 55.3986418], [12.830155, 55.3986555]]}, "properties": {"t": "fall", "g": 16, "loop": null, "hole": 16, "slope_pct": 2.95, "bearing": 30.0}}, {"type": "Feature", "geometry": {"type": "Point", "coordinates": [12.8303345, 55.3988234]}, "properties": {"t": "aim", "g": 16, "loop": null, "hole": 16, "aim_bearing": 97.2, "slope_median": 1.19, "slope_max": 5.5, "n_cells": 94}}, {"type": "Feature", "geometry": {"type": "LineString", "coordinates": [[12.8299348, 55.3975056], [12.829932, 55.3975091]]}, "properties": {"t": "fall", "g": 17, "loop": null, "hole": 17, "slope_pct": 0.72, "bearing": 336.3}}, {"type": "Feature", "geometry": {"type": "LineString", "coordinates": [[12.8299821, 55.3975064], [12.829978, 55.3975128]]}, "properties": {"t": "fall", "g": 17, "loop": null, "hole": 17, "slope_pct": 1.25, "bearing": 339.8}}, {"type": "Feature", "geometry": {"type": "LineString", "coordinates": [[12.8300294, 55.3975073], [12.830022, 55.3975114]]}, "properties": {"t": "fall", "g": 17, "loop": null, "hole": 17, "slope_pct": 1.09, "bearing": 314.2}}, {"type": "Feature", "geometry": {"type": "LineString", "coordinates": [[12.8300768, 55.3975081], [12.8300681, 55.3975106]]}, "properties": {"t": "fall", "g": 17, "loop": null, "hole": 17, "slope_pct": 1.02, "bearing": 296.7}}, {"type": "Feature", "geometry": {"type": "LineString", "coordinates": [[12.8298889, 55.3974778], [12.8298806, 55.3974824]]}, "properties": {"t": "fall", "g": 17, "loop": null, "hole": 17, "slope_pct": 1.22, "bearing": 313.9}}, {"type": "Feature", "geometry": {"type": "LineString", "coordinates": [[12.8299362, 55.3974787], [12.8299311, 55.3974851]]}, "properties": {"t": "fall", "g": 17, "loop": null, "hole": 17, "slope_pct": 1.31, "bearing": 335.5}}, {"type": "Feature", "geometry": {"type": "LineString", "coordinates": [[12.8299836, 55.3974795], [12.829979, 55.3974858]]}, "properties": {"t": "fall", "g": 17, "loop": null, "hole": 17, "slope_pct": 1.25, "bearing": 337.6}}, {"type": "Feature", "geometry": {"type": "LineString", "coordinates": [[12.8300309, 55.3974803], [12.8300304, 55.3974853]]}, "properties": {"t": "fall", "g": 17, "loop": null, "hole": 17, "slope_pct": 0.92, "bearing": 356.5}}, {"type": "Feature", "geometry": {"type": "LineString", "coordinates": [[12.8300782, 55.3974812], [12.8300712, 55.3974831]]}, "properties": {"t": "fall", "g": 17, "loop": null, "hole": 17, "slope_pct": 0.82, "bearing": 296.2}}, {"type": "Feature", "geometry": {"type": "LineString", "coordinates": [[12.8301256, 55.397482], [12.8301071, 55.3974861]]}, "properties": {"t": "fall", "g": 17, "loop": null, "hole": 17, "slope_pct": 2.08, "bearing": 291.1}}, {"type": "Feature", "geometry": {"type": "LineString", "coordinates": [[12.8298904, 55.3974509], [12.8298754, 55.3974552]]}, "properties": {"t": "fall", "g": 17, "loop": null, "hole": 17, "slope_pct": 1.77, "bearing": 297.0}}, {"type": "Feature", "geometry": {"type": "LineString", "coordinates": [[12.8299377, 55.3974517], [12.8299275, 55.39746]]}, "properties": {"t": "fall", "g": 17, "loop": null, "hole": 17, "slope_pct": 1.88, "bearing": 325.2}}, {"type": "Feature", "geometry": {"type": "LineString", "coordinates": [[12.829985, 55.3974526], [12.8299802, 55.3974622]]}, "properties": {"t": "fall", "g": 17, "loop": null, "hole": 17, "slope_pct": 1.85, "bearing": 344.0}}, {"type": "Feature", "geometry": {"type": "LineString", "coordinates": [[12.8300324, 55.3974534], [12.8300345, 55.3974631]]}, "properties": {"t": "fall", "g": 17, "loop": null, "hole": 17, "slope_pct": 1.82, "bearing": 7.0}}, {"type": "Feature", "geometry": {"type": "LineString", "coordinates": [[12.8300797, 55.3974542], [12.8300805, 55.3974601]]}, "properties": {"t": "fall", "g": 17, "loop": null, "hole": 17, "slope_pct": 1.08, "bearing": 4.3}}, {"type": "Feature", "geometry": {"type": "LineString", "coordinates": [[12.830127, 55.3974551], [12.8300875, 55.3974652]]}, "properties": {"t": "fall", "g": 17, "loop": null, "hole": 17, "slope_pct": 4.57, "bearing": 294.3}}, {"type": "Feature", "geometry": {"type": "LineString", "coordinates": [[12.8298918, 55.3974239], [12.8298773, 55.3974344]]}, "properties": {"t": "fall", "g": 17, "loop": null, "hole": 17, "slope_pct": 2.47, "bearing": 321.6}}, {"type": "Feature", "geometry": {"type": "LineString", "coordinates": [[12.8299392, 55.3974248], [12.8299298, 55.3974322]]}, "properties": {"t": "fall", "g": 17, "loop": null, "hole": 17, "slope_pct": 1.69, "bearing": 324.1}}, {"type": "Feature", "geometry": {"type": "LineString", "coordinates": [[12.8299865, 55.3974256], [12.8299809, 55.3974318]]}, "properties": {"t": "fall", "g": 17, "loop": null, "hole": 17, "slope_pct": 1.29, "bearing": 332.8}}, {"type": "Feature", "geometry": {"type": "LineString", "coordinates": [[12.8300338, 55.3974265], [12.8300359, 55.3974334]]}, "properties": {"t": "fall", "g": 17, "loop": null, "hole": 17, "slope_pct": 1.3, "bearing": 9.6}}, {"type": "Feature", "geometry": {"type": "LineString", "coordinates": [[12.8300812, 55.3974273], [12.8300822, 55.3974362]]}, "properties": {"t": "fall", "g": 17, "loop": null, "hole": 17, "slope_pct": 1.66, "bearing": 3.7}}, {"type": "Feature", "geometry": {"type": "LineString", "coordinates": [[12.829846, 55.3973962], [12.8298173, 55.3974073]]}, "properties": {"t": "fall", "g": 17, "loop": null, "hole": 17, "slope_pct": 3.66, "bearing": 304.5}}, {"type": "Feature", "geometry": {"type": "LineString", "coordinates": [[12.8298933, 55.397397], [12.8298825, 55.3974036]]}, "properties": {"t": "fall", "g": 17, "loop": null, "hole": 17, "slope_pct": 1.68, "bearing": 317.1}}, {"type": "Feature", "geometry": {"type": "LineString", "coordinates": [[12.8299407, 55.3973978], [12.8299361, 55.3974014]]}, "properties": {"t": "fall", "g": 17, "loop": null, "hole": 17, "slope_pct": 0.81, "bearing": 323.5}}, {"type": "Feature", "geometry": {"type": "LineString", "coordinates": [[12.829988, 55.3973987], [12.8299826, 55.3974014]]}, "properties": {"t": "fall", "g": 17, "loop": null, "hole": 17, "slope_pct": 0.76, "bearing": 312.0}}, {"type": "Feature", "geometry": {"type": "LineString", "coordinates": [[12.8300353, 55.3973995], [12.8300331, 55.3974039]]}, "properties": {"t": "fall", "g": 17, "loop": null, "hole": 17, "slope_pct": 0.84, "bearing": 344.1}}, {"type": "Feature", "geometry": {"type": "LineString", "coordinates": [[12.8300827, 55.3974004], [12.8300704, 55.39741]]}, "properties": {"t": "fall", "g": 17, "loop": null, "hole": 17, "slope_pct": 2.21, "bearing": 324.2}}, {"type": "Feature", "geometry": {"type": "LineString", "coordinates": [[12.8298475, 55.3973692], [12.8298245, 55.3973734]]}, "properties": {"t": "fall", "g": 17, "loop": null, "hole": 17, "slope_pct": 2.55, "bearing": 287.9}}, {"type": "Feature", "geometry": {"type": "LineString", "coordinates": [[12.8298948, 55.3973701], [12.8298866, 55.3973738]]}, "properties": {"t": "fall", "g": 17, "loop": null, "hole": 17, "slope_pct": 1.11, "bearing": 308.8}}, {"type": "Feature", "geometry": {"type": "LineString", "coordinates": [[12.8299421, 55.3973709], [12.8299396, 55.3973742]]}, "properties": {"t": "fall", "g": 17, "loop": null, "hole": 17, "slope_pct": 0.67, "bearing": 336.7}}, {"type": "Feature", "geometry": {"type": "LineString", "coordinates": [[12.8299895, 55.3973717], [12.8299835, 55.397376]]}, "properties": {"t": "fall", "g": 17, "loop": null, "hole": 17, "slope_pct": 1.0, "bearing": 321.2}}, {"type": "Feature", "geometry": {"type": "LineString", "coordinates": [[12.8300368, 55.3973726], [12.8300297, 55.3973778]]}, "properties": {"t": "fall", "g": 17, "loop": null, "hole": 17, "slope_pct": 1.22, "bearing": 322.1}}, {"type": "Feature", "geometry": {"type": "LineString", "coordinates": [[12.8300841, 55.3973734], [12.8300656, 55.3973794]]}, "properties": {"t": "fall", "g": 17, "loop": null, "hole": 17, "slope_pct": 2.24, "bearing": 299.4}}, {"type": "Feature", "geometry": {"type": "LineString", "coordinates": [[12.8298489, 55.3973423], [12.8298255, 55.3973398]]}, "properties": {"t": "fall", "g": 17, "loop": null, "hole": 17, "slope_pct": 2.51, "bearing": 259.3}}, {"type": "Feature", "geometry": {"type": "LineString", "coordinates": [[12.8298963, 55.3973431], [12.829888, 55.3973419]]}, "properties": {"t": "fall", "g": 17, "loop": null, "hole": 17, "slope_pct": 0.9, "bearing": 255.8}}, {"type": "Feature", "geometry": {"type": "LineString", "coordinates": [[12.8299909, 55.3973448], [12.829984, 55.3973453]]}, "properties": {"t": "fall", "g": 17, "loop": null, "hole": 17, "slope_pct": 0.74, "bearing": 276.7}}, {"type": "Feature", "geometry": {"type": "LineString", "coordinates": [[12.8300383, 55.3973456], [12.8300297, 55.3973464]]}, "properties": {"t": "fall", "g": 17, "loop": null, "hole": 17, "slope_pct": 0.92, "bearing": 278.5}}, {"type": "Feature", "geometry": {"type": "LineString", "coordinates": [[12.8300856, 55.3973465], [12.8300679, 55.3973517]]}, "properties": {"t": "fall", "g": 17, "loop": null, "hole": 17, "slope_pct": 2.11, "bearing": 297.6}}, {"type": "Feature", "geometry": {"type": "LineString", "coordinates": [[12.8299451, 55.397317], [12.8299347, 55.3973119]]}, "properties": {"t": "fall", "g": 17, "loop": null, "hole": 17, "slope_pct": 1.46, "bearing": 228.8}}, {"type": "Feature", "geometry": {"type": "LineString", "coordinates": [[12.8299924, 55.3973179], [12.8299815, 55.3973186]]}, "properties": {"t": "fall", "g": 17, "loop": null, "hole": 17, "slope_pct": 1.16, "bearing": 277.1}}, {"type": "Feature", "geometry": {"type": "LineString", "coordinates": [[12.8300398, 55.3973187], [12.8300274, 55.3973223]]}, "properties": {"t": "fall", "g": 17, "loop": null, "hole": 17, "slope_pct": 1.46, "bearing": 297.1}}, {"type": "Feature", "geometry": {"type": "Point", "coordinates": [12.8299815, 55.3974147]}, "properties": {"t": "aim", "g": 17, "loop": null, "hole": 17, "aim_bearing": 311.7, "slope_median": 1.27, "slope_max": 4.57, "n_cells": 42}}, {"type": "Feature", "geometry": {"type": "LineString", "coordinates": [[12.8275403, 55.3942273], [12.8275759, 55.3942341]]}, "properties": {"t": "fall", "g": 18, "loop": null, "hole": 18, "slope_pct": 3.95, "bearing": 71.5}}, {"type": "Feature", "geometry": {"type": "LineString", "coordinates": [[12.8275877, 55.3942282], [12.8275709, 55.3942337]]}, "properties": {"t": "fall", "g": 18, "loop": null, "hole": 18, "slope_pct": 2.04, "bearing": 300.0}}, {"type": "Feature", "geometry": {"type": "LineString", "coordinates": [[12.8274471, 55.3941987], [12.8274467, 55.3941848]]}, "properties": {"t": "fall", "g": 18, "loop": null, "hole": 18, "slope_pct": 2.59, "bearing": 181.0}}, {"type": "Feature", "geometry": {"type": "LineString", "coordinates": [[12.8274945, 55.3941996], [12.8275385, 55.3941971]]}, "properties": {"t": "fall", "g": 18, "loop": null, "hole": 18, "slope_pct": 4.66, "bearing": 95.6}}, {"type": "Feature", "geometry": {"type": "LineString", "coordinates": [[12.8275418, 55.3942004], [12.8275737, 55.3942073]]}, "properties": {"t": "fall", "g": 18, "loop": null, "hole": 18, "slope_pct": 3.6, "bearing": 69.2}}, {"type": "Feature", "geometry": {"type": "LineString", "coordinates": [[12.8275891, 55.3942012], [12.8275627, 55.3942121]]}, "properties": {"t": "fall", "g": 18, "loop": null, "hole": 18, "slope_pct": 3.43, "bearing": 305.8}}, {"type": "Feature", "geometry": {"type": "LineString", "coordinates": [[12.8274013, 55.3941709], [12.8274085, 55.3941841]]}, "properties": {"t": "fall", "g": 18, "loop": null, "hole": 18, "slope_pct": 2.55, "bearing": 17.2}}, {"type": "Feature", "geometry": {"type": "LineString", "coordinates": [[12.8274486, 55.3941718], [12.8274559, 55.3941733]]}, "properties": {"t": "fall", "g": 18, "loop": null, "hole": 18, "slope_pct": 0.81, "bearing": 70.2}}, {"type": "Feature", "geometry": {"type": "LineString", "coordinates": [[12.8274959, 55.3941726], [12.8275285, 55.3941713]]}, "properties": {"t": "fall", "g": 18, "loop": null, "hole": 18, "slope_pct": 3.44, "bearing": 94.1}}, {"type": "Feature", "geometry": {"type": "LineString", "coordinates": [[12.8275433, 55.3941735], [12.8275688, 55.3941724]]}, "properties": {"t": "fall", "g": 18, "loop": null, "hole": 18, "slope_pct": 2.7, "bearing": 94.1}}, {"type": "Feature", "geometry": {"type": "LineString", "coordinates": [[12.8275906, 55.3941743], [12.827564, 55.3941769]]}, "properties": {"t": "fall", "g": 18, "loop": null, "hole": 18, "slope_pct": 2.84, "bearing": 279.9}}, {"type": "Feature", "geometry": {"type": "LineString", "coordinates": [[12.8274028, 55.394144], [12.8274156, 55.394147]]}, "properties": {"t": "fall", "g": 18, "loop": null, "hole": 18, "slope_pct": 1.46, "bearing": 68.0}}, {"type": "Feature", "geometry": {"type": "LineString", "coordinates": [[12.8274501, 55.3941448], [12.8274747, 55.394143]]}, "properties": {"t": "fall", "g": 18, "loop": null, "hole": 18, "slope_pct": 2.62, "bearing": 97.6}}, {"type": "Feature", "geometry": {"type": "LineString", "coordinates": [[12.8274974, 55.3941457], [12.8275307, 55.3941372]]}, "properties": {"t": "fall", "g": 18, "loop": null, "hole": 18, "slope_pct": 3.84, "bearing": 114.1}}, {"type": "Feature", "geometry": {"type": "LineString", "coordinates": [[12.8275448, 55.3941465], [12.8275575, 55.3941463]]}, "properties": {"t": "fall", "g": 18, "loop": null, "hole": 18, "slope_pct": 1.34, "bearing": 91.6}}, {"type": "Feature", "geometry": {"type": "LineString", "coordinates": [[12.8275921, 55.3941474], [12.8275788, 55.3941485]]}, "properties": {"t": "fall", "g": 18, "loop": null, "hole": 18, "slope_pct": 1.42, "bearing": 278.6}}, {"type": "Feature", "geometry": {"type": "LineString", "coordinates": [[12.8276394, 55.3941482], [12.8276045, 55.3941339]]}, "properties": {"t": "fall", "g": 18, "loop": null, "hole": 18, "slope_pct": 4.54, "bearing": 234.1}}, {"type": "Feature", "geometry": {"type": "LineString", "coordinates": [[12.8274042, 55.3941171], [12.8274231, 55.3941071]]}, "properties": {"t": "fall", "g": 18, "loop": null, "hole": 18, "slope_pct": 2.72, "bearing": 133.1}}, {"type": "Feature", "geometry": {"type": "LineString", "coordinates": [[12.8274516, 55.3941179], [12.8274833, 55.3941074]]}, "properties": {"t": "fall", "g": 18, "loop": null, "hole": 18, "slope_pct": 3.87, "bearing": 120.3}}, {"type": "Feature", "geometry": {"type": "LineString", "coordinates": [[12.8274989, 55.3941188], [12.8275172, 55.3941182]]}, "properties": {"t": "fall", "g": 18, "loop": null, "hole": 18, "slope_pct": 1.93, "bearing": 92.9}}, {"type": "Feature", "geometry": {"type": "LineString", "coordinates": [[12.8275462, 55.3941196], [12.8275409, 55.3941307]]}, "properties": {"t": "fall", "g": 18, "loop": null, "hole": 18, "slope_pct": 2.14, "bearing": 344.9}}, {"type": "Feature", "geometry": {"type": "LineString", "coordinates": [[12.8275936, 55.3941204], [12.8275926, 55.3941323]]}, "properties": {"t": "fall", "g": 18, "loop": null, "hole": 18, "slope_pct": 2.21, "bearing": 357.3}}, {"type": "Feature", "geometry": {"type": "LineString", "coordinates": [[12.8276409, 55.3941213], [12.8276372, 55.3941261]]}, "properties": {"t": "fall", "g": 18, "loop": null, "hole": 18, "slope_pct": 0.98, "bearing": 336.8}}, {"type": "Feature", "geometry": {"type": "LineString", "coordinates": [[12.8276882, 55.3941221], [12.8276821, 55.3941096]]}, "properties": {"t": "fall", "g": 18, "loop": null, "hole": 18, "slope_pct": 2.41, "bearing": 195.5}}, {"type": "Feature", "geometry": {"type": "LineString", "coordinates": [[12.8274057, 55.3940901], [12.8274177, 55.3940768]]}, "properties": {"t": "fall", "g": 18, "loop": null, "hole": 18, "slope_pct": 2.78, "bearing": 153.0}}, {"type": "Feature", "geometry": {"type": "LineString", "coordinates": [[12.8274531, 55.394091], [12.827465, 55.394092]]}, "properties": {"t": "fall", "g": 18, "loop": null, "hole": 18, "slope_pct": 1.27, "bearing": 81.3}}, {"type": "Feature", "geometry": {"type": "LineString", "coordinates": [[12.8275004, 55.3940918], [12.8275013, 55.3941028]]}, "properties": {"t": "fall", "g": 18, "loop": null, "hole": 18, "slope_pct": 2.04, "bearing": 2.6}}, {"type": "Feature", "geometry": {"type": "LineString", "coordinates": [[12.8275477, 55.3940927], [12.827542, 55.3941025]]}, "properties": {"t": "fall", "g": 18, "loop": null, "hole": 18, "slope_pct": 1.92, "bearing": 341.9}}, {"type": "Feature", "geometry": {"type": "LineString", "coordinates": [[12.827595, 55.3940935], [12.827595, 55.3941037]]}, "properties": {"t": "fall", "g": 18, "loop": null, "hole": 18, "slope_pct": 1.9, "bearing": 359.7}}, {"type": "Feature", "geometry": {"type": "LineString", "coordinates": [[12.8276424, 55.3940943], [12.8276452, 55.3941056]]}, "properties": {"t": "fall", "g": 18, "loop": null, "hole": 18, "slope_pct": 2.1, "bearing": 8.1}}, {"type": "Feature", "geometry": {"type": "LineString", "coordinates": [[12.8276897, 55.3940952], [12.8277019, 55.3941093]]}, "properties": {"t": "fall", "g": 18, "loop": null, "hole": 18, "slope_pct": 2.92, "bearing": 26.2}}, {"type": "Feature", "geometry": {"type": "LineString", "coordinates": [[12.827737, 55.394096], [12.8277418, 55.3940987]]}, "properties": {"t": "fall", "g": 18, "loop": null, "hole": 18, "slope_pct": 0.71, "bearing": 45.2}}, {"type": "Feature", "geometry": {"type": "LineString", "coordinates": [[12.8274072, 55.3940632], [12.8273982, 55.3940615]]}, "properties": {"t": "fall", "g": 18, "loop": null, "hole": 18, "slope_pct": 1.0, "bearing": 251.3}}, {"type": "Feature", "geometry": {"type": "LineString", "coordinates": [[12.8274545, 55.394064], [12.8274452, 55.3940729]]}, "properties": {"t": "fall", "g": 18, "loop": null, "hole": 18, "slope_pct": 1.91, "bearing": 329.0}}, {"type": "Feature", "geometry": {"type": "LineString", "coordinates": [[12.8275019, 55.3940649], [12.827505, 55.3940751]]}, "properties": {"t": "fall", "g": 18, "loop": null, "hole": 18, "slope_pct": 1.93, "bearing": 10.0}}, {"type": "Feature", "geometry": {"type": "LineString", "coordinates": [[12.8275492, 55.3940657], [12.8275475, 55.3940729]]}, "properties": {"t": "fall", "g": 18, "loop": null, "hole": 18, "slope_pct": 1.34, "bearing": 352.4}}, {"type": "Feature", "geometry": {"type": "LineString", "coordinates": [[12.8275965, 55.3940666], [12.8275963, 55.3940721]]}, "properties": {"t": "fall", "g": 18, "loop": null, "hole": 18, "slope_pct": 1.03, "bearing": 358.8}}, {"type": "Feature", "geometry": {"type": "LineString", "coordinates": [[12.8276438, 55.3940674], [12.8276428, 55.3940736]]}, "properties": {"t": "fall", "g": 18, "loop": null, "hole": 18, "slope_pct": 1.15, "bearing": 354.5}}, {"type": "Feature", "geometry": {"type": "LineString", "coordinates": [[12.8276912, 55.3940682], [12.8276981, 55.3940763]]}, "properties": {"t": "fall", "g": 18, "loop": null, "hole": 18, "slope_pct": 1.66, "bearing": 26.1}}, {"type": "Feature", "geometry": {"type": "LineString", "coordinates": [[12.8277385, 55.3940691], [12.8277528, 55.3940827]]}, "properties": {"t": "fall", "g": 18, "loop": null, "hole": 18, "slope_pct": 2.94, "bearing": 30.8}}, {"type": "Feature", "geometry": {"type": "LineString", "coordinates": [[12.8277858, 55.3940699], [12.827833, 55.3940671]]}, "properties": {"t": "fall", "g": 18, "loop": null, "hole": 18, "slope_pct": 9.11, "bearing": 96.1}}, {"type": "Feature", "geometry": {"type": "LineString", "coordinates": [[12.8274087, 55.3940363], [12.8273923, 55.3940437]]}, "properties": {"t": "fall", "g": 18, "loop": null, "hole": 18, "slope_pct": 2.2, "bearing": 308.6}}, {"type": "Feature", "geometry": {"type": "LineString", "coordinates": [[12.827456, 55.3940371], [12.8274369, 55.3940476]]}, "properties": {"t": "fall", "g": 18, "loop": null, "hole": 18, "slope_pct": 2.8, "bearing": 314.1}}, {"type": "Feature", "geometry": {"type": "LineString", "coordinates": [[12.8275033, 55.3940379], [12.827508, 55.3940504]]}, "properties": {"t": "fall", "g": 18, "loop": null, "hole": 18, "slope_pct": 2.37, "bearing": 11.9}}, {"type": "Feature", "geometry": {"type": "LineString", "coordinates": [[12.8275507, 55.3940388], [12.8275548, 55.3940505]]}, "properties": {"t": "fall", "g": 18, "loop": null, "hole": 18, "slope_pct": 2.23, "bearing": 11.3}}, {"type": "Feature", "geometry": {"type": "LineString", "coordinates": [[12.827598, 55.3940396], [12.827597, 55.3940487]]}, "properties": {"t": "fall", "g": 18, "loop": null, "hole": 18, "slope_pct": 1.69, "bearing": 356.4}}, {"type": "Feature", "geometry": {"type": "LineString", "coordinates": [[12.8276453, 55.3940405], [12.8276467, 55.3940478]]}, "properties": {"t": "fall", "g": 18, "loop": null, "hole": 18, "slope_pct": 1.37, "bearing": 6.2}}, {"type": "Feature", "geometry": {"type": "LineString", "coordinates": [[12.8276927, 55.3940413], [12.8276954, 55.3940469]]}, "properties": {"t": "fall", "g": 18, "loop": null, "hole": 18, "slope_pct": 1.07, "bearing": 15.5}}, {"type": "Feature", "geometry": {"type": "LineString", "coordinates": [[12.82774, 55.3940421], [12.8277445, 55.3940516]]}, "properties": {"t": "fall", "g": 18, "loop": null, "hole": 18, "slope_pct": 1.81, "bearing": 15.2}}, {"type": "Feature", "geometry": {"type": "LineString", "coordinates": [[12.8277873, 55.394043], [12.8278224, 55.3940611]]}, "properties": {"t": "fall", "g": 18, "loop": null, "hole": 18, "slope_pct": 8.85, "bearing": 47.7}}, {"type": "Feature", "geometry": {"type": "LineString", "coordinates": [[12.8274575, 55.3940102], [12.8274352, 55.3940137]]}, "properties": {"t": "fall", "g": 18, "loop": null, "hole": 18, "slope_pct": 2.44, "bearing": 285.7}}, {"type": "Feature", "geometry": {"type": "LineString", "coordinates": [[12.8275048, 55.394011], [12.8275091, 55.3940187]]}, "properties": {"t": "fall", "g": 18, "loop": null, "hole": 18, "slope_pct": 1.49, "bearing": 17.6}}, {"type": "Feature", "geometry": {"type": "LineString", "coordinates": [[12.8275521, 55.3940118], [12.8275551, 55.394022]]}, "properties": {"t": "fall", "g": 18, "loop": null, "hole": 18, "slope_pct": 1.91, "bearing": 9.2}}, {"type": "Feature", "geometry": {"type": "LineString", "coordinates": [[12.8275995, 55.3940127], [12.8276038, 55.3940224]]}, "properties": {"t": "fall", "g": 18, "loop": null, "hole": 18, "slope_pct": 1.86, "bearing": 14.2}}, {"type": "Feature", "geometry": {"type": "LineString", "coordinates": [[12.8276468, 55.3940135], [12.8276523, 55.3940202]]}, "properties": {"t": "fall", "g": 18, "loop": null, "hole": 18, "slope_pct": 1.37, "bearing": 24.7}}, {"type": "Feature", "geometry": {"type": "LineString", "coordinates": [[12.8276941, 55.3940144], [12.8276957, 55.3940218]]}, "properties": {"t": "fall", "g": 18, "loop": null, "hole": 18, "slope_pct": 1.39, "bearing": 6.9}}, {"type": "Feature", "geometry": {"type": "LineString", "coordinates": [[12.8277415, 55.3940152], [12.8277458, 55.3940198]]}, "properties": {"t": "fall", "g": 18, "loop": null, "hole": 18, "slope_pct": 0.96, "bearing": 28.4}}, {"type": "Feature", "geometry": {"type": "LineString", "coordinates": [[12.8275063, 55.3939841], [12.827495, 55.3939769]]}, "properties": {"t": "fall", "g": 18, "loop": null, "hole": 18, "slope_pct": 1.79, "bearing": 221.8}}, {"type": "Feature", "geometry": {"type": "LineString", "coordinates": [[12.827601, 55.3939857], [12.8276058, 55.3939883]]}, "properties": {"t": "fall", "g": 18, "loop": null, "hole": 18, "slope_pct": 0.69, "bearing": 47.1}}, {"type": "Feature", "geometry": {"type": "LineString", "coordinates": [[12.8276483, 55.3939866], [12.8276538, 55.3939909]]}, "properties": {"t": "fall", "g": 18, "loop": null, "hole": 18, "slope_pct": 0.99, "bearing": 36.1}}, {"type": "Feature", "geometry": {"type": "LineString", "coordinates": [[12.8276956, 55.3939874], [12.8277009, 55.3939904]]}, "properties": {"t": "fall", "g": 18, "loop": null, "hole": 18, "slope_pct": 0.78, "bearing": 45.5}}, {"type": "Feature", "geometry": {"type": "LineString", "coordinates": [[12.8277429, 55.3939883], [12.8277601, 55.3939824]]}, "properties": {"t": "fall", "g": 18, "loop": null, "hole": 18, "slope_pct": 2.11, "bearing": 121.0}}, {"type": "Feature", "geometry": {"type": "LineString", "coordinates": [[12.8276024, 55.3939588], [12.8276001, 55.3939354]]}, "properties": {"t": "fall", "g": 18, "loop": null, "hole": 18, "slope_pct": 4.36, "bearing": 183.2}}, {"type": "Feature", "geometry": {"type": "LineString", "coordinates": [[12.8276498, 55.3939596], [12.8276577, 55.3939374]]}, "properties": {"t": "fall", "g": 18, "loop": null, "hole": 18, "slope_pct": 4.2, "bearing": 168.6}}, {"type": "Feature", "geometry": {"type": "Point", "coordinates": [12.8275668, 55.3940866]}, "properties": {"t": "aim", "g": 18, "loop": null, "hole": 18, "aim_bearing": 47.6, "slope_median": 2.04, "slope_max": 9.11, "n_cells": 64}}], "grids": {"None|1": {"ny": 30, "nx": 24, "lat0": 55.3950622, "lon0": 12.8267264, "dLat": 8.983e-06, "dLon": 1.5818e-05, "slope": [6.3, 6.1, 6.4, 6.7, 6.8, 7.3, 7.8, 7.8, 8.2, 9.4, 10.5, 10.1, 8.6, 7.0, 5.9, 5.2, 4.8, 5.2, 5.8, 5.9, 6.2, 6.6, 6.6, 6.6, 6.7, 6.3, 6.1, 6.4, 6.7, 6.9, 7.6, 7.7, 7.7, 8.2, 8.5, 7.8, 6.3, 5.0, 4.2, 3.8, 4.1, 5.1, 5.8, 6.1, 6.6, 6.6, 6.6, 6.4, 7.1, 6.7, 6.3, 6.1, 6.4, 6.9, 7.3, 7.2, 6.7, 6.2, 5.5, 4.6, 3.6, 3.0, 2.7, 2.8, 3.7, 4.9, 6.0, 6.6, 6.6, 6.6, 6.4, 6.2, 7.3, 7.1, 6.8, 6.4, 6.0, 6.2, 6.1, 5.7, 5.0, 4.1, 3.1, 2.2, 1.7, 1.5, 1.5, 1.9, 2.8, 4.2, 5.5, 6.4, 6.7, 6.5, 6.2, 6.2, 7.4, 7.3, 7.1, 6.6, 5.6, 5.0, 4.4, 3.9, 3.5, 2.9, 2.1, 1.2, 0.6, 0.6, 0.8, 1.0, 1.5, 2.7, 4.4, 6.1, 6.8, 6.3, 6.3, 5.9, 7.4, 7.4, 7.2, 6.0, 4.8, 3.9, 3.1, 2.7, 2.6, 2.4, 1.9, 1.1, 0.7, 0.7, 0.8, 0.6, 0.4, 1.1, 2.7, 5.0, 6.8, 6.9, 6.4, 5.6, 6.7, 6.6, 6.2, 4.9, 4.0, 3.1, 2.3, 2.1, 2.3, 2.3, 1.9, 1.3, 0.9, 0.9, 1.0, 1.0, 0.6, 0.4, 1.2, 3.6, 6.1, 6.9, 5.8, 5.8, 6.0, 5.8, 4.9, 4.1, 3.4, 2.5, 1.8, 1.8, 2.2, 2.3, 1.9, 1.3, 1.0, 1.0, 1.1, 1.2, 1.1, 0.8, 0.8, 2.4, 5.2, 6.9, 6.6, 6.7, 5.4, 5.2, 4.0, 3.4, 2.8, 2.0, 1.5, 1.6, 2.0, 2.2, 1.9, 1.4, 1.1, 1.1, 1.2, 1.2, 1.2, 1.1, 1.1, 2.1, 4.5, 6.8, 7.4, 7.4, 4.3, 4.2, 3.2, 2.7, 2.3, 1.7, 1.4, 1.5, 1.9, 2.1, 1.9, 1.4, 1.2, 1.2, 1.3, 1.3, 1.3, 1.2, 1.5, 2.3, 4.2, 6.4, 7.4, 7.4, 4.0, 3.3, 2.5, 2.2, 1.9, 1.6, 1.4, 1.6, 1.9, 2.0, 1.8, 1.5, 1.2, 1.2, 1.3, 1.4, 1.4, 1.4, 1.7, 2.4, 3.8, 5.3, 6.5, 6.4, 4.2, 2.6, 1.9, 1.7, 1.6, 1.6, 1.6, 1.8, 2.0, 2.0, 1.7, 1.4, 1.2, 1.1, 1.2, 1.3, 1.3, 1.3, 1.8, 2.6, 3.4, 3.8, 4.6, 4.5, 4.0, 2.2, 1.5, 1.3, 1.4, 1.5, 1.7, 1.9, 2.2, 2.0, 1.7, 1.4, 1.1, 0.9, 1.0, 1.1, 1.1, 1.3, 1.8, 2.7, 3.2, 2.6, 2.6, 2.6, 3.7, 2.0, 1.2, 1.0, 1.2, 1.3, 1.6, 1.9, 2.2, 2.1, 1.7, 1.5, 1.2, 1.0, 0.9, 0.9, 0.9, 1.3, 2.0, 3.0, 3.6, 3.6, 3.5, 2.8, 3.6, 1.9, 1.0, 0.9, 1.0, 1.2, 1.4, 1.8, 2.1, 2.0, 1.8, 1.7, 1.6, 1.4, 1.2, 1.0, 1.0, 1.6, 2.4, 3.6, 5.1, 6.5, 6.5, 3.7, 3.5, 1.9, 0.9, 0.7, 0.8, 1.0, 1.3, 1.7, 1.9, 1.9, 1.9, 1.9, 2.0, 1.9, 1.7, 1.3, 1.3, 2.1, 3.0, 4.4, 7.1, 7.3, 6.7, 6.5, 3.5, 2.1, 1.0, 0.6, 0.7, 0.9, 1.2, 1.6, 1.8, 1.9, 1.9, 2.0, 2.1, 2.2, 2.2, 1.7, 1.9, 2.9, 3.9, 4.0, 6.7, 7.3, 7.3, 6.7, 3.0, 2.4, 1.2, 0.7, 0.8, 1.0, 1.2, 1.5, 1.8, 1.9, 1.9, 1.9, 2.0, 2.3, 2.4, 2.2, 3.0, 4.3, 5.3, 5.3, 5.3, 6.7, 7.2, 7.3, 2.9, 2.9, 1.6, 1.0, 1.1, 1.2, 1.3, 1.5, 1.8, 1.9, 1.9, 1.9, 1.9, 2.2, 2.7, 3.8, 5.9, 7.7, 7.9, 5.9, 5.3, 5.3, 6.6, 7.2, 3.7, 3.7, 2.1, 1.3, 1.2, 1.3, 1.4, 1.5, 1.7, 1.8, 1.9, 1.9, 2.0, 2.5, 4.1, 7.5, 11.4, 12.4, 9.3, 8.0, 6.1, 5.4, 5.3, 6.5, 4.4, 4.4, 2.7, 1.5, 1.2, 1.2, 1.2, 1.4, 1.6, 1.8, 1.9, 2.0, 2.4, 3.6, 7.0, 12.3, 16.8, 17.7, 17.7, 10.9, 9.2, 7.8, 5.8, 5.3, 4.7, 4.7, 3.3, 1.9, 1.4, 1.3, 1.2, 1.3, 1.5, 1.7, 2.0, 2.3, 3.0, 5.2, 9.8, 15.2, 17.9, 18.2, 18.0, 17.9, 17.8, 17.7, 9.7, 7.3, 4.6, 4.5, 3.9, 2.9, 2.1, 1.8, 1.6, 1.5, 1.6, 1.8, 2.2, 2.7, 3.7, 6.3, 10.9, 15.0, 14.9, 14.2, 14.1, 14.0, 13.9, 13.8, 13.7, 13.6, 4.9, 4.8, 4.9, 4.0, 3.1, 2.6, 2.2, 1.9, 1.8, 2.0, 2.4, 3.0, 4.2, 6.8, 10.4, 13.1, 11.7, 10.7, 10.7, 10.7, 10.7, 10.7, 10.7, 10.7, 5.4, 5.4, 5.4, 4.8, 4.1, 3.5, 2.9, 2.4, 2.2, 2.2, 2.5, 3.2, 4.5, 6.5, 8.8, 10.3, 10.6, 10.6, 10.6, 10.7, 10.7, 10.7, 10.7, 10.7, 5.4, 5.4, 5.2, 4.9, 4.7, 4.3, 3.7, 3.1, 2.7, 2.6, 2.7, 3.3, 4.4, 5.7, 6.8, 7.4, 7.4, 7.3, 9.1, 10.2, 10.0, 10.4, 10.7, 10.7, 5.4, 5.2, 4.9, 4.9, 4.9, 4.7, 4.5, 4.2, 3.7, 3.2, 3.0, 3.3, 4.1, 4.8, 5.0, 4.8, 4.7, 4.7, 4.7, 4.7, 4.7, 7.6, 9.6, 9.4, 5.2, 4.9, 4.8, 4.9, 5.0, 4.8, 4.8, 4.6, 4.4, 4.1, 3.5, 3.3, 3.7, 4.0, 3.8, 3.5, 4.1, 4.6, 4.7, 4.7, 4.7, 4.7, 4.7, 4.7, 5.0, 4.8, 4.9, 5.0, 4.9, 4.9, 4.9, 4.8, 4.7, 4.3, 3.7, 3.4, 3.3, 3.3, 3.3, 3.4, 3.5, 4.1, 4.6, 4.7, 4.7, 4.7, 4.7, 4.7, 4.8, 4.9, 5.0, 5.0, 4.9, 4.9, 4.9, 4.8, 4.8, 4.3, 3.6, 3.4, 3.2, 3.2, 3.2, 3.2, 3.4, 3.5, 4.0, 4.6, 4.7, 4.7, 4.7, 4.7]}, "None|2": {"ny": 40, "nx": 29, "lat0": 55.3986491, "lon0": 12.8283201, "dLat": 8.983e-06, "dLon": 1.5819e-05, "slope": [9.6, 9.6, 9.6, 9.6, 9.3, 8.6, 8.2, 7.6, 7.3, 6.6, 6.3, 6.0, 5.6, 5.4, 5.3, 5.0, 5.7, 6.0, 5.8, 5.1, 4.8, 4.8, 4.0, 1.5, 0.9, 1.9, 1.5, 1.3, 1.3, 9.6, 9.6, 9.6, 9.6, 9.6, 9.4, 8.7, 8.2, 7.6, 7.3, 6.6, 5.5, 4.6, 4.2, 4.1, 4.6, 5.6, 5.8, 5.1, 4.8, 4.8, 4.9, 2.0, 0.9, 1.4, 2.0, 1.5, 1.3, 1.3, 10.0, 9.7, 9.6, 9.6, 9.6, 9.6, 9.4, 8.7, 8.3, 7.7, 6.3, 4.7, 3.6, 3.0, 3.0, 3.5, 4.4, 4.7, 4.8, 4.8, 4.9, 4.4, 1.8, 0.9, 2.4, 2.4, 1.5, 1.3, 1.3, 10.3, 10.1, 10.0, 9.8, 9.6, 9.6, 9.6, 9.4, 8.7, 7.3, 5.6, 4.1, 2.9, 2.2, 2.1, 2.6, 3.5, 4.0, 4.6, 4.9, 5.1, 2.3, 0.9, 1.4, 2.6, 2.4, 1.6, 1.3, 1.3, 10.4, 10.3, 10.3, 10.1, 10.1, 9.8, 9.6, 9.6, 8.6, 6.8, 5.1, 3.7, 2.6, 1.7, 1.4, 1.8, 2.6, 3.1, 3.8, 4.4, 4.4, 2.1, 0.9, 2.4, 3.1, 2.5, 1.6, 1.3, 1.3, 10.6, 10.5, 10.4, 10.3, 10.3, 10.2, 10.1, 9.7, 8.4, 6.5, 5.0, 3.8, 2.7, 1.7, 1.0, 1.0, 1.4, 1.8, 2.1, 2.2, 1.7, 1.3, 1.4, 2.6, 3.1, 2.5, 1.6, 1.3, 1.3, 10.7, 10.7, 10.6, 10.6, 10.4, 10.3, 10.3, 9.6, 8.1, 6.4, 5.0, 4.0, 3.0, 2.2, 1.6, 0.9, 0.5, 0.5, 0.7, 0.9, 1.5, 2.2, 2.7, 3.0, 3.1, 2.7, 2.0, 1.6, 1.7, 10.7, 10.7, 10.7, 10.7, 10.6, 10.6, 10.2, 9.2, 7.7, 6.1, 4.8, 3.7, 2.9, 2.4, 2.0, 1.6, 1.1, 0.8, 0.9, 1.4, 2.1, 2.4, 2.5, 2.7, 3.0, 3.0, 2.6, 2.3, 2.3, 8.0, 9.2, 10.7, 10.7, 10.7, 10.7, 9.9, 8.3, 6.9, 5.6, 4.2, 3.1, 2.4, 2.1, 2.0, 1.9, 1.6, 1.4, 1.4, 1.7, 2.1, 2.1, 1.9, 2.1, 2.5, 2.9, 2.8, 2.7, 2.7, 6.1, 6.9, 7.7, 8.7, 9.9, 9.9, 8.8, 7.0, 5.8, 4.8, 3.4, 2.2, 1.7, 1.6, 1.7, 1.8, 1.8, 1.7, 1.7, 1.7, 1.8, 1.6, 1.4, 1.6, 2.1, 2.6, 2.7, 2.7, 2.6, 7.8, 6.1, 6.1, 6.6, 7.1, 7.3, 6.8, 5.2, 4.4, 3.8, 2.5, 1.3, 0.9, 1.1, 1.3, 1.5, 1.8, 1.9, 1.8, 1.7, 1.6, 1.3, 1.1, 1.2, 1.6, 2.1, 2.3, 2.3, 2.3, 10.2, 9.1, 8.0, 6.1, 6.1, 5.3, 3.8, 3.0, 2.8, 2.7, 1.7, 0.6, 0.4, 0.7, 1.0, 1.4, 1.7, 1.8, 1.8, 1.6, 1.4, 1.2, 1.0, 1.0, 1.3, 1.6, 1.9, 2.0, 2.0, 11.0, 11.0, 10.4, 9.4, 8.3, 4.8, 1.8, 0.9, 1.4, 1.9, 1.4, 0.5, 0.2, 0.6, 1.1, 1.5, 1.7, 1.7, 1.7, 1.6, 1.4, 1.2, 1.0, 1.0, 1.2, 1.5, 1.8, 1.9, 1.9, 11.0, 11.0, 11.0, 11.0, 9.8, 6.3, 3.3, 1.6, 1.4, 1.6, 1.4, 0.8, 0.5, 0.9, 1.2, 1.3, 1.4, 1.4, 1.5, 1.6, 1.5, 1.3, 1.1, 1.0, 1.2, 1.4, 1.7, 1.8, 1.8, 10.7, 10.7, 10.5, 10.5, 9.7, 7.2, 4.5, 2.5, 1.7, 1.7, 1.5, 1.1, 1.0, 1.1, 1.1, 0.9, 0.9, 1.0, 1.2, 1.4, 1.5, 1.3, 1.1, 1.0, 1.1, 1.3, 1.4, 1.5, 1.5, 10.5, 10.5, 10.5, 10.3, 9.3, 7.2, 4.7, 2.6, 1.7, 1.6, 1.5, 1.3, 1.3, 1.5, 1.3, 0.8, 0.4, 0.6, 0.8, 1.1, 1.3, 1.3, 1.1, 0.9, 0.9, 1.1, 1.2, 1.2, 1.2, 10.5, 10.5, 10.6, 10.5, 9.5, 7.5, 4.9, 2.5, 1.4, 1.2, 1.3, 1.1, 1.3, 1.7, 1.7, 1.1, 0.6, 0.5, 0.8, 1.1, 1.2, 1.2, 1.1, 0.9, 0.7, 0.9, 1.0, 1.1, 1.1, 10.5, 10.5, 10.6, 10.9, 10.0, 7.6, 4.7, 2.4, 1.3, 1.1, 1.0, 0.8, 0.9, 1.5, 1.7, 1.4, 1.0, 0.8, 1.0, 1.2, 1.1, 1.0, 1.1, 0.9, 0.6, 0.8, 0.9, 0.8, 0.8, 10.6, 10.6, 10.7, 11.2, 10.0, 7.3, 4.2, 2.2, 1.4, 1.2, 1.1, 0.8, 0.9, 1.3, 1.7, 1.6, 1.3, 1.2, 1.2, 1.1, 0.8, 0.7, 1.0, 0.9, 0.5, 0.9, 1.3, 1.3, 1.3, 10.0, 10.1, 10.7, 11.0, 9.4, 6.5, 3.6, 1.8, 1.1, 1.0, 1.0, 1.0, 1.1, 1.4, 1.6, 1.6, 1.5, 1.3, 1.1, 0.8, 0.4, 0.6, 1.1, 1.3, 1.3, 1.9, 2.8, 3.4, 3.5, 9.6, 9.7, 10.4, 10.2, 8.3, 5.5, 3.2, 1.7, 0.8, 0.7, 0.8, 0.9, 1.1, 1.4, 1.5, 1.5, 1.3, 1.2, 1.0, 0.5, 0.3, 1.1, 1.8, 2.2, 2.7, 3.4, 4.3, 4.9, 4.9, 9.1, 9.2, 9.6, 9.1, 7.2, 4.8, 3.0, 1.7, 0.8, 0.6, 0.8, 0.8, 0.9, 1.2, 1.3, 1.2, 1.0, 1.0, 0.9, 0.6, 0.8, 1.7, 2.5, 3.1, 3.6, 4.2, 4.6, 4.7, 4.7, 7.7, 8.1, 8.4, 8.0, 6.5, 4.5, 2.9, 1.6, 0.8, 0.7, 0.8, 0.7, 0.8, 1.1, 1.2, 0.9, 0.8, 0.8, 0.8, 0.7, 1.1, 2.1, 3.0, 3.6, 3.8, 3.9, 3.8, 3.2, 3.2, 6.9, 6.9, 7.3, 7.3, 6.3, 4.7, 3.0, 1.6, 0.9, 0.8, 0.8, 0.6, 0.6, 1.0, 1.2, 0.9, 0.7, 0.7, 0.7, 0.6, 1.1, 2.3, 3.3, 3.8, 3.6, 3.2, 2.5, 1.7, 1.6, 6.5, 6.2, 6.7, 7.1, 6.4, 4.9, 3.0, 1.4, 0.8, 0.7, 0.7, 0.5, 0.4, 0.9, 1.1, 0.9, 0.7, 0.8, 0.7, 0.6, 1.2, 2.5, 3.6, 3.9, 3.4, 2.6, 1.7, 0.8, 0.8, 6.0, 5.8, 6.5, 7.1, 6.6, 4.9, 2.8, 1.2, 0.5, 0.4, 0.4, 0.3, 0.3, 0.7, 1.0, 0.8, 1.0, 1.2, 1.2, 1.1, 1.7, 3.1, 4.1, 4.2, 3.4, 2.4, 1.5, 0.8, 0.8, 5.8, 5.9, 6.9, 7.5, 6.6, 4.5, 2.3, 0.8, 0.2, 0.3, 0.6, 0.8, 0.9, 1.0, 1.1, 1.2, 1.6, 2.0, 2.3, 2.5, 3.1, 4.1, 4.7, 4.5, 3.8, 2.8, 2.2, 1.9, 1.9, 5.7, 6.2, 7.4, 7.8, 6.5, 3.9, 1.7, 0.4, 0.5, 0.9, 1.3, 1.6, 1.7, 1.8, 2.0, 2.4, 2.8, 3.1, 3.5, 4.0, 4.5, 4.8, 4.9, 4.7, 4.1, 3.7, 3.7, 3.7, 3.7, 5.5, 6.3, 7.7, 7.9, 5.9, 3.0, 0.8, 0.6, 1.2, 1.7, 2.0, 2.1, 2.3, 2.6, 3.0, 3.5, 3.6, 3.7, 3.8, 4.1, 4.2, 4.1, 4.2, 4.3, 4.3, 4.3, 4.6, 4.7, 4.7, 5.1, 6.2, 7.6, 7.7, 5.7, 3.0, 1.7, 1.9, 2.4, 2.5, 2.4, 2.2, 2.4, 2.9, 3.3, 3.6, 3.6, 3.4, 3.0, 2.5, 2.2, 2.4, 3.1, 3.8, 4.4, 4.6, 4.6, 4.7, 4.7, 4.3, 5.6, 7.1, 7.8, 6.9, 5.4, 4.4, 4.1, 3.8, 3.2, 2.5, 2.0, 2.0, 2.3, 2.6, 2.8, 2.7, 2.5, 1.9, 0.9, 0.7, 1.8, 3.1, 4.0, 4.6, 4.7, 4.7, 4.6, 4.6, 3.7, 4.9, 6.6, 8.0, 8.5, 8.0, 7.1, 6.1, 5.0, 3.8, 2.6, 1.7, 1.2, 1.3, 1.7, 1.9, 1.9, 1.9, 2.0, 1.5, 0.9, 2.2, 3.6, 3.9, 4.6, 4.7, 4.7, 4.7, 4.7, 3.5, 4.5, 6.0, 7.6, 8.6, 8.7, 8.1, 6.9, 5.5, 4.3, 3.2, 2.0, 0.8, 0.8, 1.3, 1.7, 1.6, 1.9, 2.7, 3.0, 2.8, 3.4, 3.6, 3.8, 4.3, 4.7, 4.7, 4.7, 4.7, 4.1, 4.5, 5.4, 6.5, 7.2, 7.4, 7.0, 6.2, 5.4, 4.7, 4.0, 2.8, 1.3, 0.8, 1.6, 2.2, 2.2, 2.6, 3.6, 4.6, 4.8, 3.9, 3.6, 3.6, 3.8, 4.5, 4.7, 4.7, 4.7, 4.6, 4.6, 4.6, 5.0, 5.4, 5.5, 5.4, 5.2, 5.0, 4.9, 4.5, 3.6, 2.1, 1.2, 2.0, 3.0, 3.3, 3.6, 4.5, 4.8, 4.8, 4.2, 3.7, 3.6, 3.6, 4.1, 4.6, 4.7, 4.7, 4.6, 4.5, 4.3, 4.0, 4.1, 4.2, 4.2, 4.3, 4.7, 5.0, 5.0, 4.2, 3.0, 2.2, 2.9, 4.1, 4.6, 4.6, 4.6, 4.7, 4.8, 4.8, 4.0, 3.6, 3.6, 3.6, 4.4, 4.7, 4.7, 4.5, 4.3, 3.9, 3.6, 3.7, 3.6, 3.4, 3.7, 4.3, 5.0, 5.3, 4.7, 3.7, 3.3, 4.1, 5.2, 5.6, 5.0, 4.6, 4.6, 4.7, 4.8, 4.2, 3.7, 3.6, 3.6, 4.1, 4.6, 4.7, 4.3, 4.0, 3.6, 3.5, 3.4, 3.3, 3.3, 3.3, 3.7, 4.7, 5.2, 4.9, 4.2, 4.2, 5.1, 5.6, 5.6, 5.1, 4.7, 4.6, 4.6, 4.7, 4.8, 4.1, 3.6, 3.6, 3.6, 4.0, 4.2, 4.0, 3.6, 3.5, 3.4, 3.3, 3.2, 3.2, 3.1, 3.6, 4.6, 5.2, 4.9, 4.2, 4.5, 4.9, 5.3, 5.6, 5.6, 5.0, 4.6, 4.6, 4.6, 4.7, 4.3, 3.8, 3.6, 3.6, 3.6, 3.6, 3.6, 3.5, 3.5, 3.3, 3.2, 3.2, 3.1, 3.1, 3.6, 4.5, 5.2, 4.9, 4.7, 4.9, 4.9, 4.9, 5.2, 5.5, 5.1, 4.7, 4.6, 4.6, 4.6, 4.7, 4.3, 3.8, 3.6, 3.6, 3.6]}, "None|3": {"ny": 31, "nx": 38, "lat0": 55.4025468, "lon0": 12.8322519, "dLat": 8.983e-06, "dLon": 1.5821e-05, "slope": [3.6, 3.3, 3.3, 3.1, 3.3, 3.8, 4.4, 5.6, 6.5, 7.2, 7.6, 7.2, 6.5, 7.4, 7.4, 6.7, 5.3, 4.7, 3.8, 3.8, 4.3, 6.7, 9.7, 10.1, 10.1, 10.0, 9.8, 9.7, 9.3, 8.5, 7.9, 8.1, 8.7, 8.9, 8.7, 8.7, 8.7, 8.7, 3.7, 3.6, 3.3, 3.3, 3.2, 3.8, 4.0, 4.1, 4.3, 4.7, 5.1, 5.5, 6.2, 7.1, 6.8, 5.3, 4.8, 3.8, 3.8, 3.8, 4.8, 9.5, 9.6, 10.1, 10.1, 10.0, 9.8, 9.7, 9.3, 8.5, 7.9, 8.1, 8.7, 8.9, 8.7, 8.7, 8.7, 8.7, 3.9, 3.7, 3.6, 3.3, 2.9, 2.7, 2.6, 1.9, 1.2, 1.1, 1.4, 1.7, 2.3, 3.5, 4.9, 4.9, 3.8, 3.8, 3.7, 3.9, 5.7, 9.5, 9.6, 10.1, 10.1, 10.0, 9.8, 9.7, 9.4, 8.5, 7.9, 8.1, 8.7, 9.0, 8.7, 8.7, 8.7, 8.7, 4.0, 3.9, 3.6, 2.7, 1.6, 1.5, 2.1, 2.0, 1.5, 1.2, 1.1, 1.2, 1.1, 0.9, 1.6, 3.5, 3.5, 3.7, 3.4, 4.3, 8.5, 9.5, 9.6, 10.1, 10.1, 10.0, 9.8, 9.7, 9.4, 8.6, 7.9, 8.1, 8.7, 9.0, 8.7, 8.7, 8.7, 8.7, 4.0, 4.0, 3.3, 1.9, 1.0, 1.2, 1.9, 2.1, 1.7, 1.4, 1.3, 1.3, 1.5, 1.5, 1.1, 1.5, 2.1, 3.4, 3.7, 5.2, 8.4, 9.5, 9.6, 10.1, 10.1, 10.0, 9.8, 9.8, 9.4, 8.6, 7.9, 8.1, 8.7, 9.0, 8.7, 8.7, 8.7, 8.8, 4.1, 3.8, 2.7, 1.7, 1.2, 1.2, 1.6, 1.8, 1.5, 1.3, 1.2, 1.1, 1.2, 1.4, 1.4, 1.3, 3.1, 3.6, 4.5, 6.4, 8.4, 9.5, 9.6, 10.1, 10.1, 10.0, 9.8, 9.8, 9.4, 8.6, 7.9, 8.0, 8.7, 9.0, 8.7, 8.7, 8.8, 9.2, 4.2, 3.4, 2.3, 1.7, 1.4, 1.2, 1.5, 1.6, 1.3, 1.1, 1.1, 1.0, 1.0, 1.0, 1.2, 1.2, 2.0, 3.8, 4.3, 6.3, 8.3, 9.5, 9.5, 9.7, 10.1, 10.0, 9.8, 9.8, 9.5, 8.6, 7.9, 8.0, 8.7, 9.0, 8.7, 8.7, 9.2, 9.3, 4.0, 2.9, 1.9, 1.5, 1.3, 1.4, 1.6, 1.6, 1.2, 1.0, 1.0, 1.1, 1.0, 0.9, 1.2, 1.6, 1.8, 2.1, 3.2, 5.1, 7.2, 8.6, 9.0, 9.0, 9.7, 9.4, 9.1, 8.8, 8.3, 7.4, 6.7, 6.9, 7.9, 8.8, 9.2, 9.2, 9.3, 9.3, 3.7, 2.5, 1.6, 1.3, 1.3, 1.6, 1.8, 1.7, 1.2, 0.8, 0.9, 1.1, 1.1, 1.1, 1.7, 2.5, 2.9, 2.6, 1.6, 2.1, 3.3, 5.0, 6.4, 7.1, 7.1, 6.8, 6.3, 5.7, 5.2, 4.4, 3.9, 4.1, 5.2, 6.7, 8.3, 9.3, 9.3, 9.3, 3.6, 2.3, 1.3, 1.1, 1.3, 1.6, 1.9, 1.8, 1.3, 0.9, 0.8, 1.0, 1.1, 1.6, 2.6, 3.5, 3.9, 3.9, 3.6, 2.8, 1.5, 2.0, 2.6, 2.7, 2.9, 2.7, 2.2, 2.2, 2.3, 2.2, 1.8, 1.4, 1.7, 3.5, 5.9, 8.2, 9.4, 9.4, 2.6, 2.2, 1.3, 1.0, 1.1, 1.5, 1.9, 1.9, 1.4, 1.0, 0.9, 1.0, 1.3, 2.2, 3.4, 4.1, 4.1, 4.1, 4.2, 4.3, 3.9, 3.1, 2.1, 1.4, 1.5, 1.5, 1.1, 1.3, 1.8, 1.9, 1.7, 1.4, 1.2, 1.7, 3.6, 6.4, 8.9, 9.0, 2.1, 2.1, 1.6, 1.1, 1.0, 1.3, 1.8, 1.9, 1.5, 1.1, 1.0, 1.2, 1.8, 2.9, 4.0, 4.2, 3.8, 3.4, 3.6, 4.1, 4.3, 4.1, 3.4, 2.9, 2.6, 2.4, 2.0, 1.9, 2.0, 2.0, 1.9, 1.9, 1.9, 2.0, 3.0, 5.4, 8.6, 8.9, 2.1, 1.8, 1.6, 1.2, 1.0, 1.2, 1.6, 1.8, 1.5, 1.2, 1.2, 1.6, 2.4, 3.5, 4.2, 4.0, 3.3, 2.8, 3.0, 3.5, 3.9, 3.9, 3.4, 2.8, 2.4, 2.1, 1.9, 1.9, 2.0, 1.9, 1.8, 1.9, 2.1, 2.5, 3.2, 5.3, 6.2, 8.6, 1.8, 1.6, 1.3, 1.2, 1.0, 1.1, 1.5, 1.7, 1.4, 1.2, 1.3, 1.8, 2.7, 3.8, 4.2, 3.6, 2.8, 2.3, 2.4, 2.9, 3.4, 3.6, 3.1, 2.3, 1.8, 1.5, 1.4, 1.7, 1.9, 1.9, 1.7, 1.8, 2.1, 2.6, 3.4, 4.0, 5.4, 6.1, 1.6, 1.3, 1.2, 1.2, 1.1, 1.2, 1.5, 1.6, 1.3, 1.0, 1.2, 1.9, 2.8, 3.8, 3.8, 3.1, 2.1, 1.7, 1.7, 2.3, 2.9, 3.3, 2.9, 2.1, 1.4, 1.0, 1.0, 1.3, 1.7, 1.7, 1.5, 1.6, 2.0, 2.5, 2.8, 3.5, 4.0, 5.3, 1.4, 1.2, 1.2, 1.2, 1.2, 1.2, 1.5, 1.6, 1.3, 0.9, 1.1, 1.8, 2.8, 3.6, 3.5, 2.5, 1.5, 0.9, 1.0, 1.5, 2.3, 2.9, 2.8, 2.1, 1.4, 0.9, 0.7, 1.0, 1.3, 1.3, 1.3, 1.4, 1.8, 2.0, 2.4, 2.7, 3.4, 3.9, 1.2, 1.2, 1.2, 1.2, 1.2, 1.4, 1.6, 1.6, 1.0, 0.7, 1.1, 1.8, 2.9, 3.6, 3.2, 2.0, 0.9, 0.4, 0.5, 1.0, 1.8, 2.5, 2.8, 2.4, 1.8, 1.1, 0.7, 0.7, 0.9, 0.9, 1.0, 1.3, 1.7, 1.8, 1.9, 2.4, 2.7, 3.4, 1.2, 1.2, 1.2, 1.2, 1.2, 1.5, 1.6, 1.1, 0.8, 0.7, 1.6, 2.0, 2.9, 3.6, 2.9, 1.5, 0.5, 0.2, 0.3, 0.7, 1.4, 2.3, 2.9, 2.9, 2.4, 1.7, 1.0, 0.6, 0.6, 0.7, 0.9, 1.3, 1.5, 1.7, 1.8, 1.9, 1.9, 2.5, 1.2, 1.2, 1.2, 1.2, 1.4, 1.6, 1.6, 1.0, 0.7, 1.5, 2.0, 2.0, 3.2, 3.7, 2.8, 1.3, 0.4, 0.2, 0.4, 0.7, 1.3, 2.1, 3.0, 3.5, 3.3, 2.6, 1.6, 0.9, 0.5, 0.5, 0.9, 1.4, 1.6, 1.7, 1.8, 1.8, 1.8, 1.9, 1.2, 1.2, 1.2, 1.2, 1.4, 1.6, 1.1, 0.8, 0.7, 1.5, 2.0, 3.1, 3.7, 3.6, 2.8, 1.5, 0.5, 0.2, 0.5, 0.9, 1.3, 1.9, 2.8, 3.6, 3.9, 3.5, 2.5, 1.4, 0.6, 0.6, 1.1, 1.5, 1.6, 1.7, 1.7, 1.7, 1.8, 1.8, 1.2, 1.2, 1.2, 1.4, 1.6, 1.6, 1.1, 0.7, 1.4, 2.0, 3.0, 3.7, 2.8, 2.3, 2.2, 1.6, 0.7, 0.6, 0.8, 1.0, 1.1, 1.4, 2.1, 3.1, 3.9, 4.1, 3.4, 2.2, 1.3, 1.2, 1.7, 2.0, 2.0, 1.8, 1.7, 1.7, 1.7, 1.7, 1.2, 1.2, 1.2, 1.4, 1.6, 1.2, 0.8, 0.7, 1.5, 2.9, 2.7, 2.0, 2.0, 2.0, 2.0, 1.5, 1.0, 0.9, 1.0, 0.9, 0.8, 0.8, 1.2, 2.2, 3.3, 4.0, 3.9, 3.2, 2.5, 2.3, 2.8, 3.1, 3.2, 3.1, 3.1, 3.2, 2.3, 1.7, 1.2, 1.2, 1.3, 1.5, 1.6, 1.2, 0.7, 1.3, 1.9, 2.0, 2.0, 2.0, 2.0, 1.9, 1.9, 1.6, 1.2, 1.0, 1.0, 0.9, 0.7, 0.5, 0.7, 1.4, 2.5, 3.4, 3.8, 3.7, 3.5, 3.6, 3.9, 3.8, 3.6, 3.6, 3.6, 3.6, 3.4, 3.3, 1.2, 1.2, 1.4, 1.6, 1.3, 0.8, 1.3, 1.9, 2.0, 2.0, 2.0, 1.9, 1.9, 1.6, 1.3, 1.3, 1.2, 1.1, 1.1, 0.9, 0.7, 0.5, 0.6, 1.1, 1.8, 2.6, 3.2, 3.5, 3.7, 4.1, 4.3, 4.2, 3.8, 3.6, 3.6, 3.6, 3.6, 3.6, 1.2, 1.3, 1.5, 1.6, 1.2, 1.2, 1.9, 2.0, 2.0, 2.0, 2.0, 1.7, 1.4, 1.4, 1.4, 1.4, 1.4, 1.4, 1.3, 1.2, 0.9, 0.8, 0.7, 0.9, 1.3, 1.9, 2.4, 2.7, 3.0, 3.6, 3.9, 3.9, 3.8, 3.7, 3.7, 3.6, 3.6, 3.6, 1.2, 1.4, 1.6, 1.3, 1.3, 1.8, 2.0, 1.9, 1.9, 1.8, 1.8, 1.9, 1.9, 1.9, 1.9, 1.9, 1.9, 1.9, 1.7, 1.5, 1.2, 1.0, 0.9, 0.9, 1.2, 1.5, 1.8, 2.0, 2.3, 3.0, 3.4, 3.4, 3.4, 3.4, 3.4, 3.3, 3.3, 3.3, 1.3, 1.5, 1.6, 1.8, 2.2, 2.4, 2.4, 2.4, 2.4, 2.4, 2.4, 2.4, 2.4, 2.4, 2.4, 2.4, 2.4, 2.3, 2.1, 1.8, 1.5, 1.3, 1.2, 1.1, 1.2, 1.4, 1.5, 1.6, 2.0, 2.4, 2.9, 3.2, 3.2, 3.2, 3.2, 3.2, 3.2, 3.2, 1.3, 1.8, 2.2, 2.3, 2.4, 2.4, 2.4, 2.4, 2.4, 2.4, 2.4, 2.4, 2.4, 2.4, 2.4, 2.4, 2.5, 2.4, 2.2, 2.0, 1.9, 1.8, 1.6, 1.5, 1.5, 1.6, 1.7, 1.8, 2.1, 2.4, 2.6, 3.0, 3.2, 3.2, 3.2, 3.2, 3.2, 3.2, 1.7, 2.3, 2.4, 2.4, 2.4, 2.4, 2.4, 2.4, 2.4, 2.4, 2.4, 2.4, 2.4, 2.4, 2.4, 2.5, 2.5, 2.3, 2.0, 1.9, 1.9, 2.0, 2.0, 1.9, 1.8, 1.9, 2.0, 2.2, 2.4, 2.5, 2.5, 2.6, 2.8, 2.9, 3.2, 3.2, 3.2, 3.2, 2.2, 2.4, 2.4, 2.4, 2.4, 2.4, 2.4, 2.4, 2.4, 2.4, 2.4, 2.4, 2.4, 2.4, 2.5, 2.5, 2.3, 2.0, 1.8, 1.6, 1.8, 1.9, 1.9, 1.9, 1.9, 2.0, 2.2, 2.3, 2.5, 2.5, 2.5, 2.5, 2.5, 2.6, 2.7, 2.9, 3.2, 3.2, 2.4, 2.4, 2.4, 2.4, 2.4, 2.4, 2.4, 2.4, 2.4, 2.4, 2.4, 2.4, 2.4, 2.5, 2.5, 2.3, 2.0, 1.8, 1.6, 1.6, 1.8, 1.8, 1.7, 1.7, 1.7, 1.9, 2.1, 2.3, 2.5, 2.5, 2.5, 2.5, 2.5, 2.5, 2.5, 2.6, 2.7, 2.8]}, "None|4": {"ny": 27, "nx": 28, "lat0": 55.4061532, "lon0": 12.8323136, "dLat": 8.983e-06, "dLon": 1.5822e-05, "slope": [9.0, 9.0, 8.8, 8.6, 9.3, 9.8, 9.5, 8.1, 7.4, 6.6, 5.9, 7.0, 8.1, 8.8, 9.0, 8.8, 9.6, 10.1, 9.0, 8.4, 8.0, 6.4, 6.2, 7.9, 8.7, 8.7, 11.9, 13.7, 8.7, 9.0, 9.0, 8.4, 8.3, 9.2, 9.8, 8.7, 7.6, 6.7, 5.8, 5.6, 5.7, 6.2, 7.1, 8.1, 9.3, 9.7, 8.9, 8.4, 6.6, 5.5, 6.2, 7.8, 8.7, 9.8, 12.5, 13.7, 8.1, 8.7, 9.0, 8.8, 8.3, 8.3, 9.2, 8.8, 7.1, 5.6, 4.6, 4.0, 3.6, 3.6, 4.1, 4.9, 5.7, 6.6, 7.4, 7.8, 6.4, 5.5, 6.1, 7.7, 8.7, 11.6, 13.7, 13.7, 7.4, 8.0, 8.6, 9.0, 7.9, 7.4, 7.8, 7.0, 5.7, 4.3, 3.3, 2.7, 2.1, 1.7, 1.6, 2.0, 2.6, 3.2, 3.7, 4.3, 4.6, 4.7, 5.3, 7.0, 8.8, 11.8, 13.7, 13.7, 6.7, 7.4, 8.0, 8.6, 7.7, 5.9, 5.1, 4.7, 4.3, 3.3, 2.2, 1.5, 1.2, 1.0, 0.9, 1.0, 1.2, 1.5, 1.9, 2.2, 2.2, 1.9, 2.5, 4.9, 8.6, 12.1, 13.6, 13.7, 6.5, 6.7, 7.3, 7.2, 5.4, 3.4, 2.5, 2.9, 3.2, 2.7, 1.8, 0.9, 0.6, 0.8, 1.1, 1.4, 1.5, 1.6, 1.8, 1.7, 1.3, 0.7, 1.3, 3.7, 7.3, 10.8, 12.7, 13.0, 6.5, 6.5, 6.0, 4.5, 2.7, 1.4, 1.0, 1.6, 2.3, 2.3, 1.7, 1.0, 0.4, 0.4, 0.8, 1.4, 1.7, 1.8, 1.9, 1.7, 1.1, 0.9, 1.8, 4.0, 6.9, 9.4, 10.6, 10.7, 4.9, 4.8, 3.9, 2.1, 1.1, 0.6, 0.5, 1.0, 1.7, 1.9, 1.6, 1.0, 0.5, 0.4, 0.8, 1.4, 1.7, 1.8, 1.8, 1.6, 1.3, 1.9, 3.7, 6.2, 8.7, 9.7, 9.5, 9.2, 3.3, 3.3, 2.6, 1.2, 0.6, 0.6, 0.6, 0.9, 1.4, 1.6, 1.5, 1.1, 0.5, 0.3, 1.0, 1.5, 1.6, 1.5, 1.5, 1.6, 2.1, 3.8, 6.5, 9.7, 11.8, 12.0, 11.0, 9.9, 3.2, 3.2, 2.6, 1.2, 0.8, 0.8, 0.9, 1.1, 1.3, 1.5, 1.5, 1.2, 0.6, 0.6, 1.2, 1.4, 1.2, 1.1, 1.5, 2.3, 3.9, 6.5, 9.9, 13.0, 14.4, 14.2, 13.0, 11.1, 3.4, 3.5, 3.0, 1.6, 1.1, 1.0, 1.1, 1.3, 1.4, 1.5, 1.5, 1.1, 0.6, 0.9, 1.3, 1.2, 0.9, 1.3, 2.3, 3.9, 6.3, 9.5, 13.0, 15.3, 15.7, 15.2, 14.3, 13.1, 3.4, 3.4, 3.0, 1.9, 1.4, 1.4, 1.5, 1.6, 1.5, 1.5, 1.3, 0.8, 0.4, 1.1, 1.2, 0.9, 1.1, 2.3, 3.8, 5.9, 8.9, 12.4, 15.2, 16.1, 16.0, 15.7, 15.3, 14.4, 2.7, 2.7, 2.5, 1.7, 1.6, 1.7, 1.8, 1.8, 1.6, 1.4, 1.1, 0.6, 0.5, 1.0, 1.0, 0.9, 1.8, 3.3, 5.2, 7.8, 11.2, 14.3, 15.8, 16.0, 16.1, 16.0, 15.7, 15.3, 1.8, 1.8, 1.6, 1.0, 1.4, 1.7, 1.9, 1.8, 1.7, 1.4, 1.1, 0.8, 0.9, 1.2, 1.2, 1.4, 2.5, 4.2, 6.5, 9.5, 12.8, 14.7, 15.2, 15.8, 16.0, 16.1, 16.1, 15.8, 1.1, 1.1, 1.0, 0.7, 1.3, 1.6, 1.7, 1.7, 1.7, 1.6, 1.5, 1.4, 1.4, 1.6, 1.6, 1.9, 3.1, 5.1, 8.0, 11.1, 13.2, 13.6, 14.7, 15.1, 15.7, 16.0, 16.1, 16.1, 1.2, 1.2, 1.3, 1.2, 1.5, 1.6, 1.6, 1.6, 1.7, 1.7, 1.7, 1.7, 1.9, 2.0, 2.1, 2.4, 3.7, 6.3, 9.5, 11.7, 12.1, 13.1, 13.6, 14.6, 15.1, 15.7, 16.0, 16.1, 1.4, 1.4, 2.0, 1.9, 1.7, 1.6, 1.5, 1.5, 1.5, 1.6, 1.7, 1.8, 2.0, 2.3, 2.5, 3.0, 4.6, 7.7, 10.7, 10.9, 11.9, 12.1, 13.1, 13.5, 14.5, 15.1, 15.7, 16.0, 1.8, 1.9, 2.5, 2.1, 1.7, 1.4, 1.3, 1.3, 1.4, 1.4, 1.5, 1.7, 1.9, 2.3, 2.7, 3.5, 5.6, 8.9, 11.4, 11.7, 11.7, 11.9, 12.0, 13.0, 13.5, 14.5, 15.1, 15.6, 4.6, 2.6, 2.5, 2.0, 1.5, 1.4, 1.3, 1.3, 1.3, 1.4, 1.4, 1.4, 1.5, 1.8, 2.5, 3.9, 6.5, 9.5, 9.8, 11.4, 11.7, 11.7, 11.7, 11.9, 12.9, 13.5, 14.4, 15.0, 6.7, 3.1, 2.2, 1.7, 1.4, 1.4, 1.5, 1.4, 1.4, 1.4, 1.2, 1.0, 1.0, 1.3, 2.4, 4.5, 7.3, 7.5, 9.4, 9.8, 11.3, 11.7, 11.7, 11.7, 11.7, 12.8, 13.4, 14.4, 6.1, 2.8, 1.9, 1.5, 1.4, 1.6, 1.7, 1.7, 1.7, 1.8, 1.7, 1.3, 0.8, 1.4, 3.0, 5.6, 5.7, 7.3, 7.5, 9.3, 9.7, 11.2, 11.7, 11.7, 11.7, 11.7, 12.7, 12.7, 5.1, 2.3, 1.6, 1.5, 1.6, 1.9, 2.2, 2.4, 2.8, 3.0, 3.2, 2.8, 1.9, 2.0, 4.4, 4.5, 5.5, 5.7, 7.2, 7.5, 9.2, 9.7, 11.1, 11.7, 11.7, 11.7, 11.7, 11.7, 4.3, 2.1, 1.6, 1.7, 2.0, 2.5, 3.1, 3.7, 4.4, 5.0, 5.4, 5.5, 4.7, 4.2, 4.2, 4.4, 4.5, 5.5, 5.7, 7.1, 7.4, 9.1, 9.7, 11.0, 11.6, 11.7, 11.7, 11.7, 4.2, 2.5, 2.0, 2.1, 2.6, 3.3, 4.3, 5.3, 6.3, 7.0, 7.5, 8.0, 8.0, 4.6, 4.2, 4.2, 4.4, 4.5, 5.4, 5.6, 7.0, 7.4, 9.0, 9.7, 11.0, 11.6, 11.7, 11.7, 5.1, 3.7, 3.0, 3.0, 3.5, 4.5, 5.8, 7.1, 8.0, 8.2, 8.3, 8.2, 8.2, 4.7, 4.2, 4.2, 4.2, 4.4, 4.5, 5.4, 5.6, 6.9, 7.4, 8.9, 9.6, 10.9, 11.6, 11.7, 5.7, 5.2, 4.6, 4.4, 5.0, 6.1, 7.5, 8.0, 8.3, 8.3, 8.3, 8.2, 8.2, 8.1, 4.8, 4.2, 4.2, 4.2, 4.4, 4.5, 5.3, 5.6, 6.8, 7.4, 8.8, 9.6, 10.8, 11.6, 5.8, 5.9, 5.3, 5.0, 5.4, 6.5, 7.9, 8.1, 8.3, 8.3, 8.3, 8.3, 8.2, 8.2, 5.0, 4.3, 4.2, 4.2, 4.2, 4.4, 4.4, 5.2, 5.6, 6.7, 7.4, 8.7, 9.6, 10.7]}, "None|5": {"ny": 36, "nx": 32, "lat0": 55.4027577, "lon0": 12.8294047, "dLat": 8.983e-06, "dLon": 1.5821e-05, "slope": [0.9, 0.9, 0.9, 0.9, 1.0, 1.0, 1.0, 1.1, 1.2, 1.2, 1.1, 0.9, 0.8, 0.9, 0.8, 0.8, 0.8, 0.8, 0.8, 0.8, 0.8, 0.8, 0.9, 0.9, 0.9, 0.9, 0.9, 0.9, 0.9, 0.9, 0.9, 1.3, 0.9, 0.9, 0.9, 0.9, 0.9, 1.0, 1.0, 1.1, 1.1, 1.0, 0.8, 0.5, 0.4, 0.5, 0.7, 0.7, 0.8, 0.8, 0.8, 0.8, 0.9, 0.9, 0.9, 0.9, 0.9, 0.9, 0.9, 0.9, 1.2, 1.4, 1.4, 1.7, 0.9, 0.9, 0.9, 0.9, 0.9, 0.9, 0.9, 0.9, 0.8, 0.7, 0.5, 0.4, 0.4, 0.5, 0.5, 0.7, 0.8, 0.8, 0.9, 0.9, 0.9, 0.9, 0.9, 0.9, 0.9, 1.1, 1.3, 1.3, 1.6, 1.8, 1.8, 1.8, 0.7, 0.7, 0.7, 0.7, 0.7, 0.7, 0.7, 0.6, 0.5, 0.5, 0.6, 0.7, 0.7, 0.6, 0.4, 0.5, 0.5, 0.8, 0.9, 0.9, 0.9, 0.9, 1.1, 1.2, 1.2, 1.6, 1.8, 1.8, 1.9, 1.9, 1.8, 1.8, 0.5, 0.5, 0.5, 0.5, 0.4, 0.5, 0.6, 0.5, 0.4, 0.3, 0.5, 0.9, 0.9, 0.6, 0.3, 0.4, 0.8, 0.9, 0.9, 1.0, 1.1, 1.1, 1.5, 1.8, 1.8, 1.8, 1.8, 1.9, 2.0, 1.9, 1.8, 1.8, 0.3, 0.3, 0.3, 0.3, 0.3, 0.5, 0.6, 0.6, 0.4, 0.2, 0.4, 0.8, 1.0, 0.9, 0.8, 0.9, 1.0, 1.2, 1.2, 1.6, 1.8, 1.8, 1.8, 1.8, 1.8, 2.0, 2.0, 2.0, 2.0, 1.8, 1.8, 2.0, 0.2, 0.2, 0.2, 0.2, 0.2, 0.4, 0.7, 0.6, 0.4, 0.2, 0.3, 0.7, 1.1, 1.2, 1.1, 1.0, 1.1, 1.2, 1.6, 1.8, 1.8, 1.8, 1.8, 1.9, 2.1, 2.3, 2.3, 2.1, 1.9, 1.8, 1.8, 2.2, 0.4, 0.4, 0.4, 0.4, 0.4, 0.5, 0.7, 0.7, 0.5, 0.5, 0.6, 0.8, 1.1, 1.3, 1.2, 1.0, 1.2, 1.6, 1.9, 1.9, 1.9, 2.0, 2.1, 2.3, 2.5, 2.3, 2.1, 2.0, 1.8, 1.8, 2.0, 2.3, 0.4, 0.4, 0.4, 0.4, 0.4, 0.6, 0.9, 0.9, 0.8, 0.8, 0.9, 1.0, 1.1, 1.3, 1.3, 1.2, 1.3, 1.8, 2.2, 2.2, 2.5, 2.7, 2.6, 2.5, 2.3, 2.1, 2.0, 1.9, 1.8, 1.8, 2.1, 2.5, 0.4, 0.4, 0.4, 0.6, 0.9, 1.0, 1.1, 1.1, 1.0, 0.9, 0.9, 0.8, 0.9, 1.0, 1.1, 1.1, 1.2, 1.7, 2.2, 2.5, 2.7, 2.6, 2.5, 2.3, 2.1, 2.1, 2.0, 1.8, 1.8, 2.0, 2.3, 2.5, 0.4, 0.6, 0.9, 1.0, 1.1, 1.1, 1.2, 1.2, 0.9, 0.7, 0.6, 0.5, 0.4, 0.5, 0.5, 0.6, 0.8, 1.4, 2.2, 2.7, 2.6, 2.6, 2.3, 2.1, 2.1, 2.0, 1.9, 1.8, 1.8, 2.1, 2.5, 2.5, 1.7, 1.1, 1.2, 1.1, 1.1, 1.2, 1.2, 1.1, 0.8, 0.6, 0.5, 0.3, 0.2, 0.2, 0.2, 0.4, 0.6, 1.0, 1.8, 2.5, 2.6, 2.4, 2.1, 2.1, 2.1, 2.0, 1.8, 1.8, 1.9, 2.3, 2.5, 2.5, 2.8, 2.1, 1.3, 1.1, 0.8, 1.1, 1.1, 1.0, 0.7, 0.6, 0.6, 0.4, 0.4, 0.3, 0.4, 0.6, 0.6, 0.8, 1.3, 2.0, 2.3, 2.1, 2.1, 2.1, 2.0, 1.8, 1.8, 1.8, 2.1, 2.5, 2.5, 2.5, 3.0, 2.6, 1.3, 1.3, 1.0, 0.7, 0.7, 0.9, 0.7, 0.6, 0.6, 0.6, 0.6, 0.6, 0.7, 0.8, 0.8, 0.6, 0.7, 1.3, 1.7, 1.8, 2.0, 2.0, 1.8, 1.6, 1.8, 1.9, 2.2, 2.5, 2.5, 2.5, 3.0, 2.9, 2.2, 1.3, 1.2, 0.7, 0.6, 0.7, 0.7, 0.5, 0.5, 0.6, 0.6, 0.6, 0.7, 0.7, 0.6, 0.4, 0.3, 0.7, 1.1, 1.3, 1.6, 1.8, 1.7, 1.6, 1.8, 2.0, 2.5, 2.5, 2.5, 2.4, 3.3, 3.0, 2.8, 1.8, 1.2, 0.7, 0.6, 0.7, 0.7, 0.5, 0.4, 0.4, 0.5, 0.4, 0.4, 0.4, 0.2, 0.3, 0.3, 0.4, 0.7, 0.8, 1.1, 1.4, 1.5, 1.5, 1.7, 2.0, 2.5, 2.5, 2.4, 2.2, 3.5, 3.3, 2.9, 2.1, 1.4, 0.9, 0.7, 0.7, 0.8, 0.6, 0.4, 0.4, 0.4, 0.4, 0.3, 0.3, 0.1, 0.4, 0.4, 0.3, 0.4, 0.5, 0.9, 1.3, 1.3, 1.3, 1.6, 2.0, 2.4, 2.4, 2.2, 1.9, 3.5, 3.4, 2.9, 2.2, 1.6, 1.2, 0.9, 0.9, 1.0, 0.9, 0.7, 0.7, 0.7, 0.7, 0.6, 0.5, 0.4, 0.5, 0.6, 0.3, 0.3, 0.3, 0.8, 1.2, 1.3, 1.4, 1.6, 1.9, 2.2, 2.2, 2.0, 1.8, 3.5, 3.4, 2.8, 2.2, 1.7, 1.3, 1.0, 1.0, 1.2, 1.3, 1.2, 1.2, 1.2, 1.2, 1.1, 1.0, 0.9, 0.9, 0.9, 0.7, 0.5, 0.5, 0.8, 1.2, 1.4, 1.7, 1.9, 2.1, 2.3, 2.0, 1.6, 1.6, 3.6, 3.5, 2.8, 2.2, 1.6, 1.2, 1.0, 1.0, 1.3, 1.5, 1.6, 1.7, 1.7, 1.6, 1.5, 1.5, 1.4, 1.4, 1.3, 1.1, 0.9, 0.8, 1.0, 1.3, 1.6, 1.9, 2.2, 2.4, 2.3, 1.9, 1.3, 1.2, 4.4, 3.7, 2.8, 2.1, 1.6, 1.2, 1.0, 1.0, 1.2, 1.5, 1.7, 1.8, 1.8, 1.8, 1.7, 1.7, 1.7, 1.6, 1.5, 1.3, 1.1, 1.0, 1.2, 1.4, 1.7, 2.1, 2.5, 2.6, 2.4, 1.8, 1.1, 0.9, 5.0, 4.0, 2.9, 2.1, 1.6, 1.3, 1.1, 1.1, 1.2, 1.4, 1.5, 1.6, 1.6, 1.6, 1.6, 1.6, 1.6, 1.6, 1.5, 1.4, 1.3, 1.2, 1.3, 1.6, 2.0, 2.4, 2.7, 2.8, 2.5, 1.7, 1.1, 0.9, 5.2, 4.1, 2.9, 2.0, 1.5, 1.4, 1.3, 1.2, 1.2, 1.2, 1.3, 1.3, 1.4, 1.5, 1.4, 1.4, 1.5, 1.5, 1.4, 1.3, 1.3, 1.3, 1.4, 1.8, 2.2, 2.6, 3.0, 3.1, 2.7, 1.9, 1.3, 1.3, 5.3, 4.1, 2.8, 1.9, 1.6, 1.5, 1.5, 1.3, 1.2, 1.2, 1.1, 1.2, 1.3, 1.3, 1.2, 1.2, 1.3, 1.3, 1.2, 1.1, 1.2, 1.3, 1.5, 1.8, 2.3, 2.8, 3.2, 3.3, 2.9, 2.1, 1.6, 1.6, 4.5, 4.0, 2.7, 1.9, 1.7, 1.7, 1.6, 1.5, 1.3, 1.3, 1.2, 1.2, 1.2, 1.2, 1.2, 1.2, 1.2, 1.3, 1.1, 1.0, 1.1, 1.3, 1.5, 1.8, 2.3, 2.8, 3.4, 3.6, 3.2, 2.4, 2.2, 1.8, 3.8, 3.8, 2.7, 2.0, 1.8, 1.8, 1.7, 1.6, 1.6, 1.5, 1.4, 1.3, 1.3, 1.3, 1.3, 1.4, 1.4, 1.4, 1.4, 1.3, 1.3, 1.5, 1.7, 2.0, 2.4, 2.9, 3.5, 3.8, 3.4, 3.1, 2.6, 2.2, 3.8, 3.8, 2.5, 1.9, 1.7, 1.7, 1.6, 1.7, 1.7, 1.7, 1.6, 1.5, 1.4, 1.3, 1.4, 1.5, 1.6, 1.6, 1.6, 1.5, 1.5, 1.7, 2.1, 2.4, 2.7, 3.2, 3.7, 4.0, 3.9, 3.6, 3.1, 2.6, 3.8, 3.0, 2.3, 1.6, 1.4, 1.4, 1.5, 1.5, 1.6, 1.6, 1.5, 1.5, 1.4, 1.3, 1.3, 1.4, 1.4, 1.4, 1.3, 1.3, 1.4, 1.8, 2.4, 2.8, 3.2, 3.6, 4.0, 4.2, 4.2, 3.9, 3.6, 3.2, 3.0, 1.8, 1.5, 1.3, 1.2, 1.3, 1.3, 1.4, 1.4, 1.4, 1.4, 1.3, 1.3, 1.2, 1.1, 1.1, 1.1, 1.0, 0.9, 1.0, 1.2, 1.9, 2.6, 3.2, 3.6, 4.1, 4.3, 4.3, 4.2, 4.2, 3.9, 3.6, 1.7, 1.3, 1.2, 1.2, 1.2, 1.3, 1.3, 1.3, 1.3, 1.3, 1.2, 1.2, 1.2, 1.2, 1.1, 1.1, 1.0, 0.9, 0.8, 0.8, 1.2, 2.0, 2.8, 3.5, 3.9, 4.4, 4.5, 4.4, 4.3, 4.2, 4.2, 3.9, 1.2, 1.2, 1.2, 1.3, 1.3, 1.3, 1.2, 1.2, 1.1, 1.1, 1.0, 0.9, 1.0, 1.0, 1.0, 1.0, 1.0, 0.9, 0.8, 0.8, 1.2, 2.1, 3.1, 3.7, 3.9, 4.3, 4.5, 4.5, 4.4, 4.3, 4.2, 4.2, 1.2, 1.3, 1.3, 1.3, 1.3, 1.2, 1.0, 0.9, 0.8, 0.7, 0.7, 0.8, 0.9, 0.9, 1.0, 0.9, 0.8, 0.8, 0.8, 0.9, 1.4, 2.2, 3.3, 3.6, 3.8, 4.2, 4.4, 4.5, 4.5, 4.4, 4.3, 4.2, 1.3, 1.3, 1.3, 1.3, 1.2, 1.1, 0.7, 0.5, 0.4, 0.4, 0.6, 0.7, 0.9, 1.0, 1.0, 0.9, 0.8, 1.0, 1.2, 1.4, 1.8, 2.0, 3.1, 3.6, 3.6, 3.8, 4.3, 4.5, 4.5, 4.5, 4.4, 4.3, 1.3, 1.3, 1.3, 1.2, 1.1, 0.8, 0.5, 0.4, 0.3, 0.3, 0.4, 0.6, 0.8, 1.0, 1.1, 1.0, 1.0, 1.3, 1.6, 1.7, 1.9, 2.0, 2.8, 3.4, 3.6, 3.6, 3.9, 4.3, 4.5, 4.5, 4.5, 4.4, 1.3, 1.3, 1.2, 1.1, 0.8, 0.6, 0.4, 0.4, 0.3, 0.5, 0.5, 0.4, 0.6, 1.0, 1.3, 1.3, 1.2, 1.4, 1.6, 1.7, 1.8, 1.9, 2.0, 3.0, 3.6, 3.6, 3.6, 4.2, 4.5, 4.5, 4.5, 4.5, 1.3, 1.2, 1.1, 0.8, 0.6, 0.4, 0.4, 0.4, 0.5, 0.6, 0.5, 0.4, 0.6, 1.0, 1.3, 1.3, 1.2, 1.3, 1.6, 1.7, 1.7, 1.9, 2.0, 2.7, 3.4, 3.6, 3.6, 3.9, 4.3, 4.5, 4.5, 4.5]}, "None|6": {"ny": 37, "nx": 33, "lat0": 55.4006535, "lon0": 12.8262665, "dLat": 8.983e-06, "dLon": 1.582e-05, "slope": [0.5, 0.5, 0.5, 0.5, 0.5, 0.5, 0.5, 0.5, 0.5, 0.6, 1.1, 1.4, 2.2, 2.9, 3.7, 4.2, 4.3, 2.7, 2.0, 2.0, 2.0, 1.9, 1.7, 1.7, 1.7, 1.7, 1.7, 2.4, 4.3, 5.5, 5.7, 5.7, 5.7, 1.3, 1.4, 0.8, 0.5, 0.5, 0.5, 0.5, 0.5, 0.5, 0.5, 0.7, 1.1, 2.0, 3.0, 3.7, 4.2, 3.8, 2.5, 1.9, 1.9, 1.8, 1.7, 1.7, 1.7, 1.7, 1.7, 2.4, 4.0, 4.8, 5.4, 5.7, 5.7, 5.7, 2.0, 2.0, 1.7, 1.4, 1.5, 0.9, 0.5, 0.5, 0.5, 0.5, 0.6, 1.3, 2.0, 2.5, 3.3, 4.0, 3.7, 1.8, 1.0, 1.4, 1.7, 1.7, 1.7, 1.7, 1.7, 1.7, 3.8, 4.7, 4.8, 5.4, 5.7, 5.7, 5.7, 2.0, 2.0, 2.0, 2.0, 2.0, 1.8, 1.6, 0.9, 0.5, 0.5, 0.9, 1.4, 1.4, 1.9, 3.2, 4.2, 3.8, 1.7, 1.3, 1.7, 1.7, 1.7, 1.6, 1.6, 1.6, 2.4, 4.2, 4.7, 4.8, 5.4, 5.7, 5.7, 5.7, 2.0, 2.0, 2.0, 2.0, 2.0, 2.0, 2.0, 1.8, 1.7, 1.0, 0.9, 1.3, 0.9, 1.6, 3.2, 4.3, 3.8, 1.9, 1.3, 1.6, 1.6, 1.6, 1.6, 1.6, 2.3, 4.5, 5.2, 4.7, 4.8, 5.4, 5.7, 5.7, 5.7, 2.0, 2.0, 2.0, 2.0, 2.0, 2.0, 2.0, 2.0, 2.0, 1.3, 1.0, 1.5, 1.2, 1.7, 3.3, 4.4, 4.1, 2.5, 1.6, 1.5, 1.5, 1.5, 1.5, 2.1, 4.5, 5.7, 5.2, 4.7, 4.8, 5.3, 5.7, 5.7, 5.7, 2.2, 2.2, 2.2, 2.2, 2.2, 2.2, 2.2, 2.2, 2.2, 1.8, 1.8, 2.5, 2.7, 3.0, 4.0, 4.9, 4.7, 3.4, 2.2, 1.7, 1.6, 1.6, 2.1, 4.4, 6.0, 5.8, 5.2, 4.8, 4.7, 5.3, 5.7, 5.7, 5.7, 2.5, 2.5, 2.5, 2.5, 2.6, 2.6, 2.6, 2.6, 2.6, 2.8, 3.7, 4.6, 4.8, 4.8, 5.4, 5.9, 5.7, 4.6, 3.9, 2.9, 2.0, 2.1, 4.0, 6.0, 6.0, 5.8, 5.3, 4.8, 4.7, 5.3, 5.7, 5.7, 5.7, 3.4, 3.4, 3.4, 3.5, 3.5, 3.5, 3.6, 3.6, 3.7, 4.2, 5.5, 6.2, 5.9, 5.6, 6.0, 6.5, 6.4, 5.6, 4.7, 4.2, 4.2, 4.3, 5.1, 6.0, 6.0, 5.8, 5.3, 4.8, 4.7, 5.3, 5.7, 5.7, 5.9, 4.3, 4.4, 4.4, 4.4, 4.4, 4.4, 4.5, 4.5, 4.5, 5.1, 6.0, 6.0, 5.2, 4.8, 5.4, 6.1, 6.1, 5.6, 5.1, 4.9, 4.9, 5.2, 5.7, 6.0, 6.0, 5.8, 5.3, 4.8, 4.7, 5.2, 5.7, 5.9, 6.4, 3.4, 4.4, 4.4, 4.4, 4.4, 4.4, 4.3, 4.3, 4.3, 4.6, 5.0, 4.3, 3.3, 3.2, 4.1, 5.1, 5.3, 4.9, 4.5, 4.5, 4.7, 5.1, 5.7, 6.2, 6.3, 6.1, 5.7, 5.2, 5.0, 5.4, 5.9, 6.4, 6.9, 1.5, 2.5, 2.4, 2.3, 2.6, 3.4, 3.4, 3.4, 3.3, 3.4, 3.4, 2.3, 1.4, 1.8, 2.9, 3.9, 4.2, 3.9, 3.6, 3.8, 4.3, 5.0, 5.6, 6.2, 6.6, 6.8, 6.7, 6.3, 6.0, 6.0, 6.5, 7.1, 7.6, 1.9, 1.0, 1.0, 1.0, 1.3, 1.7, 1.8, 2.3, 2.2, 2.2, 2.0, 1.1, 0.5, 1.3, 2.1, 2.9, 3.3, 3.2, 3.0, 3.1, 3.7, 4.5, 5.3, 6.1, 6.8, 7.3, 7.4, 7.3, 7.1, 7.1, 7.4, 8.1, 8.7, 3.1, 2.1, 1.0, 1.0, 1.0, 1.0, 1.1, 1.3, 1.3, 1.2, 1.0, 0.7, 0.7, 1.1, 1.5, 2.0, 2.5, 2.7, 2.7, 2.9, 3.3, 4.0, 4.8, 5.6, 6.5, 7.2, 7.6, 7.8, 7.9, 8.0, 8.4, 9.3, 9.9, 3.4, 3.5, 2.5, 1.9, 1.0, 1.0, 1.0, 1.0, 0.9, 0.4, 0.4, 0.3, 0.5, 0.7, 1.0, 1.4, 1.9, 2.3, 2.5, 2.7, 3.0, 3.4, 3.9, 4.6, 5.5, 6.5, 7.2, 7.6, 7.8, 8.2, 8.9, 9.8, 10.3, 3.4, 3.6, 3.7, 3.2, 2.2, 1.6, 1.1, 1.1, 1.0, 0.5, 0.5, 0.5, 0.6, 0.7, 0.8, 1.1, 1.4, 1.7, 1.9, 2.2, 2.3, 2.5, 2.7, 3.3, 4.2, 5.2, 6.1, 6.5, 6.8, 7.3, 8.1, 8.9, 9.0, 3.3, 3.4, 3.8, 3.6, 2.9, 2.5, 1.8, 1.7, 1.3, 1.1, 0.8, 0.7, 0.9, 0.9, 0.9, 0.9, 0.9, 1.0, 1.1, 1.2, 1.3, 1.4, 1.6, 2.0, 2.7, 3.6, 4.5, 5.0, 5.1, 5.3, 5.8, 6.4, 6.3, 3.3, 3.4, 3.8, 3.7, 3.4, 2.9, 2.6, 2.0, 1.7, 1.5, 1.0, 0.4, 0.7, 1.0, 1.0, 0.9, 0.7, 0.6, 0.4, 0.3, 0.4, 0.5, 0.8, 1.0, 1.4, 2.1, 3.0, 3.4, 3.2, 2.8, 2.6, 3.1, 3.0, 3.3, 3.4, 3.9, 3.8, 3.8, 3.5, 2.9, 2.3, 1.9, 1.6, 1.0, 0.4, 0.7, 1.2, 1.3, 1.2, 1.0, 0.9, 0.7, 0.4, 0.2, 0.3, 0.5, 0.5, 0.7, 1.2, 2.0, 2.5, 2.4, 1.8, 1.8, 2.1, 1.5, 3.3, 3.4, 4.0, 4.1, 3.8, 3.9, 3.4, 2.6, 1.9, 1.3, 0.8, 0.4, 1.0, 1.5, 1.5, 1.3, 1.2, 1.1, 0.8, 0.7, 0.5, 0.5, 0.5, 0.3, 0.3, 0.7, 1.5, 2.3, 2.8, 3.0, 3.7, 3.6, 2.9, 2.6, 3.4, 4.0, 4.3, 4.3, 4.3, 3.7, 2.6, 1.7, 1.1, 0.6, 0.4, 1.3, 1.7, 1.5, 1.1, 1.0, 0.9, 0.6, 0.8, 0.7, 0.6, 0.6, 0.5, 0.2, 0.5, 1.4, 2.4, 3.5, 4.4, 5.1, 5.1, 5.3, 1.9, 3.7, 4.5, 4.8, 5.0, 4.6, 3.6, 2.3, 1.4, 0.8, 0.3, 0.7, 1.5, 1.7, 1.2, 0.8, 0.8, 0.7, 0.3, 0.7, 0.7, 0.7, 0.8, 0.8, 0.5, 0.4, 1.2, 2.4, 4.0, 5.4, 6.0, 6.0, 6.3, 2.6, 4.4, 5.1, 5.4, 5.3, 4.5, 3.2, 1.9, 1.0, 0.5, 0.2, 1.0, 1.7, 1.6, 0.9, 0.5, 0.7, 0.6, 0.1, 0.6, 0.5, 0.6, 0.9, 1.0, 0.8, 0.7, 1.1, 2.4, 4.2, 5.9, 6.6, 6.4, 6.4, 4.0, 5.0, 5.3, 5.3, 5.0, 4.0, 2.5, 1.3, 0.5, 0.2, 0.7, 1.4, 1.8, 1.4, 0.8, 0.5, 0.6, 0.5, 0.1, 0.4, 0.3, 0.5, 0.7, 0.9, 1.0, 1.1, 1.5, 2.5, 4.2, 5.8, 6.6, 6.5, 6.5, 4.7, 5.3, 4.9, 4.7, 4.5, 3.6, 2.1, 0.9, 0.3, 0.6, 1.2, 1.8, 1.9, 1.4, 0.9, 0.6, 0.6, 0.3, 0.2, 0.2, 0.3, 0.4, 0.6, 0.8, 1.1, 1.4, 1.9, 2.9, 4.3, 5.5, 6.0, 6.0, 6.0, 4.9, 5.2, 4.3, 3.9, 4.0, 3.3, 2.0, 0.8, 0.4, 0.9, 1.6, 1.9, 1.9, 1.4, 1.0, 0.8, 0.5, 0.3, 0.3, 0.3, 0.5, 0.6, 0.7, 0.8, 1.1, 1.5, 2.1, 3.1, 4.1, 4.8, 5.1, 5.1, 5.1, 5.1, 5.1, 4.2, 3.6, 3.6, 3.2, 2.0, 0.9, 0.4, 1.0, 1.8, 2.1, 2.0, 1.5, 1.2, 1.1, 0.8, 0.6, 0.6, 0.7, 0.8, 0.8, 0.8, 0.9, 1.0, 1.3, 1.9, 2.8, 3.7, 4.2, 4.3, 4.2, 4.2, 5.2, 5.2, 4.9, 4.0, 3.9, 3.6, 2.6, 1.7, 1.3, 1.6, 2.3, 2.5, 2.1, 1.5, 1.4, 1.3, 1.1, 1.0, 1.0, 1.1, 1.1, 0.9, 0.8, 0.8, 0.9, 0.9, 1.5, 2.4, 3.5, 4.1, 4.1, 3.8, 3.7, 5.3, 5.3, 5.3, 5.2, 5.1, 4.8, 4.0, 3.2, 2.7, 2.7, 3.1, 3.1, 2.4, 1.6, 1.4, 1.5, 1.5, 1.5, 1.5, 1.5, 1.3, 1.0, 0.9, 0.9, 0.9, 0.6, 1.2, 2.6, 4.0, 4.9, 4.9, 4.2, 4.1, 5.3, 6.5, 7.0, 7.3, 7.3, 6.9, 5.4, 4.1, 3.8, 3.9, 4.1, 3.9, 2.9, 2.1, 1.8, 1.9, 2.0, 2.1, 2.2, 2.1, 1.8, 1.5, 1.5, 1.7, 1.6, 1.3, 1.7, 2.6, 4.3, 5.8, 6.1, 5.7, 4.7, 6.8, 7.9, 8.3, 8.3, 9.6, 9.2, 6.0, 3.3, 4.1, 5.2, 5.6, 5.1, 4.2, 3.3, 2.8, 2.7, 2.9, 3.1, 3.2, 3.1, 2.9, 2.8, 3.1, 3.4, 3.3, 3.3, 3.0, 2.2, 3.4, 5.9, 6.7, 6.8, 5.9, 8.3, 8.3, 10.0, 10.9, 11.8, 10.9, 6.7, 3.9, 5.8, 7.6, 7.9, 7.2, 6.1, 5.2, 4.5, 4.1, 3.9, 3.9, 4.0, 4.2, 4.4, 4.7, 5.1, 5.4, 5.4, 5.7, 5.5, 4.0, 3.3, 5.8, 6.7, 6.7, 6.8, 9.8, 10.6, 12.1, 12.7, 12.7, 11.6, 8.6, 7.8, 9.7, 10.8, 10.4, 9.3, 8.0, 7.0, 6.2, 5.3, 4.5, 4.0, 4.0, 4.5, 5.3, 6.0, 6.5, 6.6, 6.7, 7.3, 7.3, 7.2, 4.3, 5.7, 6.7, 6.7, 6.7, 11.9, 12.7, 12.7, 12.7, 12.1, 11.4, 10.9, 11.8, 13.1, 13.1, 11.9, 10.2, 8.7, 7.6, 6.8, 5.6, 4.0, 2.9, 3.0, 3.2, 4.8, 6.0, 6.5, 6.6, 6.7, 7.3, 7.3, 7.2, 5.5, 6.1, 6.7, 6.7, 6.7, 12.7, 12.7, 12.7, 12.1, 11.4, 11.5, 11.7, 13.3, 14.2, 13.3, 11.5, 9.5, 7.9, 6.8, 6.2, 5.3, 3.5, 2.7, 3.0, 3.2, 4.5, 5.8, 6.5, 6.6, 6.7, 7.2, 7.3, 7.2, 7.2, 6.9, 6.7, 6.7, 6.7, 12.7, 12.7, 12.2, 11.5, 11.4, 11.7, 12.9, 14.2, 14.3, 12.2, 9.6, 7.7, 6.2, 5.6, 5.9, 6.2, 4.1, 2.7, 3.0, 3.2, 3.2, 5.0, 6.5, 6.6, 6.7, 7.2, 7.3, 7.2, 7.2, 7.0, 6.8, 6.7, 6.7, 12.7, 12.3, 11.5, 11.4, 11.7, 12.8, 14.2, 14.5, 12.7, 10.6, 9.2, 7.4, 6.0, 5.5, 5.9, 6.2, 4.2, 2.7, 2.7, 3.0, 3.2, 4.7, 6.2, 6.6, 6.7, 7.2, 7.3, 7.2, 7.2, 7.2, 6.9, 6.7, 6.7]}, "None|7": {"ny": 42, "nx": 35, "lat0": 55.399439, "lon0": 12.8271259, "dLat": 8.983e-06, "dLon": 1.5819e-05, "slope": [1.3, 1.3, 1.3, 1.3, 1.3, 1.3, 1.0, 0.6, 0.5, 0.5, 0.6, 0.8, 1.0, 1.1, 1.4, 1.5, 2.2, 2.6, 3.1, 3.6, 4.1, 4.5, 4.6, 6.4, 6.7, 6.8, 7.5, 7.6, 8.0, 8.0, 8.0, 8.0, 8.0, 8.0, 8.0, 1.2, 1.3, 1.3, 1.3, 1.3, 1.3, 1.3, 0.9, 0.6, 0.5, 0.5, 0.7, 0.8, 1.0, 1.1, 1.4, 2.1, 2.7, 3.3, 3.9, 4.6, 5.1, 5.6, 6.5, 6.7, 7.5, 7.6, 8.0, 8.0, 8.0, 8.0, 8.0, 8.0, 8.0, 8.0, 1.0, 1.2, 1.3, 1.3, 1.3, 1.3, 1.3, 1.3, 1.0, 0.6, 0.5, 0.6, 0.7, 0.8, 1.0, 1.6, 2.2, 2.6, 3.1, 3.7, 4.4, 5.0, 5.5, 6.2, 7.3, 7.6, 8.0, 8.0, 8.0, 8.0, 8.0, 8.0, 8.0, 8.0, 8.0, 1.0, 1.0, 1.1, 1.3, 1.3, 1.3, 1.3, 1.3, 1.2, 1.0, 0.6, 0.5, 0.9, 0.8, 1.4, 2.0, 2.3, 2.4, 2.7, 3.1, 3.7, 4.4, 5.1, 5.8, 6.7, 7.7, 7.9, 7.9, 7.9, 7.9, 7.8, 7.8, 7.8, 7.8, 7.7, 1.0, 1.0, 1.0, 1.1, 1.3, 1.3, 1.3, 1.3, 1.3, 1.2, 1.0, 0.6, 1.0, 1.5, 2.1, 2.5, 2.5, 2.4, 2.5, 2.6, 3.1, 3.7, 4.5, 5.3, 6.2, 7.0, 7.2, 7.2, 7.2, 7.1, 7.1, 7.1, 7.1, 7.1, 7.0, 1.0, 1.0, 1.0, 1.0, 1.1, 1.3, 1.3, 1.3, 1.3, 1.3, 1.2, 1.3, 1.8, 2.3, 2.7, 2.8, 2.7, 2.5, 2.3, 2.3, 2.6, 3.1, 3.8, 4.7, 5.5, 6.4, 6.6, 6.6, 6.5, 6.5, 6.5, 6.5, 6.4, 6.4, 6.4, 1.1, 1.0, 1.0, 1.0, 1.0, 1.1, 1.2, 1.3, 1.3, 1.4, 1.6, 2.1, 2.5, 2.8, 2.9, 2.8, 2.6, 2.4, 2.2, 2.1, 2.2, 2.6, 3.3, 4.0, 4.8, 5.6, 5.8, 5.8, 5.7, 5.7, 5.7, 5.6, 5.6, 5.6, 5.5, 1.3, 1.2, 1.1, 1.0, 1.0, 1.0, 1.1, 1.2, 1.5, 1.8, 2.1, 2.5, 2.7, 2.6, 2.5, 2.4, 2.2, 2.1, 2.0, 2.0, 2.1, 2.4, 2.9, 3.5, 4.1, 4.7, 4.8, 4.8, 4.8, 4.8, 4.7, 4.7, 4.7, 4.7, 6.6, 1.5, 1.5, 1.3, 1.2, 1.1, 1.0, 1.0, 1.4, 1.8, 2.1, 2.4, 2.6, 2.5, 2.2, 2.1, 2.1, 1.9, 1.8, 1.8, 2.0, 2.1, 2.3, 2.6, 3.0, 3.4, 4.0, 4.3, 4.3, 4.3, 4.3, 4.3, 5.7, 6.5, 6.8, 9.7, 1.5, 1.5, 1.5, 1.5, 1.3, 1.3, 1.3, 1.7, 2.1, 2.3, 2.4, 2.5, 2.3, 2.0, 1.9, 1.9, 1.7, 1.5, 1.6, 1.9, 2.1, 2.2, 2.4, 2.6, 3.1, 4.2, 4.8, 4.8, 5.6, 6.2, 6.4, 9.4, 11.1, 11.1, 11.1, 1.5, 1.5, 1.5, 1.5, 1.5, 1.5, 1.6, 2.0, 2.2, 2.3, 2.4, 2.4, 2.2, 2.1, 2.0, 1.9, 1.6, 1.4, 1.6, 1.8, 1.9, 2.0, 2.3, 2.6, 3.1, 4.7, 5.7, 6.2, 9.3, 11.1, 11.1, 11.1, 11.1, 11.1, 11.1, 1.7, 1.7, 1.7, 1.7, 1.8, 1.8, 2.0, 2.3, 2.4, 2.5, 2.5, 2.5, 2.4, 2.3, 2.1, 1.8, 1.5, 1.4, 1.7, 1.9, 1.8, 1.9, 2.2, 2.6, 3.1, 4.9, 6.5, 9.3, 11.1, 11.1, 11.1, 11.1, 11.1, 11.1, 11.1, 2.1, 2.1, 2.1, 2.1, 2.1, 2.1, 2.3, 2.7, 2.8, 2.8, 2.8, 2.8, 2.6, 2.4, 2.0, 1.7, 1.4, 1.4, 1.7, 1.8, 1.8, 1.9, 2.2, 2.5, 2.9, 4.3, 8.3, 10.8, 10.8, 10.7, 10.7, 10.6, 10.9, 11.1, 11.1, 2.1, 2.1, 2.1, 2.1, 2.3, 2.7, 2.9, 3.2, 3.3, 3.3, 3.2, 3.0, 2.7, 2.2, 1.7, 1.3, 1.2, 1.3, 1.5, 1.7, 1.8, 2.0, 2.3, 2.5, 2.7, 3.5, 6.7, 9.2, 9.2, 9.2, 9.3, 9.7, 10.7, 11.1, 10.9, 2.1, 2.1, 2.3, 2.6, 3.0, 3.3, 3.3, 3.6, 4.1, 4.1, 3.8, 3.3, 2.7, 2.0, 1.4, 1.1, 1.1, 1.2, 1.4, 1.6, 1.8, 2.0, 2.2, 2.4, 2.7, 3.0, 4.9, 6.8, 7.1, 8.0, 8.8, 10.2, 11.1, 10.9, 10.1, 2.2, 2.5, 2.9, 3.3, 3.3, 3.3, 3.6, 4.1, 4.6, 4.8, 4.3, 3.6, 2.7, 2.0, 1.4, 1.1, 1.0, 1.1, 1.3, 1.5, 1.7, 1.9, 2.1, 2.4, 2.9, 3.2, 3.8, 5.1, 6.9, 8.7, 10.1, 11.2, 10.9, 10.2, 8.6, 2.8, 3.3, 3.3, 3.3, 3.3, 3.5, 4.3, 5.1, 5.3, 5.2, 4.4, 3.7, 2.9, 2.1, 1.5, 1.1, 0.9, 1.0, 1.3, 1.5, 1.6, 1.7, 2.0, 2.5, 3.3, 3.8, 3.8, 5.4, 8.3, 10.0, 11.2, 11.0, 10.3, 8.7, 6.9, 3.3, 3.3, 3.3, 3.3, 3.7, 4.7, 5.3, 5.7, 5.7, 5.2, 4.0, 3.4, 2.8, 2.2, 1.5, 1.0, 0.7, 0.9, 1.2, 1.4, 1.5, 1.5, 1.9, 2.8, 3.8, 4.6, 4.4, 4.3, 7.1, 10.5, 11.0, 10.4, 8.8, 7.0, 5.4, 5.5, 5.7, 5.4, 4.3, 4.8, 5.7, 5.7, 5.2, 4.3, 4.0, 3.4, 3.0, 2.7, 2.2, 1.5, 0.9, 0.7, 0.8, 1.2, 1.4, 1.5, 1.6, 2.3, 3.5, 4.7, 5.3, 4.9, 3.8, 4.3, 7.4, 9.6, 9.0, 7.1, 5.5, 4.5, 10.0, 10.0, 9.2, 7.3, 6.6, 4.5, 4.4, 3.9, 2.9, 2.9, 2.9, 2.9, 2.8, 2.3, 1.6, 0.9, 0.7, 0.9, 1.3, 1.6, 1.8, 2.4, 3.5, 4.7, 5.6, 5.7, 4.8, 3.3, 2.7, 4.0, 5.7, 6.4, 5.7, 4.4, 5.5, 10.0, 10.0, 9.9, 9.6, 8.6, 5.5, 3.2, 3.1, 2.9, 2.8, 2.4, 3.1, 3.0, 2.4, 1.5, 0.7, 0.5, 0.9, 1.4, 1.9, 2.6, 3.6, 4.8, 5.7, 5.9, 5.3, 4.0, 2.5, 1.7, 2.0, 3.0, 3.7, 4.3, 5.4, 6.5, 10.0, 10.0, 10.0, 9.9, 9.5, 8.1, 3.1, 3.2, 3.2, 3.0, 2.4, 3.3, 3.0, 2.4, 1.6, 0.6, 0.4, 0.8, 1.5, 2.5, 3.6, 4.6, 5.3, 5.5, 4.9, 4.0, 2.8, 1.7, 0.9, 1.0, 1.8, 2.9, 4.9, 6.9, 7.0, 8.3, 10.0, 10.0, 9.9, 9.5, 8.8, 5.8, 3.1, 2.9, 1.8, 2.9, 3.5, 3.1, 2.5, 1.7, 0.8, 0.7, 1.2, 2.1, 3.4, 4.4, 5.0, 5.0, 4.5, 3.5, 2.5, 1.8, 1.3, 0.7, 0.4, 1.3, 2.9, 5.5, 8.1, 8.4, 4.6, 10.0, 10.0, 9.9, 9.5, 9.5, 8.6, 3.8, 2.9, 2.0, 3.5, 3.6, 3.2, 2.6, 1.8, 0.9, 1.0, 1.7, 3.1, 4.4, 5.0, 4.9, 4.3, 3.4, 2.3, 1.6, 1.5, 1.6, 1.4, 1.1, 1.4, 3.1, 6.1, 9.0, 10.1, 4.2, 8.0, 10.0, 9.9, 9.4, 8.7, 8.9, 4.5, 2.9, 3.3, 3.8, 3.6, 3.2, 2.6, 1.7, 0.9, 1.3, 2.6, 4.2, 5.1, 5.1, 4.4, 3.4, 2.4, 1.5, 1.1, 1.5, 1.9, 2.1, 2.0, 2.1, 3.5, 6.4, 9.5, 11.3, 3.7, 4.0, 8.1, 9.9, 9.3, 7.5, 6.8, 3.8, 3.2, 3.9, 3.9, 3.6, 3.1, 2.4, 1.5, 1.0, 1.9, 3.5, 4.9, 5.3, 4.6, 3.5, 2.4, 1.6, 1.2, 1.4, 1.8, 2.1, 2.4, 2.5, 2.7, 3.9, 6.6, 9.2, 10.8, 3.1, 3.7, 4.8, 7.9, 7.3, 5.8, 4.1, 3.3, 3.6, 3.8, 3.7, 3.3, 2.7, 2.1, 1.4, 1.4, 2.6, 4.2, 5.2, 5.1, 3.9, 2.7, 1.9, 1.4, 1.3, 1.6, 1.9, 2.1, 2.3, 2.5, 2.9, 4.2, 6.5, 8.8, 10.3, 1.7, 3.1, 3.7, 4.1, 4.0, 3.6, 3.2, 3.1, 3.3, 3.3, 3.0, 2.6, 2.1, 1.7, 1.2, 1.6, 3.2, 4.8, 5.5, 4.8, 3.4, 2.3, 1.7, 1.3, 1.2, 1.4, 1.5, 1.6, 1.8, 2.2, 2.7, 4.1, 6.4, 8.5, 10.0, 1.8, 1.9, 2.1, 2.4, 2.6, 2.6, 2.3, 2.3, 2.4, 2.4, 2.1, 1.7, 1.3, 1.0, 0.8, 1.7, 3.5, 5.1, 5.5, 4.5, 3.1, 2.1, 1.6, 1.2, 1.0, 1.1, 1.2, 1.3, 1.5, 1.9, 2.5, 4.0, 6.2, 8.4, 10.1, 1.9, 1.8, 1.8, 1.9, 2.0, 1.8, 1.2, 1.2, 1.5, 1.5, 1.3, 0.9, 0.7, 0.4, 0.5, 1.8, 3.7, 5.2, 5.4, 4.3, 2.8, 1.9, 1.6, 1.3, 1.2, 1.2, 1.2, 1.3, 1.6, 2.0, 2.6, 4.1, 6.3, 8.6, 9.8, 1.9, 1.9, 1.8, 1.9, 2.0, 1.6, 0.8, 0.7, 1.0, 1.0, 0.8, 0.6, 0.5, 0.3, 0.6, 2.0, 3.8, 5.2, 5.2, 3.9, 2.4, 1.7, 1.7, 1.7, 1.6, 1.6, 1.5, 1.6, 1.9, 2.3, 3.0, 4.5, 6.9, 8.4, 9.0, 1.8, 1.9, 2.0, 2.2, 2.3, 1.9, 1.4, 1.3, 1.2, 0.9, 0.7, 0.6, 0.6, 0.6, 1.0, 2.2, 3.9, 5.1, 4.9, 3.5, 2.0, 1.5, 1.7, 1.9, 1.9, 1.9, 1.9, 2.0, 2.4, 2.9, 3.7, 5.4, 7.8, 7.9, 8.8, 1.9, 2.1, 2.4, 2.6, 2.6, 2.1, 1.8, 2.0, 1.9, 1.4, 0.9, 0.8, 0.7, 0.8, 1.3, 2.5, 4.0, 5.0, 4.6, 3.1, 1.6, 1.4, 1.6, 1.8, 2.0, 2.1, 2.1, 2.4, 2.9, 3.7, 4.9, 6.7, 8.3, 8.7, 8.7, 2.0, 2.4, 2.6, 2.9, 2.6, 1.9, 1.8, 2.2, 2.3, 2.0, 1.5, 1.0, 0.6, 0.8, 1.6, 2.8, 4.0, 4.8, 4.2, 2.7, 1.5, 1.3, 1.5, 1.7, 1.8, 2.0, 2.3, 2.9, 3.8, 4.9, 6.0, 7.7, 7.9, 8.4, 8.7, 2.4, 2.5, 2.7, 3.0, 2.5, 1.5, 1.5, 2.1, 2.5, 2.4, 2.1, 1.3, 0.4, 0.9, 1.8, 2.9, 4.0, 4.5, 3.8, 2.4, 1.3, 1.3, 1.5, 1.7, 2.0, 2.3, 2.9, 3.9, 5.2, 6.3, 6.4, 7.7, 7.9, 7.9, 8.3, 2.5, 2.6, 3.0, 3.0, 2.1, 1.2, 1.2, 1.9, 2.5, 2.6, 2.4, 1.5, 0.5, 1.0, 1.9, 2.9, 3.9, 4.2, 3.4, 2.1, 1.4, 1.5, 1.9, 2.4, 2.9, 3.6, 4.5, 5.6, 6.8, 7.0, 6.6, 7.3, 7.8, 7.9, 7.9, 2.5, 2.9, 3.0, 2.4, 1.4, 1.1, 1.1, 1.9, 2.5, 2.7, 2.4, 1.4, 0.4, 0.9, 1.8, 2.9, 3.8, 3.8, 3.0, 2.2, 2.1, 2.5, 3.1, 3.9, 4.7, 5.7, 6.6, 6.9, 7.0, 7.0, 7.0, 6.6, 7.6, 7.9, 7.9, 2.6, 2.9, 3.0, 1.6, 1.1, 1.1, 1.5, 2.1, 2.6, 2.8, 2.4, 1.5, 0.7, 1.0, 1.8, 2.9, 3.6, 3.5, 3.1, 3.0, 3.5, 4.3, 5.1, 6.0, 6.9, 7.1, 6.9, 6.9, 6.9, 7.0, 7.0, 7.0, 7.5, 7.8, 7.9, 2.9, 3.0, 2.5, 1.4, 1.1, 1.5, 2.5, 2.9, 3.1, 3.1, 2.7, 2.0, 1.6, 1.6, 2.2, 3.1, 3.7, 3.7, 3.9, 4.5, 5.5, 6.5, 6.8, 6.4, 6.8, 7.1, 7.0, 6.9, 6.9, 7.0, 7.0, 7.0, 7.0, 7.7, 7.9, 2.9, 3.0, 1.8, 1.1, 1.8, 2.6, 3.3, 3.5, 3.5, 3.8, 3.6, 3.1, 2.8, 2.7, 3.1, 3.7, 4.3, 4.7, 5.4, 6.4, 6.9, 6.9, 6.8, 6.4, 6.8, 7.1, 7.1, 6.9, 6.9, 6.9, 7.0, 7.0, 7.0, 7.4, 7.8, 3.0, 2.6, 2.1, 2.1, 3.0, 3.5, 3.5, 3.5, 3.8, 4.3, 4.8, 4.7, 4.4, 4.3, 4.4, 5.0, 5.3, 5.2, 5.6, 6.6, 7.0, 6.9, 6.8, 6.8, 7.0, 7.1, 7.1, 7.0, 6.9, 6.9, 7.0, 7.0, 7.0, 7.0, 7.4, 2.7, 2.1, 2.9, 3.5, 3.5, 3.5, 3.5, 3.8, 4.2, 4.8, 5.4, 5.3, 4.9, 4.7, 4.8, 5.3, 5.5, 5.2, 5.6, 6.6, 7.0, 7.0, 6.9, 6.8, 7.0, 7.1, 7.1, 7.1, 7.0, 6.9, 6.9, 7.0, 7.0, 7.0, 7.0]}, "None|8": {"ny": 40, "nx": 37, "lat0": 55.3962435, "lon0": 12.8240527, "dLat": 8.983e-06, "dLon": 1.5818e-05, "slope": [4.4, 4.2, 3.6, 3.4, 2.6, 2.5, 3.3, 4.4, 3.8, 1.8, 1.9, 1.9, 1.9, 2.1, 2.6, 2.8, 2.5, 2.3, 1.5, 1.5, 1.2, 0.9, 0.7, 0.4, 0.3, 0.5, 0.9, 0.9, 0.9, 1.0, 1.3, 2.1, 2.7, 4.0, 4.7, 6.6, 6.8, 4.7, 4.4, 4.2, 3.4, 2.5, 1.9, 1.7, 1.7, 1.7, 1.7, 1.8, 1.9, 1.9, 2.1, 2.6, 2.8, 2.5, 2.4, 1.6, 1.5, 1.3, 0.9, 0.7, 0.5, 0.3, 0.5, 0.9, 0.9, 1.0, 1.2, 2.1, 2.6, 3.9, 4.7, 6.5, 6.8, 6.8, 4.8, 4.7, 4.4, 3.6, 2.9, 2.4, 2.1, 1.8, 1.6, 1.3, 1.4, 1.7, 1.9, 2.2, 2.6, 2.8, 2.5, 2.3, 1.7, 1.6, 1.3, 1.0, 0.9, 0.6, 0.4, 0.5, 0.8, 1.0, 1.2, 2.0, 2.6, 3.9, 4.6, 6.4, 6.8, 6.8, 6.8, 4.8, 4.8, 4.3, 3.6, 3.1, 3.0, 2.8, 2.8, 2.6, 2.3, 2.1, 2.3, 2.4, 2.5, 2.7, 2.8, 2.5, 2.1, 1.8, 1.6, 1.3, 1.1, 0.9, 0.7, 0.6, 0.6, 0.6, 0.9, 2.0, 2.5, 3.8, 4.5, 6.3, 6.8, 6.8, 6.8, 7.1, 4.9, 4.6, 4.1, 3.3, 2.9, 3.0, 3.1, 3.1, 3.0, 2.8, 2.7, 2.8, 2.9, 2.9, 3.0, 2.9, 2.6, 2.2, 1.9, 1.6, 1.1, 0.7, 0.6, 0.5, 0.4, 0.4, 0.3, 0.6, 2.3, 3.7, 4.4, 6.3, 6.8, 6.8, 7.0, 9.1, 9.2, 4.9, 4.7, 3.9, 2.8, 2.5, 2.7, 2.8, 2.9, 2.8, 2.8, 2.9, 3.1, 3.1, 3.1, 3.1, 3.0, 2.6, 2.2, 2.0, 1.7, 1.1, 0.5, 0.3, 0.3, 0.2, 0.2, 0.3, 0.6, 2.0, 4.0, 6.2, 6.8, 6.9, 9.0, 9.1, 9.4, 9.4, 5.2, 4.8, 3.6, 2.2, 1.8, 2.2, 2.3, 2.3, 2.3, 2.5, 2.9, 3.3, 3.3, 3.3, 3.2, 3.1, 2.7, 2.3, 2.2, 2.0, 1.3, 0.6, 0.4, 0.2, 0.3, 0.5, 0.8, 1.2, 2.1, 3.7, 6.3, 6.3, 8.9, 9.4, 9.4, 9.5, 12.9, 5.4, 4.8, 3.3, 1.6, 1.0, 1.3, 1.6, 1.7, 1.8, 2.1, 2.6, 3.1, 3.3, 3.3, 3.3, 3.1, 2.8, 2.5, 2.5, 2.3, 1.4, 0.5, 0.3, 0.5, 0.9, 1.4, 1.7, 2.0, 2.4, 3.2, 5.2, 8.6, 9.4, 9.4, 12.6, 12.8, 13.2, 5.5, 4.7, 3.2, 1.4, 0.3, 0.6, 1.0, 1.2, 1.4, 1.6, 2.2, 2.9, 3.2, 3.4, 3.4, 3.3, 2.9, 2.7, 2.7, 2.4, 1.4, 0.3, 0.5, 1.2, 1.9, 2.2, 2.3, 2.3, 2.2, 2.4, 4.1, 8.4, 8.5, 12.4, 13.2, 13.2, 13.2, 5.5, 4.7, 3.2, 1.5, 0.4, 0.3, 0.6, 0.9, 1.1, 1.3, 2.0, 2.8, 3.2, 3.3, 3.5, 3.4, 3.1, 2.8, 2.8, 2.4, 1.4, 0.4, 1.0, 1.8, 2.2, 2.2, 2.0, 1.8, 1.6, 1.5, 3.1, 7.1, 11.8, 13.2, 13.2, 13.2, 13.2, 4.7, 4.6, 3.3, 1.8, 0.6, 0.4, 0.5, 0.7, 0.9, 1.3, 2.1, 2.8, 3.1, 3.2, 3.5, 3.5, 3.2, 2.8, 2.8, 2.4, 1.5, 0.7, 1.3, 1.9, 2.0, 1.5, 1.1, 0.9, 0.6, 0.8, 2.5, 5.8, 11.3, 11.7, 11.7, 13.2, 13.3, 4.5, 4.5, 3.5, 2.2, 1.0, 0.6, 0.5, 0.5, 0.9, 1.5, 2.1, 2.6, 2.9, 3.1, 3.4, 3.5, 3.2, 2.8, 2.7, 2.4, 1.6, 0.8, 1.2, 1.6, 1.6, 1.3, 1.1, 1.0, 0.9, 1.2, 2.4, 4.8, 9.3, 9.8, 12.6, 13.3, 13.3, 4.5, 3.8, 3.4, 2.7, 1.5, 0.6, 0.3, 0.6, 1.1, 1.6, 2.0, 2.4, 2.8, 3.1, 3.4, 3.4, 3.0, 2.7, 2.6, 2.4, 1.6, 1.0, 0.9, 1.0, 1.2, 1.3, 1.4, 1.5, 1.7, 1.9, 2.7, 4.1, 7.4, 11.9, 13.2, 13.3, 13.3, 3.8, 3.4, 2.8, 2.6, 1.6, 1.0, 0.8, 1.1, 1.4, 1.7, 2.0, 2.4, 2.8, 3.1, 3.2, 3.1, 2.8, 2.5, 2.4, 2.2, 1.7, 1.1, 0.8, 0.6, 0.7, 0.9, 1.1, 1.5, 1.7, 2.0, 2.5, 3.4, 5.8, 10.5, 11.4, 11.4, 13.0, 3.4, 2.9, 2.6, 2.5, 1.4, 1.0, 0.8, 1.1, 1.4, 1.7, 2.2, 2.6, 2.8, 2.8, 2.8, 2.8, 2.6, 2.4, 2.3, 2.1, 1.7, 1.2, 0.8, 0.5, 0.3, 0.3, 0.6, 0.9, 1.1, 1.4, 1.8, 2.6, 4.4, 8.5, 9.5, 12.3, 13.3, 2.9, 2.6, 2.5, 1.6, 1.1, 1.0, 0.9, 1.0, 1.4, 2.1, 2.3, 2.4, 2.4, 2.2, 2.3, 2.5, 2.6, 2.5, 2.3, 2.0, 1.7, 1.3, 0.9, 0.6, 0.2, 0.2, 0.4, 0.5, 0.5, 0.8, 1.4, 2.0, 3.5, 7.0, 11.5, 13.2, 13.4, 2.6, 2.5, 2.5, 1.5, 1.0, 1.0, 0.9, 1.0, 1.9, 2.1, 2.0, 2.0, 1.6, 1.5, 1.9, 2.4, 2.6, 2.5, 2.3, 2.1, 1.7, 1.3, 1.0, 0.6, 0.3, 0.3, 0.4, 0.4, 0.5, 0.8, 1.4, 2.0, 3.1, 5.9, 10.7, 12.2, 12.2, 2.5, 2.5, 1.7, 1.1, 1.0, 1.0, 0.9, 1.0, 1.7, 2.0, 1.9, 1.8, 1.1, 1.1, 1.7, 2.4, 2.7, 2.5, 2.3, 2.2, 1.9, 1.6, 1.3, 0.9, 0.5, 0.4, 0.5, 0.5, 0.7, 1.0, 1.5, 2.1, 2.9, 5.1, 9.5, 11.0, 11.0, 2.5, 2.5, 1.6, 1.0, 1.0, 1.0, 0.9, 1.5, 2.0, 1.9, 1.1, 0.6, 0.6, 1.0, 1.7, 2.5, 2.8, 2.6, 2.4, 2.4, 2.3, 2.1, 1.8, 1.3, 0.9, 0.7, 0.7, 0.7, 0.9, 1.3, 1.8, 2.4, 3.0, 4.6, 8.3, 9.9, 9.9, 2.5, 1.8, 1.1, 1.0, 1.0, 1.0, 1.6, 2.0, 1.2, 0.7, 0.7, 0.7, 0.7, 0.9, 1.5, 2.5, 3.0, 2.8, 2.6, 2.7, 2.7, 2.7, 2.3, 1.8, 1.2, 0.9, 0.9, 1.0, 1.3, 1.7, 2.2, 2.6, 3.1, 4.2, 7.3, 8.8, 11.6, 2.5, 1.7, 1.0, 1.0, 1.0, 1.0, 0.9, 0.7, 0.7, 0.7, 0.7, 0.7, 0.7, 0.8, 1.3, 2.2, 2.9, 2.9, 2.8, 2.8, 2.9, 3.0, 2.7, 2.0, 1.3, 1.0, 1.0, 1.3, 1.7, 2.1, 2.4, 2.6, 2.9, 3.7, 6.4, 10.9, 13.4, 1.9, 1.2, 1.0, 1.0, 1.0, 0.9, 0.7, 0.7, 0.7, 0.7, 0.7, 0.7, 0.8, 0.9, 1.4, 2.1, 2.5, 2.6, 2.7, 2.9, 3.2, 3.3, 3.0, 2.3, 1.4, 1.1, 1.2, 1.5, 1.8, 2.1, 2.2, 2.2, 2.3, 3.1, 5.6, 10.5, 13.0, 1.8, 1.0, 1.0, 1.0, 0.9, 0.7, 0.7, 0.7, 0.7, 0.7, 0.7, 0.8, 0.9, 1.0, 1.8, 2.4, 2.3, 2.3, 2.6, 3.0, 3.5, 3.8, 3.6, 2.7, 1.8, 1.4, 1.5, 1.6, 1.7, 1.8, 1.8, 1.7, 1.4, 2.1, 5.0, 10.0, 12.7, 1.2, 1.0, 1.0, 0.9, 0.7, 0.7, 0.7, 0.7, 0.7, 0.7, 0.8, 0.9, 0.9, 1.6, 2.4, 2.3, 2.2, 2.3, 2.4, 2.9, 3.7, 4.3, 4.1, 3.3, 2.4, 2.0, 2.0, 1.8, 1.5, 1.2, 1.2, 1.3, 1.0, 1.7, 4.7, 9.8, 12.8, 1.0, 1.0, 0.9, 0.7, 0.7, 0.7, 0.7, 0.7, 0.7, 0.8, 0.9, 0.9, 1.0, 1.7, 2.3, 2.2, 2.2, 2.2, 2.2, 2.5, 3.5, 4.4, 4.4, 3.7, 3.0, 2.7, 2.5, 2.1, 1.4, 0.7, 0.8, 1.4, 1.6, 2.4, 5.1, 10.0, 13.2, 1.0, 0.9, 0.7, 0.7, 0.7, 0.7, 0.7, 0.7, 0.8, 0.9, 0.9, 0.9, 1.5, 2.3, 2.2, 2.1, 2.0, 2.0, 2.0, 2.3, 3.2, 4.1, 4.2, 3.8, 3.4, 3.2, 2.9, 2.5, 1.8, 1.1, 0.8, 1.3, 1.9, 2.8, 5.5, 8.2, 10.6, 0.9, 0.7, 0.7, 0.7, 0.7, 0.7, 0.7, 0.8, 0.9, 0.9, 0.9, 1.0, 1.5, 2.2, 2.1, 2.0, 2.0, 2.1, 2.2, 2.4, 3.0, 3.7, 3.7, 3.6, 3.5, 3.4, 3.2, 2.9, 2.5, 1.9, 1.3, 1.3, 1.9, 3.1, 6.1, 8.9, 9.1, 0.9, 0.7, 0.7, 0.7, 0.7, 0.7, 0.8, 0.9, 0.9, 0.9, 0.9, 1.4, 2.1, 2.0, 2.0, 2.0, 2.1, 2.3, 2.6, 2.6, 2.9, 3.3, 3.2, 3.2, 3.4, 3.3, 3.1, 3.2, 3.3, 2.7, 1.9, 1.6, 2.0, 3.5, 7.2, 10.7, 10.8, 0.8, 0.7, 0.7, 0.7, 0.7, 0.8, 0.9, 0.9, 0.9, 0.9, 1.3, 2.1, 2.0, 2.0, 2.0, 2.1, 2.4, 2.4, 2.4, 2.4, 2.5, 2.7, 2.5, 2.7, 3.0, 3.0, 3.0, 3.6, 3.9, 3.4, 2.4, 1.9, 2.3, 4.4, 7.1, 8.8, 11.0, 0.7, 0.7, 0.7, 0.7, 0.8, 0.9, 0.9, 0.9, 0.9, 1.0, 1.3, 2.1, 2.2, 2.2, 2.3, 2.3, 2.3, 2.3, 2.3, 2.3, 2.3, 1.8, 1.3, 2.1, 2.5, 2.6, 3.0, 4.0, 4.5, 3.9, 2.8, 2.3, 3.2, 6.3, 9.8, 10.1, 10.6, 0.7, 0.7, 0.7, 0.7, 0.9, 0.9, 0.9, 0.9, 1.4, 2.7, 2.8, 2.8, 2.8, 2.9, 2.9, 3.0, 3.0, 3.0, 3.1, 3.1, 2.9, 1.8, 1.1, 1.6, 1.8, 2.3, 3.2, 4.3, 4.8, 4.2, 3.2, 3.1, 5.0, 8.0, 9.1, 10.4, 10.4, 0.7, 0.7, 0.7, 0.9, 0.9, 0.9, 1.5, 3.8, 3.8, 3.9, 3.9, 3.9, 3.9, 3.9, 4.0, 4.0, 4.0, 4.0, 4.0, 4.1, 3.8, 2.9, 2.6, 2.0, 1.1, 1.8, 3.2, 4.5, 5.0, 4.5, 3.9, 4.7, 6.9, 7.7, 8.4, 9.0, 10.4, 0.7, 0.7, 0.9, 0.9, 0.9, 1.5, 4.3, 4.5, 4.5, 4.5, 4.5, 4.5, 4.5, 4.5, 4.5, 4.5, 4.5, 4.5, 4.5, 4.5, 4.4, 3.9, 4.0, 3.1, 1.6, 1.6, 3.0, 4.5, 5.1, 5.0, 5.2, 6.6, 7.2, 7.4, 7.7, 8.4, 8.9, 0.7, 0.9, 0.9, 1.3, 4.1, 4.2, 4.5, 4.5, 4.5, 4.5, 4.5, 4.5, 4.5, 4.5, 4.5, 4.5, 4.5, 4.5, 4.5, 4.6, 4.6, 4.6, 4.9, 4.3, 3.0, 2.3, 3.0, 4.3, 5.2, 5.8, 7.2, 9.7, 9.8, 9.5, 7.4, 7.6, 8.3, 0.9, 1.2, 3.9, 4.0, 4.5, 4.5, 4.5, 4.5, 4.5, 4.5, 4.5, 4.5, 4.5, 4.5, 4.5, 4.5, 4.5, 4.6, 4.7, 4.9, 4.9, 5.0, 5.4, 5.0, 4.1, 3.5, 3.7, 4.7, 5.8, 7.1, 9.3, 10.2, 10.6, 10.5, 10.1, 9.8, 7.6, 3.6, 3.8, 4.5, 4.5, 4.5, 4.5, 4.5, 4.5, 4.5, 4.5, 4.5, 4.5, 4.5, 4.5, 4.6, 4.6, 4.7, 5.0, 5.0, 5.0, 5.0, 5.1, 5.4, 5.1, 4.6, 4.3, 4.6, 5.5, 6.6, 8.3, 9.1, 9.9, 10.1, 10.6, 10.6, 10.6, 10.3, 4.5, 4.5, 4.5, 4.5, 4.5, 4.5, 4.5, 4.5, 4.5, 4.5, 4.5, 4.5, 4.6, 4.6, 5.0, 5.0, 5.0, 5.0, 5.0, 5.0, 5.1, 5.1, 5.2, 4.9, 4.5, 4.4, 4.9, 5.8, 7.0, 9.1, 9.2, 9.6, 9.9, 10.1, 10.6, 10.6, 10.6, 4.5, 4.5, 4.5, 4.5, 4.5, 4.5, 4.5, 4.5, 4.5, 4.5, 4.5, 5.0, 5.0, 5.0, 5.0, 5.0, 5.0, 5.0, 5.1, 5.1, 5.1, 5.1, 5.1, 4.6, 4.2, 4.1, 4.6, 5.5, 6.8, 7.7, 9.4, 9.4, 9.5, 9.5, 10.1, 10.6, 10.6, 4.5, 4.5, 4.5, 4.5, 4.5, 4.5, 4.5, 4.5, 5.0, 5.0, 5.0, 5.0, 5.0, 5.0, 5.0, 5.0, 5.1, 5.1, 5.1, 5.1, 5.1, 5.1, 4.8, 4.5, 4.1, 3.9, 4.1, 5.4, 6.7, 6.7, 7.5, 9.4, 9.4, 9.4, 9.5, 9.6, 10.6, 4.5, 4.5, 4.5, 4.5, 4.5, 5.0, 5.0, 5.0, 5.0, 5.0, 5.0, 5.0, 5.0, 5.0, 5.0, 5.0, 5.1, 5.1, 5.1, 5.1, 5.1, 4.8, 4.5, 4.5, 3.9, 3.8, 3.8, 5.3, 6.7, 6.7, 6.7, 7.4, 9.4, 9.4, 9.4, 9.4, 9.5]}, "None|9": {"ny": 33, "nx": 30, "lat0": 55.398868, "lon0": 12.8266234, "dLat": 8.983e-06, "dLon": 1.5819e-05, "slope": [3.4, 3.4, 4.1, 4.2, 4.1, 4.7, 11.0, 11.2, 12.7, 12.4, 9.1, 7.2, 6.9, 9.2, 10.1, 8.3, 6.4, 4.9, 4.5, 5.3, 6.6, 8.0, 9.2, 9.1, 8.8, 8.6, 8.5, 8.4, 8.4, 8.4, 3.5, 3.9, 4.4, 4.6, 4.8, 6.9, 10.9, 11.2, 12.7, 12.5, 9.2, 7.2, 6.6, 6.3, 8.7, 7.2, 5.7, 4.4, 4.1, 4.7, 5.9, 7.2, 8.4, 8.9, 8.7, 8.5, 8.4, 8.4, 8.4, 8.7, 3.5, 4.4, 4.9, 5.1, 5.3, 6.3, 8.9, 11.2, 11.9, 11.5, 8.2, 6.4, 5.8, 5.2, 4.6, 4.1, 3.6, 3.1, 2.9, 3.5, 4.7, 6.0, 7.1, 8.0, 8.5, 8.4, 8.4, 8.4, 8.7, 8.7, 3.7, 4.7, 5.3, 5.6, 5.5, 5.7, 6.4, 7.0, 6.6, 5.1, 3.5, 3.3, 3.1, 2.4, 1.8, 1.8, 1.8, 1.4, 1.4, 2.2, 3.5, 4.8, 5.9, 6.8, 7.8, 8.4, 8.4, 8.6, 8.7, 8.7, 3.7, 4.8, 5.6, 5.8, 5.4, 4.7, 4.1, 3.8, 3.3, 2.7, 2.9, 3.2, 2.7, 1.5, 0.6, 0.7, 0.7, 0.6, 0.6, 1.2, 2.4, 3.7, 4.8, 5.8, 6.8, 7.9, 8.6, 8.7, 8.7, 8.7, 3.6, 4.6, 5.5, 5.8, 5.1, 3.6, 2.1, 1.9, 2.5, 3.3, 3.8, 3.6, 2.7, 1.5, 0.9, 0.9, 1.0, 0.9, 0.7, 0.8, 1.7, 2.7, 3.8, 4.8, 6.0, 7.1, 8.3, 8.3, 8.7, 8.7, 3.4, 4.3, 5.1, 5.5, 4.9, 3.0, 0.8, 1.5, 3.1, 4.3, 4.6, 3.9, 2.7, 1.7, 1.3, 1.2, 1.2, 1.1, 0.9, 0.9, 1.5, 2.2, 3.1, 4.2, 5.3, 6.4, 7.6, 8.5, 8.7, 8.7, 3.2, 3.8, 4.5, 5.0, 4.6, 3.1, 1.6, 2.4, 4.1, 5.1, 5.0, 3.9, 2.6, 1.9, 1.6, 1.5, 1.4, 1.3, 1.1, 1.2, 1.6, 2.2, 3.0, 3.8, 4.8, 5.8, 6.9, 8.1, 8.2, 8.2, 3.5, 3.5, 4.0, 4.5, 4.3, 3.2, 2.5, 3.5, 5.0, 5.6, 5.0, 3.7, 2.6, 2.1, 1.9, 1.8, 1.7, 1.6, 1.4, 1.6, 2.0, 2.5, 3.1, 3.7, 4.5, 5.3, 6.3, 7.6, 7.7, 8.2, 3.6, 3.5, 3.5, 3.9, 3.9, 3.1, 3.1, 4.3, 5.4, 5.6, 4.7, 3.5, 2.7, 2.3, 2.2, 2.2, 2.2, 2.1, 2.0, 2.1, 2.5, 2.8, 3.2, 3.7, 4.3, 5.1, 6.1, 7.4, 8.0, 8.3, 3.4, 3.4, 3.0, 3.2, 3.3, 2.9, 3.2, 4.4, 5.3, 5.1, 4.2, 3.3, 2.8, 2.6, 2.5, 2.6, 2.7, 2.7, 2.6, 2.6, 2.8, 3.0, 3.2, 3.6, 4.2, 5.1, 6.2, 7.4, 8.2, 8.3, 3.4, 3.4, 2.5, 2.5, 2.8, 2.7, 3.3, 4.4, 4.9, 4.6, 3.8, 3.1, 2.8, 2.7, 2.7, 2.9, 3.0, 2.9, 2.8, 2.7, 2.7, 2.8, 3.0, 3.4, 4.1, 5.1, 6.3, 7.4, 8.2, 8.3, 3.4, 2.6, 2.1, 2.2, 2.5, 2.8, 3.4, 4.2, 4.5, 4.0, 3.3, 2.8, 2.4, 2.3, 2.4, 2.6, 2.7, 2.6, 2.5, 2.4, 2.5, 2.6, 2.9, 3.3, 4.1, 5.2, 6.5, 7.6, 8.2, 8.4, 2.7, 2.3, 2.4, 2.4, 2.7, 3.0, 3.4, 3.9, 3.9, 3.4, 2.8, 2.4, 2.0, 1.7, 1.7, 1.9, 2.0, 2.0, 2.0, 2.0, 2.2, 2.5, 2.8, 3.3, 4.2, 5.4, 6.8, 7.8, 8.2, 8.3, 2.4, 2.4, 2.4, 2.4, 2.8, 3.1, 3.2, 3.5, 3.4, 2.9, 2.4, 2.0, 1.7, 1.4, 1.2, 1.3, 1.5, 1.6, 1.7, 1.8, 2.1, 2.5, 2.9, 3.4, 4.4, 5.9, 7.3, 8.3, 8.5, 8.6, 2.4, 2.4, 2.9, 3.2, 3.3, 3.2, 3.1, 3.2, 3.0, 2.6, 2.2, 1.8, 1.6, 1.4, 1.1, 1.0, 1.3, 1.5, 1.7, 1.9, 2.1, 2.5, 3.0, 3.8, 5.0, 6.5, 7.9, 8.9, 9.2, 9.2, 3.2, 3.8, 3.9, 4.0, 4.0, 3.7, 3.4, 3.3, 3.0, 2.6, 2.2, 1.9, 1.7, 1.5, 1.1, 1.0, 1.3, 1.5, 1.7, 1.9, 2.2, 2.6, 3.3, 4.4, 5.9, 7.5, 8.8, 9.4, 9.4, 9.4, 5.0, 5.1, 5.1, 5.2, 5.2, 4.7, 4.1, 3.7, 3.3, 2.8, 2.4, 2.1, 1.9, 1.6, 1.3, 1.2, 1.3, 1.5, 1.7, 2.0, 2.3, 2.9, 4.0, 5.5, 7.2, 8.6, 9.8, 10.3, 10.3, 9.8, 6.1, 6.2, 6.2, 6.2, 6.3, 5.6, 4.7, 4.1, 3.5, 3.0, 2.6, 2.2, 2.0, 1.7, 1.5, 1.4, 1.4, 1.6, 1.8, 2.1, 2.6, 3.6, 5.1, 6.8, 8.4, 9.8, 10.6, 10.7, 10.6, 10.5, 5.2, 6.3, 6.3, 6.3, 6.3, 5.8, 4.9, 4.2, 3.5, 3.0, 2.5, 2.2, 2.0, 1.8, 1.6, 1.5, 1.6, 1.7, 2.0, 2.6, 3.5, 4.8, 6.4, 8.1, 9.7, 10.6, 10.8, 10.8, 10.7, 10.6, 4.2, 4.2, 5.0, 5.9, 5.9, 5.6, 4.8, 4.1, 3.4, 3.0, 2.6, 2.3, 2.0, 1.9, 1.8, 1.8, 1.9, 2.2, 2.7, 3.6, 4.7, 6.2, 7.8, 9.3, 10.8, 11.5, 11.6, 11.2, 10.8, 10.7, 4.0, 4.0, 4.1, 4.1, 4.5, 5.1, 4.6, 4.0, 3.5, 3.2, 2.9, 2.6, 2.3, 2.2, 2.2, 2.4, 2.7, 3.2, 3.9, 4.8, 6.1, 7.6, 9.1, 10.5, 11.5, 11.9, 12.0, 11.8, 11.7, 11.3, 2.6, 3.1, 4.0, 4.0, 4.2, 4.6, 4.4, 4.0, 3.7, 3.6, 3.4, 3.1, 2.9, 2.8, 3.0, 3.3, 3.7, 4.3, 5.0, 5.9, 7.2, 8.9, 10.7, 11.9, 12.0, 11.8, 11.9, 12.0, 12.0, 11.8, 2.4, 2.5, 2.5, 2.8, 3.7, 4.1, 4.2, 4.0, 3.9, 3.9, 3.8, 3.7, 3.5, 3.6, 3.8, 4.2, 4.6, 5.1, 5.7, 6.6, 8.2, 10.5, 12.5, 12.9, 12.4, 12.1, 11.8, 11.9, 12.0, 12.0, 2.4, 2.4, 2.4, 2.6, 3.2, 3.8, 4.0, 4.0, 4.1, 4.2, 4.2, 4.2, 4.2, 4.2, 4.4, 4.7, 5.0, 5.3, 5.8, 6.9, 9.3, 12.7, 15.1, 15.1, 14.1, 12.5, 12.1, 11.8, 11.9, 12.0, 2.3, 2.3, 2.3, 2.4, 2.9, 3.4, 3.7, 3.9, 4.0, 4.2, 4.3, 4.4, 4.4, 4.4, 4.5, 4.8, 4.9, 5.1, 5.6, 7.5, 11.1, 14.9, 16.3, 16.5, 16.0, 15.1, 14.3, 12.1, 11.8, 11.8, 2.0, 2.0, 2.0, 2.1, 2.5, 2.9, 3.2, 3.3, 3.5, 3.7, 3.8, 4.0, 4.0, 4.1, 4.2, 4.4, 4.5, 4.6, 5.7, 8.8, 13.0, 15.1, 15.9, 16.2, 16.5, 16.5, 16.1, 15.3, 14.2, 11.8, 1.6, 1.6, 1.6, 1.7, 2.0, 2.3, 2.5, 2.5, 2.6, 2.8, 3.0, 3.3, 3.4, 3.5, 3.6, 3.7, 3.9, 4.5, 6.6, 11.0, 15.2, 15.5, 16.2, 15.9, 16.2, 16.5, 16.5, 16.5, 16.2, 14.4, 1.3, 1.3, 1.2, 1.3, 1.5, 1.7, 1.8, 1.8, 1.9, 2.0, 2.2, 2.4, 2.6, 2.8, 3.0, 3.2, 3.7, 5.3, 8.7, 13.4, 15.9, 16.7, 16.6, 16.3, 16.3, 16.2, 16.5, 16.5, 16.5, 16.2, 0.9, 0.9, 0.9, 1.0, 1.2, 1.3, 1.3, 1.2, 1.3, 1.3, 1.4, 1.6, 1.8, 2.1, 2.5, 3.0, 4.4, 7.4, 11.6, 14.2, 14.9, 15.9, 16.7, 16.7, 16.6, 16.4, 16.6, 16.5, 16.5, 16.5, 0.9, 0.9, 0.9, 0.9, 0.9, 1.1, 0.9, 0.9, 0.9, 1.0, 1.0, 1.2, 1.4, 1.8, 2.3, 3.5, 6.2, 10.2, 12.9, 13.5, 14.1, 14.9, 15.8, 16.7, 16.7, 16.7, 16.7, 16.6, 16.5, 16.5, 0.9, 0.9, 0.9, 0.9, 0.9, 1.0, 0.9, 0.8, 1.0, 1.0, 1.0, 1.2, 1.5, 1.8, 2.7, 4.7, 7.3, 12.0, 12.1, 12.8, 13.4, 14.1, 14.8, 15.7, 16.7, 16.7, 16.7, 16.7, 16.6, 16.6, 0.9, 0.9, 0.9, 0.9, 1.0, 1.0, 0.9, 0.9, 1.1, 1.2, 1.2, 1.3, 1.5, 1.9, 3.2, 5.8, 6.4, 12.0, 12.0, 12.1, 12.8, 13.4, 14.0, 14.8, 15.6, 16.7, 16.7, 16.7, 16.7, 16.7]}, "None|10": {"ny": 32, "nx": 25, "lat0": 55.4002766, "lon0": 12.8293463, "dLat": 8.983e-06, "dLon": 1.582e-05, "slope": [8.1, 8.6, 8.6, 8.5, 8.1, 7.8, 7.4, 6.5, 6.6, 6.9, 7.4, 7.3, 7.1, 6.8, 7.7, 9.6, 8.0, 5.8, 6.1, 5.7, 5.0, 5.0, 5.0, 5.0, 5.0, 7.4, 8.1, 8.6, 8.6, 8.3, 7.8, 7.7, 7.2, 6.5, 6.4, 6.6, 7.3, 7.1, 6.7, 6.2, 5.7, 5.4, 5.6, 5.9, 5.6, 5.0, 5.0, 5.0, 5.0, 5.1, 7.2, 7.4, 8.0, 8.6, 8.5, 8.2, 7.8, 7.4, 6.5, 6.4, 5.9, 5.7, 5.1, 4.5, 3.9, 3.4, 3.2, 3.5, 4.0, 4.6, 4.9, 5.0, 5.0, 5.1, 5.3, 7.1, 7.2, 7.4, 7.9, 8.6, 8.3, 7.5, 7.4, 6.2, 5.5, 4.9, 4.3, 3.5, 2.7, 2.1, 1.8, 2.0, 2.4, 3.1, 3.8, 4.4, 4.9, 5.1, 5.3, 5.3, 7.6, 7.1, 7.2, 7.3, 7.9, 8.3, 7.1, 6.3, 5.2, 4.4, 3.7, 2.9, 2.1, 1.3, 0.7, 0.8, 1.2, 1.7, 2.3, 3.0, 3.7, 4.5, 5.2, 5.2, 5.3, 8.2, 7.6, 7.1, 7.2, 7.2, 6.6, 5.5, 4.5, 3.6, 2.7, 2.1, 1.6, 1.4, 1.1, 0.6, 0.3, 0.7, 1.2, 1.5, 2.0, 2.8, 3.9, 4.7, 5.0, 5.4, 8.3, 8.2, 7.7, 6.9, 5.7, 4.5, 3.5, 2.5, 1.7, 1.2, 1.3, 1.6, 1.7, 1.6, 1.1, 0.8, 0.7, 0.9, 1.0, 1.2, 2.1, 3.3, 4.5, 5.3, 5.3, 8.3, 8.3, 8.0, 6.2, 4.5, 3.2, 2.0, 1.2, 1.2, 1.5, 1.8, 1.9, 2.0, 1.9, 1.6, 1.2, 0.9, 0.7, 0.7, 0.9, 1.6, 2.8, 4.2, 5.2, 5.2, 8.3, 8.2, 7.5, 5.5, 3.9, 2.5, 1.4, 1.2, 1.6, 1.9, 2.0, 2.1, 2.3, 2.3, 1.9, 1.4, 1.0, 0.7, 0.4, 0.6, 1.1, 2.4, 4.0, 5.2, 5.2, 8.3, 8.2, 6.6, 5.0, 3.5, 2.1, 1.2, 1.3, 1.6, 1.6, 1.7, 2.1, 2.6, 2.7, 2.0, 1.4, 1.1, 0.9, 0.5, 0.3, 0.6, 1.7, 3.6, 5.2, 5.2, 8.2, 7.5, 5.8, 4.4, 3.1, 1.8, 1.2, 1.3, 1.2, 1.0, 1.3, 2.1, 2.8, 2.8, 2.0, 1.2, 1.3, 1.6, 1.5, 1.1, 0.6, 1.1, 3.1, 5.2, 5.2, 8.2, 6.5, 4.9, 3.7, 2.6, 1.7, 1.5, 1.4, 1.0, 0.8, 1.4, 2.3, 2.9, 2.7, 1.6, 0.9, 1.5, 2.0, 2.0, 1.7, 1.2, 1.0, 2.9, 5.1, 5.1, 7.9, 5.8, 4.2, 3.0, 2.1, 1.8, 2.0, 1.9, 1.5, 1.4, 1.9, 2.6, 2.9, 2.3, 1.0, 0.9, 1.5, 1.8, 2.0, 2.0, 1.5, 1.4, 3.3, 5.5, 5.5, 7.4, 5.2, 3.5, 2.3, 1.5, 1.8, 2.2, 2.2, 2.1, 2.2, 2.6, 2.9, 2.6, 1.7, 0.9, 1.4, 1.5, 1.2, 1.6, 1.8, 1.3, 1.8, 3.9, 6.2, 6.2, 6.7, 4.7, 3.0, 1.7, 1.1, 1.6, 2.0, 2.1, 2.4, 2.9, 3.3, 3.3, 2.6, 1.7, 1.5, 1.7, 1.3, 1.1, 1.6, 1.6, 1.2, 2.3, 4.5, 6.6, 6.7, 5.9, 4.3, 2.7, 1.4, 1.2, 1.8, 1.8, 1.9, 2.5, 3.2, 3.7, 3.6, 2.9, 2.2, 2.0, 1.9, 1.6, 1.6, 1.9, 1.7, 1.5, 2.7, 4.7, 6.6, 6.8, 5.5, 4.0, 2.5, 1.5, 1.7, 2.1, 1.9, 2.0, 2.6, 3.4, 4.0, 4.0, 3.5, 3.0, 2.7, 2.5, 2.3, 2.4, 2.6, 2.3, 2.2, 3.2, 4.9, 6.2, 6.7, 5.8, 4.2, 2.6, 1.9, 2.2, 2.5, 2.3, 2.3, 2.9, 3.7, 4.2, 4.4, 4.2, 3.8, 3.5, 3.3, 3.1, 3.1, 3.1, 2.7, 2.6, 3.6, 5.2, 5.4, 6.3, 6.6, 4.8, 3.1, 2.6, 2.9, 3.1, 3.0, 3.0, 3.3, 3.9, 4.4, 4.6, 4.6, 4.5, 4.2, 3.9, 3.5, 3.4, 3.2, 2.7, 2.7, 4.0, 5.3, 5.7, 5.7, 7.7, 5.8, 3.9, 3.4, 3.6, 3.8, 3.7, 3.6, 3.7, 3.9, 4.2, 4.4, 4.6, 4.7, 4.6, 4.2, 3.8, 3.6, 3.3, 2.9, 3.2, 4.6, 4.9, 5.6, 5.7, 8.3, 6.7, 5.0, 4.3, 4.3, 4.2, 3.8, 3.6, 3.6, 3.7, 3.8, 4.0, 4.3, 4.5, 4.6, 4.4, 4.3, 4.2, 3.9, 3.6, 4.3, 5.4, 5.7, 5.7, 5.7, 8.4, 7.9, 6.3, 5.2, 4.6, 4.0, 3.4, 3.2, 3.3, 3.4, 3.5, 3.7, 4.1, 4.4, 4.6, 4.7, 4.9, 5.0, 4.8, 4.9, 5.6, 5.7, 5.7, 5.7, 5.7, 9.5, 9.6, 7.8, 5.9, 4.6, 3.7, 3.0, 2.9, 3.1, 3.2, 3.4, 3.7, 4.0, 4.4, 4.7, 5.1, 5.5, 5.8, 5.8, 6.0, 6.1, 5.9, 5.8, 5.7, 5.7, 11.1, 11.1, 9.0, 6.4, 4.8, 3.7, 3.1, 3.0, 3.1, 3.2, 3.3, 3.5, 3.9, 4.2, 4.6, 5.1, 5.6, 5.9, 6.0, 6.0, 6.1, 6.1, 5.9, 5.8, 5.7, 11.5, 11.5, 9.4, 6.7, 4.9, 3.9, 3.4, 3.3, 3.4, 3.4, 3.3, 3.3, 3.5, 3.7, 3.9, 4.3, 4.8, 5.1, 5.7, 6.0, 6.0, 6.1, 6.1, 5.9, 5.8, 11.1, 11.1, 9.2, 6.7, 5.1, 4.2, 3.8, 3.8, 3.8, 3.7, 3.3, 3.0, 2.8, 2.7, 2.6, 2.6, 4.1, 5.1, 5.6, 6.0, 6.0, 6.0, 6.1, 6.1, 6.0, 10.4, 10.3, 8.9, 6.8, 5.4, 4.6, 4.3, 4.3, 4.2, 3.9, 3.2, 2.3, 1.5, 1.1, 0.9, 1.9, 3.9, 5.0, 5.1, 5.6, 6.0, 6.0, 6.0, 6.1, 6.1, 10.0, 10.0, 8.9, 7.2, 5.9, 5.1, 4.7, 4.6, 4.5, 4.0, 3.2, 2.0, 1.3, 1.1, 0.9, 0.9, 1.8, 3.9, 5.1, 5.5, 6.0, 6.0, 6.0, 6.0, 6.1, 9.7, 9.3, 8.9, 7.8, 6.5, 5.6, 5.0, 4.7, 4.6, 4.5, 4.3, 2.8, 1.3, 1.1, 0.9, 0.9, 0.9, 2.9, 4.9, 5.1, 5.6, 6.0, 6.0, 6.0, 6.0, 9.3, 8.9, 8.9, 8.3, 6.9, 5.7, 4.9, 4.6, 4.8, 5.0, 4.8, 3.0, 1.3, 1.3, 1.1, 0.9, 0.9, 0.9, 2.9, 5.1, 5.5, 5.9, 6.0, 6.0, 6.0, 9.1, 9.1, 9.1, 8.4, 6.8, 5.5, 4.6, 4.3, 4.6, 5.1, 5.1, 4.6, 2.9, 1.3, 1.1, 0.9, 0.9, 0.9, 2.6, 4.8, 5.1, 5.5, 6.0, 6.0, 6.0, 9.1, 9.1, 8.7, 7.8, 6.8, 5.4, 4.5, 4.2, 4.5, 5.1, 5.1, 5.1, 3.5, 1.3, 1.3, 1.1, 0.9, 0.9, 0.9, 2.4, 4.7, 5.4, 5.9, 6.0, 6.0]}, "None|11": {"ny": 28, "nx": 27, "lat0": 55.4025851, "lon0": 12.8308288, "dLat": 8.983e-06, "dLon": 1.5821e-05, "slope": [3.4, 3.6, 3.9, 4.0, 4.5, 5.7, 5.7, 5.7, 5.9, 6.1, 6.4, 6.9, 7.4, 7.0, 6.4, 6.9, 6.9, 6.7, 6.7, 6.6, 6.3, 5.7, 5.6, 5.3, 5.3, 5.3, 5.3, 3.3, 3.4, 3.6, 3.8, 3.7, 4.0, 4.0, 4.1, 4.2, 4.4, 4.5, 4.7, 5.1, 5.6, 6.2, 6.7, 6.7, 6.7, 6.6, 6.3, 5.7, 5.6, 5.3, 5.3, 5.2, 5.3, 5.3, 3.3, 3.3, 3.3, 2.9, 2.5, 2.4, 2.5, 2.7, 2.9, 3.1, 3.2, 3.2, 3.4, 3.6, 4.0, 4.6, 5.5, 6.3, 6.4, 5.7, 5.6, 5.3, 5.3, 5.2, 5.3, 5.3, 5.5, 3.2, 3.1, 2.7, 2.0, 1.6, 1.6, 1.7, 2.0, 2.3, 2.4, 2.4, 2.5, 2.7, 2.8, 2.7, 2.8, 3.4, 4.4, 5.4, 5.6, 5.3, 5.3, 5.2, 5.3, 5.3, 5.5, 5.7, 3.1, 3.0, 2.2, 1.6, 1.3, 1.3, 1.4, 1.7, 1.9, 1.9, 2.0, 2.3, 2.6, 2.6, 2.3, 1.9, 2.2, 2.8, 3.8, 5.0, 5.3, 5.2, 5.3, 5.3, 5.5, 5.7, 6.1, 2.9, 2.8, 1.8, 1.3, 1.0, 1.0, 1.1, 1.3, 1.4, 1.5, 1.8, 2.2, 2.6, 2.6, 2.1, 1.6, 1.7, 2.0, 2.6, 3.6, 4.9, 5.3, 5.3, 5.4, 5.7, 6.1, 6.6, 3.7, 2.6, 1.6, 1.1, 0.8, 0.7, 0.7, 0.9, 1.1, 1.3, 1.7, 2.3, 2.7, 2.5, 1.8, 1.3, 1.4, 1.5, 1.8, 2.5, 3.5, 4.9, 5.4, 5.7, 6.0, 6.6, 6.6, 4.3, 2.4, 1.4, 1.0, 0.8, 0.6, 0.5, 0.6, 1.0, 1.4, 2.0, 2.5, 2.7, 2.3, 1.4, 0.8, 0.9, 1.1, 1.3, 1.7, 2.4, 3.6, 5.2, 6.0, 6.6, 6.6, 6.9, 4.2, 2.4, 1.4, 1.0, 0.9, 0.7, 0.6, 0.6, 1.0, 1.6, 2.2, 2.6, 2.6, 2.0, 1.1, 0.3, 0.5, 0.7, 0.9, 1.2, 1.7, 2.5, 3.9, 6.2, 6.2, 6.9, 7.4, 4.1, 2.4, 1.4, 1.1, 0.9, 0.7, 0.7, 0.9, 1.3, 1.7, 2.1, 2.4, 2.3, 1.8, 1.0, 0.5, 0.3, 0.4, 0.6, 0.9, 1.3, 1.9, 3.1, 5.2, 6.2, 7.4, 7.4, 4.0, 2.4, 1.5, 1.1, 0.9, 0.7, 0.8, 1.0, 1.3, 1.6, 1.9, 2.1, 2.0, 1.6, 1.2, 0.7, 0.3, 0.2, 0.4, 0.6, 1.1, 1.7, 2.7, 4.5, 7.1, 7.1, 7.8, 3.9, 2.4, 1.5, 1.2, 1.1, 0.8, 0.8, 0.9, 1.1, 1.3, 1.5, 1.7, 1.6, 1.3, 1.0, 0.8, 0.4, 0.2, 0.2, 0.4, 0.8, 1.4, 2.4, 4.0, 6.4, 7.4, 8.3, 3.7, 2.4, 1.5, 1.3, 1.2, 1.0, 0.7, 0.7, 0.9, 1.1, 1.4, 1.6, 1.5, 1.2, 1.0, 0.8, 0.5, 0.3, 0.2, 0.3, 0.6, 1.2, 2.1, 3.6, 5.8, 8.0, 8.2, 3.6, 2.4, 1.5, 1.3, 1.4, 1.1, 0.8, 0.7, 0.8, 1.0, 1.3, 1.6, 1.6, 1.4, 1.3, 1.1, 0.8, 0.6, 0.5, 0.5, 0.6, 1.0, 1.8, 3.2, 5.3, 7.6, 7.9, 3.5, 2.5, 1.7, 1.5, 1.4, 1.2, 0.9, 0.8, 0.9, 1.1, 1.4, 1.8, 1.8, 1.6, 1.5, 1.3, 1.2, 1.1, 1.0, 0.8, 0.7, 0.9, 1.6, 2.8, 4.8, 7.1, 7.4, 3.4, 2.7, 2.0, 1.7, 1.5, 1.2, 1.0, 1.0, 1.1, 1.2, 1.6, 2.0, 2.0, 1.8, 1.7, 1.5, 1.3, 1.3, 1.2, 1.0, 0.9, 1.0, 1.4, 2.5, 4.3, 6.4, 6.8, 3.4, 2.9, 2.4, 2.0, 1.7, 1.3, 1.1, 1.2, 1.2, 1.4, 1.8, 2.1, 2.1, 1.9, 1.7, 1.5, 1.3, 1.1, 1.1, 1.0, 0.9, 1.0, 1.4, 2.3, 3.8, 5.7, 6.1, 3.6, 3.3, 2.9, 2.6, 2.1, 1.6, 1.3, 1.3, 1.4, 1.5, 1.8, 2.1, 2.0, 1.8, 1.6, 1.4, 1.1, 0.9, 0.9, 0.8, 0.8, 0.9, 1.5, 2.3, 3.4, 5.0, 5.4, 4.0, 3.8, 3.5, 3.2, 2.7, 2.1, 1.7, 1.5, 1.5, 1.5, 1.6, 1.9, 2.0, 1.8, 1.6, 1.2, 0.7, 0.6, 0.8, 0.8, 0.8, 1.1, 1.6, 2.2, 3.0, 4.2, 4.6, 4.2, 4.1, 4.1, 4.0, 3.5, 2.8, 2.2, 1.9, 1.6, 1.4, 1.5, 1.8, 1.9, 1.8, 1.6, 1.1, 0.4, 0.5, 1.0, 1.2, 1.3, 1.4, 1.7, 2.0, 2.6, 3.5, 3.8, 3.8, 4.0, 4.3, 4.5, 4.3, 3.7, 3.0, 2.5, 2.1, 1.8, 1.8, 2.0, 2.1, 2.0, 1.8, 1.3, 0.8, 0.9, 1.4, 1.6, 1.5, 1.5, 1.6, 1.8, 2.2, 2.7, 3.2, 3.5, 3.5, 3.9, 4.5, 4.7, 4.5, 3.9, 3.3, 2.8, 2.5, 2.5, 2.6, 2.6, 2.6, 2.3, 1.7, 1.0, 1.0, 1.4, 1.6, 1.6, 1.5, 1.6, 1.7, 2.0, 2.1, 2.6, 2.8, 2.7, 3.2, 4.1, 4.7, 4.9, 4.6, 4.2, 3.7, 3.4, 3.2, 3.3, 3.2, 3.1, 2.8, 2.1, 1.1, 0.9, 1.4, 1.7, 1.7, 1.7, 1.7, 1.7, 1.9, 2.1, 2.1, 2.3, 2.3, 2.5, 3.2, 4.2, 4.8, 5.0, 4.8, 4.5, 4.1, 3.8, 3.7, 3.6, 3.5, 3.3, 2.6, 1.7, 1.4, 1.5, 1.7, 1.7, 1.7, 1.7, 1.7, 1.8, 2.1, 2.1, 2.1, 1.9, 1.9, 2.4, 3.4, 4.2, 4.7, 4.8, 4.7, 4.4, 4.1, 3.9, 3.8, 4.0, 4.1, 3.1, 1.8, 1.4, 1.5, 1.7, 1.7, 1.7, 1.7, 1.7, 1.7, 1.9, 2.1, 1.9, 1.7, 1.7, 2.0, 2.6, 3.4, 4.0, 4.4, 4.4, 4.3, 4.2, 4.2, 4.3, 4.2, 4.1, 3.2, 1.9, 1.4, 1.4, 1.6, 1.7, 1.7, 1.7, 1.7, 1.7, 1.8, 2.0, 1.7, 1.7, 1.8, 2.0, 2.2, 2.6, 3.3, 3.8, 4.0, 4.1, 4.2, 4.2, 4.3, 4.2, 4.1, 4.1, 2.9, 1.4, 1.4, 1.5, 1.7, 1.7, 1.7, 1.7, 1.7, 1.7, 1.9, 1.7, 1.8, 2.0, 2.1, 2.2, 2.5, 3.1, 3.7, 4.0, 4.1, 4.2, 4.2, 4.3, 4.3, 4.2, 4.1, 3.1, 1.7, 1.4, 1.4, 1.5, 1.7, 1.7, 1.7, 1.7, 1.7, 1.8]}, "None|12": {"ny": 34, "nx": 34, "lat0": 55.4057066, "lon0": 12.8294631, "dLat": 8.983e-06, "dLon": 1.5822e-05, "slope": [4.9, 4.9, 4.9, 4.9, 4.9, 4.9, 5.0, 5.1, 5.2, 5.3, 5.0, 4.7, 4.6, 2.5, 1.2, 1.2, 1.7, 2.0, 2.1, 2.1, 2.1, 2.4, 2.5, 2.6, 2.8, 2.9, 2.9, 2.7, 2.6, 2.6, 2.6, 4.6, 5.6, 5.6, 4.4, 4.9, 4.9, 4.9, 4.9, 4.9, 4.9, 4.9, 5.1, 5.3, 5.1, 4.2, 2.9, 1.8, 1.4, 1.4, 1.7, 2.0, 2.1, 2.1, 2.3, 2.5, 2.5, 2.7, 2.9, 2.9, 2.9, 2.7, 2.6, 2.6, 2.6, 4.5, 5.6, 5.6, 3.4, 4.4, 4.9, 4.9, 4.9, 4.9, 4.9, 4.9, 5.0, 5.1, 4.9, 4.4, 3.6, 3.0, 2.7, 2.5, 2.1, 2.0, 2.1, 2.2, 2.4, 2.5, 2.6, 2.8, 2.9, 2.9, 3.0, 2.8, 2.6, 2.6, 2.6, 4.4, 5.6, 5.6, 3.1, 3.4, 3.4, 4.0, 4.8, 4.8, 4.8, 4.8, 4.7, 4.5, 4.3, 4.1, 3.8, 3.5, 3.1, 2.7, 2.1, 1.8, 2.1, 2.2, 2.4, 2.5, 2.7, 2.9, 2.9, 2.8, 3.1, 2.9, 2.6, 2.6, 2.8, 4.5, 5.6, 5.6, 3.1, 3.1, 3.0, 3.0, 3.0, 3.4, 4.0, 4.0, 3.8, 3.4, 3.2, 3.0, 2.9, 2.7, 2.4, 2.1, 1.7, 1.7, 1.9, 2.1, 2.3, 2.5, 2.7, 2.9, 2.8, 2.8, 3.1, 3.0, 2.6, 2.6, 3.0, 4.5, 5.6, 5.6, 2.8, 3.1, 3.1, 2.9, 2.6, 2.6, 2.6, 2.7, 2.6, 2.2, 2.1, 2.0, 1.7, 1.3, 1.1, 1.0, 1.0, 1.3, 1.6, 1.8, 1.9, 2.1, 2.4, 2.6, 2.6, 2.9, 3.3, 3.0, 2.6, 2.5, 2.8, 4.5, 5.6, 5.6, 2.4, 2.8, 3.1, 3.0, 2.8, 2.6, 2.5, 2.2, 1.7, 1.4, 1.4, 1.3, 0.9, 0.4, 0.2, 0.2, 0.4, 0.9, 1.3, 1.5, 1.5, 1.5, 1.6, 1.9, 2.4, 2.9, 3.3, 3.0, 2.6, 2.4, 2.7, 4.4, 5.6, 5.6, 2.0, 2.4, 2.8, 3.1, 2.9, 2.6, 2.4, 1.8, 1.2, 0.9, 0.9, 1.1, 1.0, 1.0, 1.0, 0.9, 0.7, 0.6, 0.9, 1.2, 1.3, 1.3, 1.2, 1.3, 1.8, 2.6, 3.1, 2.9, 2.5, 2.2, 2.6, 4.3, 5.6, 6.4, 1.6, 2.0, 2.4, 2.7, 2.9, 2.5, 2.1, 1.5, 0.9, 0.5, 0.5, 0.9, 1.2, 1.2, 1.2, 1.2, 1.0, 0.8, 0.8, 1.1, 1.2, 1.2, 1.0, 0.8, 1.1, 2.0, 2.7, 2.8, 2.3, 2.0, 2.5, 4.2, 6.2, 7.6, 1.7, 1.6, 1.9, 2.4, 2.3, 1.9, 1.5, 1.1, 0.7, 0.4, 0.3, 0.5, 0.7, 0.8, 0.8, 0.9, 0.9, 0.9, 1.0, 1.2, 1.3, 1.2, 0.9, 0.5, 0.7, 1.5, 2.4, 2.7, 2.4, 2.1, 2.6, 4.3, 6.7, 8.3, 2.0, 1.8, 1.6, 1.6, 1.4, 1.1, 0.8, 0.6, 0.6, 0.7, 0.4, 0.1, 0.2, 0.2, 0.3, 0.5, 0.6, 0.8, 1.0, 1.3, 1.3, 1.1, 0.7, 0.3, 0.3, 1.0, 2.0, 2.5, 2.4, 2.4, 3.1, 4.8, 7.1, 8.5, 2.0, 1.8, 1.2, 0.9, 0.7, 0.6, 0.5, 0.3, 0.6, 0.8, 0.5, 0.2, 0.1, 0.1, 0.1, 0.2, 0.3, 0.5, 0.8, 1.1, 1.1, 0.8, 0.4, 0.2, 0.3, 0.7, 1.6, 2.3, 2.5, 2.8, 3.8, 5.5, 7.5, 8.6, 1.5, 1.3, 0.8, 0.6, 0.5, 0.5, 0.4, 0.3, 0.5, 0.8, 0.5, 0.2, 0.1, 0.1, 0.2, 0.3, 0.3, 0.4, 0.7, 1.0, 0.9, 0.6, 0.2, 0.2, 0.3, 0.6, 1.4, 2.1, 2.6, 3.2, 4.4, 6.1, 7.8, 8.6, 0.8, 0.8, 0.6, 0.4, 0.3, 0.4, 0.3, 0.2, 0.5, 0.8, 0.7, 0.4, 0.4, 0.5, 0.5, 0.5, 0.4, 0.4, 0.7, 0.9, 0.9, 0.6, 0.3, 0.2, 0.3, 0.5, 1.3, 2.1, 2.7, 3.5, 4.8, 6.5, 8.0, 8.5, 0.7, 0.6, 0.4, 0.2, 0.2, 0.4, 0.4, 0.4, 0.7, 0.9, 0.8, 0.5, 0.5, 0.5, 0.6, 0.5, 0.5, 0.3, 0.6, 0.9, 0.9, 0.6, 0.3, 0.3, 0.3, 0.5, 1.4, 2.2, 2.9, 3.8, 5.1, 6.8, 8.2, 8.3, 0.9, 0.9, 0.6, 0.4, 0.4, 0.5, 0.6, 0.6, 0.8, 0.9, 0.7, 0.3, 0.2, 0.3, 0.3, 0.3, 0.4, 0.3, 0.4, 0.9, 1.0, 0.7, 0.4, 0.2, 0.4, 0.4, 1.4, 2.4, 3.2, 4.1, 5.3, 7.0, 8.4, 8.4, 1.1, 1.1, 0.9, 0.7, 0.5, 0.5, 0.6, 0.5, 0.6, 0.7, 0.4, 0.3, 0.4, 0.4, 0.4, 0.1, 0.4, 0.4, 0.3, 0.9, 1.1, 0.9, 0.5, 0.4, 0.5, 0.6, 1.5, 2.6, 3.6, 4.5, 5.7, 7.1, 7.7, 8.5, 1.4, 1.4, 1.2, 1.0, 0.6, 0.4, 0.5, 0.5, 0.4, 0.4, 0.4, 0.6, 0.7, 0.8, 0.7, 0.4, 0.3, 0.5, 0.2, 0.6, 1.0, 1.0, 0.6, 0.5, 0.6, 0.6, 1.6, 2.9, 4.0, 5.0, 6.0, 7.2, 7.3, 7.8, 2.3, 2.0, 1.6, 1.1, 0.7, 0.5, 0.5, 0.4, 0.2, 0.1, 0.4, 0.7, 0.6, 0.7, 0.8, 0.5, 0.1, 0.5, 0.4, 0.4, 0.8, 0.9, 0.5, 0.4, 0.5, 0.6, 1.8, 3.2, 4.4, 5.4, 6.3, 6.8, 7.3, 7.3, 2.8, 2.5, 1.9, 1.2, 0.8, 0.6, 0.6, 0.6, 0.3, 0.2, 0.4, 0.5, 0.2, 0.6, 0.9, 0.7, 0.2, 0.4, 0.4, 0.3, 0.7, 0.8, 0.4, 0.3, 0.4, 0.8, 2.2, 3.7, 4.8, 5.8, 6.2, 6.5, 6.8, 7.3, 3.3, 2.9, 2.1, 1.4, 1.0, 0.8, 0.8, 0.8, 0.6, 0.4, 0.6, 0.5, 0.3, 0.9, 1.1, 0.7, 0.3, 0.4, 0.3, 0.3, 0.6, 0.7, 0.4, 0.3, 0.6, 1.3, 2.8, 4.3, 5.4, 6.4, 6.4, 6.6, 6.5, 6.8, 3.9, 3.1, 2.2, 1.7, 1.5, 1.4, 1.3, 1.2, 1.0, 0.8, 0.8, 0.7, 0.6, 1.2, 1.1, 0.6, 0.4, 0.5, 0.2, 0.3, 0.7, 0.8, 0.6, 0.7, 1.1, 2.2, 3.6, 5.1, 6.3, 6.8, 6.7, 6.7, 6.6, 6.6, 4.1, 3.2, 2.5, 2.2, 2.0, 2.0, 1.9, 1.8, 1.5, 1.2, 1.1, 0.9, 0.9, 1.2, 1.0, 0.5, 0.6, 0.5, 0.1, 0.5, 0.9, 1.0, 1.0, 1.3, 2.0, 3.2, 4.7, 6.1, 6.8, 6.8, 6.8, 6.7, 6.7, 6.7, 4.0, 3.3, 2.9, 2.7, 2.5, 2.4, 2.4, 2.3, 2.0, 1.8, 1.6, 1.4, 1.2, 1.2, 0.8, 0.4, 0.7, 0.6, 0.2, 0.8, 1.3, 1.5, 1.6, 2.1, 3.0, 4.3, 5.8, 6.6, 6.7, 6.8, 6.8, 6.8, 6.7, 6.7, 3.9, 3.5, 3.2, 3.1, 2.9, 2.7, 2.7, 2.6, 2.5, 2.4, 2.3, 2.0, 1.6, 1.2, 0.7, 0.6, 0.9, 0.6, 0.5, 1.3, 1.8, 2.0, 2.3, 2.9, 4.0, 4.8, 6.3, 6.4, 6.6, 6.7, 6.8, 6.8, 6.8, 6.7, 3.7, 3.5, 3.3, 3.2, 3.0, 3.0, 3.1, 3.1, 3.0, 2.9, 2.9, 2.6, 2.1, 1.5, 0.9, 0.9, 1.1, 0.7, 1.0, 1.8, 2.3, 2.6, 2.9, 3.6, 4.3, 4.6, 6.2, 6.4, 6.4, 6.6, 6.7, 6.8, 6.8, 6.8, 3.7, 3.3, 3.1, 3.0, 2.9, 3.0, 3.2, 3.4, 3.4, 3.4, 3.4, 3.2, 2.7, 2.1, 1.6, 1.4, 1.4, 1.1, 1.6, 2.4, 3.0, 3.3, 3.6, 4.1, 4.2, 4.4, 5.4, 6.3, 6.4, 6.4, 6.5, 6.7, 6.8, 6.8, 2.8, 2.6, 2.6, 2.7, 2.7, 2.9, 3.1, 3.2, 3.4, 3.5, 3.6, 3.6, 3.3, 2.8, 2.3, 2.0, 1.9, 1.9, 2.5, 3.3, 3.8, 4.0, 4.0, 4.1, 4.2, 4.2, 4.4, 6.0, 6.4, 6.4, 6.4, 6.5, 6.7, 6.8, 1.8, 1.8, 2.0, 2.3, 2.6, 2.7, 2.7, 2.8, 2.9, 3.1, 3.3, 3.4, 3.4, 3.2, 2.9, 2.7, 2.7, 3.0, 3.6, 4.2, 4.3, 4.1, 4.0, 4.1, 4.2, 4.2, 4.2, 5.1, 6.2, 6.4, 6.4, 6.4, 6.5, 6.7, 1.5, 1.5, 1.6, 1.8, 2.0, 2.2, 2.3, 2.3, 2.3, 2.4, 2.7, 3.0, 3.2, 3.3, 3.4, 3.6, 3.8, 4.2, 4.4, 4.3, 4.3, 4.1, 4.0, 4.0, 4.1, 4.2, 4.2, 4.2, 5.9, 6.4, 6.4, 6.4, 6.4, 6.5, 1.5, 1.5, 1.4, 1.4, 1.1, 1.3, 1.6, 1.7, 1.7, 1.9, 2.3, 2.7, 3.1, 3.4, 3.9, 4.5, 4.7, 4.5, 4.4, 4.3, 4.3, 4.3, 4.1, 4.0, 4.1, 4.1, 4.2, 4.2, 5.0, 6.1, 6.4, 6.4, 6.4, 6.4, 1.5, 1.4, 1.3, 1.2, 0.8, 0.6, 0.8, 1.0, 1.2, 1.5, 2.1, 2.8, 3.4, 4.0, 4.1, 4.5, 4.7, 4.5, 4.4, 4.4, 4.3, 4.3, 4.2, 4.0, 4.0, 4.1, 4.2, 4.2, 4.2, 4.9, 6.0, 6.4, 6.4, 6.4, 1.5, 1.3, 1.2, 0.9, 0.5, 0.4, 0.6, 0.8, 1.1, 1.7, 2.4, 2.7, 3.3, 3.9, 4.1, 4.4, 4.6, 4.7, 4.5, 4.4, 4.3, 4.3, 4.3, 4.1, 4.0, 4.1, 4.1, 4.2, 4.2, 4.2, 5.7, 6.4, 6.4, 6.4, 1.3, 1.2, 0.9, 0.6, 0.5, 0.4, 0.6, 0.7, 1.1, 1.7, 2.4, 2.7, 3.2, 3.9, 4.1, 4.1, 4.5, 4.7, 4.5, 4.4, 4.4, 4.3, 4.3, 4.2, 4.0, 4.0, 4.1, 4.2, 4.2, 4.2, 4.8, 5.9, 6.4, 6.4]}, "None|13": {"ny": 34, "nx": 30, "lat0": 55.4093719, "lon0": 12.833884, "dLat": 8.983e-06, "dLon": 1.5823e-05, "slope": [4.2, 4.7, 5.2, 5.2, 5.6, 6.8, 7.1, 7.1, 7.0, 6.9, 6.8, 6.4, 5.9, 5.4, 4.9, 4.3, 2.3, 2.5, 2.8, 3.5, 4.7, 6.2, 7.7, 8.7, 8.7, 8.4, 8.0, 7.9, 7.9, 7.7, 3.9, 4.2, 4.6, 5.1, 4.8, 5.1, 4.9, 4.5, 4.2, 4.0, 3.8, 3.4, 2.9, 2.4, 2.1, 2.1, 2.2, 2.4, 2.7, 3.3, 4.3, 5.6, 7.0, 8.2, 8.4, 8.0, 7.9, 7.9, 7.7, 6.9, 3.7, 3.8, 4.1, 4.0, 3.5, 3.2, 2.9, 2.4, 1.9, 1.8, 1.7, 1.5, 1.2, 0.9, 0.8, 1.0, 1.3, 1.5, 1.8, 2.1, 2.7, 3.5, 4.6, 6.2, 7.7, 8.1, 7.9, 7.8, 7.0, 6.2, 3.6, 3.6, 3.2, 2.7, 2.4, 2.2, 2.0, 1.4, 0.9, 0.8, 0.8, 0.8, 0.7, 0.6, 0.5, 0.7, 0.9, 1.1, 1.4, 1.7, 2.1, 2.4, 3.0, 4.2, 6.2, 7.9, 7.9, 7.1, 6.2, 6.2, 3.1, 3.0, 2.2, 1.9, 1.8, 1.7, 1.4, 0.9, 0.4, 0.4, 0.5, 0.6, 0.6, 0.6, 0.5, 0.5, 0.5, 0.7, 0.9, 1.2, 1.7, 2.0, 2.2, 2.9, 4.6, 6.9, 7.7, 6.4, 6.4, 6.4, 2.8, 2.1, 1.5, 1.4, 1.3, 1.1, 1.0, 0.7, 0.3, 0.1, 0.3, 0.4, 0.5, 0.6, 0.5, 0.3, 0.2, 0.2, 0.3, 0.6, 1.3, 1.9, 2.0, 2.2, 3.4, 5.6, 7.1, 6.7, 6.7, 6.1, 2.6, 1.6, 1.3, 1.1, 0.8, 0.7, 0.8, 0.9, 0.6, 0.4, 0.3, 0.4, 0.5, 0.6, 0.6, 0.6, 0.5, 0.5, 0.4, 0.4, 1.0, 1.6, 1.8, 2.0, 2.8, 4.5, 6.3, 6.7, 6.2, 5.5, 2.5, 1.6, 1.2, 0.9, 0.5, 0.6, 1.0, 1.2, 1.1, 0.9, 0.7, 0.6, 0.7, 0.7, 0.8, 0.8, 0.7, 0.6, 0.4, 0.3, 0.6, 1.3, 1.8, 2.1, 2.7, 3.9, 5.4, 6.3, 5.6, 5.6, 2.5, 1.7, 1.1, 0.7, 0.5, 0.8, 1.1, 1.4, 1.5, 1.3, 1.1, 0.8, 0.8, 0.8, 0.9, 0.8, 0.5, 0.3, 0.3, 0.3, 0.6, 1.2, 1.8, 2.2, 2.6, 3.4, 4.6, 5.7, 5.7, 5.7, 2.5, 1.7, 0.9, 0.4, 0.7, 1.0, 1.2, 1.4, 1.5, 1.4, 1.2, 0.9, 0.7, 0.7, 0.7, 0.5, 0.2, 0.3, 0.6, 0.8, 1.0, 1.3, 1.6, 1.9, 2.2, 2.7, 3.8, 5.2, 6.0, 6.1, 2.5, 1.5, 0.7, 0.4, 0.9, 1.2, 1.2, 1.3, 1.3, 1.3, 1.2, 0.8, 0.5, 0.5, 0.5, 0.3, 0.2, 0.6, 0.9, 1.1, 1.2, 1.3, 1.3, 1.4, 1.5, 2.2, 3.7, 5.7, 7.3, 7.6, 2.2, 1.3, 0.7, 0.8, 1.2, 1.3, 1.1, 1.0, 1.1, 1.1, 1.0, 0.7, 0.3, 0.2, 0.4, 0.4, 0.6, 1.0, 1.3, 1.4, 1.3, 1.1, 0.9, 0.9, 1.4, 2.8, 4.9, 7.4, 9.3, 9.5, 1.6, 1.0, 1.0, 1.3, 1.5, 1.4, 1.0, 0.9, 1.0, 1.1, 1.0, 0.8, 0.5, 0.3, 0.4, 0.5, 0.7, 1.1, 1.3, 1.3, 1.1, 0.8, 0.6, 1.2, 2.6, 4.7, 7.1, 9.3, 10.4, 10.6, 1.4, 1.1, 1.4, 1.8, 1.9, 1.7, 1.2, 1.1, 1.3, 1.3, 1.3, 1.2, 0.9, 0.5, 0.1, 0.2, 0.6, 1.0, 1.2, 1.1, 0.8, 0.5, 1.1, 2.7, 4.7, 7.0, 9.0, 10.6, 10.9, 11.0, 1.3, 1.2, 2.0, 2.6, 2.6, 2.3, 2.0, 1.9, 2.1, 2.3, 2.3, 2.3, 2.1, 1.6, 1.1, 0.8, 0.9, 1.2, 1.3, 1.1, 0.6, 0.9, 2.5, 4.8, 7.0, 8.8, 10.3, 11.1, 11.4, 11.4, 2.3, 2.9, 3.4, 3.7, 3.6, 3.4, 3.1, 3.2, 3.5, 3.7, 3.8, 3.8, 3.5, 3.1, 2.5, 2.0, 1.7, 1.7, 1.7, 1.5, 1.1, 2.3, 4.6, 7.1, 9.0, 10.0, 10.8, 11.0, 11.2, 11.4, 4.5, 5.0, 5.0, 5.0, 4.7, 4.4, 4.3, 4.4, 4.6, 4.7, 4.7, 4.7, 4.6, 4.2, 3.5, 2.9, 2.4, 2.2, 2.1, 1.8, 2.3, 4.3, 7.0, 9.3, 10.4, 10.5, 10.9, 11.0, 11.0, 11.2, 6.3, 6.3, 6.3, 6.0, 5.4, 5.0, 4.8, 4.7, 4.7, 4.6, 4.5, 4.6, 4.6, 4.5, 4.0, 3.4, 3.0, 2.7, 2.4, 2.6, 4.1, 6.7, 9.2, 10.6, 10.9, 10.7, 10.8, 11.0, 11.0, 11.0, 6.7, 6.8, 6.8, 6.1, 5.2, 4.6, 4.2, 4.0, 3.9, 3.7, 3.6, 3.6, 3.9, 4.1, 4.0, 3.8, 3.6, 3.3, 3.1, 3.9, 6.1, 8.6, 10.2, 10.8, 10.9, 10.9, 10.7, 10.9, 11.0, 11.0, 6.6, 6.7, 6.4, 5.4, 4.2, 3.5, 3.1, 2.9, 2.9, 2.8, 2.7, 2.8, 3.0, 3.4, 3.9, 4.2, 4.3, 4.3, 4.5, 5.8, 7.6, 9.4, 10.1, 10.4, 10.8, 10.9, 10.9, 10.9, 11.0, 11.0, 6.6, 6.6, 5.8, 4.2, 2.9, 2.2, 1.9, 1.9, 2.1, 2.2, 2.3, 2.4, 2.5, 2.9, 3.5, 4.3, 4.9, 5.4, 6.0, 7.2, 7.8, 8.9, 9.9, 10.1, 10.4, 10.7, 10.9, 10.9, 11.0, 11.0, 5.8, 5.7, 4.7, 3.0, 1.8, 1.3, 1.1, 1.2, 1.5, 1.8, 2.1, 2.3, 2.5, 2.6, 3.0, 3.7, 4.6, 5.6, 6.5, 7.4, 8.0, 8.1, 8.9, 9.9, 10.1, 10.4, 10.7, 10.9, 10.9, 11.0, 4.5, 4.4, 3.5, 2.1, 1.2, 0.9, 0.8, 1.0, 1.2, 1.5, 1.8, 2.2, 2.5, 2.5, 2.6, 2.9, 3.7, 4.8, 6.1, 6.7, 7.3, 8.0, 8.1, 8.9, 9.8, 10.1, 10.4, 10.7, 10.9, 10.9, 3.9, 3.6, 2.5, 1.6, 1.1, 0.9, 1.0, 1.1, 1.2, 1.4, 1.6, 1.9, 2.2, 2.4, 2.4, 2.6, 3.3, 4.5, 6.1, 7.0, 7.0, 7.6, 8.1, 8.1, 8.8, 9.8, 10.1, 10.3, 10.7, 10.9, 3.4, 2.9, 2.0, 1.4, 1.1, 1.1, 1.2, 1.2, 1.3, 1.3, 1.3, 1.5, 1.8, 2.2, 2.4, 3.0, 4.0, 5.5, 7.3, 8.2, 8.1, 8.1, 8.1, 8.1, 8.1, 8.7, 9.7, 10.1, 10.3, 10.7, 2.6, 2.4, 1.8, 1.4, 1.3, 1.3, 1.4, 1.4, 1.4, 1.3, 1.2, 1.4, 1.8, 2.4, 3.1, 4.1, 5.8, 7.6, 8.6, 8.6, 8.3, 8.1, 8.1, 8.1, 8.1, 8.1, 8.7, 9.3, 9.6, 10.3, 2.3, 2.2, 1.8, 1.6, 1.5, 1.5, 1.5, 1.5, 1.5, 1.4, 1.5, 1.9, 2.6, 3.4, 4.5, 6.2, 8.0, 9.5, 10.2, 10.1, 9.5, 8.6, 8.4, 8.1, 8.1, 8.1, 8.1, 8.1, 8.6, 9.6, 2.4, 2.3, 2.1, 1.9, 1.8, 1.8, 1.8, 1.9, 1.9, 1.9, 2.2, 3.0, 4.0, 5.2, 6.7, 8.4, 9.8, 10.4, 10.2, 10.1, 10.1, 10.1, 9.6, 8.7, 8.5, 8.1, 8.1, 8.1, 8.1, 8.5, 2.8, 2.8, 2.6, 2.5, 2.4, 2.4, 2.3, 2.4, 2.4, 2.7, 3.4, 4.5, 5.7, 7.0, 8.4, 9.6, 9.9, 9.6, 9.7, 9.8, 10.1, 10.1, 10.1, 10.1, 9.7, 8.8, 8.6, 8.1, 8.1, 8.1, 3.1, 3.1, 3.2, 3.1, 3.0, 2.9, 2.9, 2.9, 3.1, 3.5, 4.6, 5.9, 7.1, 8.1, 8.7, 8.7, 8.3, 8.7, 9.6, 9.7, 9.7, 9.8, 10.0, 10.0, 10.1, 10.1, 9.7, 8.9, 8.7, 8.1, 3.1, 3.4, 3.5, 3.4, 3.3, 3.2, 3.2, 3.3, 3.6, 4.3, 5.5, 6.7, 7.6, 7.8, 7.4, 6.8, 7.2, 8.3, 8.7, 9.5, 9.7, 9.7, 9.7, 9.8, 10.0, 10.0, 10.1, 10.1, 9.8, 9.1, 3.4, 3.5, 3.5, 3.5, 3.2, 3.0, 3.1, 3.3, 3.8, 4.8, 6.0, 7.0, 7.2, 6.6, 5.7, 5.9, 6.8, 7.2, 8.2, 8.6, 9.5, 9.7, 9.7, 9.7, 9.7, 9.7, 10.0, 10.0, 10.1, 10.1, 3.5, 3.5, 3.5, 3.4, 3.0, 2.9, 3.0, 3.3, 3.9, 5.0, 6.2, 6.7, 6.3, 6.2, 5.7, 5.7, 5.9, 6.7, 7.1, 8.2, 8.6, 9.4, 9.7, 9.7, 9.7, 9.7, 9.7, 9.7, 9.9, 10.0, 3.5, 3.5, 3.4, 3.1, 2.9, 2.9, 3.1, 3.2, 3.9, 5.0, 6.2, 6.6, 6.2, 6.2, 5.7, 5.7, 5.7, 5.9, 6.7, 7.1, 8.1, 8.6, 9.4, 9.7, 9.7, 9.7, 9.7, 9.7, 9.7, 9.7]}, "None|14": {"ny": 27, "nx": 28, "lat0": 55.4076666, "lon0": 12.8345184, "dLat": 8.983e-06, "dLon": 1.5823e-05, "slope": [3.9, 4.5, 4.5, 4.5, 4.5, 4.4, 4.4, 4.2, 4.0, 4.0, 4.0, 4.0, 3.9, 3.9, 4.2, 4.2, 4.2, 4.2, 4.2, 4.2, 4.2, 4.0, 3.8, 2.9, 2.0, 2.2, 2.6, 2.6, 2.9, 3.5, 4.0, 4.5, 4.5, 4.5, 4.5, 4.5, 4.4, 4.3, 4.0, 4.0, 3.9, 3.6, 3.6, 3.9, 4.2, 4.2, 4.2, 4.1, 4.0, 3.1, 2.1, 2.0, 2.2, 2.6, 2.6, 2.6, 2.4, 2.6, 3.1, 3.6, 3.9, 4.5, 4.5, 4.5, 4.5, 4.5, 4.4, 4.3, 3.8, 3.3, 3.2, 3.7, 4.1, 4.1, 3.9, 3.5, 2.9, 2.1, 1.9, 2.0, 2.6, 2.6, 2.6, 2.6, 2.2, 2.6, 2.6, 2.9, 3.3, 3.6, 3.9, 4.5, 4.5, 4.5, 4.5, 4.4, 3.8, 3.2, 2.9, 3.4, 3.9, 3.8, 3.5, 2.9, 2.1, 1.9, 1.7, 2.1, 2.6, 2.6, 2.6, 2.6, 3.4, 2.4, 2.6, 2.6, 2.9, 3.2, 3.3, 3.8, 4.7, 4.7, 4.7, 4.5, 3.8, 3.0, 2.6, 2.9, 3.5, 3.5, 3.0, 2.1, 1.9, 1.6, 1.9, 2.6, 2.6, 2.6, 2.6, 2.8, 4.4, 2.2, 2.4, 2.6, 2.6, 2.9, 3.2, 3.3, 3.8, 4.7, 4.8, 4.6, 3.7, 2.8, 2.3, 2.4, 2.7, 2.5, 2.1, 2.0, 1.6, 1.6, 1.9, 2.6, 2.6, 2.6, 2.8, 2.9, 4.5, 2.1, 2.3, 2.9, 2.6, 2.6, 2.8, 3.2, 3.2, 3.8, 4.7, 4.3, 3.3, 2.5, 2.0, 2.0, 2.1, 1.9, 1.4, 1.5, 1.5, 1.7, 2.6, 2.6, 2.6, 2.8, 2.9, 2.9, 4.9, 3.5, 2.2, 2.6, 2.9, 2.6, 2.6, 2.8, 3.2, 3.5, 4.4, 3.7, 2.8, 2.1, 1.8, 1.6, 1.5, 1.3, 0.9, 0.7, 1.3, 1.6, 2.6, 2.6, 2.7, 2.9, 2.9, 3.0, 5.2, 4.7, 2.1, 2.3, 3.2, 3.0, 2.6, 2.7, 3.7, 3.9, 3.8, 2.9, 2.2, 1.7, 1.5, 1.3, 1.1, 0.7, 0.5, 0.6, 0.7, 1.3, 2.4, 2.7, 2.9, 3.0, 3.3, 3.5, 5.2, 4.8, 2.1, 2.2, 2.6, 3.2, 3.0, 2.7, 3.7, 3.5, 2.9, 2.1, 1.6, 1.3, 1.2, 1.0, 0.9, 0.6, 0.3, 0.4, 0.8, 1.1, 1.9, 3.0, 3.0, 3.4, 4.1, 4.1, 5.2, 4.9, 2.8, 2.1, 2.3, 3.5, 3.3, 3.4, 3.2, 2.4, 1.8, 1.4, 1.2, 1.0, 0.9, 0.9, 0.9, 0.8, 0.8, 0.8, 0.7, 1.0, 2.0, 3.1, 3.5, 4.1, 4.1, 4.5, 5.2, 5.1, 3.3, 2.3, 2.2, 3.6, 3.6, 2.9, 1.8, 1.1, 1.0, 1.2, 1.1, 1.0, 0.9, 0.9, 1.0, 1.1, 1.2, 1.3, 1.2, 1.3, 2.0, 3.1, 4.1, 4.1, 4.5, 5.1, 5.8, 5.1, 3.3, 2.4, 2.8, 3.9, 3.5, 1.9, 0.8, 0.7, 1.1, 1.4, 1.5, 1.3, 1.2, 1.3, 1.4, 1.4, 1.5, 1.6, 1.7, 1.8, 2.4, 3.2, 4.2, 4.5, 5.1, 5.1, 6.3, 5.2, 3.6, 2.9, 3.5, 4.4, 3.9, 2.6, 1.9, 1.8, 1.9, 2.0, 2.0, 1.9, 1.7, 1.8, 1.8, 1.8, 1.8, 1.9, 2.0, 2.2, 2.6, 3.4, 4.4, 5.2, 5.2, 5.2, 6.0, 5.2, 4.1, 3.7, 4.3, 5.0, 4.8, 3.9, 3.2, 2.8, 2.6, 2.5, 2.5, 2.4, 2.2, 2.2, 2.2, 2.1, 2.2, 2.2, 2.3, 2.5, 2.8, 3.5, 4.6, 5.5, 5.5, 5.6, 5.3, 4.9, 4.4, 4.4, 4.8, 5.4, 5.3, 4.6, 3.8, 3.3, 3.0, 2.8, 2.8, 2.6, 2.5, 2.4, 2.3, 2.2, 2.3, 2.4, 2.6, 2.7, 3.0, 3.6, 4.7, 5.8, 5.8, 5.8, 4.4, 4.3, 4.2, 4.4, 4.8, 5.3, 5.2, 4.6, 3.8, 3.4, 3.1, 3.0, 3.0, 2.8, 2.7, 2.5, 2.3, 2.2, 2.4, 2.5, 2.6, 2.9, 3.2, 3.9, 4.9, 6.1, 6.1, 6.5, 4.0, 3.7, 3.7, 3.9, 4.4, 4.8, 4.8, 4.3, 3.6, 3.1, 3.0, 3.0, 3.1, 3.0, 2.8, 2.5, 2.4, 2.3, 2.5, 2.6, 2.8, 3.1, 3.6, 4.3, 5.4, 6.5, 6.7, 7.3, 3.8, 3.5, 3.2, 3.4, 3.8, 4.3, 4.5, 4.1, 3.4, 3.0, 2.8, 2.9, 3.0, 2.9, 2.7, 2.4, 2.3, 2.3, 2.4, 2.6, 2.9, 3.3, 3.9, 4.9, 6.0, 6.9, 7.3, 7.4, 3.5, 3.2, 3.0, 3.0, 3.4, 4.0, 4.3, 4.1, 3.5, 3.0, 2.8, 2.8, 2.8, 2.7, 2.5, 2.3, 2.2, 2.1, 2.2, 2.4, 2.8, 3.3, 4.2, 5.4, 6.7, 7.3, 7.4, 7.5, 3.3, 3.0, 2.9, 2.9, 3.3, 3.7, 4.0, 4.1, 3.7, 3.2, 2.9, 2.8, 2.8, 2.7, 2.5, 2.4, 2.2, 2.1, 2.1, 2.2, 2.5, 3.1, 4.4, 6.0, 7.3, 7.7, 7.7, 7.7, 3.0, 2.9, 2.9, 2.9, 3.4, 3.6, 3.8, 3.9, 3.7, 3.2, 2.8, 2.8, 2.8, 2.8, 2.7, 2.5, 2.4, 2.2, 2.0, 2.0, 2.2, 3.0, 4.7, 6.7, 7.9, 8.1, 8.0, 7.7, 2.9, 2.9, 2.9, 3.2, 3.6, 3.7, 3.7, 3.6, 3.3, 3.0, 2.7, 2.6, 2.7, 2.7, 2.7, 2.6, 2.4, 2.0, 1.8, 1.8, 2.3, 3.6, 5.7, 7.6, 8.4, 8.5, 8.4, 8.1, 2.9, 2.9, 2.9, 3.4, 3.7, 3.7, 3.5, 3.4, 3.3, 2.8, 2.5, 2.4, 2.4, 2.5, 2.5, 2.3, 2.0, 1.8, 2.0, 2.6, 3.8, 5.5, 7.1, 8.3, 8.6, 8.5, 8.5, 8.4, 2.9, 2.9, 3.2, 3.6, 3.7, 3.6, 3.4, 3.4, 2.9, 2.6, 2.4, 2.3, 2.2, 2.1, 2.0, 2.0, 2.4, 3.2, 4.2, 5.3, 6.4, 7.6, 8.0, 8.4, 8.6, 8.6, 8.5, 8.5, 2.9, 2.9, 3.4, 3.7, 3.6, 3.4, 3.4, 3.0, 2.6, 2.4, 2.3, 2.2, 2.1, 2.0, 2.4, 3.6, 5.0, 6.3, 7.3, 7.7, 7.0, 7.6, 8.0, 8.3, 8.6, 8.6, 8.6, 8.5, 2.9, 3.2, 3.6, 3.6, 3.4, 3.4, 3.4, 2.9, 2.4, 2.3, 2.2, 2.2, 2.1, 2.0, 2.4, 3.6, 5.0, 6.2, 7.3, 7.7, 7.1, 7.6, 8.0, 8.0, 8.4, 8.6, 8.6, 8.6]}, "None|15": {"ny": 30, "nx": 27, "lat0": 55.4027889, "lon0": 12.8331273, "dLat": 8.983e-06, "dLon": 1.5821e-05, "slope": [1.6, 1.5, 1.2, 1.1, 1.2, 1.5, 1.7, 1.6, 1.5, 1.3, 1.3, 1.2, 1.1, 1.1, 1.1, 1.1, 1.3, 1.4, 1.3, 1.1, 1.2, 1.2, 1.1, 1.1, 0.8, 0.7, 1.0, 1.6, 1.6, 1.5, 1.3, 1.1, 1.2, 1.5, 1.7, 1.7, 1.5, 1.3, 1.3, 1.1, 1.0, 0.9, 0.8, 1.0, 1.2, 1.2, 1.1, 1.1, 1.1, 0.8, 0.6, 0.7, 0.9, 1.2, 1.6, 1.6, 1.6, 1.2, 0.8, 1.1, 1.2, 1.4, 1.7, 1.7, 1.5, 1.3, 1.1, 1.0, 0.9, 0.8, 0.8, 1.1, 1.0, 0.7, 0.7, 0.6, 0.6, 0.7, 0.9, 1.2, 1.4, 1.7, 1.6, 1.6, 1.4, 0.9, 0.8, 1.1, 1.2, 1.4, 1.7, 1.6, 1.3, 1.3, 1.2, 1.2, 1.0, 0.9, 1.0, 0.9, 0.5, 0.5, 0.6, 0.7, 0.9, 1.2, 1.4, 1.4, 1.7, 1.7, 1.6, 1.6, 1.2, 0.4, 0.8, 1.1, 1.2, 1.5, 1.6, 1.4, 1.4, 1.4, 1.4, 1.4, 1.2, 1.1, 0.8, 0.5, 0.4, 0.6, 0.9, 1.2, 1.4, 1.5, 1.5, 1.7, 1.7, 1.7, 1.6, 1.5, 0.9, 0.4, 0.7, 1.2, 1.4, 1.4, 1.3, 1.4, 1.4, 1.6, 1.6, 1.5, 1.2, 0.9, 0.6, 0.5, 0.7, 1.2, 1.5, 1.5, 1.5, 1.5, 1.7, 1.7, 1.7, 1.7, 1.6, 1.4, 0.6, 0.5, 0.9, 1.0, 1.1, 1.1, 1.1, 1.2, 1.4, 1.5, 1.4, 1.3, 1.0, 0.8, 0.8, 1.0, 1.4, 1.6, 1.5, 1.5, 1.5, 1.5, 1.7, 1.7, 1.7, 1.7, 1.5, 0.8, 0.4, 0.4, 0.7, 0.8, 0.8, 0.8, 0.8, 0.9, 1.0, 1.1, 1.1, 1.1, 1.1, 1.1, 1.2, 1.5, 1.6, 1.5, 1.5, 1.5, 1.3, 1.5, 1.7, 1.7, 1.7, 1.2, 0.8, 0.4, 0.3, 0.5, 0.6, 0.6, 0.6, 0.6, 0.6, 0.7, 0.9, 1.0, 1.1, 1.2, 1.3, 1.4, 1.6, 1.6, 1.6, 1.6, 1.6, 1.0, 1.3, 1.5, 1.7, 1.4, 1.1, 0.9, 0.5, 0.4, 0.5, 0.6, 0.7, 0.7, 0.6, 0.5, 0.6, 0.8, 1.0, 1.2, 1.3, 1.4, 1.6, 1.7, 1.7, 1.7, 1.7, 1.7, 0.7, 1.0, 1.3, 1.5, 1.4, 1.3, 1.1, 0.7, 0.6, 0.6, 0.7, 0.8, 0.8, 0.8, 0.8, 0.8, 0.9, 1.0, 1.1, 1.3, 1.4, 1.6, 1.7, 1.7, 1.5, 1.5, 1.5, 0.7, 0.8, 1.1, 1.4, 1.6, 1.5, 1.2, 0.9, 0.7, 0.8, 0.8, 0.9, 0.9, 1.0, 0.9, 0.9, 1.0, 1.0, 1.1, 1.2, 1.4, 1.6, 1.7, 1.7, 1.3, 1.3, 1.3, 0.8, 0.8, 1.2, 1.7, 1.8, 1.6, 1.2, 0.9, 0.7, 0.7, 0.7, 0.7, 0.8, 0.8, 0.8, 0.8, 0.8, 0.9, 1.0, 1.1, 1.2, 1.4, 1.6, 1.5, 1.1, 1.1, 1.1, 0.6, 0.9, 1.5, 2.0, 1.9, 1.5, 1.0, 0.7, 0.5, 0.4, 0.4, 0.5, 0.5, 0.4, 0.4, 0.5, 0.6, 0.8, 1.0, 1.1, 1.1, 1.3, 1.5, 1.4, 1.2, 1.2, 1.2, 0.3, 0.9, 1.7, 2.0, 1.8, 1.2, 0.7, 0.4, 0.4, 0.3, 0.1, 0.3, 0.3, 0.2, 0.1, 0.4, 0.7, 0.9, 1.0, 1.0, 1.0, 1.1, 1.4, 1.3, 1.4, 1.4, 1.4, 0.3, 1.0, 1.8, 1.9, 1.5, 0.8, 0.3, 0.2, 0.3, 0.3, 0.0, 0.3, 0.3, 0.2, 0.2, 0.5, 0.9, 1.1, 1.1, 1.0, 0.9, 1.0, 1.4, 1.2, 1.6, 1.6, 1.6, 0.4, 1.2, 1.9, 1.9, 1.2, 0.6, 0.2, 0.2, 0.3, 0.3, 0.1, 0.2, 0.4, 0.4, 0.5, 0.8, 1.1, 1.3, 1.1, 0.9, 0.7, 0.9, 1.4, 1.3, 1.5, 1.5, 1.5, 0.7, 1.4, 2.0, 1.8, 1.2, 0.7, 0.5, 0.4, 0.5, 0.4, 0.2, 0.2, 0.3, 0.5, 0.7, 0.9, 1.2, 1.2, 0.9, 0.6, 0.5, 0.7, 1.3, 1.3, 1.1, 1.1, 1.1, 0.8, 1.5, 1.9, 1.7, 1.1, 0.9, 0.8, 0.7, 0.7, 0.7, 0.5, 0.2, 0.2, 0.4, 0.6, 0.9, 1.1, 1.0, 0.7, 0.4, 0.3, 0.6, 1.1, 1.3, 0.8, 0.7, 0.7, 1.0, 1.6, 1.9, 1.5, 1.1, 0.9, 0.8, 0.8, 0.8, 0.9, 0.7, 0.5, 0.4, 0.4, 0.6, 0.9, 1.0, 0.8, 0.5, 0.3, 0.3, 0.6, 1.0, 1.2, 0.9, 0.9, 0.9, 1.1, 1.6, 1.8, 1.4, 1.0, 0.8, 0.8, 0.7, 0.8, 0.9, 0.8, 0.7, 0.6, 0.6, 0.7, 0.9, 0.9, 0.6, 0.3, 0.2, 0.3, 0.5, 0.9, 1.0, 1.0, 1.0, 1.0, 1.4, 1.7, 1.7, 1.4, 1.1, 0.9, 0.7, 0.7, 0.7, 0.7, 0.7, 0.7, 0.8, 0.8, 0.9, 1.0, 0.9, 0.6, 0.3, 0.2, 0.2, 0.4, 0.7, 0.8, 1.0, 1.0, 1.3, 1.6, 1.6, 1.6, 1.4, 1.2, 1.0, 0.9, 0.8, 0.7, 0.7, 0.6, 0.7, 0.8, 0.8, 0.9, 1.1, 1.0, 0.7, 0.4, 0.3, 0.2, 0.2, 0.5, 0.6, 0.8, 1.1, 1.9, 1.5, 1.5, 1.4, 1.2, 1.2, 1.2, 1.2, 1.0, 0.9, 0.7, 0.6, 0.7, 0.8, 0.8, 1.0, 1.2, 1.2, 0.8, 0.4, 0.2, 0.2, 0.2, 0.4, 0.5, 0.5, 1.5, 1.7, 1.5, 1.4, 1.2, 1.1, 1.2, 1.4, 1.4, 1.3, 1.1, 0.9, 0.7, 0.7, 0.8, 0.9, 1.1, 1.3, 1.3, 1.0, 0.5, 0.3, 0.4, 0.5, 0.6, 0.6, 0.5, 0.6, 0.6, 1.4, 1.2, 1.1, 1.0, 1.2, 1.4, 1.6, 1.5, 1.4, 1.1, 0.9, 0.9, 1.0, 1.1, 1.2, 1.4, 1.4, 1.2, 0.9, 0.7, 0.7, 0.8, 0.8, 0.8, 0.7, 0.3, 0.1, 1.2, 1.1, 1.0, 1.1, 1.2, 1.5, 1.7, 1.8, 1.6, 1.4, 1.2, 1.2, 1.2, 1.3, 1.4, 1.6, 1.6, 1.5, 1.3, 1.1, 1.0, 1.0, 0.9, 0.8, 0.8, 0.8, 0.4, 1.1, 1.0, 1.1, 1.2, 1.4, 1.6, 1.8, 1.9, 1.7, 1.5, 1.4, 1.4, 1.4, 1.5, 1.6, 1.7, 1.7, 1.6, 1.4, 1.2, 1.0, 0.9, 0.7, 0.7, 0.8, 0.9, 0.9, 1.0, 1.1, 1.2, 1.4, 1.6, 1.7, 1.8, 1.9, 1.7, 1.5, 1.5, 1.4, 1.4, 1.6, 1.8, 1.9, 1.8, 1.6, 1.3, 1.0, 0.8, 0.7, 0.5, 0.7, 0.8, 0.8, 0.9, 1.1, 1.2, 1.4, 1.6, 1.7, 1.7, 1.8, 1.7, 1.6, 1.5, 1.5, 1.4, 1.6, 1.7, 1.8, 1.9, 1.8, 1.6, 1.3, 0.9, 0.6, 0.4, 0.4, 0.6, 0.8, 0.8, 0.8]}, "None|16": {"ny": 41, "nx": 43, "lat0": 55.3989816, "lon0": 12.8300108, "dLat": 8.983e-06, "dLon": 1.5819e-05, "slope": [1.9, 1.8, 0.7, 0.6, 0.7, 0.7, 1.3, 1.4, 1.8, 1.9, 2.5, 2.7, 3.1, 3.3, 3.3, 3.3, 2.9, 2.3, 2.0, 1.9, 1.9, 1.2, 1.0, 1.0, 1.3, 1.4, 1.4, 1.3, 1.2, 1.2, 1.1, 0.9, 0.7, 0.6, 0.4, 0.5, 1.0, 1.0, 1.0, 0.9, 0.7, 0.7, 0.7, 1.9, 1.9, 1.9, 0.7, 0.6, 0.7, 0.7, 1.2, 1.4, 1.8, 1.9, 2.4, 2.7, 3.1, 3.3, 3.3, 3.3, 2.6, 2.3, 2.0, 1.9, 1.4, 0.9, 1.0, 1.3, 1.4, 1.3, 1.1, 1.1, 1.2, 1.2, 1.1, 1.1, 1.0, 1.0, 1.0, 1.0, 1.0, 1.0, 0.7, 0.7, 0.7, 0.6, 1.9, 1.9, 1.9, 1.9, 0.8, 0.6, 0.7, 0.7, 1.2, 1.4, 1.8, 1.9, 2.4, 2.7, 3.0, 3.3, 3.3, 3.0, 2.6, 2.3, 2.0, 1.4, 0.9, 0.8, 1.1, 1.3, 1.2, 1.0, 1.1, 1.3, 1.4, 1.2, 1.2, 1.1, 1.3, 1.3, 1.0, 1.0, 0.7, 0.7, 0.7, 0.6, 0.5, 1.9, 1.9, 1.9, 1.9, 1.9, 0.9, 0.6, 0.7, 0.7, 1.2, 1.4, 1.7, 1.9, 2.4, 2.6, 3.0, 3.3, 3.3, 2.8, 2.6, 2.0, 1.4, 0.9, 0.7, 0.8, 0.9, 0.9, 0.9, 1.1, 1.3, 1.3, 1.2, 1.1, 1.1, 1.3, 1.4, 1.1, 0.8, 0.7, 0.7, 0.6, 0.5, 0.5, 1.9, 1.9, 1.9, 1.9, 1.9, 1.9, 0.9, 0.6, 0.7, 0.7, 1.1, 1.4, 1.7, 1.9, 2.3, 2.6, 3.0, 3.3, 2.9, 2.5, 2.0, 1.4, 1.1, 0.8, 0.7, 0.6, 0.5, 0.5, 0.7, 0.9, 1.0, 0.9, 0.8, 0.9, 1.2, 1.4, 1.1, 0.9, 0.7, 0.7, 0.5, 0.5, 0.5, 1.9, 1.9, 1.9, 1.9, 1.9, 1.9, 1.9, 1.0, 0.6, 0.7, 0.7, 1.1, 1.3, 1.7, 1.9, 2.3, 2.6, 2.8, 2.4, 2.0, 1.7, 1.3, 1.1, 0.9, 0.9, 0.7, 0.5, 0.4, 0.4, 0.5, 0.6, 0.4, 0.3, 0.6, 1.1, 1.4, 1.3, 1.1, 1.0, 0.6, 0.6, 0.6, 0.7, 1.9, 1.9, 1.9, 1.9, 1.9, 1.9, 1.9, 1.9, 1.1, 0.7, 0.7, 0.7, 1.1, 1.3, 1.7, 1.9, 2.2, 1.9, 1.6, 1.4, 1.3, 1.2, 1.0, 1.0, 1.0, 1.0, 0.9, 0.7, 0.6, 0.7, 0.7, 0.5, 0.3, 0.3, 0.8, 1.2, 1.3, 1.2, 1.2, 0.9, 0.9, 0.9, 1.2, 3.4, 2.3, 1.9, 1.9, 1.9, 1.9, 1.9, 1.9, 1.9, 1.1, 0.7, 0.7, 0.7, 1.1, 1.3, 1.6, 1.5, 1.3, 1.1, 1.0, 1.0, 1.0, 1.0, 0.9, 1.0, 1.1, 1.1, 1.1, 0.9, 0.9, 0.9, 0.7, 0.5, 0.3, 0.5, 0.9, 1.1, 1.2, 1.2, 1.2, 1.2, 1.3, 1.3, 3.5, 3.4, 3.4, 2.4, 2.0, 1.9, 1.9, 1.9, 1.9, 1.9, 1.2, 0.7, 0.7, 0.7, 1.1, 1.2, 1.0, 1.0, 1.0, 0.9, 1.0, 1.0, 1.0, 0.9, 0.9, 1.0, 1.0, 1.1, 1.0, 1.0, 0.9, 0.8, 0.7, 0.6, 0.4, 0.7, 0.9, 0.9, 1.0, 1.1, 1.3, 1.4, 1.4, 3.5, 3.5, 3.5, 3.5, 3.5, 2.5, 2.1, 1.9, 1.9, 1.9, 1.9, 1.2, 0.7, 0.6, 0.8, 0.8, 0.7, 0.8, 0.9, 0.9, 1.0, 1.1, 1.1, 1.0, 0.8, 0.7, 0.7, 0.8, 0.8, 0.8, 0.7, 0.6, 0.7, 0.7, 0.6, 0.7, 0.7, 0.6, 0.7, 1.0, 1.4, 1.6, 1.7, 3.5, 3.5, 3.5, 3.5, 3.5, 3.5, 3.5, 2.6, 2.2, 2.0, 1.9, 1.9, 1.1, 0.6, 0.7, 0.6, 0.4, 0.4, 0.6, 0.8, 1.0, 1.1, 1.1, 1.0, 0.7, 0.5, 0.3, 0.4, 0.4, 0.3, 0.3, 0.2, 0.4, 0.6, 0.7, 0.8, 0.7, 0.5, 0.6, 1.0, 1.5, 1.7, 1.7, 3.7, 3.5, 3.5, 3.5, 3.5, 3.5, 3.5, 3.5, 3.5, 2.7, 2.3, 2.1, 1.4, 0.8, 0.8, 0.7, 0.5, 0.2, 0.3, 0.6, 0.9, 1.0, 1.0, 0.9, 0.7, 0.4, 0.3, 0.3, 0.3, 0.2, 0.2, 0.2, 0.2, 0.4, 0.7, 0.8, 0.7, 0.6, 0.7, 1.1, 1.5, 1.6, 1.6, 4.2, 4.2, 4.2, 3.8, 3.5, 3.5, 3.5, 3.5, 3.5, 3.5, 3.5, 2.7, 1.7, 1.1, 0.9, 0.9, 0.7, 0.4, 0.4, 0.5, 0.7, 0.8, 1.0, 0.9, 0.8, 0.7, 0.6, 0.6, 0.4, 0.2, 0.2, 0.3, 0.3, 0.4, 0.5, 0.6, 0.7, 0.7, 0.9, 1.3, 1.5, 1.6, 1.6, 3.5, 3.9, 4.2, 4.2, 4.2, 4.2, 3.8, 3.6, 3.5, 3.5, 3.5, 3.0, 2.0, 1.4, 1.1, 1.0, 0.8, 0.6, 0.6, 0.6, 0.5, 0.6, 0.9, 0.9, 0.9, 0.9, 1.0, 1.0, 0.9, 0.6, 0.4, 0.5, 0.5, 0.5, 0.5, 0.6, 0.7, 0.9, 1.2, 1.5, 1.7, 1.8, 1.8, 3.5, 3.5, 3.5, 3.8, 4.2, 4.2, 4.2, 4.2, 4.0, 3.8, 3.7, 3.2, 2.3, 1.6, 1.3, 1.2, 0.9, 0.7, 0.7, 0.7, 0.4, 0.4, 0.7, 0.8, 0.8, 0.9, 1.1, 1.2, 1.2, 1.0, 0.9, 1.0, 0.9, 0.7, 0.7, 0.8, 1.0, 1.2, 1.5, 1.8, 2.0, 2.1, 2.1, 2.7, 3.5, 3.5, 3.5, 3.5, 3.8, 4.1, 4.1, 4.2, 4.2, 4.0, 3.3, 2.4, 1.8, 1.6, 1.4, 1.1, 0.9, 0.8, 0.7, 0.5, 0.3, 0.4, 0.6, 0.6, 0.6, 0.8, 1.1, 1.3, 1.3, 1.3, 1.3, 1.2, 1.1, 1.0, 1.1, 1.4, 1.6, 1.8, 2.1, 2.3, 2.3, 2.2, 2.0, 2.0, 2.6, 3.5, 3.4, 3.5, 3.5, 3.8, 4.1, 4.1, 4.1, 3.4, 2.4, 1.8, 1.6, 1.5, 1.3, 1.1, 1.0, 0.8, 0.5, 0.3, 0.3, 0.4, 0.5, 0.4, 0.5, 0.8, 1.1, 1.3, 1.4, 1.4, 1.3, 1.3, 1.3, 1.5, 1.8, 2.0, 2.2, 2.5, 2.8, 2.9, 2.8, 1.9, 1.9, 1.9, 1.9, 2.5, 3.4, 3.4, 3.5, 3.5, 3.8, 4.2, 3.5, 2.4, 1.8, 1.6, 1.6, 1.5, 1.3, 1.1, 0.9, 0.6, 0.4, 0.3, 0.4, 0.5, 0.5, 0.5, 0.7, 0.9, 1.1, 1.2, 1.3, 1.4, 1.5, 1.8, 2.2, 2.6, 2.9, 3.3, 3.7, 4.0, 4.0, 4.0, 3.4, 1.9, 1.9, 1.9, 1.9, 1.9, 2.5, 3.3, 3.3, 3.8, 4.2, 3.6, 2.6, 1.8, 1.6, 1.6, 1.5, 1.3, 1.2, 1.0, 0.9, 0.6, 0.4, 0.3, 0.5, 0.7, 0.7, 0.7, 0.8, 0.9, 1.0, 1.2, 1.4, 1.8, 2.5, 3.3, 4.0, 4.6, 5.1, 5.5, 4.8, 4.0, 4.0, 4.4, 3.5, 2.0, 1.9, 1.9, 1.9, 1.9, 1.9, 2.4, 3.5, 3.9, 3.5, 2.7, 2.0, 1.7, 1.5, 1.4, 1.2, 1.2, 1.2, 1.1, 0.8, 0.5, 0.4, 0.6, 0.8, 0.8, 0.8, 0.8, 0.8, 1.0, 1.3, 1.8, 2.6, 3.7, 5.0, 5.8, 5.4, 5.1, 5.5, 5.0, 4.2, 4.0, 4.5, 3.8, 2.2, 2.0, 2.0, 2.0, 2.0, 2.0, 2.3, 3.1, 3.5, 3.2, 2.7, 2.2, 1.9, 1.6, 1.3, 1.0, 1.1, 1.2, 1.1, 0.9, 0.6, 0.6, 0.7, 0.8, 0.9, 0.9, 0.9, 1.0, 1.5, 2.2, 3.0, 4.3, 5.3, 5.5, 5.8, 5.5, 5.2, 5.5, 5.5, 4.9, 4.0, 4.5, 4.4, 3.8, 2.2, 2.0, 2.0, 2.0, 2.1, 2.3, 2.6, 2.8, 2.8, 2.6, 2.4, 2.2, 1.8, 1.3, 1.0, 1.0, 1.2, 1.1, 0.9, 0.7, 0.8, 0.9, 1.0, 1.0, 1.1, 1.3, 1.9, 2.8, 3.5, 3.7, 4.3, 5.3, 5.5, 5.8, 5.8, 5.7, 5.5, 5.5, 5.1, 4.2, 4.5, 4.5, 3.9, 2.3, 2.2, 2.0, 2.0, 2.0, 1.9, 2.0, 2.2, 2.2, 2.3, 2.5, 2.5, 2.2, 1.5, 1.1, 1.1, 1.1, 1.0, 0.9, 0.9, 0.9, 1.1, 1.2, 1.3, 1.6, 2.4, 3.1, 3.4, 3.7, 3.7, 4.3, 5.3, 5.3, 5.5, 5.8, 5.7, 5.5, 5.5, 5.5, 5.0, 5.2, 4.5, 4.5, 4.0, 2.3, 2.2, 1.8, 1.5, 1.3, 1.3, 1.6, 1.8, 2.0, 2.4, 2.6, 2.5, 1.9, 1.4, 1.2, 1.1, 1.0, 0.9, 1.0, 1.1, 1.3, 1.7, 2.1, 2.7, 3.0, 3.4, 3.4, 3.7, 3.7, 4.2, 5.3, 5.3, 5.5, 5.8, 5.8, 5.7, 5.5, 5.5, 5.1, 5.5, 5.3, 4.5, 4.2, 2.9, 2.1, 1.4, 1.0, 0.8, 1.0, 1.2, 1.4, 1.7, 2.0, 2.4, 2.6, 2.3, 1.9, 1.5, 1.3, 1.1, 1.0, 1.0, 1.3, 1.6, 1.9, 2.4, 2.9, 3.0, 3.4, 3.4, 3.5, 3.7, 4.1, 5.3, 5.3, 5.3, 5.5, 5.8, 5.7, 5.5, 5.5, 5.5, 5.5, 5.5, 5.3, 4.2, 2.9, 2.1, 1.2, 0.7, 0.6, 0.8, 1.1, 1.2, 1.3, 1.6, 2.1, 2.4, 2.5, 2.2, 1.8, 1.5, 1.2, 1.1, 1.0, 1.2, 1.7, 1.8, 2.4, 2.9, 3.0, 3.1, 3.4, 3.4, 3.7, 3.7, 4.1, 5.3, 5.3, 5.4, 5.8, 5.7, 5.5, 5.5, 5.5, 5.5, 5.5, 5.3, 3.7, 2.8, 2.1, 1.2, 0.6, 0.5, 0.8, 1.1, 1.2, 1.1, 1.3, 1.8, 2.2, 2.4, 2.4, 2.2, 1.8, 1.3, 1.0, 1.0, 1.1, 1.7, 1.8, 2.1, 2.9, 2.9, 3.0, 3.4, 3.4, 3.4, 3.7, 4.0, 5.3, 5.3, 5.3, 5.4, 5.8, 5.7, 5.5, 5.5, 4.4, 4.4, 4.5, 3.4, 2.7, 2.0, 1.2, 0.6, 0.5, 0.7, 1.0, 1.1, 1.1, 1.2, 1.6, 2.0, 2.2, 2.5, 2.6, 2.5, 2.1, 1.0, 1.0, 1.1, 1.3, 1.7, 1.9, 2.9, 2.9, 3.0, 3.0, 3.4, 3.4, 3.7, 4.0, 5.3, 5.3, 5.3, 5.4, 5.8, 5.8, 5.5, 5.5, 4.3, 4.3, 4.0, 3.2, 2.6, 2.0, 1.2, 0.7, 0.6, 0.7, 1.0, 1.1, 1.2, 1.3, 1.5, 1.7, 2.1, 2.7, 2.9, 2.9, 2.7, 1.0, 1.0, 1.0, 1.1, 1.7, 1.8, 2.1, 2.9, 2.9, 3.0, 3.4, 3.4, 3.4, 3.7, 3.9, 5.3, 5.3, 5.3, 5.4, 5.8, 5.5, 5.5, 3.0, 3.8, 3.6, 3.2, 2.7, 2.1, 1.3, 0.8, 0.7, 0.8, 1.0, 1.1, 1.2, 1.2, 1.4, 1.7, 2.3, 2.8, 2.9, 2.9, 2.9, 2.1, 1.0, 1.0, 1.1, 1.3, 1.7, 1.8, 2.9, 2.9, 2.9, 3.0, 3.4, 3.4, 3.7, 3.9, 5.3, 5.3, 5.3, 5.4, 5.7, 5.8, 5.5, 2.9, 3.3, 3.3, 3.1, 2.9, 2.3, 1.5, 0.9, 0.8, 0.9, 1.0, 1.1, 1.0, 0.9, 1.3, 2.0, 2.5, 2.7, 2.8, 2.9, 2.9, 2.8, 1.0, 1.0, 1.0, 1.1, 1.7, 1.8, 2.9, 2.9, 2.9, 3.0, 3.4, 3.4, 3.4, 3.8, 5.3, 5.3, 5.3, 5.3, 5.4, 5.8, 5.5, 2.6, 2.9, 3.0, 3.1, 3.0, 2.5, 1.7, 1.1, 0.9, 1.1, 1.2, 1.2, 0.8, 0.6, 1.3, 2.1, 2.1, 2.4, 2.7, 2.8, 2.9, 2.9, 2.2, 1.0, 1.0, 1.0, 1.2, 1.8, 2.0, 2.9, 2.9, 2.9, 3.0, 3.4, 3.4, 3.7, 3.8, 5.3, 5.3, 5.3, 5.3, 5.7, 5.5, 2.4, 2.5, 2.7, 2.9, 3.0, 2.6, 1.9, 1.3, 1.1, 1.2, 1.4, 1.2, 0.6, 0.6, 1.5, 1.8, 2.0, 2.0, 2.4, 2.3, 2.8, 2.9, 2.9, 1.1, 1.0, 1.0, 1.0, 1.2, 1.7, 2.9, 2.9, 2.9, 2.9, 3.3, 3.4, 3.4, 3.7, 5.3, 5.3, 5.3, 5.3, 5.3, 5.8, 2.4, 2.2, 2.4, 2.7, 2.9, 2.5, 1.9, 1.4, 1.3, 1.5, 1.5, 1.1, 0.4, 0.9, 1.3, 1.5, 1.8, 2.0, 2.0, 2.0, 2.3, 2.4, 2.9, 2.3, 1.1, 1.0, 1.0, 1.0, 1.7, 2.9, 2.9, 2.9, 2.9, 3.0, 3.3, 3.4, 3.7, 5.2, 5.3, 5.3, 5.3, 5.3, 5.7, 2.5, 2.2, 2.2, 2.7, 2.8, 2.4, 1.9, 1.5, 1.5, 1.6, 1.4, 0.9, 0.6, 0.9, 1.0, 1.3, 1.5, 1.8, 2.0, 2.0, 2.0, 2.0, 2.3, 2.9, 1.2, 1.0, 1.0, 1.0, 1.2, 1.9, 2.9, 2.9, 2.9, 2.9, 3.3, 3.4, 3.4, 3.7, 5.2, 5.3, 5.3, 5.3, 5.3, 2.6, 2.2, 2.3, 2.7, 2.8, 2.4, 1.9, 1.6, 1.6, 1.5, 1.1, 0.8, 0.8, 0.8, 0.9, 1.0, 1.3, 1.5, 1.8, 2.0, 2.0, 2.0, 2.0, 2.3, 2.3, 1.2, 1.0, 1.0, 1.0, 1.2, 2.8, 2.9, 2.9, 2.9, 2.9, 3.3, 3.4, 3.6, 5.2, 5.3, 5.3, 5.3, 5.3, 2.8, 2.4, 2.5, 2.9, 3.1, 2.6, 2.1, 1.8, 1.7, 1.5, 1.2, 1.1, 1.0, 0.9, 0.8, 0.9, 1.0, 1.2, 1.5, 1.7, 2.0, 2.0, 2.0, 2.0, 2.3, 1.2, 1.0, 1.0, 1.0, 1.0, 2.7, 2.9, 2.9, 2.9, 2.9, 3.3, 3.3, 3.4, 4.9, 5.3, 5.3, 5.3, 5.3, 2.8, 2.9, 3.1, 3.4, 3.5, 3.2, 2.7, 2.4, 2.2, 2.1, 1.7, 1.7, 1.4, 1.1, 0.9, 0.8, 0.9, 1.0, 1.2, 1.5, 1.7, 2.0, 2.0, 2.0, 2.0, 1.8, 1.2, 1.0, 1.0, 1.0, 1.3, 2.7, 2.9, 2.9, 2.9, 2.9, 3.3, 3.4, 3.6, 5.1, 5.3, 5.3, 5.3, 4.0, 4.1, 4.0, 4.1, 4.2, 4.1, 3.7, 3.3, 3.2, 3.0, 2.7, 2.3, 2.2, 1.6, 1.4, 1.0, 0.8, 0.9, 1.0, 1.2, 1.5, 1.7, 2.0, 2.0, 2.0, 2.0, 1.2, 1.0, 1.0, 1.0, 1.0, 2.6, 2.9, 2.9, 2.9, 2.9, 3.3, 3.3, 3.4, 5.0, 5.3, 5.3, 5.3, 4.1, 4.1, 4.8, 5.1, 5.1, 5.0, 4.7, 4.4, 4.1, 3.9, 3.9, 3.0, 2.3, 2.2, 2.2, 1.6, 1.4, 1.0, 0.9, 1.0, 1.2, 1.5, 1.7, 1.9, 2.0, 2.0, 1.8, 1.2, 1.0, 1.0, 1.0, 1.2, 2.5, 2.9, 2.9, 2.9, 2.9, 3.3, 3.4, 4.7, 5.3, 5.3, 5.3, 4.1, 4.8, 5.1, 5.1, 5.1, 5.0, 5.3, 5.4, 4.4, 3.9, 3.9, 3.9, 3.0, 2.4, 2.2, 2.2, 2.2, 1.7, 1.0, 0.9, 0.9, 1.2, 1.5, 1.7, 1.9, 2.0, 2.0, 1.8, 1.2, 1.0, 1.0, 1.0, 2.5, 2.9, 2.9, 2.9, 2.9, 3.2, 3.3, 3.4, 4.8, 5.3, 5.3]}, "None|17": {"ny": 26, "nx": 21, "lat0": 55.3975255, "lon0": 12.8298149, "dLat": 8.983e-06, "dLon": 1.5819e-05, "slope": [0.6, 0.6, 0.6, 0.6, 0.6, 0.6, 0.7, 0.6, 0.4, 0.3, 0.3, 0.5, 0.8, 1.0, 1.1, 1.1, 1.2, 1.2, 0.9, 0.7, 0.7, 0.5, 0.6, 0.6, 0.6, 0.6, 0.6, 0.6, 0.6, 0.6, 0.6, 0.7, 0.9, 1.0, 1.0, 1.2, 1.4, 1.3, 1.1, 0.9, 0.7, 0.7, 0.5, 0.5, 0.5, 0.6, 0.6, 0.5, 0.6, 0.7, 0.7, 0.9, 1.1, 1.2, 1.2, 1.1, 1.2, 1.4, 1.3, 0.8, 0.6, 0.7, 0.7, 0.5, 0.5, 0.5, 0.5, 0.5, 0.6, 0.7, 0.8, 0.9, 1.0, 1.2, 1.3, 1.2, 1.0, 1.0, 1.2, 1.1, 0.7, 0.5, 0.6, 1.0, 0.7, 0.7, 0.7, 0.7, 0.7, 0.8, 1.0, 1.1, 1.1, 1.2, 1.3, 1.2, 1.1, 0.9, 0.8, 0.9, 0.9, 0.7, 0.6, 1.0, 1.6, 1.0, 1.1, 1.1, 1.1, 1.1, 1.2, 1.4, 1.3, 1.3, 1.3, 1.3, 1.2, 1.1, 1.0, 0.9, 0.9, 0.9, 0.8, 0.7, 1.4, 2.2, 1.9, 1.4, 1.4, 1.4, 1.4, 1.4, 1.5, 1.5, 1.4, 1.4, 1.4, 1.4, 1.4, 1.4, 1.4, 1.3, 1.1, 0.9, 0.9, 1.8, 3.0, 2.7, 2.3, 2.1, 1.6, 1.6, 1.6, 1.6, 1.6, 1.6, 1.7, 1.7, 1.7, 1.7, 1.7, 1.7, 1.6, 1.3, 1.0, 1.1, 2.4, 3.9, 2.9, 2.9, 2.8, 2.4, 2.3, 1.7, 1.7, 1.8, 1.8, 1.8, 1.8, 1.8, 1.8, 1.8, 1.8, 1.6, 1.3, 1.1, 1.4, 2.9, 4.6, 2.9, 2.9, 2.9, 2.9, 2.7, 1.9, 2.0, 2.1, 1.9, 1.7, 1.7, 1.7, 1.7, 1.6, 1.6, 1.5, 1.4, 1.3, 1.6, 3.1, 4.7, 4.0, 3.3, 2.9, 2.9, 2.8, 2.2, 2.3, 2.2, 1.8, 1.5, 1.4, 1.5, 1.4, 1.4, 1.4, 1.5, 1.5, 1.5, 1.9, 2.7, 3.1, 5.0, 4.4, 3.5, 3.4, 2.8, 2.4, 2.4, 2.2, 1.7, 1.4, 1.3, 1.3, 1.2, 1.2, 1.3, 1.4, 1.5, 1.7, 2.2, 2.9, 2.9, 5.5, 5.0, 4.5, 3.7, 2.7, 2.3, 2.2, 2.0, 1.5, 1.2, 1.2, 1.2, 1.1, 1.1, 1.2, 1.3, 1.5, 1.8, 2.7, 3.5, 3.5, 5.8, 5.5, 4.9, 3.3, 2.4, 2.1, 1.9, 1.6, 1.2, 1.0, 0.9, 1.0, 0.9, 0.9, 0.9, 1.1, 1.4, 2.1, 3.4, 4.2, 4.3, 6.0, 5.8, 4.1, 2.7, 2.0, 1.8, 1.6, 1.3, 0.9, 0.7, 0.7, 0.8, 0.7, 0.7, 0.9, 1.1, 1.5, 2.3, 4.0, 4.0, 4.3, 6.2, 4.8, 3.2, 2.3, 1.8, 1.5, 1.4, 1.0, 0.7, 0.5, 0.7, 0.8, 0.7, 0.8, 0.9, 1.1, 1.5, 2.5, 4.3, 4.3, 4.3, 5.2, 3.7, 2.8, 2.0, 1.6, 1.3, 1.1, 0.8, 0.6, 0.6, 0.8, 0.9, 0.9, 1.0, 1.1, 1.2, 1.6, 2.5, 4.1, 4.1, 4.0, 3.8, 3.2, 2.6, 1.9, 1.4, 1.2, 1.0, 0.7, 0.7, 0.8, 0.9, 1.0, 1.0, 1.1, 1.2, 1.3, 1.6, 2.2, 3.4, 3.4, 3.4, 3.2, 3.1, 2.5, 1.8, 1.3, 1.0, 0.8, 0.7, 0.7, 0.7, 0.9, 0.9, 1.0, 1.1, 1.2, 1.3, 1.5, 1.9, 2.7, 2.9, 2.9, 3.2, 3.0, 2.5, 1.8, 1.3, 0.9, 0.7, 0.6, 0.6, 0.6, 0.7, 0.8, 0.9, 1.0, 1.0, 1.1, 1.3, 1.8, 1.8, 2.7, 2.9, 3.3, 3.1, 2.6, 1.9, 1.4, 0.9, 0.7, 0.5, 0.5, 0.5, 0.6, 0.7, 0.8, 0.8, 0.9, 1.1, 1.5, 2.1, 2.2, 2.2, 2.8, 3.4, 3.3, 2.8, 2.2, 1.6, 1.2, 0.9, 0.7, 0.6, 0.6, 0.7, 0.8, 0.8, 0.8, 0.9, 1.4, 2.1, 2.7, 2.8, 2.8, 2.8, 3.4, 3.5, 3.5, 2.9, 2.3, 1.8, 1.4, 1.1, 0.8, 0.7, 0.8, 0.9, 0.9, 0.9, 1.1, 1.9, 2.8, 3.0, 2.9, 2.8, 2.8, 3.5, 3.7, 3.9, 3.3, 2.6, 2.0, 2.4, 2.0, 1.5, 1.1, 1.0, 1.1, 1.1, 1.1, 1.4, 2.3, 3.3, 3.5, 3.5, 3.0, 2.9, 3.6, 3.9, 3.9, 3.3, 2.6, 2.6, 2.9, 2.4, 1.6, 1.7, 1.6, 1.4, 1.3, 1.2, 1.6, 2.5, 2.8, 3.3, 3.5, 3.5, 3.5, 3.9, 3.9, 3.9, 3.4, 2.9, 2.9, 3.0, 2.4, 2.0, 2.0, 1.7, 1.5, 1.3, 1.2, 1.6, 2.5, 2.8, 2.8, 3.2, 3.5, 3.5]}, "None|18": {"ny": 33, "nx": 28, "lat0": 55.3942459, "lon0": 12.8273712, "dLat": 8.983e-06, "dLon": 1.5817e-05, "slope": [2.6, 2.7, 2.8, 2.8, 3.1, 4.3, 5.7, 5.6, 5.2, 4.5, 4.0, 2.9, 1.8, 0.8, 1.2, 1.9, 2.1, 2.5, 4.1, 7.8, 9.5, 9.5, 9.5, 9.5, 9.5, 9.5, 9.5, 9.5, 2.1, 2.6, 2.7, 2.8, 2.8, 3.8, 5.7, 5.7, 5.6, 5.2, 4.3, 3.3, 2.2, 1.4, 1.9, 2.0, 3.6, 6.2, 7.6, 9.5, 9.5, 9.5, 9.5, 9.5, 9.5, 9.5, 9.5, 9.5, 1.4, 2.0, 2.6, 2.7, 2.8, 3.0, 4.1, 5.7, 5.7, 5.4, 4.6, 3.6, 2.5, 1.7, 2.1, 3.5, 6.1, 7.5, 9.5, 9.5, 9.5, 9.5, 9.5, 9.5, 9.5, 9.5, 9.5, 9.5, 1.4, 1.4, 1.9, 2.6, 2.7, 2.8, 3.3, 5.0, 5.7, 5.5, 4.6, 3.7, 2.7, 2.0, 3.6, 6.1, 7.3, 9.5, 9.5, 9.5, 9.5, 9.5, 9.5, 9.5, 9.5, 9.5, 9.0, 7.6, 1.6, 1.5, 1.4, 1.9, 2.6, 2.7, 3.2, 4.8, 5.5, 5.1, 4.3, 3.7, 2.8, 2.2, 4.0, 7.5, 9.5, 9.5, 9.5, 9.5, 9.5, 9.4, 9.4, 9.4, 9.0, 7.9, 7.1, 5.3, 2.1, 1.6, 1.5, 1.3, 1.8, 2.6, 3.1, 4.2, 4.7, 4.5, 4.0, 3.5, 2.7, 2.2, 4.2, 7.4, 9.2, 9.1, 9.1, 9.1, 9.0, 9.0, 9.0, 8.7, 7.2, 5.3, 5.3, 5.3, 2.5, 2.1, 1.6, 1.5, 1.3, 1.6, 2.2, 3.4, 4.0, 3.9, 3.6, 3.1, 2.4, 1.8, 4.0, 6.8, 8.2, 8.2, 8.1, 8.1, 8.1, 7.9, 7.4, 6.9, 5.3, 5.3, 5.3, 5.3, 2.1, 2.5, 2.2, 1.6, 0.8, 0.6, 1.6, 2.9, 3.7, 3.7, 3.3, 2.8, 1.9, 1.2, 3.5, 5.9, 7.1, 7.0, 7.0, 6.8, 6.7, 6.4, 5.2, 5.3, 5.3, 5.3, 5.3, 5.3, 1.8, 2.1, 2.5, 1.9, 1.1, 0.8, 1.6, 2.7, 3.5, 3.7, 3.3, 2.6, 1.5, 0.8, 3.1, 5.0, 6.0, 5.9, 5.8, 5.1, 5.1, 5.1, 5.2, 5.3, 5.3, 5.3, 5.3, 5.3, 1.8, 1.8, 2.2, 2.1, 1.6, 1.3, 1.8, 2.7, 3.5, 3.8, 3.3, 2.3, 1.2, 0.7, 2.7, 4.2, 5.1, 5.1, 5.1, 5.1, 5.1, 5.1, 5.3, 5.3, 5.3, 5.3, 5.3, 5.3, 2.3, 1.5, 1.8, 2.2, 2.0, 1.9, 2.2, 2.9, 3.6, 3.8, 3.2, 2.0, 0.8, 0.7, 2.1, 3.4, 4.4, 5.1, 5.1, 5.1, 5.0, 5.0, 5.3, 5.3, 5.3, 5.3, 5.3, 5.2, 2.7, 1.0, 1.5, 2.2, 2.4, 2.5, 2.8, 3.3, 3.8, 3.7, 2.7, 1.4, 0.6, 0.8, 1.4, 2.4, 3.4, 4.4, 5.0, 5.1, 4.8, 5.3, 5.3, 5.3, 5.3, 5.3, 5.2, 5.0, 2.4, 0.4, 1.5, 2.3, 2.8, 3.1, 3.4, 3.8, 3.8, 3.1, 1.8, 0.9, 1.1, 1.2, 1.1, 1.4, 2.1, 3.1, 4.0, 4.5, 4.7, 5.3, 5.3, 5.3, 5.3, 5.2, 5.0, 4.8, 1.9, 0.7, 1.8, 2.7, 3.3, 3.7, 3.9, 3.8, 3.2, 2.1, 1.1, 1.4, 1.8, 1.9, 1.7, 1.4, 1.1, 1.5, 2.2, 2.9, 3.8, 4.9, 5.3, 5.3, 5.2, 5.0, 4.8, 4.4, 1.6, 1.4, 2.4, 3.2, 3.7, 3.9, 3.8, 3.2, 2.2, 1.4, 1.5, 2.1, 2.3, 2.3, 2.2, 2.0, 1.7, 1.1, 0.7, 1.2, 2.0, 3.1, 4.6, 5.2, 5.0, 4.8, 4.4, 4.1, 1.7, 2.0, 2.8, 3.4, 3.5, 3.4, 3.0, 2.2, 1.7, 1.8, 2.1, 2.3, 2.3, 2.3, 2.2, 2.2, 2.1, 1.9, 1.5, 1.0, 0.9, 1.3, 2.3, 4.0, 4.8, 4.4, 4.2, 3.7, 2.5, 2.7, 3.0, 3.2, 3.0, 2.5, 2.0, 1.8, 1.9, 2.1, 2.2, 2.2, 2.1, 2.0, 2.1, 2.0, 2.1, 2.1, 2.2, 2.2, 2.1, 1.6, 0.9, 1.7, 3.2, 4.1, 3.8, 3.7, 3.2, 3.1, 2.9, 2.6, 2.1, 1.6, 1.4, 1.7, 2.0, 2.1, 2.0, 1.9, 1.9, 1.8, 1.9, 1.9, 2.0, 2.0, 2.3, 2.6, 2.9, 2.9, 2.4, 1.5, 1.4, 2.4, 2.5, 2.4, 3.2, 3.0, 2.4, 1.7, 1.1, 1.0, 1.5, 1.8, 1.9, 1.9, 1.8, 1.8, 1.7, 1.6, 1.6, 1.6, 1.6, 1.7, 1.9, 2.2, 2.6, 2.9, 3.0, 2.9, 2.1, 1.5, 1.4, 3.9, 2.4, 2.2, 1.6, 0.8, 0.7, 1.3, 1.8, 2.0, 1.9, 1.8, 1.7, 1.6, 1.5, 1.3, 1.2, 1.2, 1.2, 1.3, 1.4, 1.7, 2.0, 2.4, 2.8, 3.1, 3.1, 3.2, 4.8, 8.4, 1.2, 1.2, 1.1, 0.9, 1.2, 1.7, 2.0, 2.0, 1.9, 1.8, 1.6, 1.4, 1.2, 1.1, 1.1, 1.0, 1.1, 1.2, 1.2, 1.3, 1.5, 1.9, 2.3, 2.7, 3.2, 4.8, 8.9, 10.1, 0.5, 0.8, 1.1, 1.5, 1.9, 2.1, 2.0, 2.1, 2.1, 2.0, 1.8, 1.5, 1.3, 1.2, 1.2, 1.3, 1.4, 1.4, 1.3, 1.3, 1.4, 1.6, 1.9, 2.2, 2.9, 5.1, 9.9, 11.3, 0.4, 0.8, 1.4, 2.0, 2.5, 2.5, 2.2, 2.1, 2.3, 2.3, 2.2, 1.9, 1.7, 1.5, 1.5, 1.6, 1.6, 1.5, 1.3, 1.2, 1.2, 1.4, 1.7, 2.0, 2.5, 4.5, 8.8, 10.2, 1.1, 1.3, 1.8, 2.5, 2.9, 2.8, 2.4, 2.2, 2.3, 2.4, 2.4, 2.2, 2.1, 1.9, 1.7, 1.6, 1.6, 1.4, 1.2, 1.1, 1.1, 1.2, 1.4, 1.6, 2.0, 3.2, 5.5, 8.0, 1.6, 1.6, 2.1, 2.9, 3.2, 3.1, 2.6, 2.3, 2.2, 2.3, 2.2, 2.2, 2.2, 2.1, 1.9, 1.7, 1.5, 1.4, 1.3, 1.1, 1.1, 1.1, 1.2, 1.2, 1.3, 1.9, 2.1, 4.3, 1.9, 2.1, 2.3, 2.8, 3.2, 3.0, 2.4, 2.0, 1.9, 2.0, 2.0, 2.0, 2.1, 2.1, 2.0, 1.7, 1.5, 1.4, 1.4, 1.3, 1.3, 1.2, 1.1, 1.0, 0.9, 1.0, 1.1, 1.1, 2.3, 2.4, 2.4, 2.6, 2.8, 2.7, 2.1, 1.6, 1.5, 1.7, 1.9, 1.9, 1.9, 2.0, 1.9, 1.7, 1.5, 1.4, 1.4, 1.4, 1.4, 1.3, 1.2, 1.1, 0.9, 0.9, 0.9, 0.8, 2.4, 2.4, 2.5, 2.5, 2.7, 2.8, 2.2, 1.4, 1.0, 1.2, 1.5, 1.6, 1.6, 1.7, 1.6, 1.6, 1.5, 1.4, 1.4, 1.4, 1.4, 1.3, 1.2, 1.1, 1.1, 1.2, 1.1, 1.0, 2.4, 2.5, 2.5, 2.6, 2.9, 3.2, 3.1, 2.1, 1.0, 0.6, 0.8, 1.0, 1.1, 1.1, 1.2, 1.2, 1.3, 1.3, 1.2, 1.2, 1.2, 1.1, 1.2, 1.4, 1.6, 1.6, 1.5, 1.3, 2.5, 2.5, 2.6, 2.8, 3.2, 3.6, 3.3, 2.9, 2.3, 1.2, 0.5, 0.2, 0.3, 0.5, 0.7, 0.7, 0.9, 0.9, 0.9, 0.8, 0.8, 1.1, 1.7, 2.3, 2.3, 1.9, 1.6, 1.5, 2.5, 2.6, 2.8, 3.1, 3.6, 3.7, 3.5, 3.2, 2.6, 2.1, 2.2, 1.5, 1.1, 0.8, 0.7, 0.6, 0.6, 0.7, 0.7, 0.9, 1.5, 2.3, 3.1, 3.4, 3.0, 2.4, 1.9, 1.6, 2.6, 2.8, 3.1, 3.5, 3.7, 3.6, 3.3, 3.2, 3.0, 2.7, 2.4, 2.4, 3.1, 2.6, 2.3, 2.0, 1.9, 2.0, 2.3, 2.8, 3.4, 3.9, 3.7, 3.4, 3.4, 3.1, 2.4, 2.0, 2.8, 3.1, 3.5, 3.7, 3.7, 3.5, 3.2, 3.1, 2.8, 2.7, 2.9, 3.3, 3.2, 2.6, 3.2, 4.2, 4.1, 4.1, 4.4, 4.7, 4.4, 3.9, 3.7, 3.5, 3.4, 3.4, 3.1, 2.4]}}}